index	word
1	1111222233334444
2	1111222233343444
3	1111222233344344
4	1111222233344434
5	1111222233433444
6	1111222233434344
7	1111222233434434
8	1111222233443344
9	1111222233443434
10	1111222234333444
11	1111222234334344
12	1111222234334434
13	1111222234343344
14	1111222234343434
15	1111222323334444
16	1111222323343444
17	1111222323344344
18	1111222323344434
19	1111222323433444
20	1111222323434344
21	1111222323434434
22	1111222323443344
23	1111222323443434
24	1111222324333444
25	1111222324334344
26	1111222324334434
27	1111222324343344
28	1111222324343434
29	1111222332334444
30	1111222332343444
31	1111222332344344
32	1111222332344434
33	1111222332433444
34	1111222332434344
35	1111222332434434
36	1111222332443344
37	1111222332443434
38	1111222333234444
39	1111222333243444
40	1111222333244344
41	1111222333244434
42	1111222333423444
43	1111222333424344
44	1111222333424434
45	1111222333442344
46	1111222333442434
47	1111222333444234
48	1111222334233444
49	1111222334234344
50	1111222334234434
51	1111222334243344
52	1111222334243434
53	1111222334323444
54	1111222334324344
55	1111222334324434
56	1111222334342344
57	1111222334342434
58	1111222334344234
59	1111222334423344
60	1111222334423434
61	1111222334432344
62	1111222334432434
63	1111222334434234
64	1111222342333444
65	1111222342334344
66	1111222342334434
67	1111222342343344
68	1111222342343434
69	1111222343233444
70	1111222343234344
71	1111222343234434
72	1111222343243344
73	1111222343243434
74	1111222343323444
75	1111222343324344
76	1111222343324434
77	1111222343342344
78	1111222343342434
79	1111222343344234
80	1111222343423344
81	1111222343423434
82	1111222343432344
83	1111222343432434
84	1111222343434234
85	1111223223334444
86	1111223223343444
87	1111223223344344
88	1111223223344434
89	1111223223433444
90	1111223223434344
91	1111223223434434
92	1111223223443344
93	1111223223443434
94	1111223224333444
95	1111223224334344
96	1111223224334434
97	1111223224343344
98	1111223224343434
99	1111223232334444
100	1111223232343444
101	1111223232344344
102	1111223232344434
103	1111223232433444
104	1111223232434344
105	1111223232434434
106	1111223232443344
107	1111223232443434
108	1111223233234444
109	1111223233243444
110	1111223233244344
111	1111223233244434
112	1111223233423444
113	1111223233424344
114	1111223233424434
115	1111223233442344
116	1111223233442434
117	1111223233444234
118	1111223234233444
119	1111223234234344
120	1111223234234434
121	1111223234243344
122	1111223234243434
123	1111223234323444
124	1111223234324344
125	1111223234324434
126	1111223234342344
127	1111223234342434
128	1111223234344234
129	1111223234423344
130	1111223234423434
131	1111223234432344
132	1111223234432434
133	1111223234434234
134	1111223242333444
135	1111223242334344
136	1111223242334434
137	1111223242343344
138	1111223242343434
139	1111223243233444
140	1111223243234344
141	1111223243234434
142	1111223243243344
143	1111223243243434
144	1111223243323444
145	1111223243324344
146	1111223243324434
147	1111223243342344
148	1111223243342434
149	1111223243344234
150	1111223243423344
151	1111223243423434
152	1111223243432344
153	1111223243432434
154	1111223243434234
155	1111223322334444
156	1111223322343444
157	1111223322344344
158	1111223322344434
159	1111223322433444
160	1111223322434344
161	1111223322434434
162	1111223322443344
163	1111223322443434
164	1111223323234444
165	1111223323243444
166	1111223323244344
167	1111223323244434
168	1111223323423444
169	1111223323424344
170	1111223323424434
171	1111223323442344
172	1111223323442434
173	1111223323444234
174	1111223324233444
175	1111223324234344
176	1111223324234434
177	1111223324243344
178	1111223324243434
179	1111223324323444
180	1111223324324344
181	1111223324324434
182	1111223324342344
183	1111223324342434
184	1111223324344234
185	1111223324423344
186	1111223324423434
187	1111223324432344
188	1111223324432434
189	1111223324434234
190	1111223342233444
191	1111223342234344
192	1111223342234434
193	1111223342243344
194	1111223342243434
195	1111223342323444
196	1111223342324344
197	1111223342324434
198	1111223342342344
199	1111223342342434
200	1111223342344234
201	1111223342423344
202	1111223342423434
203	1111223342432344
204	1111223342432434
205	1111223342434234
206	1111223344223344
207	1111223344223434
208	1111223344232344
209	1111223344232434
210	1111223344234234
211	1111223422333444
212	1111223422334344
213	1111223422334434
214	1111223422343344
215	1111223422343434
216	1111223423233444
217	1111223423234344
218	1111223423234434
219	1111223423243344
220	1111223423243434
221	1111223423323444
222	1111223423324344
223	1111223423324434
224	1111223423342344
225	1111223423342434
226	1111223423344234
227	1111223423423344
228	1111223423423434
229	1111223423432344
230	1111223423432434
231	1111223423434234
232	1111223432233444
233	1111223432234344
234	1111223432234434
235	1111223432243344
236	1111223432243434
237	1111223432323444
238	1111223432324344
239	1111223432324434
240	1111223432342344
241	1111223432342434
242	1111223432344234
243	1111223432423344
244	1111223432423434
245	1111223432432344
246	1111223432432434
247	1111223432434234
248	1111223434223344
249	1111223434223434
250	1111223434232344
251	1111223434232434
252	1111223434234234
253	1111232223334444
254	1111232223343444
255	1111232223344344
256	1111232223344434
257	1111232223433444
258	1111232223434344
259	1111232223434434
260	1111232223443344
261	1111232223443434
262	1111232224333444
263	1111232224334344
264	1111232224334434
265	1111232224343344
266	1111232224343434
267	1111232232334444
268	1111232232343444
269	1111232232344344
270	1111232232344434
271	1111232232433444
272	1111232232434344
273	1111232232434434
274	1111232232443344
275	1111232232443434
276	1111232233234444
277	1111232233243444
278	1111232233244344
279	1111232233244434
280	1111232233423444
281	1111232233424344
282	1111232233424434
283	1111232233442344
284	1111232233442434
285	1111232233444234
286	1111232234233444
287	1111232234234344
288	1111232234234434
289	1111232234243344
290	1111232234243434
291	1111232234323444
292	1111232234324344
293	1111232234324434
294	1111232234342344
295	1111232234342434
296	1111232234344234
297	1111232234423344
298	1111232234423434
299	1111232234432344
300	1111232234432434
301	1111232234434234
302	1111232242333444
303	1111232242334344
304	1111232242334434
305	1111232242343344
306	1111232242343434
307	1111232243233444
308	1111232243234344
309	1111232243234434
310	1111232243243344
311	1111232243243434
312	1111232243323444
313	1111232243324344
314	1111232243324434
315	1111232243342344
316	1111232243342434
317	1111232243344234
318	1111232243423344
319	1111232243423434
320	1111232243432344
321	1111232243432434
322	1111232243434234
323	1111232322334444
324	1111232322343444
325	1111232322344344
326	1111232322344434
327	1111232322433444
328	1111232322434344
329	1111232322434434
330	1111232322443344
331	1111232322443434
332	1111232323234444
333	1111232323243444
334	1111232323244344
335	1111232323244434
336	1111232323423444
337	1111232323424344
338	1111232323424434
339	1111232323442344
340	1111232323442434
341	1111232323444234
342	1111232324233444
343	1111232324234344
344	1111232324234434
345	1111232324243344
346	1111232324243434
347	1111232324323444
348	1111232324324344
349	1111232324324434
350	1111232324342344
351	1111232324342434
352	1111232324344234
353	1111232324423344
354	1111232324423434
355	1111232324432344
356	1111232324432434
357	1111232324434234
358	1111232342233444
359	1111232342234344
360	1111232342234434
361	1111232342243344
362	1111232342243434
363	1111232342323444
364	1111232342324344
365	1111232342324434
366	1111232342342344
367	1111232342342434
368	1111232342344234
369	1111232342423344
370	1111232342423434
371	1111232342432344
372	1111232342432434
373	1111232342434234
374	1111232344223344
375	1111232344223434
376	1111232344232344
377	1111232344232434
378	1111232344234234
379	1111232422333444
380	1111232422334344
381	1111232422334434
382	1111232422343344
383	1111232422343434
384	1111232423233444
385	1111232423234344
386	1111232423234434
387	1111232423243344
388	1111232423243434
389	1111232423323444
390	1111232423324344
391	1111232423324434
392	1111232423342344
393	1111232423342434
394	1111232423344234
395	1111232423423344
396	1111232423423434
397	1111232423432344
398	1111232423432434
399	1111232423434234
400	1111232432233444
401	1111232432234344
402	1111232432234434
403	1111232432243344
404	1111232432243434
405	1111232432323444
406	1111232432324344
407	1111232432324434
408	1111232432342344
409	1111232432342434
410	1111232432344234
411	1111232432423344
412	1111232432423434
413	1111232432432344
414	1111232432432434
415	1111232432434234
416	1111232434223344
417	1111232434223434
418	1111232434232344
419	1111232434232434
420	1111232434234234
421	1111234222333444
422	1111234222334344
423	1111234222334434
424	1111234222343344
425	1111234222343434
426	1111234223233444
427	1111234223234344
428	1111234223234434
429	1111234223243344
430	1111234223243434
431	1111234223323444
432	1111234223324344
433	1111234223324434
434	1111234223342344
435	1111234223342434
436	1111234223344234
437	1111234223423344
438	1111234223423434
439	1111234223432344
440	1111234223432434
441	1111234223434234
442	1111234232233444
443	1111234232234344
444	1111234232234434
445	1111234232243344
446	1111234232243434
447	1111234232323444
448	1111234232324344
449	1111234232324434
450	1111234232342344
451	1111234232342434
452	1111234232344234
453	1111234232423344
454	1111234232423434
455	1111234232432344
456	1111234232432434
457	1111234232434234
458	1111234234223344
459	1111234234223434
460	1111234234232344
461	1111234234232434
462	1111234234234234
463	1112122233334444
464	1112122233343444
465	1112122233344344
466	1112122233344434
467	1112122233433444
468	1112122233434344
469	1112122233434434
470	1112122233443344
471	1112122233443434
472	1112122234333444
473	1112122234334344
474	1112122234334434
475	1112122234343344
476	1112122234343434
477	1112122323334444
478	1112122323343444
479	1112122323344344
480	1112122323344434
481	1112122323433444
482	1112122323434344
483	1112122323434434
484	1112122323443344
485	1112122323443434
486	1112122324333444
487	1112122324334344
488	1112122324334434
489	1112122324343344
490	1112122324343434
491	1112122332334444
492	1112122332343444
493	1112122332344344
494	1112122332344434
495	1112122332433444
496	1112122332434344
497	1112122332434434
498	1112122332443344
499	1112122332443434
500	1112122333234444
501	1112122333243444
502	1112122333244344
503	1112122333244434
504	1112122333423444
505	1112122333424344
506	1112122333424434
507	1112122333442344
508	1112122333442434
509	1112122333444234
510	1112122334233444
511	1112122334234344
512	1112122334234434
513	1112122334243344
514	1112122334243434
515	1112122334323444
516	1112122334324344
517	1112122334324434
518	1112122334342344
519	1112122334342434
520	1112122334344234
521	1112122334423344
522	1112122334423434
523	1112122334432344
524	1112122334432434
525	1112122334434234
526	1112122342333444
527	1112122342334344
528	1112122342334434
529	1112122342343344
530	1112122342343434
531	1112122343233444
532	1112122343234344
533	1112122343234434
534	1112122343243344
535	1112122343243434
536	1112122343323444
537	1112122343324344
538	1112122343324434
539	1112122343342344
540	1112122343342434
541	1112122343344234
542	1112122343423344
543	1112122343423434
544	1112122343432344
545	1112122343432434
546	1112122343434234
547	1112123223334444
548	1112123223343444
549	1112123223344344
550	1112123223344434
551	1112123223433444
552	1112123223434344
553	1112123223434434
554	1112123223443344
555	1112123223443434
556	1112123224333444
557	1112123224334344
558	1112123224334434
559	1112123224343344
560	1112123224343434
561	1112123232334444
562	1112123232343444
563	1112123232344344
564	1112123232344434
565	1112123232433444
566	1112123232434344
567	1112123232434434
568	1112123232443344
569	1112123232443434
570	1112123233234444
571	1112123233243444
572	1112123233244344
573	1112123233244434
574	1112123233423444
575	1112123233424344
576	1112123233424434
577	1112123233442344
578	1112123233442434
579	1112123233444234
580	1112123234233444
581	1112123234234344
582	1112123234234434
583	1112123234243344
584	1112123234243434
585	1112123234323444
586	1112123234324344
587	1112123234324434
588	1112123234342344
589	1112123234342434
590	1112123234344234
591	1112123234423344
592	1112123234423434
593	1112123234432344
594	1112123234432434
595	1112123234434234
596	1112123242333444
597	1112123242334344
598	1112123242334434
599	1112123242343344
600	1112123242343434
601	1112123243233444
602	1112123243234344
603	1112123243234434
604	1112123243243344
605	1112123243243434
606	1112123243323444
607	1112123243324344
608	1112123243324434
609	1112123243342344
610	1112123243342434
611	1112123243344234
612	1112123243423344
613	1112123243423434
614	1112123243432344
615	1112123243432434
616	1112123243434234
617	1112123322334444
618	1112123322343444
619	1112123322344344
620	1112123322344434
621	1112123322433444
622	1112123322434344
623	1112123322434434
624	1112123322443344
625	1112123322443434
626	1112123323234444
627	1112123323243444
628	1112123323244344
629	1112123323244434
630	1112123323423444
631	1112123323424344
632	1112123323424434
633	1112123323442344
634	1112123323442434
635	1112123323444234
636	1112123324233444
637	1112123324234344
638	1112123324234434
639	1112123324243344
640	1112123324243434
641	1112123324323444
642	1112123324324344
643	1112123324324434
644	1112123324342344
645	1112123324342434
646	1112123324344234
647	1112123324423344
648	1112123324423434
649	1112123324432344
650	1112123324432434
651	1112123324434234
652	1112123342233444
653	1112123342234344
654	1112123342234434
655	1112123342243344
656	1112123342243434
657	1112123342323444
658	1112123342324344
659	1112123342324434
660	1112123342342344
661	1112123342342434
662	1112123342344234
663	1112123342423344
664	1112123342423434
665	1112123342432344
666	1112123342432434
667	1112123342434234
668	1112123344223344
669	1112123344223434
670	1112123344232344
671	1112123344232434
672	1112123344234234
673	1112123422333444
674	1112123422334344
675	1112123422334434
676	1112123422343344
677	1112123422343434
678	1112123423233444
679	1112123423234344
680	1112123423234434
681	1112123423243344
682	1112123423243434
683	1112123423323444
684	1112123423324344
685	1112123423324434
686	1112123423342344
687	1112123423342434
688	1112123423344234
689	1112123423423344
690	1112123423423434
691	1112123423432344
692	1112123423432434
693	1112123423434234
694	1112123432233444
695	1112123432234344
696	1112123432234434
697	1112123432243344
698	1112123432243434
699	1112123432323444
700	1112123432324344
701	1112123432324434
702	1112123432342344
703	1112123432342434
704	1112123432344234
705	1112123432423344
706	1112123432423434
707	1112123432432344
708	1112123432432434
709	1112123432434234
710	1112123434223344
711	1112123434223434
712	1112123434232344
713	1112123434232434
714	1112123434234234
715	1112132223334444
716	1112132223343444
717	1112132223344344
718	1112132223344434
719	1112132223433444
720	1112132223434344
721	1112132223434434
722	1112132223443344
723	1112132223443434
724	1112132224333444
725	1112132224334344
726	1112132224334434
727	1112132224343344
728	1112132224343434
729	1112132232334444
730	1112132232343444
731	1112132232344344
732	1112132232344434
733	1112132232433444
734	1112132232434344
735	1112132232434434
736	1112132232443344
737	1112132232443434
738	1112132233234444
739	1112132233243444
740	1112132233244344
741	1112132233244434
742	1112132233423444
743	1112132233424344
744	1112132233424434
745	1112132233442344
746	1112132233442434
747	1112132233444234
748	1112132234233444
749	1112132234234344
750	1112132234234434
751	1112132234243344
752	1112132234243434
753	1112132234323444
754	1112132234324344
755	1112132234324434
756	1112132234342344
757	1112132234342434
758	1112132234344234
759	1112132234423344
760	1112132234423434
761	1112132234432344
762	1112132234432434
763	1112132234434234
764	1112132242333444
765	1112132242334344
766	1112132242334434
767	1112132242343344
768	1112132242343434
769	1112132243233444
770	1112132243234344
771	1112132243234434
772	1112132243243344
773	1112132243243434
774	1112132243323444
775	1112132243324344
776	1112132243324434
777	1112132243342344
778	1112132243342434
779	1112132243344234
780	1112132243423344
781	1112132243423434
782	1112132243432344
783	1112132243432434
784	1112132243434234
785	1112132322334444
786	1112132322343444
787	1112132322344344
788	1112132322344434
789	1112132322433444
790	1112132322434344
791	1112132322434434
792	1112132322443344
793	1112132322443434
794	1112132323234444
795	1112132323243444
796	1112132323244344
797	1112132323244434
798	1112132323423444
799	1112132323424344
800	1112132323424434
801	1112132323442344
802	1112132323442434
803	1112132323444234
804	1112132324233444
805	1112132324234344
806	1112132324234434
807	1112132324243344
808	1112132324243434
809	1112132324323444
810	1112132324324344
811	1112132324324434
812	1112132324342344
813	1112132324342434
814	1112132324344234
815	1112132324423344
816	1112132324423434
817	1112132324432344
818	1112132324432434
819	1112132324434234
820	1112132342233444
821	1112132342234344
822	1112132342234434
823	1112132342243344
824	1112132342243434
825	1112132342323444
826	1112132342324344
827	1112132342324434
828	1112132342342344
829	1112132342342434
830	1112132342344234
831	1112132342423344
832	1112132342423434
833	1112132342432344
834	1112132342432434
835	1112132342434234
836	1112132344223344
837	1112132344223434
838	1112132344232344
839	1112132344232434
840	1112132344234234
841	1112132422333444
842	1112132422334344
843	1112132422334434
844	1112132422343344
845	1112132422343434
846	1112132423233444
847	1112132423234344
848	1112132423234434
849	1112132423243344
850	1112132423243434
851	1112132423323444
852	1112132423324344
853	1112132423324434
854	1112132423342344
855	1112132423342434
856	1112132423344234
857	1112132423423344
858	1112132423423434
859	1112132423432344
860	1112132423432434
861	1112132423434234
862	1112132432233444
863	1112132432234344
864	1112132432234434
865	1112132432243344
866	1112132432243434
867	1112132432323444
868	1112132432324344
869	1112132432324434
870	1112132432342344
871	1112132432342434
872	1112132432344234
873	1112132432423344
874	1112132432423434
875	1112132432432344
876	1112132432432434
877	1112132432434234
878	1112132434223344
879	1112132434223434
880	1112132434232344
881	1112132434232434
882	1112132434234234
883	1112134222333444
884	1112134222334344
885	1112134222334434
886	1112134222343344
887	1112134222343434
888	1112134223233444
889	1112134223234344
890	1112134223234434
891	1112134223243344
892	1112134223243434
893	1112134223323444
894	1112134223324344
895	1112134223324434
896	1112134223342344
897	1112134223342434
898	1112134223344234
899	1112134223423344
900	1112134223423434
901	1112134223432344
902	1112134223432434
903	1112134223434234
904	1112134232233444
905	1112134232234344
906	1112134232234434
907	1112134232243344
908	1112134232243434
909	1112134232323444
910	1112134232324344
911	1112134232324434
912	1112134232342344
913	1112134232342434
914	1112134232344234
915	1112134232423344
916	1112134232423434
917	1112134232432344
918	1112134232432434
919	1112134232434234
920	1112134234223344
921	1112134234223434
922	1112134234232344
923	1112134234232434
924	1112134234234234
925	1112212233334444
926	1112212233343444
927	1112212233344344
928	1112212233344434
929	1112212233433444
930	1112212233434344
931	1112212233434434
932	1112212233443344
933	1112212233443434
934	1112212234333444
935	1112212234334344
936	1112212234334434
937	1112212234343344
938	1112212234343434
939	1112212323334444
940	1112212323343444
941	1112212323344344
942	1112212323344434
943	1112212323433444
944	1112212323434344
945	1112212323434434
946	1112212323443344
947	1112212323443434
948	1112212324333444
949	1112212324334344
950	1112212324334434
951	1112212324343344
952	1112212324343434
953	1112212332334444
954	1112212332343444
955	1112212332344344
956	1112212332344434
957	1112212332433444
958	1112212332434344
959	1112212332434434
960	1112212332443344
961	1112212332443434
962	1112212333234444
963	1112212333243444
964	1112212333244344
965	1112212333244434
966	1112212333423444
967	1112212333424344
968	1112212333424434
969	1112212333442344
970	1112212333442434
971	1112212333444234
972	1112212334233444
973	1112212334234344
974	1112212334234434
975	1112212334243344
976	1112212334243434
977	1112212334323444
978	1112212334324344
979	1112212334324434
980	1112212334342344
981	1112212334342434
982	1112212334344234
983	1112212334423344
984	1112212334423434
985	1112212334432344
986	1112212334432434
987	1112212334434234
988	1112212342333444
989	1112212342334344
990	1112212342334434
991	1112212342343344
992	1112212342343434
993	1112212343233444
994	1112212343234344
995	1112212343234434
996	1112212343243344
997	1112212343243434
998	1112212343323444
999	1112212343324344
1000	1112212343324434
1001	1112212343342344
1002	1112212343342434
1003	1112212343344234
1004	1112212343423344
1005	1112212343423434
1006	1112212343432344
1007	1112212343432434
1008	1112212343434234
1009	1112213223334444
1010	1112213223343444
1011	1112213223344344
1012	1112213223344434
1013	1112213223433444
1014	1112213223434344
1015	1112213223434434
1016	1112213223443344
1017	1112213223443434
1018	1112213224333444
1019	1112213224334344
1020	1112213224334434
1021	1112213224343344
1022	1112213224343434
1023	1112213232334444
1024	1112213232343444
1025	1112213232344344
1026	1112213232344434
1027	1112213232433444
1028	1112213232434344
1029	1112213232434434
1030	1112213232443344
1031	1112213232443434
1032	1112213233234444
1033	1112213233243444
1034	1112213233244344
1035	1112213233244434
1036	1112213233423444
1037	1112213233424344
1038	1112213233424434
1039	1112213233442344
1040	1112213233442434
1041	1112213233444234
1042	1112213234233444
1043	1112213234234344
1044	1112213234234434
1045	1112213234243344
1046	1112213234243434
1047	1112213234323444
1048	1112213234324344
1049	1112213234324434
1050	1112213234342344
1051	1112213234342434
1052	1112213234344234
1053	1112213234423344
1054	1112213234423434
1055	1112213234432344
1056	1112213234432434
1057	1112213234434234
1058	1112213242333444
1059	1112213242334344
1060	1112213242334434
1061	1112213242343344
1062	1112213242343434
1063	1112213243233444
1064	1112213243234344
1065	1112213243234434
1066	1112213243243344
1067	1112213243243434
1068	1112213243323444
1069	1112213243324344
1070	1112213243324434
1071	1112213243342344
1072	1112213243342434
1073	1112213243344234
1074	1112213243423344
1075	1112213243423434
1076	1112213243432344
1077	1112213243432434
1078	1112213243434234
1079	1112213322334444
1080	1112213322343444
1081	1112213322344344
1082	1112213322344434
1083	1112213322433444
1084	1112213322434344
1085	1112213322434434
1086	1112213322443344
1087	1112213322443434
1088	1112213323234444
1089	1112213323243444
1090	1112213323244344
1091	1112213323244434
1092	1112213323423444
1093	1112213323424344
1094	1112213323424434
1095	1112213323442344
1096	1112213323442434
1097	1112213323444234
1098	1112213324233444
1099	1112213324234344
1100	1112213324234434
1101	1112213324243344
1102	1112213324243434
1103	1112213324323444
1104	1112213324324344
1105	1112213324324434
1106	1112213324342344
1107	1112213324342434
1108	1112213324344234
1109	1112213324423344
1110	1112213324423434
1111	1112213324432344
1112	1112213324432434
1113	1112213324434234
1114	1112213342233444
1115	1112213342234344
1116	1112213342234434
1117	1112213342243344
1118	1112213342243434
1119	1112213342323444
1120	1112213342324344
1121	1112213342324434
1122	1112213342342344
1123	1112213342342434
1124	1112213342344234
1125	1112213342423344
1126	1112213342423434
1127	1112213342432344
1128	1112213342432434
1129	1112213342434234
1130	1112213344223344
1131	1112213344223434
1132	1112213344232344
1133	1112213344232434
1134	1112213344234234
1135	1112213422333444
1136	1112213422334344
1137	1112213422334434
1138	1112213422343344
1139	1112213422343434
1140	1112213423233444
1141	1112213423234344
1142	1112213423234434
1143	1112213423243344
1144	1112213423243434
1145	1112213423323444
1146	1112213423324344
1147	1112213423324434
1148	1112213423342344
1149	1112213423342434
1150	1112213423344234
1151	1112213423423344
1152	1112213423423434
1153	1112213423432344
1154	1112213423432434
1155	1112213423434234
1156	1112213432233444
1157	1112213432234344
1158	1112213432234434
1159	1112213432243344
1160	1112213432243434
1161	1112213432323444
1162	1112213432324344
1163	1112213432324434
1164	1112213432342344
1165	1112213432342434
1166	1112213432344234
1167	1112213432423344
1168	1112213432423434
1169	1112213432432344
1170	1112213432432434
1171	1112213432434234
1172	1112213434223344
1173	1112213434223434
1174	1112213434232344
1175	1112213434232434
1176	1112213434234234
1177	1112221233334444
1178	1112221233343444
1179	1112221233344344
1180	1112221233344434
1181	1112221233433444
1182	1112221233434344
1183	1112221233434434
1184	1112221233443344
1185	1112221233443434
1186	1112221234333444
1187	1112221234334344
1188	1112221234334434
1189	1112221234343344
1190	1112221234343434
1191	1112221323334444
1192	1112221323343444
1193	1112221323344344
1194	1112221323344434
1195	1112221323433444
1196	1112221323434344
1197	1112221323434434
1198	1112221323443344
1199	1112221323443434
1200	1112221324333444
1201	1112221324334344
1202	1112221324334434
1203	1112221324343344
1204	1112221324343434
1205	1112221332334444
1206	1112221332343444
1207	1112221332344344
1208	1112221332344434
1209	1112221332433444
1210	1112221332434344
1211	1112221332434434
1212	1112221332443344
1213	1112221332443434
1214	1112221333234444
1215	1112221333243444
1216	1112221333244344
1217	1112221333244434
1218	1112221333423444
1219	1112221333424344
1220	1112221333424434
1221	1112221333442344
1222	1112221333442434
1223	1112221333444234
1224	1112221334233444
1225	1112221334234344
1226	1112221334234434
1227	1112221334243344
1228	1112221334243434
1229	1112221334323444
1230	1112221334324344
1231	1112221334324434
1232	1112221334342344
1233	1112221334342434
1234	1112221334344234
1235	1112221334423344
1236	1112221334423434
1237	1112221334432344
1238	1112221334432434
1239	1112221334434234
1240	1112221342333444
1241	1112221342334344
1242	1112221342334434
1243	1112221342343344
1244	1112221342343434
1245	1112221343233444
1246	1112221343234344
1247	1112221343234434
1248	1112221343243344
1249	1112221343243434
1250	1112221343323444
1251	1112221343324344
1252	1112221343324434
1253	1112221343342344
1254	1112221343342434
1255	1112221343344234
1256	1112221343423344
1257	1112221343423434
1258	1112221343432344
1259	1112221343432434
1260	1112221343434234
1261	1112223123334444
1262	1112223123343444
1263	1112223123344344
1264	1112223123344434
1265	1112223123433444
1266	1112223123434344
1267	1112223123434434
1268	1112223123443344
1269	1112223123443434
1270	1112223124333444
1271	1112223124334344
1272	1112223124334434
1273	1112223124343344
1274	1112223124343434
1275	1112223132334444
1276	1112223132343444
1277	1112223132344344
1278	1112223132344434
1279	1112223132433444
1280	1112223132434344
1281	1112223132434434
1282	1112223132443344
1283	1112223132443434
1284	1112223133234444
1285	1112223133243444
1286	1112223133244344
1287	1112223133244434
1288	1112223133423444
1289	1112223133424344
1290	1112223133424434
1291	1112223133442344
1292	1112223133442434
1293	1112223133444234
1294	1112223134233444
1295	1112223134234344
1296	1112223134234434
1297	1112223134243344
1298	1112223134243434
1299	1112223134323444
1300	1112223134324344
1301	1112223134324434
1302	1112223134342344
1303	1112223134342434
1304	1112223134344234
1305	1112223134423344
1306	1112223134423434
1307	1112223134432344
1308	1112223134432434
1309	1112223134434234
1310	1112223142333444
1311	1112223142334344
1312	1112223142334434
1313	1112223142343344
1314	1112223142343434
1315	1112223143233444
1316	1112223143234344
1317	1112223143234434
1318	1112223143243344
1319	1112223143243434
1320	1112223143323444
1321	1112223143324344
1322	1112223143324434
1323	1112223143342344
1324	1112223143342434
1325	1112223143344234
1326	1112223143423344
1327	1112223143423434
1328	1112223143432344
1329	1112223143432434
1330	1112223143434234
1331	1112223312334444
1332	1112223312343444
1333	1112223312344344
1334	1112223312344434
1335	1112223312433444
1336	1112223312434344
1337	1112223312434434
1338	1112223312443344
1339	1112223312443434
1340	1112223313234444
1341	1112223313243444
1342	1112223313244344
1343	1112223313244434
1344	1112223313423444
1345	1112223313424344
1346	1112223313424434
1347	1112223313442344
1348	1112223313442434
1349	1112223313444234
1350	1112223314233444
1351	1112223314234344
1352	1112223314234434
1353	1112223314243344
1354	1112223314243434
1355	1112223314323444
1356	1112223314324344
1357	1112223314324434
1358	1112223314342344
1359	1112223314342434
1360	1112223314344234
1361	1112223314423344
1362	1112223314423434
1363	1112223314432344
1364	1112223314432434
1365	1112223314434234
1366	1112223331234444
1367	1112223331243444
1368	1112223331244344
1369	1112223331244434
1370	1112223331423444
1371	1112223331424344
1372	1112223331424434
1373	1112223331442344
1374	1112223331442434
1375	1112223331444234
1376	1112223334123444
1377	1112223334124344
1378	1112223334124434
1379	1112223334142344
1380	1112223334142434
1381	1112223334144234
1382	1112223334412344
1383	1112223334412434
1384	1112223334414234
1385	1112223334441234
1386	1112223341233444
1387	1112223341234344
1388	1112223341234434
1389	1112223341243344
1390	1112223341243434
1391	1112223341323444
1392	1112223341324344
1393	1112223341324434
1394	1112223341342344
1395	1112223341342434
1396	1112223341344234
1397	1112223341423344
1398	1112223341423434
1399	1112223341432344
1400	1112223341432434
1401	1112223341434234
1402	1112223343123444
1403	1112223343124344
1404	1112223343124434
1405	1112223343142344
1406	1112223343142434
1407	1112223343144234
1408	1112223343412344
1409	1112223343412434
1410	1112223343414234
1411	1112223343441234
1412	1112223344123344
1413	1112223344123434
1414	1112223344132344
1415	1112223344132434
1416	1112223344134234
1417	1112223344312344
1418	1112223344312434
1419	1112223344314234
1420	1112223344341234
1421	1112223412333444
1422	1112223412334344
1423	1112223412334434
1424	1112223412343344
1425	1112223412343434
1426	1112223413233444
1427	1112223413234344
1428	1112223413234434
1429	1112223413243344
1430	1112223413243434
1431	1112223413323444
1432	1112223413324344
1433	1112223413324434
1434	1112223413342344
1435	1112223413342434
1436	1112223413344234
1437	1112223413423344
1438	1112223413423434
1439	1112223413432344
1440	1112223413432434
1441	1112223413434234
1442	1112223431233444
1443	1112223431234344
1444	1112223431234434
1445	1112223431243344
1446	1112223431243434
1447	1112223431323444
1448	1112223431324344
1449	1112223431324434
1450	1112223431342344
1451	1112223431342434
1452	1112223431344234
1453	1112223431423344
1454	1112223431423434
1455	1112223431432344
1456	1112223431432434
1457	1112223431434234
1458	1112223433123444
1459	1112223433124344
1460	1112223433124434
1461	1112223433142344
1462	1112223433142434
1463	1112223433144234
1464	1112223433412344
1465	1112223433412434
1466	1112223433414234
1467	1112223433441234
1468	1112223434123344
1469	1112223434123434
1470	1112223434132344
1471	1112223434132434
1472	1112223434134234
1473	1112223434312344
1474	1112223434312434
1475	1112223434314234
1476	1112223434341234
1477	1112231223334444
1478	1112231223343444
1479	1112231223344344
1480	1112231223344434
1481	1112231223433444
1482	1112231223434344
1483	1112231223434434
1484	1112231223443344
1485	1112231223443434
1486	1112231224333444
1487	1112231224334344
1488	1112231224334434
1489	1112231224343344
1490	1112231224343434
1491	1112231232334444
1492	1112231232343444
1493	1112231232344344
1494	1112231232344434
1495	1112231232433444
1496	1112231232434344
1497	1112231232434434
1498	1112231232443344
1499	1112231232443434
1500	1112231233234444
1501	1112231233243444
1502	1112231233244344
1503	1112231233244434
1504	1112231233423444
1505	1112231233424344
1506	1112231233424434
1507	1112231233442344
1508	1112231233442434
1509	1112231233444234
1510	1112231234233444
1511	1112231234234344
1512	1112231234234434
1513	1112231234243344
1514	1112231234243434
1515	1112231234323444
1516	1112231234324344
1517	1112231234324434
1518	1112231234342344
1519	1112231234342434
1520	1112231234344234
1521	1112231234423344
1522	1112231234423434
1523	1112231234432344
1524	1112231234432434
1525	1112231234434234
1526	1112231242333444
1527	1112231242334344
1528	1112231242334434
1529	1112231242343344
1530	1112231242343434
1531	1112231243233444
1532	1112231243234344
1533	1112231243234434
1534	1112231243243344
1535	1112231243243434
1536	1112231243323444
1537	1112231243324344
1538	1112231243324434
1539	1112231243342344
1540	1112231243342434
1541	1112231243344234
1542	1112231243423344
1543	1112231243423434
1544	1112231243432344
1545	1112231243432434
1546	1112231243434234
1547	1112231322334444
1548	1112231322343444
1549	1112231322344344
1550	1112231322344434
1551	1112231322433444
1552	1112231322434344
1553	1112231322434434
1554	1112231322443344
1555	1112231322443434
1556	1112231323234444
1557	1112231323243444
1558	1112231323244344
1559	1112231323244434
1560	1112231323423444
1561	1112231323424344
1562	1112231323424434
1563	1112231323442344
1564	1112231323442434
1565	1112231323444234
1566	1112231324233444
1567	1112231324234344
1568	1112231324234434
1569	1112231324243344
1570	1112231324243434
1571	1112231324323444
1572	1112231324324344
1573	1112231324324434
1574	1112231324342344
1575	1112231324342434
1576	1112231324344234
1577	1112231324423344
1578	1112231324423434
1579	1112231324432344
1580	1112231324432434
1581	1112231324434234
1582	1112231342233444
1583	1112231342234344
1584	1112231342234434
1585	1112231342243344
1586	1112231342243434
1587	1112231342323444
1588	1112231342324344
1589	1112231342324434
1590	1112231342342344
1591	1112231342342434
1592	1112231342344234
1593	1112231342423344
1594	1112231342423434
1595	1112231342432344
1596	1112231342432434
1597	1112231342434234
1598	1112231344223344
1599	1112231344223434
1600	1112231344232344
1601	1112231344232434
1602	1112231344234234
1603	1112231422333444
1604	1112231422334344
1605	1112231422334434
1606	1112231422343344
1607	1112231422343434
1608	1112231423233444
1609	1112231423234344
1610	1112231423234434
1611	1112231423243344
1612	1112231423243434
1613	1112231423323444
1614	1112231423324344
1615	1112231423324434
1616	1112231423342344
1617	1112231423342434
1618	1112231423344234
1619	1112231423423344
1620	1112231423423434
1621	1112231423432344
1622	1112231423432434
1623	1112231423434234
1624	1112231432233444
1625	1112231432234344
1626	1112231432234434
1627	1112231432243344
1628	1112231432243434
1629	1112231432323444
1630	1112231432324344
1631	1112231432324434
1632	1112231432342344
1633	1112231432342434
1634	1112231432344234
1635	1112231432423344
1636	1112231432423434
1637	1112231432432344
1638	1112231432432434
1639	1112231432434234
1640	1112231434223344
1641	1112231434223434
1642	1112231434232344
1643	1112231434232434
1644	1112231434234234
1645	1112232123334444
1646	1112232123343444
1647	1112232123344344
1648	1112232123344434
1649	1112232123433444
1650	1112232123434344
1651	1112232123434434
1652	1112232123443344
1653	1112232123443434
1654	1112232124333444
1655	1112232124334344
1656	1112232124334434
1657	1112232124343344
1658	1112232124343434
1659	1112232132334444
1660	1112232132343444
1661	1112232132344344
1662	1112232132344434
1663	1112232132433444
1664	1112232132434344
1665	1112232132434434
1666	1112232132443344
1667	1112232132443434
1668	1112232133234444
1669	1112232133243444
1670	1112232133244344
1671	1112232133244434
1672	1112232133423444
1673	1112232133424344
1674	1112232133424434
1675	1112232133442344
1676	1112232133442434
1677	1112232133444234
1678	1112232134233444
1679	1112232134234344
1680	1112232134234434
1681	1112232134243344
1682	1112232134243434
1683	1112232134323444
1684	1112232134324344
1685	1112232134324434
1686	1112232134342344
1687	1112232134342434
1688	1112232134344234
1689	1112232134423344
1690	1112232134423434
1691	1112232134432344
1692	1112232134432434
1693	1112232134434234
1694	1112232142333444
1695	1112232142334344
1696	1112232142334434
1697	1112232142343344
1698	1112232142343434
1699	1112232143233444
1700	1112232143234344
1701	1112232143234434
1702	1112232143243344
1703	1112232143243434
1704	1112232143323444
1705	1112232143324344
1706	1112232143324434
1707	1112232143342344
1708	1112232143342434
1709	1112232143344234
1710	1112232143423344
1711	1112232143423434
1712	1112232143432344
1713	1112232143432434
1714	1112232143434234
1715	1112232312334444
1716	1112232312343444
1717	1112232312344344
1718	1112232312344434
1719	1112232312433444
1720	1112232312434344
1721	1112232312434434
1722	1112232312443344
1723	1112232312443434
1724	1112232313234444
1725	1112232313243444
1726	1112232313244344
1727	1112232313244434
1728	1112232313423444
1729	1112232313424344
1730	1112232313424434
1731	1112232313442344
1732	1112232313442434
1733	1112232313444234
1734	1112232314233444
1735	1112232314234344
1736	1112232314234434
1737	1112232314243344
1738	1112232314243434
1739	1112232314323444
1740	1112232314324344
1741	1112232314324434
1742	1112232314342344
1743	1112232314342434
1744	1112232314344234
1745	1112232314423344
1746	1112232314423434
1747	1112232314432344
1748	1112232314432434
1749	1112232314434234
1750	1112232331234444
1751	1112232331243444
1752	1112232331244344
1753	1112232331244434
1754	1112232331423444
1755	1112232331424344
1756	1112232331424434
1757	1112232331442344
1758	1112232331442434
1759	1112232331444234
1760	1112232334123444
1761	1112232334124344
1762	1112232334124434
1763	1112232334142344
1764	1112232334142434
1765	1112232334144234
1766	1112232334412344
1767	1112232334412434
1768	1112232334414234
1769	1112232334441234
1770	1112232341233444
1771	1112232341234344
1772	1112232341234434
1773	1112232341243344
1774	1112232341243434
1775	1112232341323444
1776	1112232341324344
1777	1112232341324434
1778	1112232341342344
1779	1112232341342434
1780	1112232341344234
1781	1112232341423344
1782	1112232341423434
1783	1112232341432344
1784	1112232341432434
1785	1112232341434234
1786	1112232343123444
1787	1112232343124344
1788	1112232343124434
1789	1112232343142344
1790	1112232343142434
1791	1112232343144234
1792	1112232343412344
1793	1112232343412434
1794	1112232343414234
1795	1112232343441234
1796	1112232344123344
1797	1112232344123434
1798	1112232344132344
1799	1112232344132434
1800	1112232344134234
1801	1112232344312344
1802	1112232344312434
1803	1112232344314234
1804	1112232344341234
1805	1112232412333444
1806	1112232412334344
1807	1112232412334434
1808	1112232412343344
1809	1112232412343434
1810	1112232413233444
1811	1112232413234344
1812	1112232413234434
1813	1112232413243344
1814	1112232413243434
1815	1112232413323444
1816	1112232413324344
1817	1112232413324434
1818	1112232413342344
1819	1112232413342434
1820	1112232413344234
1821	1112232413423344
1822	1112232413423434
1823	1112232413432344
1824	1112232413432434
1825	1112232413434234
1826	1112232431233444
1827	1112232431234344
1828	1112232431234434
1829	1112232431243344
1830	1112232431243434
1831	1112232431323444
1832	1112232431324344
1833	1112232431324434
1834	1112232431342344
1835	1112232431342434
1836	1112232431344234
1837	1112232431423344
1838	1112232431423434
1839	1112232431432344
1840	1112232431432434
1841	1112232431434234
1842	1112232433123444
1843	1112232433124344
1844	1112232433124434
1845	1112232433142344
1846	1112232433142434
1847	1112232433144234
1848	1112232433412344
1849	1112232433412434
1850	1112232433414234
1851	1112232433441234
1852	1112232434123344
1853	1112232434123434
1854	1112232434132344
1855	1112232434132434
1856	1112232434134234
1857	1112232434312344
1858	1112232434312434
1859	1112232434314234
1860	1112232434341234
1861	1112233122334444
1862	1112233122343444
1863	1112233122344344
1864	1112233122344434
1865	1112233122433444
1866	1112233122434344
1867	1112233122434434
1868	1112233122443344
1869	1112233122443434
1870	1112233123234444
1871	1112233123243444
1872	1112233123244344
1873	1112233123244434
1874	1112233123423444
1875	1112233123424344
1876	1112233123424434
1877	1112233123442344
1878	1112233123442434
1879	1112233123444234
1880	1112233124233444
1881	1112233124234344
1882	1112233124234434
1883	1112233124243344
1884	1112233124243434
1885	1112233124323444
1886	1112233124324344
1887	1112233124324434
1888	1112233124342344
1889	1112233124342434
1890	1112233124344234
1891	1112233124423344
1892	1112233124423434
1893	1112233124432344
1894	1112233124432434
1895	1112233124434234
1896	1112233142233444
1897	1112233142234344
1898	1112233142234434
1899	1112233142243344
1900	1112233142243434
1901	1112233142323444
1902	1112233142324344
1903	1112233142324434
1904	1112233142342344
1905	1112233142342434
1906	1112233142344234
1907	1112233142423344
1908	1112233142423434
1909	1112233142432344
1910	1112233142432434
1911	1112233142434234
1912	1112233144223344
1913	1112233144223434
1914	1112233144232344
1915	1112233144232434
1916	1112233144234234
1917	1112233212334444
1918	1112233212343444
1919	1112233212344344
1920	1112233212344434
1921	1112233212433444
1922	1112233212434344
1923	1112233212434434
1924	1112233212443344
1925	1112233212443434
1926	1112233213234444
1927	1112233213243444
1928	1112233213244344
1929	1112233213244434
1930	1112233213423444
1931	1112233213424344
1932	1112233213424434
1933	1112233213442344
1934	1112233213442434
1935	1112233213444234
1936	1112233214233444
1937	1112233214234344
1938	1112233214234434
1939	1112233214243344
1940	1112233214243434
1941	1112233214323444
1942	1112233214324344
1943	1112233214324434
1944	1112233214342344
1945	1112233214342434
1946	1112233214344234
1947	1112233214423344
1948	1112233214423434
1949	1112233214432344
1950	1112233214432434
1951	1112233214434234
1952	1112233231234444
1953	1112233231243444
1954	1112233231244344
1955	1112233231244434
1956	1112233231423444
1957	1112233231424344
1958	1112233231424434
1959	1112233231442344
1960	1112233231442434
1961	1112233231444234
1962	1112233234123444
1963	1112233234124344
1964	1112233234124434
1965	1112233234142344
1966	1112233234142434
1967	1112233234144234
1968	1112233234412344
1969	1112233234412434
1970	1112233234414234
1971	1112233234441234
1972	1112233241233444
1973	1112233241234344
1974	1112233241234434
1975	1112233241243344
1976	1112233241243434
1977	1112233241323444
1978	1112233241324344
1979	1112233241324434
1980	1112233241342344
1981	1112233241342434
1982	1112233241344234
1983	1112233241423344
1984	1112233241423434
1985	1112233241432344
1986	1112233241432434
1987	1112233241434234
1988	1112233243123444
1989	1112233243124344
1990	1112233243124434
1991	1112233243142344
1992	1112233243142434
1993	1112233243144234
1994	1112233243412344
1995	1112233243412434
1996	1112233243414234
1997	1112233243441234
1998	1112233244123344
1999	1112233244123434
2000	1112233244132344
2001	1112233244132434
2002	1112233244134234
2003	1112233244312344
2004	1112233244312434
2005	1112233244314234
2006	1112233244341234
2007	1112233412233444
2008	1112233412234344
2009	1112233412234434
2010	1112233412243344
2011	1112233412243434
2012	1112233412323444
2013	1112233412324344
2014	1112233412324434
2015	1112233412342344
2016	1112233412342434
2017	1112233412344234
2018	1112233412423344
2019	1112233412423434
2020	1112233412432344
2021	1112233412432434
2022	1112233412434234
2023	1112233414223344
2024	1112233414223434
2025	1112233414232344
2026	1112233414232434
2027	1112233414234234
2028	1112233421233444
2029	1112233421234344
2030	1112233421234434
2031	1112233421243344
2032	1112233421243434
2033	1112233421323444
2034	1112233421324344
2035	1112233421324434
2036	1112233421342344
2037	1112233421342434
2038	1112233421344234
2039	1112233421423344
2040	1112233421423434
2041	1112233421432344
2042	1112233421432434
2043	1112233421434234
2044	1112233423123444
2045	1112233423124344
2046	1112233423124434
2047	1112233423142344
2048	1112233423142434
2049	1112233423144234
2050	1112233423412344
2051	1112233423412434
2052	1112233423414234
2053	1112233423441234
2054	1112233424123344
2055	1112233424123434
2056	1112233424132344
2057	1112233424132434
2058	1112233424134234
2059	1112233424312344
2060	1112233424312434
2061	1112233424314234
2062	1112233424341234
2063	1112233441223344
2064	1112233441223434
2065	1112233441232344
2066	1112233441232434
2067	1112233441234234
2068	1112233442123344
2069	1112233442123434
2070	1112233442132344
2071	1112233442132434
2072	1112233442134234
2073	1112233442312344
2074	1112233442312434
2075	1112233442314234
2076	1112233442341234
2077	1112234122333444
2078	1112234122334344
2079	1112234122334434
2080	1112234122343344
2081	1112234122343434
2082	1112234123233444
2083	1112234123234344
2084	1112234123234434
2085	1112234123243344
2086	1112234123243434
2087	1112234123323444
2088	1112234123324344
2089	1112234123324434
2090	1112234123342344
2091	1112234123342434
2092	1112234123344234
2093	1112234123423344
2094	1112234123423434
2095	1112234123432344
2096	1112234123432434
2097	1112234123434234
2098	1112234132233444
2099	1112234132234344
2100	1112234132234434
2101	1112234132243344
2102	1112234132243434
2103	1112234132323444
2104	1112234132324344
2105	1112234132324434
2106	1112234132342344
2107	1112234132342434
2108	1112234132344234
2109	1112234132423344
2110	1112234132423434
2111	1112234132432344
2112	1112234132432434
2113	1112234132434234
2114	1112234134223344
2115	1112234134223434
2116	1112234134232344
2117	1112234134232434
2118	1112234134234234
2119	1112234212333444
2120	1112234212334344
2121	1112234212334434
2122	1112234212343344
2123	1112234212343434
2124	1112234213233444
2125	1112234213234344
2126	1112234213234434
2127	1112234213243344
2128	1112234213243434
2129	1112234213323444
2130	1112234213324344
2131	1112234213324434
2132	1112234213342344
2133	1112234213342434
2134	1112234213344234
2135	1112234213423344
2136	1112234213423434
2137	1112234213432344
2138	1112234213432434
2139	1112234213434234
2140	1112234231233444
2141	1112234231234344
2142	1112234231234434
2143	1112234231243344
2144	1112234231243434
2145	1112234231323444
2146	1112234231324344
2147	1112234231324434
2148	1112234231342344
2149	1112234231342434
2150	1112234231344234
2151	1112234231423344
2152	1112234231423434
2153	1112234231432344
2154	1112234231432434
2155	1112234231434234
2156	1112234233123444
2157	1112234233124344
2158	1112234233124434
2159	1112234233142344
2160	1112234233142434
2161	1112234233144234
2162	1112234233412344
2163	1112234233412434
2164	1112234233414234
2165	1112234233441234
2166	1112234234123344
2167	1112234234123434
2168	1112234234132344
2169	1112234234132434
2170	1112234234134234
2171	1112234234312344
2172	1112234234312434
2173	1112234234314234
2174	1112234234341234
2175	1112234312233444
2176	1112234312234344
2177	1112234312234434
2178	1112234312243344
2179	1112234312243434
2180	1112234312323444
2181	1112234312324344
2182	1112234312324434
2183	1112234312342344
2184	1112234312342434
2185	1112234312344234
2186	1112234312423344
2187	1112234312423434
2188	1112234312432344
2189	1112234312432434
2190	1112234312434234
2191	1112234314223344
2192	1112234314223434
2193	1112234314232344
2194	1112234314232434
2195	1112234314234234
2196	1112234321233444
2197	1112234321234344
2198	1112234321234434
2199	1112234321243344
2200	1112234321243434
2201	1112234321323444
2202	1112234321324344
2203	1112234321324434
2204	1112234321342344
2205	1112234321342434
2206	1112234321344234
2207	1112234321423344
2208	1112234321423434
2209	1112234321432344
2210	1112234321432434
2211	1112234321434234
2212	1112234323123444
2213	1112234323124344
2214	1112234323124434
2215	1112234323142344
2216	1112234323142434
2217	1112234323144234
2218	1112234323412344
2219	1112234323412434
2220	1112234323414234
2221	1112234323441234
2222	1112234324123344
2223	1112234324123434
2224	1112234324132344
2225	1112234324132434
2226	1112234324134234
2227	1112234324312344
2228	1112234324312434
2229	1112234324314234
2230	1112234324341234
2231	1112234341223344
2232	1112234341223434
2233	1112234341232344
2234	1112234341232434
2235	1112234341234234
2236	1112234342123344
2237	1112234342123434
2238	1112234342132344
2239	1112234342132434
2240	1112234342134234
2241	1112234342312344
2242	1112234342312434
2243	1112234342314234
2244	1112234342341234
2245	1112312223334444
2246	1112312223343444
2247	1112312223344344
2248	1112312223344434
2249	1112312223433444
2250	1112312223434344
2251	1112312223434434
2252	1112312223443344
2253	1112312223443434
2254	1112312224333444
2255	1112312224334344
2256	1112312224334434
2257	1112312224343344
2258	1112312224343434
2259	1112312232334444
2260	1112312232343444
2261	1112312232344344
2262	1112312232344434
2263	1112312232433444
2264	1112312232434344
2265	1112312232434434
2266	1112312232443344
2267	1112312232443434
2268	1112312233234444
2269	1112312233243444
2270	1112312233244344
2271	1112312233244434
2272	1112312233423444
2273	1112312233424344
2274	1112312233424434
2275	1112312233442344
2276	1112312233442434
2277	1112312233444234
2278	1112312234233444
2279	1112312234234344
2280	1112312234234434
2281	1112312234243344
2282	1112312234243434
2283	1112312234323444
2284	1112312234324344
2285	1112312234324434
2286	1112312234342344
2287	1112312234342434
2288	1112312234344234
2289	1112312234423344
2290	1112312234423434
2291	1112312234432344
2292	1112312234432434
2293	1112312234434234
2294	1112312242333444
2295	1112312242334344
2296	1112312242334434
2297	1112312242343344
2298	1112312242343434
2299	1112312243233444
2300	1112312243234344
2301	1112312243234434
2302	1112312243243344
2303	1112312243243434
2304	1112312243323444
2305	1112312243324344
2306	1112312243324434
2307	1112312243342344
2308	1112312243342434
2309	1112312243344234
2310	1112312243423344
2311	1112312243423434
2312	1112312243432344
2313	1112312243432434
2314	1112312243434234
2315	1112312322334444
2316	1112312322343444
2317	1112312322344344
2318	1112312322344434
2319	1112312322433444
2320	1112312322434344
2321	1112312322434434
2322	1112312322443344
2323	1112312322443434
2324	1112312323234444
2325	1112312323243444
2326	1112312323244344
2327	1112312323244434
2328	1112312323423444
2329	1112312323424344
2330	1112312323424434
2331	1112312323442344
2332	1112312323442434
2333	1112312323444234
2334	1112312324233444
2335	1112312324234344
2336	1112312324234434
2337	1112312324243344
2338	1112312324243434
2339	1112312324323444
2340	1112312324324344
2341	1112312324324434
2342	1112312324342344
2343	1112312324342434
2344	1112312324344234
2345	1112312324423344
2346	1112312324423434
2347	1112312324432344
2348	1112312324432434
2349	1112312324434234
2350	1112312342233444
2351	1112312342234344
2352	1112312342234434
2353	1112312342243344
2354	1112312342243434
2355	1112312342323444
2356	1112312342324344
2357	1112312342324434
2358	1112312342342344
2359	1112312342342434
2360	1112312342344234
2361	1112312342423344
2362	1112312342423434
2363	1112312342432344
2364	1112312342432434
2365	1112312342434234
2366	1112312344223344
2367	1112312344223434
2368	1112312344232344
2369	1112312344232434
2370	1112312344234234
2371	1112312422333444
2372	1112312422334344
2373	1112312422334434
2374	1112312422343344
2375	1112312422343434
2376	1112312423233444
2377	1112312423234344
2378	1112312423234434
2379	1112312423243344
2380	1112312423243434
2381	1112312423323444
2382	1112312423324344
2383	1112312423324434
2384	1112312423342344
2385	1112312423342434
2386	1112312423344234
2387	1112312423423344
2388	1112312423423434
2389	1112312423432344
2390	1112312423432434
2391	1112312423434234
2392	1112312432233444
2393	1112312432234344
2394	1112312432234434
2395	1112312432243344
2396	1112312432243434
2397	1112312432323444
2398	1112312432324344
2399	1112312432324434
2400	1112312432342344
2401	1112312432342434
2402	1112312432344234
2403	1112312432423344
2404	1112312432423434
2405	1112312432432344
2406	1112312432432434
2407	1112312432434234
2408	1112312434223344
2409	1112312434223434
2410	1112312434232344
2411	1112312434232434
2412	1112312434234234
2413	1112314222333444
2414	1112314222334344
2415	1112314222334434
2416	1112314222343344
2417	1112314222343434
2418	1112314223233444
2419	1112314223234344
2420	1112314223234434
2421	1112314223243344
2422	1112314223243434
2423	1112314223323444
2424	1112314223324344
2425	1112314223324434
2426	1112314223342344
2427	1112314223342434
2428	1112314223344234
2429	1112314223423344
2430	1112314223423434
2431	1112314223432344
2432	1112314223432434
2433	1112314223434234
2434	1112314232233444
2435	1112314232234344
2436	1112314232234434
2437	1112314232243344
2438	1112314232243434
2439	1112314232323444
2440	1112314232324344
2441	1112314232324434
2442	1112314232342344
2443	1112314232342434
2444	1112314232344234
2445	1112314232423344
2446	1112314232423434
2447	1112314232432344
2448	1112314232432434
2449	1112314232434234
2450	1112314234223344
2451	1112314234223434
2452	1112314234232344
2453	1112314234232434
2454	1112314234234234
2455	1112321223334444
2456	1112321223343444
2457	1112321223344344
2458	1112321223344434
2459	1112321223433444
2460	1112321223434344
2461	1112321223434434
2462	1112321223443344
2463	1112321223443434
2464	1112321224333444
2465	1112321224334344
2466	1112321224334434
2467	1112321224343344
2468	1112321224343434
2469	1112321232334444
2470	1112321232343444
2471	1112321232344344
2472	1112321232344434
2473	1112321232433444
2474	1112321232434344
2475	1112321232434434
2476	1112321232443344
2477	1112321232443434
2478	1112321233234444
2479	1112321233243444
2480	1112321233244344
2481	1112321233244434
2482	1112321233423444
2483	1112321233424344
2484	1112321233424434
2485	1112321233442344
2486	1112321233442434
2487	1112321233444234
2488	1112321234233444
2489	1112321234234344
2490	1112321234234434
2491	1112321234243344
2492	1112321234243434
2493	1112321234323444
2494	1112321234324344
2495	1112321234324434
2496	1112321234342344
2497	1112321234342434
2498	1112321234344234
2499	1112321234423344
2500	1112321234423434
2501	1112321234432344
2502	1112321234432434
2503	1112321234434234
2504	1112321242333444
2505	1112321242334344
2506	1112321242334434
2507	1112321242343344
2508	1112321242343434
2509	1112321243233444
2510	1112321243234344
2511	1112321243234434
2512	1112321243243344
2513	1112321243243434
2514	1112321243323444
2515	1112321243324344
2516	1112321243324434
2517	1112321243342344
2518	1112321243342434
2519	1112321243344234
2520	1112321243423344
2521	1112321243423434
2522	1112321243432344
2523	1112321243432434
2524	1112321243434234
2525	1112321322334444
2526	1112321322343444
2527	1112321322344344
2528	1112321322344434
2529	1112321322433444
2530	1112321322434344
2531	1112321322434434
2532	1112321322443344
2533	1112321322443434
2534	1112321323234444
2535	1112321323243444
2536	1112321323244344
2537	1112321323244434
2538	1112321323423444
2539	1112321323424344
2540	1112321323424434
2541	1112321323442344
2542	1112321323442434
2543	1112321323444234
2544	1112321324233444
2545	1112321324234344
2546	1112321324234434
2547	1112321324243344
2548	1112321324243434
2549	1112321324323444
2550	1112321324324344
2551	1112321324324434
2552	1112321324342344
2553	1112321324342434
2554	1112321324344234
2555	1112321324423344
2556	1112321324423434
2557	1112321324432344
2558	1112321324432434
2559	1112321324434234
2560	1112321342233444
2561	1112321342234344
2562	1112321342234434
2563	1112321342243344
2564	1112321342243434
2565	1112321342323444
2566	1112321342324344
2567	1112321342324434
2568	1112321342342344
2569	1112321342342434
2570	1112321342344234
2571	1112321342423344
2572	1112321342423434
2573	1112321342432344
2574	1112321342432434
2575	1112321342434234
2576	1112321344223344
2577	1112321344223434
2578	1112321344232344
2579	1112321344232434
2580	1112321344234234
2581	1112321422333444
2582	1112321422334344
2583	1112321422334434
2584	1112321422343344
2585	1112321422343434
2586	1112321423233444
2587	1112321423234344
2588	1112321423234434
2589	1112321423243344
2590	1112321423243434
2591	1112321423323444
2592	1112321423324344
2593	1112321423324434
2594	1112321423342344
2595	1112321423342434
2596	1112321423344234
2597	1112321423423344
2598	1112321423423434
2599	1112321423432344
2600	1112321423432434
2601	1112321423434234
2602	1112321432233444
2603	1112321432234344
2604	1112321432234434
2605	1112321432243344
2606	1112321432243434
2607	1112321432323444
2608	1112321432324344
2609	1112321432324434
2610	1112321432342344
2611	1112321432342434
2612	1112321432344234
2613	1112321432423344
2614	1112321432423434
2615	1112321432432344
2616	1112321432432434
2617	1112321432434234
2618	1112321434223344
2619	1112321434223434
2620	1112321434232344
2621	1112321434232434
2622	1112321434234234
2623	1112322123334444
2624	1112322123343444
2625	1112322123344344
2626	1112322123344434
2627	1112322123433444
2628	1112322123434344
2629	1112322123434434
2630	1112322123443344
2631	1112322123443434
2632	1112322124333444
2633	1112322124334344
2634	1112322124334434
2635	1112322124343344
2636	1112322124343434
2637	1112322132334444
2638	1112322132343444
2639	1112322132344344
2640	1112322132344434
2641	1112322132433444
2642	1112322132434344
2643	1112322132434434
2644	1112322132443344
2645	1112322132443434
2646	1112322133234444
2647	1112322133243444
2648	1112322133244344
2649	1112322133244434
2650	1112322133423444
2651	1112322133424344
2652	1112322133424434
2653	1112322133442344
2654	1112322133442434
2655	1112322133444234
2656	1112322134233444
2657	1112322134234344
2658	1112322134234434
2659	1112322134243344
2660	1112322134243434
2661	1112322134323444
2662	1112322134324344
2663	1112322134324434
2664	1112322134342344
2665	1112322134342434
2666	1112322134344234
2667	1112322134423344
2668	1112322134423434
2669	1112322134432344
2670	1112322134432434
2671	1112322134434234
2672	1112322142333444
2673	1112322142334344
2674	1112322142334434
2675	1112322142343344
2676	1112322142343434
2677	1112322143233444
2678	1112322143234344
2679	1112322143234434
2680	1112322143243344
2681	1112322143243434
2682	1112322143323444
2683	1112322143324344
2684	1112322143324434
2685	1112322143342344
2686	1112322143342434
2687	1112322143344234
2688	1112322143423344
2689	1112322143423434
2690	1112322143432344
2691	1112322143432434
2692	1112322143434234
2693	1112322312334444
2694	1112322312343444
2695	1112322312344344
2696	1112322312344434
2697	1112322312433444
2698	1112322312434344
2699	1112322312434434
2700	1112322312443344
2701	1112322312443434
2702	1112322313234444
2703	1112322313243444
2704	1112322313244344
2705	1112322313244434
2706	1112322313423444
2707	1112322313424344
2708	1112322313424434
2709	1112322313442344
2710	1112322313442434
2711	1112322313444234
2712	1112322314233444
2713	1112322314234344
2714	1112322314234434
2715	1112322314243344
2716	1112322314243434
2717	1112322314323444
2718	1112322314324344
2719	1112322314324434
2720	1112322314342344
2721	1112322314342434
2722	1112322314344234
2723	1112322314423344
2724	1112322314423434
2725	1112322314432344
2726	1112322314432434
2727	1112322314434234
2728	1112322331234444
2729	1112322331243444
2730	1112322331244344
2731	1112322331244434
2732	1112322331423444
2733	1112322331424344
2734	1112322331424434
2735	1112322331442344
2736	1112322331442434
2737	1112322331444234
2738	1112322334123444
2739	1112322334124344
2740	1112322334124434
2741	1112322334142344
2742	1112322334142434
2743	1112322334144234
2744	1112322334412344
2745	1112322334412434
2746	1112322334414234
2747	1112322334441234
2748	1112322341233444
2749	1112322341234344
2750	1112322341234434
2751	1112322341243344
2752	1112322341243434
2753	1112322341323444
2754	1112322341324344
2755	1112322341324434
2756	1112322341342344
2757	1112322341342434
2758	1112322341344234
2759	1112322341423344
2760	1112322341423434
2761	1112322341432344
2762	1112322341432434
2763	1112322341434234
2764	1112322343123444
2765	1112322343124344
2766	1112322343124434
2767	1112322343142344
2768	1112322343142434
2769	1112322343144234
2770	1112322343412344
2771	1112322343412434
2772	1112322343414234
2773	1112322343441234
2774	1112322344123344
2775	1112322344123434
2776	1112322344132344
2777	1112322344132434
2778	1112322344134234
2779	1112322344312344
2780	1112322344312434
2781	1112322344314234
2782	1112322344341234
2783	1112322412333444
2784	1112322412334344
2785	1112322412334434
2786	1112322412343344
2787	1112322412343434
2788	1112322413233444
2789	1112322413234344
2790	1112322413234434
2791	1112322413243344
2792	1112322413243434
2793	1112322413323444
2794	1112322413324344
2795	1112322413324434
2796	1112322413342344
2797	1112322413342434
2798	1112322413344234
2799	1112322413423344
2800	1112322413423434
2801	1112322413432344
2802	1112322413432434
2803	1112322413434234
2804	1112322431233444
2805	1112322431234344
2806	1112322431234434
2807	1112322431243344
2808	1112322431243434
2809	1112322431323444
2810	1112322431324344
2811	1112322431324434
2812	1112322431342344
2813	1112322431342434
2814	1112322431344234
2815	1112322431423344
2816	1112322431423434
2817	1112322431432344
2818	1112322431432434
2819	1112322431434234
2820	1112322433123444
2821	1112322433124344
2822	1112322433124434
2823	1112322433142344
2824	1112322433142434
2825	1112322433144234
2826	1112322433412344
2827	1112322433412434
2828	1112322433414234
2829	1112322433441234
2830	1112322434123344
2831	1112322434123434
2832	1112322434132344
2833	1112322434132434
2834	1112322434134234
2835	1112322434312344
2836	1112322434312434
2837	1112322434314234
2838	1112322434341234
2839	1112323122334444
2840	1112323122343444
2841	1112323122344344
2842	1112323122344434
2843	1112323122433444
2844	1112323122434344
2845	1112323122434434
2846	1112323122443344
2847	1112323122443434
2848	1112323123234444
2849	1112323123243444
2850	1112323123244344
2851	1112323123244434
2852	1112323123423444
2853	1112323123424344
2854	1112323123424434
2855	1112323123442344
2856	1112323123442434
2857	1112323123444234
2858	1112323124233444
2859	1112323124234344
2860	1112323124234434
2861	1112323124243344
2862	1112323124243434
2863	1112323124323444
2864	1112323124324344
2865	1112323124324434
2866	1112323124342344
2867	1112323124342434
2868	1112323124344234
2869	1112323124423344
2870	1112323124423434
2871	1112323124432344
2872	1112323124432434
2873	1112323124434234
2874	1112323142233444
2875	1112323142234344
2876	1112323142234434
2877	1112323142243344
2878	1112323142243434
2879	1112323142323444
2880	1112323142324344
2881	1112323142324434
2882	1112323142342344
2883	1112323142342434
2884	1112323142344234
2885	1112323142423344
2886	1112323142423434
2887	1112323142432344
2888	1112323142432434
2889	1112323142434234
2890	1112323144223344
2891	1112323144223434
2892	1112323144232344
2893	1112323144232434
2894	1112323144234234
2895	1112323212334444
2896	1112323212343444
2897	1112323212344344
2898	1112323212344434
2899	1112323212433444
2900	1112323212434344
2901	1112323212434434
2902	1112323212443344
2903	1112323212443434
2904	1112323213234444
2905	1112323213243444
2906	1112323213244344
2907	1112323213244434
2908	1112323213423444
2909	1112323213424344
2910	1112323213424434
2911	1112323213442344
2912	1112323213442434
2913	1112323213444234
2914	1112323214233444
2915	1112323214234344
2916	1112323214234434
2917	1112323214243344
2918	1112323214243434
2919	1112323214323444
2920	1112323214324344
2921	1112323214324434
2922	1112323214342344
2923	1112323214342434
2924	1112323214344234
2925	1112323214423344
2926	1112323214423434
2927	1112323214432344
2928	1112323214432434
2929	1112323214434234
2930	1112323231234444
2931	1112323231243444
2932	1112323231244344
2933	1112323231244434
2934	1112323231423444
2935	1112323231424344
2936	1112323231424434
2937	1112323231442344
2938	1112323231442434
2939	1112323231444234
2940	1112323234123444
2941	1112323234124344
2942	1112323234124434
2943	1112323234142344
2944	1112323234142434
2945	1112323234144234
2946	1112323234412344
2947	1112323234412434
2948	1112323234414234
2949	1112323234441234
2950	1112323241233444
2951	1112323241234344
2952	1112323241234434
2953	1112323241243344
2954	1112323241243434
2955	1112323241323444
2956	1112323241324344
2957	1112323241324434
2958	1112323241342344
2959	1112323241342434
2960	1112323241344234
2961	1112323241423344
2962	1112323241423434
2963	1112323241432344
2964	1112323241432434
2965	1112323241434234
2966	1112323243123444
2967	1112323243124344
2968	1112323243124434
2969	1112323243142344
2970	1112323243142434
2971	1112323243144234
2972	1112323243412344
2973	1112323243412434
2974	1112323243414234
2975	1112323243441234
2976	1112323244123344
2977	1112323244123434
2978	1112323244132344
2979	1112323244132434
2980	1112323244134234
2981	1112323244312344
2982	1112323244312434
2983	1112323244314234
2984	1112323244341234
2985	1112323412233444
2986	1112323412234344
2987	1112323412234434
2988	1112323412243344
2989	1112323412243434
2990	1112323412323444
2991	1112323412324344
2992	1112323412324434
2993	1112323412342344
2994	1112323412342434
2995	1112323412344234
2996	1112323412423344
2997	1112323412423434
2998	1112323412432344
2999	1112323412432434
3000	1112323412434234
3001	1112323414223344
3002	1112323414223434
3003	1112323414232344
3004	1112323414232434
3005	1112323414234234
3006	1112323421233444
3007	1112323421234344
3008	1112323421234434
3009	1112323421243344
3010	1112323421243434
3011	1112323421323444
3012	1112323421324344
3013	1112323421324434
3014	1112323421342344
3015	1112323421342434
3016	1112323421344234
3017	1112323421423344
3018	1112323421423434
3019	1112323421432344
3020	1112323421432434
3021	1112323421434234
3022	1112323423123444
3023	1112323423124344
3024	1112323423124434
3025	1112323423142344
3026	1112323423142434
3027	1112323423144234
3028	1112323423412344
3029	1112323423412434
3030	1112323423414234
3031	1112323423441234
3032	1112323424123344
3033	1112323424123434
3034	1112323424132344
3035	1112323424132434
3036	1112323424134234
3037	1112323424312344
3038	1112323424312434
3039	1112323424314234
3040	1112323424341234
3041	1112323441223344
3042	1112323441223434
3043	1112323441232344
3044	1112323441232434
3045	1112323441234234
3046	1112323442123344
3047	1112323442123434
3048	1112323442132344
3049	1112323442132434
3050	1112323442134234
3051	1112323442312344
3052	1112323442312434
3053	1112323442314234
3054	1112323442341234
3055	1112324122333444
3056	1112324122334344
3057	1112324122334434
3058	1112324122343344
3059	1112324122343434
3060	1112324123233444
3061	1112324123234344
3062	1112324123234434
3063	1112324123243344
3064	1112324123243434
3065	1112324123323444
3066	1112324123324344
3067	1112324123324434
3068	1112324123342344
3069	1112324123342434
3070	1112324123344234
3071	1112324123423344
3072	1112324123423434
3073	1112324123432344
3074	1112324123432434
3075	1112324123434234
3076	1112324132233444
3077	1112324132234344
3078	1112324132234434
3079	1112324132243344
3080	1112324132243434
3081	1112324132323444
3082	1112324132324344
3083	1112324132324434
3084	1112324132342344
3085	1112324132342434
3086	1112324132344234
3087	1112324132423344
3088	1112324132423434
3089	1112324132432344
3090	1112324132432434
3091	1112324132434234
3092	1112324134223344
3093	1112324134223434
3094	1112324134232344
3095	1112324134232434
3096	1112324134234234
3097	1112324212333444
3098	1112324212334344
3099	1112324212334434
3100	1112324212343344
3101	1112324212343434
3102	1112324213233444
3103	1112324213234344
3104	1112324213234434
3105	1112324213243344
3106	1112324213243434
3107	1112324213323444
3108	1112324213324344
3109	1112324213324434
3110	1112324213342344
3111	1112324213342434
3112	1112324213344234
3113	1112324213423344
3114	1112324213423434
3115	1112324213432344
3116	1112324213432434
3117	1112324213434234
3118	1112324231233444
3119	1112324231234344
3120	1112324231234434
3121	1112324231243344
3122	1112324231243434
3123	1112324231323444
3124	1112324231324344
3125	1112324231324434
3126	1112324231342344
3127	1112324231342434
3128	1112324231344234
3129	1112324231423344
3130	1112324231423434
3131	1112324231432344
3132	1112324231432434
3133	1112324231434234
3134	1112324233123444
3135	1112324233124344
3136	1112324233124434
3137	1112324233142344
3138	1112324233142434
3139	1112324233144234
3140	1112324233412344
3141	1112324233412434
3142	1112324233414234
3143	1112324233441234
3144	1112324234123344
3145	1112324234123434
3146	1112324234132344
3147	1112324234132434
3148	1112324234134234
3149	1112324234312344
3150	1112324234312434
3151	1112324234314234
3152	1112324234341234
3153	1112324312233444
3154	1112324312234344
3155	1112324312234434
3156	1112324312243344
3157	1112324312243434
3158	1112324312323444
3159	1112324312324344
3160	1112324312324434
3161	1112324312342344
3162	1112324312342434
3163	1112324312344234
3164	1112324312423344
3165	1112324312423434
3166	1112324312432344
3167	1112324312432434
3168	1112324312434234
3169	1112324314223344
3170	1112324314223434
3171	1112324314232344
3172	1112324314232434
3173	1112324314234234
3174	1112324321233444
3175	1112324321234344
3176	1112324321234434
3177	1112324321243344
3178	1112324321243434
3179	1112324321323444
3180	1112324321324344
3181	1112324321324434
3182	1112324321342344
3183	1112324321342434
3184	1112324321344234
3185	1112324321423344
3186	1112324321423434
3187	1112324321432344
3188	1112324321432434
3189	1112324321434234
3190	1112324323123444
3191	1112324323124344
3192	1112324323124434
3193	1112324323142344
3194	1112324323142434
3195	1112324323144234
3196	1112324323412344
3197	1112324323412434
3198	1112324323414234
3199	1112324323441234
3200	1112324324123344
3201	1112324324123434
3202	1112324324132344
3203	1112324324132434
3204	1112324324134234
3205	1112324324312344
3206	1112324324312434
3207	1112324324314234
3208	1112324324341234
3209	1112324341223344
3210	1112324341223434
3211	1112324341232344
3212	1112324341232434
3213	1112324341234234
3214	1112324342123344
3215	1112324342123434
3216	1112324342132344
3217	1112324342132434
3218	1112324342134234
3219	1112324342312344
3220	1112324342312434
3221	1112324342314234
3222	1112324342341234
3223	1112341222333444
3224	1112341222334344
3225	1112341222334434
3226	1112341222343344
3227	1112341222343434
3228	1112341223233444
3229	1112341223234344
3230	1112341223234434
3231	1112341223243344
3232	1112341223243434
3233	1112341223323444
3234	1112341223324344
3235	1112341223324434
3236	1112341223342344
3237	1112341223342434
3238	1112341223344234
3239	1112341223423344
3240	1112341223423434
3241	1112341223432344
3242	1112341223432434
3243	1112341223434234
3244	1112341232233444
3245	1112341232234344
3246	1112341232234434
3247	1112341232243344
3248	1112341232243434
3249	1112341232323444
3250	1112341232324344
3251	1112341232324434
3252	1112341232342344
3253	1112341232342434
3254	1112341232344234
3255	1112341232423344
3256	1112341232423434
3257	1112341232432344
3258	1112341232432434
3259	1112341232434234
3260	1112341234223344
3261	1112341234223434
3262	1112341234232344
3263	1112341234232434
3264	1112341234234234
3265	1112342122333444
3266	1112342122334344
3267	1112342122334434
3268	1112342122343344
3269	1112342122343434
3270	1112342123233444
3271	1112342123234344
3272	1112342123234434
3273	1112342123243344
3274	1112342123243434
3275	1112342123323444
3276	1112342123324344
3277	1112342123324434
3278	1112342123342344
3279	1112342123342434
3280	1112342123344234
3281	1112342123423344
3282	1112342123423434
3283	1112342123432344
3284	1112342123432434
3285	1112342123434234
3286	1112342132233444
3287	1112342132234344
3288	1112342132234434
3289	1112342132243344
3290	1112342132243434
3291	1112342132323444
3292	1112342132324344
3293	1112342132324434
3294	1112342132342344
3295	1112342132342434
3296	1112342132344234
3297	1112342132423344
3298	1112342132423434
3299	1112342132432344
3300	1112342132432434
3301	1112342132434234
3302	1112342134223344
3303	1112342134223434
3304	1112342134232344
3305	1112342134232434
3306	1112342134234234
3307	1112342212333444
3308	1112342212334344
3309	1112342212334434
3310	1112342212343344
3311	1112342212343434
3312	1112342213233444
3313	1112342213234344
3314	1112342213234434
3315	1112342213243344
3316	1112342213243434
3317	1112342213323444
3318	1112342213324344
3319	1112342213324434
3320	1112342213342344
3321	1112342213342434
3322	1112342213344234
3323	1112342213423344
3324	1112342213423434
3325	1112342213432344
3326	1112342213432434
3327	1112342213434234
3328	1112342231233444
3329	1112342231234344
3330	1112342231234434
3331	1112342231243344
3332	1112342231243434
3333	1112342231323444
3334	1112342231324344
3335	1112342231324434
3336	1112342231342344
3337	1112342231342434
3338	1112342231344234
3339	1112342231423344
3340	1112342231423434
3341	1112342231432344
3342	1112342231432434
3343	1112342231434234
3344	1112342233123444
3345	1112342233124344
3346	1112342233124434
3347	1112342233142344
3348	1112342233142434
3349	1112342233144234
3350	1112342233412344
3351	1112342233412434
3352	1112342233414234
3353	1112342233441234
3354	1112342234123344
3355	1112342234123434
3356	1112342234132344
3357	1112342234132434
3358	1112342234134234
3359	1112342234312344
3360	1112342234312434
3361	1112342234314234
3362	1112342234341234
3363	1112342312233444
3364	1112342312234344
3365	1112342312234434
3366	1112342312243344
3367	1112342312243434
3368	1112342312323444
3369	1112342312324344
3370	1112342312324434
3371	1112342312342344
3372	1112342312342434
3373	1112342312344234
3374	1112342312423344
3375	1112342312423434
3376	1112342312432344
3377	1112342312432434
3378	1112342312434234
3379	1112342314223344
3380	1112342314223434
3381	1112342314232344
3382	1112342314232434
3383	1112342314234234
3384	1112342321233444
3385	1112342321234344
3386	1112342321234434
3387	1112342321243344
3388	1112342321243434
3389	1112342321323444
3390	1112342321324344
3391	1112342321324434
3392	1112342321342344
3393	1112342321342434
3394	1112342321344234
3395	1112342321423344
3396	1112342321423434
3397	1112342321432344
3398	1112342321432434
3399	1112342321434234
3400	1112342323123444
3401	1112342323124344
3402	1112342323124434
3403	1112342323142344
3404	1112342323142434
3405	1112342323144234
3406	1112342323412344
3407	1112342323412434
3408	1112342323414234
3409	1112342323441234
3410	1112342324123344
3411	1112342324123434
3412	1112342324132344
3413	1112342324132434
3414	1112342324134234
3415	1112342324312344
3416	1112342324312434
3417	1112342324314234
3418	1112342324341234
3419	1112342341223344
3420	1112342341223434
3421	1112342341232344
3422	1112342341232434
3423	1112342341234234
3424	1112342342123344
3425	1112342342123434
3426	1112342342132344
3427	1112342342132434
3428	1112342342134234
3429	1112342342312344
3430	1112342342312434
3431	1112342342314234
3432	1112342342341234
3433	1121122233334444
3434	1121122233343444
3435	1121122233344344
3436	1121122233344434
3437	1121122233433444
3438	1121122233434344
3439	1121122233434434
3440	1121122233443344
3441	1121122233443434
3442	1121122234333444
3443	1121122234334344
3444	1121122234334434
3445	1121122234343344
3446	1121122234343434
3447	1121122323334444
3448	1121122323343444
3449	1121122323344344
3450	1121122323344434
3451	1121122323433444
3452	1121122323434344
3453	1121122323434434
3454	1121122323443344
3455	1121122323443434
3456	1121122324333444
3457	1121122324334344
3458	1121122324334434
3459	1121122324343344
3460	1121122324343434
3461	1121122332334444
3462	1121122332343444
3463	1121122332344344
3464	1121122332344434
3465	1121122332433444
3466	1121122332434344
3467	1121122332434434
3468	1121122332443344
3469	1121122332443434
3470	1121122333234444
3471	1121122333243444
3472	1121122333244344
3473	1121122333244434
3474	1121122333423444
3475	1121122333424344
3476	1121122333424434
3477	1121122333442344
3478	1121122333442434
3479	1121122333444234
3480	1121122334233444
3481	1121122334234344
3482	1121122334234434
3483	1121122334243344
3484	1121122334243434
3485	1121122334323444
3486	1121122334324344
3487	1121122334324434
3488	1121122334342344
3489	1121122334342434
3490	1121122334344234
3491	1121122334423344
3492	1121122334423434
3493	1121122334432344
3494	1121122334432434
3495	1121122334434234
3496	1121122342333444
3497	1121122342334344
3498	1121122342334434
3499	1121122342343344
3500	1121122342343434
3501	1121122343233444
3502	1121122343234344
3503	1121122343234434
3504	1121122343243344
3505	1121122343243434
3506	1121122343323444
3507	1121122343324344
3508	1121122343324434
3509	1121122343342344
3510	1121122343342434
3511	1121122343344234
3512	1121122343423344
3513	1121122343423434
3514	1121122343432344
3515	1121122343432434
3516	1121122343434234
3517	1121123223334444
3518	1121123223343444
3519	1121123223344344
3520	1121123223344434
3521	1121123223433444
3522	1121123223434344
3523	1121123223434434
3524	1121123223443344
3525	1121123223443434
3526	1121123224333444
3527	1121123224334344
3528	1121123224334434
3529	1121123224343344
3530	1121123224343434
3531	1121123232334444
3532	1121123232343444
3533	1121123232344344
3534	1121123232344434
3535	1121123232433444
3536	1121123232434344
3537	1121123232434434
3538	1121123232443344
3539	1121123232443434
3540	1121123233234444
3541	1121123233243444
3542	1121123233244344
3543	1121123233244434
3544	1121123233423444
3545	1121123233424344
3546	1121123233424434
3547	1121123233442344
3548	1121123233442434
3549	1121123233444234
3550	1121123234233444
3551	1121123234234344
3552	1121123234234434
3553	1121123234243344
3554	1121123234243434
3555	1121123234323444
3556	1121123234324344
3557	1121123234324434
3558	1121123234342344
3559	1121123234342434
3560	1121123234344234
3561	1121123234423344
3562	1121123234423434
3563	1121123234432344
3564	1121123234432434
3565	1121123234434234
3566	1121123242333444
3567	1121123242334344
3568	1121123242334434
3569	1121123242343344
3570	1121123242343434
3571	1121123243233444
3572	1121123243234344
3573	1121123243234434
3574	1121123243243344
3575	1121123243243434
3576	1121123243323444
3577	1121123243324344
3578	1121123243324434
3579	1121123243342344
3580	1121123243342434
3581	1121123243344234
3582	1121123243423344
3583	1121123243423434
3584	1121123243432344
3585	1121123243432434
3586	1121123243434234
3587	1121123322334444
3588	1121123322343444
3589	1121123322344344
3590	1121123322344434
3591	1121123322433444
3592	1121123322434344
3593	1121123322434434
3594	1121123322443344
3595	1121123322443434
3596	1121123323234444
3597	1121123323243444
3598	1121123323244344
3599	1121123323244434
3600	1121123323423444
3601	1121123323424344
3602	1121123323424434
3603	1121123323442344
3604	1121123323442434
3605	1121123323444234
3606	1121123324233444
3607	1121123324234344
3608	1121123324234434
3609	1121123324243344
3610	1121123324243434
3611	1121123324323444
3612	1121123324324344
3613	1121123324324434
3614	1121123324342344
3615	1121123324342434
3616	1121123324344234
3617	1121123324423344
3618	1121123324423434
3619	1121123324432344
3620	1121123324432434
3621	1121123324434234
3622	1121123342233444
3623	1121123342234344
3624	1121123342234434
3625	1121123342243344
3626	1121123342243434
3627	1121123342323444
3628	1121123342324344
3629	1121123342324434
3630	1121123342342344
3631	1121123342342434
3632	1121123342344234
3633	1121123342423344
3634	1121123342423434
3635	1121123342432344
3636	1121123342432434
3637	1121123342434234
3638	1121123344223344
3639	1121123344223434
3640	1121123344232344
3641	1121123344232434
3642	1121123344234234
3643	1121123422333444
3644	1121123422334344
3645	1121123422334434
3646	1121123422343344
3647	1121123422343434
3648	1121123423233444
3649	1121123423234344
3650	1121123423234434
3651	1121123423243344
3652	1121123423243434
3653	1121123423323444
3654	1121123423324344
3655	1121123423324434
3656	1121123423342344
3657	1121123423342434
3658	1121123423344234
3659	1121123423423344
3660	1121123423423434
3661	1121123423432344
3662	1121123423432434
3663	1121123423434234
3664	1121123432233444
3665	1121123432234344
3666	1121123432234434
3667	1121123432243344
3668	1121123432243434
3669	1121123432323444
3670	1121123432324344
3671	1121123432324434
3672	1121123432342344
3673	1121123432342434
3674	1121123432344234
3675	1121123432423344
3676	1121123432423434
3677	1121123432432344
3678	1121123432432434
3679	1121123432434234
3680	1121123434223344
3681	1121123434223434
3682	1121123434232344
3683	1121123434232434
3684	1121123434234234
3685	1121132223334444
3686	1121132223343444
3687	1121132223344344
3688	1121132223344434
3689	1121132223433444
3690	1121132223434344
3691	1121132223434434
3692	1121132223443344
3693	1121132223443434
3694	1121132224333444
3695	1121132224334344
3696	1121132224334434
3697	1121132224343344
3698	1121132224343434
3699	1121132232334444
3700	1121132232343444
3701	1121132232344344
3702	1121132232344434
3703	1121132232433444
3704	1121132232434344
3705	1121132232434434
3706	1121132232443344
3707	1121132232443434
3708	1121132233234444
3709	1121132233243444
3710	1121132233244344
3711	1121132233244434
3712	1121132233423444
3713	1121132233424344
3714	1121132233424434
3715	1121132233442344
3716	1121132233442434
3717	1121132233444234
3718	1121132234233444
3719	1121132234234344
3720	1121132234234434
3721	1121132234243344
3722	1121132234243434
3723	1121132234323444
3724	1121132234324344
3725	1121132234324434
3726	1121132234342344
3727	1121132234342434
3728	1121132234344234
3729	1121132234423344
3730	1121132234423434
3731	1121132234432344
3732	1121132234432434
3733	1121132234434234
3734	1121132242333444
3735	1121132242334344
3736	1121132242334434
3737	1121132242343344
3738	1121132242343434
3739	1121132243233444
3740	1121132243234344
3741	1121132243234434
3742	1121132243243344
3743	1121132243243434
3744	1121132243323444
3745	1121132243324344
3746	1121132243324434
3747	1121132243342344
3748	1121132243342434
3749	1121132243344234
3750	1121132243423344
3751	1121132243423434
3752	1121132243432344
3753	1121132243432434
3754	1121132243434234
3755	1121132322334444
3756	1121132322343444
3757	1121132322344344
3758	1121132322344434
3759	1121132322433444
3760	1121132322434344
3761	1121132322434434
3762	1121132322443344
3763	1121132322443434
3764	1121132323234444
3765	1121132323243444
3766	1121132323244344
3767	1121132323244434
3768	1121132323423444
3769	1121132323424344
3770	1121132323424434
3771	1121132323442344
3772	1121132323442434
3773	1121132323444234
3774	1121132324233444
3775	1121132324234344
3776	1121132324234434
3777	1121132324243344
3778	1121132324243434
3779	1121132324323444
3780	1121132324324344
3781	1121132324324434
3782	1121132324342344
3783	1121132324342434
3784	1121132324344234
3785	1121132324423344
3786	1121132324423434
3787	1121132324432344
3788	1121132324432434
3789	1121132324434234
3790	1121132342233444
3791	1121132342234344
3792	1121132342234434
3793	1121132342243344
3794	1121132342243434
3795	1121132342323444
3796	1121132342324344
3797	1121132342324434
3798	1121132342342344
3799	1121132342342434
3800	1121132342344234
3801	1121132342423344
3802	1121132342423434
3803	1121132342432344
3804	1121132342432434
3805	1121132342434234
3806	1121132344223344
3807	1121132344223434
3808	1121132344232344
3809	1121132344232434
3810	1121132344234234
3811	1121132422333444
3812	1121132422334344
3813	1121132422334434
3814	1121132422343344
3815	1121132422343434
3816	1121132423233444
3817	1121132423234344
3818	1121132423234434
3819	1121132423243344
3820	1121132423243434
3821	1121132423323444
3822	1121132423324344
3823	1121132423324434
3824	1121132423342344
3825	1121132423342434
3826	1121132423344234
3827	1121132423423344
3828	1121132423423434
3829	1121132423432344
3830	1121132423432434
3831	1121132423434234
3832	1121132432233444
3833	1121132432234344
3834	1121132432234434
3835	1121132432243344
3836	1121132432243434
3837	1121132432323444
3838	1121132432324344
3839	1121132432324434
3840	1121132432342344
3841	1121132432342434
3842	1121132432344234
3843	1121132432423344
3844	1121132432423434
3845	1121132432432344
3846	1121132432432434
3847	1121132432434234
3848	1121132434223344
3849	1121132434223434
3850	1121132434232344
3851	1121132434232434
3852	1121132434234234
3853	1121134222333444
3854	1121134222334344
3855	1121134222334434
3856	1121134222343344
3857	1121134222343434
3858	1121134223233444
3859	1121134223234344
3860	1121134223234434
3861	1121134223243344
3862	1121134223243434
3863	1121134223323444
3864	1121134223324344
3865	1121134223324434
3866	1121134223342344
3867	1121134223342434
3868	1121134223344234
3869	1121134223423344
3870	1121134223423434
3871	1121134223432344
3872	1121134223432434
3873	1121134223434234
3874	1121134232233444
3875	1121134232234344
3876	1121134232234434
3877	1121134232243344
3878	1121134232243434
3879	1121134232323444
3880	1121134232324344
3881	1121134232324434
3882	1121134232342344
3883	1121134232342434
3884	1121134232344234
3885	1121134232423344
3886	1121134232423434
3887	1121134232432344
3888	1121134232432434
3889	1121134232434234
3890	1121134234223344
3891	1121134234223434
3892	1121134234232344
3893	1121134234232434
3894	1121134234234234
3895	1121212233334444
3896	1121212233343444
3897	1121212233344344
3898	1121212233344434
3899	1121212233433444
3900	1121212233434344
3901	1121212233434434
3902	1121212233443344
3903	1121212233443434
3904	1121212234333444
3905	1121212234334344
3906	1121212234334434
3907	1121212234343344
3908	1121212234343434
3909	1121212323334444
3910	1121212323343444
3911	1121212323344344
3912	1121212323344434
3913	1121212323433444
3914	1121212323434344
3915	1121212323434434
3916	1121212323443344
3917	1121212323443434
3918	1121212324333444
3919	1121212324334344
3920	1121212324334434
3921	1121212324343344
3922	1121212324343434
3923	1121212332334444
3924	1121212332343444
3925	1121212332344344
3926	1121212332344434
3927	1121212332433444
3928	1121212332434344
3929	1121212332434434
3930	1121212332443344
3931	1121212332443434
3932	1121212333234444
3933	1121212333243444
3934	1121212333244344
3935	1121212333244434
3936	1121212333423444
3937	1121212333424344
3938	1121212333424434
3939	1121212333442344
3940	1121212333442434
3941	1121212333444234
3942	1121212334233444
3943	1121212334234344
3944	1121212334234434
3945	1121212334243344
3946	1121212334243434
3947	1121212334323444
3948	1121212334324344
3949	1121212334324434
3950	1121212334342344
3951	1121212334342434
3952	1121212334344234
3953	1121212334423344
3954	1121212334423434
3955	1121212334432344
3956	1121212334432434
3957	1121212334434234
3958	1121212342333444
3959	1121212342334344
3960	1121212342334434
3961	1121212342343344
3962	1121212342343434
3963	1121212343233444
3964	1121212343234344
3965	1121212343234434
3966	1121212343243344
3967	1121212343243434
3968	1121212343323444
3969	1121212343324344
3970	1121212343324434
3971	1121212343342344
3972	1121212343342434
3973	1121212343344234
3974	1121212343423344
3975	1121212343423434
3976	1121212343432344
3977	1121212343432434
3978	1121212343434234
3979	1121213223334444
3980	1121213223343444
3981	1121213223344344
3982	1121213223344434
3983	1121213223433444
3984	1121213223434344
3985	1121213223434434
3986	1121213223443344
3987	1121213223443434
3988	1121213224333444
3989	1121213224334344
3990	1121213224334434
3991	1121213224343344
3992	1121213224343434
3993	1121213232334444
3994	1121213232343444
3995	1121213232344344
3996	1121213232344434
3997	1121213232433444
3998	1121213232434344
3999	1121213232434434
4000	1121213232443344
4001	1121213232443434
4002	1121213233234444
4003	1121213233243444
4004	1121213233244344
4005	1121213233244434
4006	1121213233423444
4007	1121213233424344
4008	1121213233424434
4009	1121213233442344
4010	1121213233442434
4011	1121213233444234
4012	1121213234233444
4013	1121213234234344
4014	1121213234234434
4015	1121213234243344
4016	1121213234243434
4017	1121213234323444
4018	1121213234324344
4019	1121213234324434
4020	1121213234342344
4021	1121213234342434
4022	1121213234344234
4023	1121213234423344
4024	1121213234423434
4025	1121213234432344
4026	1121213234432434
4027	1121213234434234
4028	1121213242333444
4029	1121213242334344
4030	1121213242334434
4031	1121213242343344
4032	1121213242343434
4033	1121213243233444
4034	1121213243234344
4035	1121213243234434
4036	1121213243243344
4037	1121213243243434
4038	1121213243323444
4039	1121213243324344
4040	1121213243324434
4041	1121213243342344
4042	1121213243342434
4043	1121213243344234
4044	1121213243423344
4045	1121213243423434
4046	1121213243432344
4047	1121213243432434
4048	1121213243434234
4049	1121213322334444
4050	1121213322343444
4051	1121213322344344
4052	1121213322344434
4053	1121213322433444
4054	1121213322434344
4055	1121213322434434
4056	1121213322443344
4057	1121213322443434
4058	1121213323234444
4059	1121213323243444
4060	1121213323244344
4061	1121213323244434
4062	1121213323423444
4063	1121213323424344
4064	1121213323424434
4065	1121213323442344
4066	1121213323442434
4067	1121213323444234
4068	1121213324233444
4069	1121213324234344
4070	1121213324234434
4071	1121213324243344
4072	1121213324243434
4073	1121213324323444
4074	1121213324324344
4075	1121213324324434
4076	1121213324342344
4077	1121213324342434
4078	1121213324344234
4079	1121213324423344
4080	1121213324423434
4081	1121213324432344
4082	1121213324432434
4083	1121213324434234
4084	1121213342233444
4085	1121213342234344
4086	1121213342234434
4087	1121213342243344
4088	1121213342243434
4089	1121213342323444
4090	1121213342324344
4091	1121213342324434
4092	1121213342342344
4093	1121213342342434
4094	1121213342344234
4095	1121213342423344
4096	1121213342423434
4097	1121213342432344
4098	1121213342432434
4099	1121213342434234
4100	1121213344223344
4101	1121213344223434
4102	1121213344232344
4103	1121213344232434
4104	1121213344234234
4105	1121213422333444
4106	1121213422334344
4107	1121213422334434
4108	1121213422343344
4109	1121213422343434
4110	1121213423233444
4111	1121213423234344
4112	1121213423234434
4113	1121213423243344
4114	1121213423243434
4115	1121213423323444
4116	1121213423324344
4117	1121213423324434
4118	1121213423342344
4119	1121213423342434
4120	1121213423344234
4121	1121213423423344
4122	1121213423423434
4123	1121213423432344
4124	1121213423432434
4125	1121213423434234
4126	1121213432233444
4127	1121213432234344
4128	1121213432234434
4129	1121213432243344
4130	1121213432243434
4131	1121213432323444
4132	1121213432324344
4133	1121213432324434
4134	1121213432342344
4135	1121213432342434
4136	1121213432344234
4137	1121213432423344
4138	1121213432423434
4139	1121213432432344
4140	1121213432432434
4141	1121213432434234
4142	1121213434223344
4143	1121213434223434
4144	1121213434232344
4145	1121213434232434
4146	1121213434234234
4147	1121221233334444
4148	1121221233343444
4149	1121221233344344
4150	1121221233344434
4151	1121221233433444
4152	1121221233434344
4153	1121221233434434
4154	1121221233443344
4155	1121221233443434
4156	1121221234333444
4157	1121221234334344
4158	1121221234334434
4159	1121221234343344
4160	1121221234343434
4161	1121221323334444
4162	1121221323343444
4163	1121221323344344
4164	1121221323344434
4165	1121221323433444
4166	1121221323434344
4167	1121221323434434
4168	1121221323443344
4169	1121221323443434
4170	1121221324333444
4171	1121221324334344
4172	1121221324334434
4173	1121221324343344
4174	1121221324343434
4175	1121221332334444
4176	1121221332343444
4177	1121221332344344
4178	1121221332344434
4179	1121221332433444
4180	1121221332434344
4181	1121221332434434
4182	1121221332443344
4183	1121221332443434
4184	1121221333234444
4185	1121221333243444
4186	1121221333244344
4187	1121221333244434
4188	1121221333423444
4189	1121221333424344
4190	1121221333424434
4191	1121221333442344
4192	1121221333442434
4193	1121221333444234
4194	1121221334233444
4195	1121221334234344
4196	1121221334234434
4197	1121221334243344
4198	1121221334243434
4199	1121221334323444
4200	1121221334324344
4201	1121221334324434
4202	1121221334342344
4203	1121221334342434
4204	1121221334344234
4205	1121221334423344
4206	1121221334423434
4207	1121221334432344
4208	1121221334432434
4209	1121221334434234
4210	1121221342333444
4211	1121221342334344
4212	1121221342334434
4213	1121221342343344
4214	1121221342343434
4215	1121221343233444
4216	1121221343234344
4217	1121221343234434
4218	1121221343243344
4219	1121221343243434
4220	1121221343323444
4221	1121221343324344
4222	1121221343324434
4223	1121221343342344
4224	1121221343342434
4225	1121221343344234
4226	1121221343423344
4227	1121221343423434
4228	1121221343432344
4229	1121221343432434
4230	1121221343434234
4231	1121223123334444
4232	1121223123343444
4233	1121223123344344
4234	1121223123344434
4235	1121223123433444
4236	1121223123434344
4237	1121223123434434
4238	1121223123443344
4239	1121223123443434
4240	1121223124333444
4241	1121223124334344
4242	1121223124334434
4243	1121223124343344
4244	1121223124343434
4245	1121223132334444
4246	1121223132343444
4247	1121223132344344
4248	1121223132344434
4249	1121223132433444
4250	1121223132434344
4251	1121223132434434
4252	1121223132443344
4253	1121223132443434
4254	1121223133234444
4255	1121223133243444
4256	1121223133244344
4257	1121223133244434
4258	1121223133423444
4259	1121223133424344
4260	1121223133424434
4261	1121223133442344
4262	1121223133442434
4263	1121223133444234
4264	1121223134233444
4265	1121223134234344
4266	1121223134234434
4267	1121223134243344
4268	1121223134243434
4269	1121223134323444
4270	1121223134324344
4271	1121223134324434
4272	1121223134342344
4273	1121223134342434
4274	1121223134344234
4275	1121223134423344
4276	1121223134423434
4277	1121223134432344
4278	1121223134432434
4279	1121223134434234
4280	1121223142333444
4281	1121223142334344
4282	1121223142334434
4283	1121223142343344
4284	1121223142343434
4285	1121223143233444
4286	1121223143234344
4287	1121223143234434
4288	1121223143243344
4289	1121223143243434
4290	1121223143323444
4291	1121223143324344
4292	1121223143324434
4293	1121223143342344
4294	1121223143342434
4295	1121223143344234
4296	1121223143423344
4297	1121223143423434
4298	1121223143432344
4299	1121223143432434
4300	1121223143434234
4301	1121223312334444
4302	1121223312343444
4303	1121223312344344
4304	1121223312344434
4305	1121223312433444
4306	1121223312434344
4307	1121223312434434
4308	1121223312443344
4309	1121223312443434
4310	1121223313234444
4311	1121223313243444
4312	1121223313244344
4313	1121223313244434
4314	1121223313423444
4315	1121223313424344
4316	1121223313424434
4317	1121223313442344
4318	1121223313442434
4319	1121223313444234
4320	1121223314233444
4321	1121223314234344
4322	1121223314234434
4323	1121223314243344
4324	1121223314243434
4325	1121223314323444
4326	1121223314324344
4327	1121223314324434
4328	1121223314342344
4329	1121223314342434
4330	1121223314344234
4331	1121223314423344
4332	1121223314423434
4333	1121223314432344
4334	1121223314432434
4335	1121223314434234
4336	1121223331234444
4337	1121223331243444
4338	1121223331244344
4339	1121223331244434
4340	1121223331423444
4341	1121223331424344
4342	1121223331424434
4343	1121223331442344
4344	1121223331442434
4345	1121223331444234
4346	1121223334123444
4347	1121223334124344
4348	1121223334124434
4349	1121223334142344
4350	1121223334142434
4351	1121223334144234
4352	1121223334412344
4353	1121223334412434
4354	1121223334414234
4355	1121223334441234
4356	1121223341233444
4357	1121223341234344
4358	1121223341234434
4359	1121223341243344
4360	1121223341243434
4361	1121223341323444
4362	1121223341324344
4363	1121223341324434
4364	1121223341342344
4365	1121223341342434
4366	1121223341344234
4367	1121223341423344
4368	1121223341423434
4369	1121223341432344
4370	1121223341432434
4371	1121223341434234
4372	1121223343123444
4373	1121223343124344
4374	1121223343124434
4375	1121223343142344
4376	1121223343142434
4377	1121223343144234
4378	1121223343412344
4379	1121223343412434
4380	1121223343414234
4381	1121223343441234
4382	1121223344123344
4383	1121223344123434
4384	1121223344132344
4385	1121223344132434
4386	1121223344134234
4387	1121223344312344
4388	1121223344312434
4389	1121223344314234
4390	1121223344341234
4391	1121223412333444
4392	1121223412334344
4393	1121223412334434
4394	1121223412343344
4395	1121223412343434
4396	1121223413233444
4397	1121223413234344
4398	1121223413234434
4399	1121223413243344
4400	1121223413243434
4401	1121223413323444
4402	1121223413324344
4403	1121223413324434
4404	1121223413342344
4405	1121223413342434
4406	1121223413344234
4407	1121223413423344
4408	1121223413423434
4409	1121223413432344
4410	1121223413432434
4411	1121223413434234
4412	1121223431233444
4413	1121223431234344
4414	1121223431234434
4415	1121223431243344
4416	1121223431243434
4417	1121223431323444
4418	1121223431324344
4419	1121223431324434
4420	1121223431342344
4421	1121223431342434
4422	1121223431344234
4423	1121223431423344
4424	1121223431423434
4425	1121223431432344
4426	1121223431432434
4427	1121223431434234
4428	1121223433123444
4429	1121223433124344
4430	1121223433124434
4431	1121223433142344
4432	1121223433142434
4433	1121223433144234
4434	1121223433412344
4435	1121223433412434
4436	1121223433414234
4437	1121223433441234
4438	1121223434123344
4439	1121223434123434
4440	1121223434132344
4441	1121223434132434
4442	1121223434134234
4443	1121223434312344
4444	1121223434312434
4445	1121223434314234
4446	1121223434341234
4447	1121231223334444
4448	1121231223343444
4449	1121231223344344
4450	1121231223344434
4451	1121231223433444
4452	1121231223434344
4453	1121231223434434
4454	1121231223443344
4455	1121231223443434
4456	1121231224333444
4457	1121231224334344
4458	1121231224334434
4459	1121231224343344
4460	1121231224343434
4461	1121231232334444
4462	1121231232343444
4463	1121231232344344
4464	1121231232344434
4465	1121231232433444
4466	1121231232434344
4467	1121231232434434
4468	1121231232443344
4469	1121231232443434
4470	1121231233234444
4471	1121231233243444
4472	1121231233244344
4473	1121231233244434
4474	1121231233423444
4475	1121231233424344
4476	1121231233424434
4477	1121231233442344
4478	1121231233442434
4479	1121231233444234
4480	1121231234233444
4481	1121231234234344
4482	1121231234234434
4483	1121231234243344
4484	1121231234243434
4485	1121231234323444
4486	1121231234324344
4487	1121231234324434
4488	1121231234342344
4489	1121231234342434
4490	1121231234344234
4491	1121231234423344
4492	1121231234423434
4493	1121231234432344
4494	1121231234432434
4495	1121231234434234
4496	1121231242333444
4497	1121231242334344
4498	1121231242334434
4499	1121231242343344
4500	1121231242343434
4501	1121231243233444
4502	1121231243234344
4503	1121231243234434
4504	1121231243243344
4505	1121231243243434
4506	1121231243323444
4507	1121231243324344
4508	1121231243324434
4509	1121231243342344
4510	1121231243342434
4511	1121231243344234
4512	1121231243423344
4513	1121231243423434
4514	1121231243432344
4515	1121231243432434
4516	1121231243434234
4517	1121231322334444
4518	1121231322343444
4519	1121231322344344
4520	1121231322344434
4521	1121231322433444
4522	1121231322434344
4523	1121231322434434
4524	1121231322443344
4525	1121231322443434
4526	1121231323234444
4527	1121231323243444
4528	1121231323244344
4529	1121231323244434
4530	1121231323423444
4531	1121231323424344
4532	1121231323424434
4533	1121231323442344
4534	1121231323442434
4535	1121231323444234
4536	1121231324233444
4537	1121231324234344
4538	1121231324234434
4539	1121231324243344
4540	1121231324243434
4541	1121231324323444
4542	1121231324324344
4543	1121231324324434
4544	1121231324342344
4545	1121231324342434
4546	1121231324344234
4547	1121231324423344
4548	1121231324423434
4549	1121231324432344
4550	1121231324432434
4551	1121231324434234
4552	1121231342233444
4553	1121231342234344
4554	1121231342234434
4555	1121231342243344
4556	1121231342243434
4557	1121231342323444
4558	1121231342324344
4559	1121231342324434
4560	1121231342342344
4561	1121231342342434
4562	1121231342344234
4563	1121231342423344
4564	1121231342423434
4565	1121231342432344
4566	1121231342432434
4567	1121231342434234
4568	1121231344223344
4569	1121231344223434
4570	1121231344232344
4571	1121231344232434
4572	1121231344234234
4573	1121231422333444
4574	1121231422334344
4575	1121231422334434
4576	1121231422343344
4577	1121231422343434
4578	1121231423233444
4579	1121231423234344
4580	1121231423234434
4581	1121231423243344
4582	1121231423243434
4583	1121231423323444
4584	1121231423324344
4585	1121231423324434
4586	1121231423342344
4587	1121231423342434
4588	1121231423344234
4589	1121231423423344
4590	1121231423423434
4591	1121231423432344
4592	1121231423432434
4593	1121231423434234
4594	1121231432233444
4595	1121231432234344
4596	1121231432234434
4597	1121231432243344
4598	1121231432243434
4599	1121231432323444
4600	1121231432324344
4601	1121231432324434
4602	1121231432342344
4603	1121231432342434
4604	1121231432344234
4605	1121231432423344
4606	1121231432423434
4607	1121231432432344
4608	1121231432432434
4609	1121231432434234
4610	1121231434223344
4611	1121231434223434
4612	1121231434232344
4613	1121231434232434
4614	1121231434234234
4615	1121232123334444
4616	1121232123343444
4617	1121232123344344
4618	1121232123344434
4619	1121232123433444
4620	1121232123434344
4621	1121232123434434
4622	1121232123443344
4623	1121232123443434
4624	1121232124333444
4625	1121232124334344
4626	1121232124334434
4627	1121232124343344
4628	1121232124343434
4629	1121232132334444
4630	1121232132343444
4631	1121232132344344
4632	1121232132344434
4633	1121232132433444
4634	1121232132434344
4635	1121232132434434
4636	1121232132443344
4637	1121232132443434
4638	1121232133234444
4639	1121232133243444
4640	1121232133244344
4641	1121232133244434
4642	1121232133423444
4643	1121232133424344
4644	1121232133424434
4645	1121232133442344
4646	1121232133442434
4647	1121232133444234
4648	1121232134233444
4649	1121232134234344
4650	1121232134234434
4651	1121232134243344
4652	1121232134243434
4653	1121232134323444
4654	1121232134324344
4655	1121232134324434
4656	1121232134342344
4657	1121232134342434
4658	1121232134344234
4659	1121232134423344
4660	1121232134423434
4661	1121232134432344
4662	1121232134432434
4663	1121232134434234
4664	1121232142333444
4665	1121232142334344
4666	1121232142334434
4667	1121232142343344
4668	1121232142343434
4669	1121232143233444
4670	1121232143234344
4671	1121232143234434
4672	1121232143243344
4673	1121232143243434
4674	1121232143323444
4675	1121232143324344
4676	1121232143324434
4677	1121232143342344
4678	1121232143342434
4679	1121232143344234
4680	1121232143423344
4681	1121232143423434
4682	1121232143432344
4683	1121232143432434
4684	1121232143434234
4685	1121232312334444
4686	1121232312343444
4687	1121232312344344
4688	1121232312344434
4689	1121232312433444
4690	1121232312434344
4691	1121232312434434
4692	1121232312443344
4693	1121232312443434
4694	1121232313234444
4695	1121232313243444
4696	1121232313244344
4697	1121232313244434
4698	1121232313423444
4699	1121232313424344
4700	1121232313424434
4701	1121232313442344
4702	1121232313442434
4703	1121232313444234
4704	1121232314233444
4705	1121232314234344
4706	1121232314234434
4707	1121232314243344
4708	1121232314243434
4709	1121232314323444
4710	1121232314324344
4711	1121232314324434
4712	1121232314342344
4713	1121232314342434
4714	1121232314344234
4715	1121232314423344
4716	1121232314423434
4717	1121232314432344
4718	1121232314432434
4719	1121232314434234
4720	1121232331234444
4721	1121232331243444
4722	1121232331244344
4723	1121232331244434
4724	1121232331423444
4725	1121232331424344
4726	1121232331424434
4727	1121232331442344
4728	1121232331442434
4729	1121232331444234
4730	1121232334123444
4731	1121232334124344
4732	1121232334124434
4733	1121232334142344
4734	1121232334142434
4735	1121232334144234
4736	1121232334412344
4737	1121232334412434
4738	1121232334414234
4739	1121232334441234
4740	1121232341233444
4741	1121232341234344
4742	1121232341234434
4743	1121232341243344
4744	1121232341243434
4745	1121232341323444
4746	1121232341324344
4747	1121232341324434
4748	1121232341342344
4749	1121232341342434
4750	1121232341344234
4751	1121232341423344
4752	1121232341423434
4753	1121232341432344
4754	1121232341432434
4755	1121232341434234
4756	1121232343123444
4757	1121232343124344
4758	1121232343124434
4759	1121232343142344
4760	1121232343142434
4761	1121232343144234
4762	1121232343412344
4763	1121232343412434
4764	1121232343414234
4765	1121232343441234
4766	1121232344123344
4767	1121232344123434
4768	1121232344132344
4769	1121232344132434
4770	1121232344134234
4771	1121232344312344
4772	1121232344312434
4773	1121232344314234
4774	1121232344341234
4775	1121232412333444
4776	1121232412334344
4777	1121232412334434
4778	1121232412343344
4779	1121232412343434
4780	1121232413233444
4781	1121232413234344
4782	1121232413234434
4783	1121232413243344
4784	1121232413243434
4785	1121232413323444
4786	1121232413324344
4787	1121232413324434
4788	1121232413342344
4789	1121232413342434
4790	1121232413344234
4791	1121232413423344
4792	1121232413423434
4793	1121232413432344
4794	1121232413432434
4795	1121232413434234
4796	1121232431233444
4797	1121232431234344
4798	1121232431234434
4799	1121232431243344
4800	1121232431243434
4801	1121232431323444
4802	1121232431324344
4803	1121232431324434
4804	1121232431342344
4805	1121232431342434
4806	1121232431344234
4807	1121232431423344
4808	1121232431423434
4809	1121232431432344
4810	1121232431432434
4811	1121232431434234
4812	1121232433123444
4813	1121232433124344
4814	1121232433124434
4815	1121232433142344
4816	1121232433142434
4817	1121232433144234
4818	1121232433412344
4819	1121232433412434
4820	1121232433414234
4821	1121232433441234
4822	1121232434123344
4823	1121232434123434
4824	1121232434132344
4825	1121232434132434
4826	1121232434134234
4827	1121232434312344
4828	1121232434312434
4829	1121232434314234
4830	1121232434341234
4831	1121233122334444
4832	1121233122343444
4833	1121233122344344
4834	1121233122344434
4835	1121233122433444
4836	1121233122434344
4837	1121233122434434
4838	1121233122443344
4839	1121233122443434
4840	1121233123234444
4841	1121233123243444
4842	1121233123244344
4843	1121233123244434
4844	1121233123423444
4845	1121233123424344
4846	1121233123424434
4847	1121233123442344
4848	1121233123442434
4849	1121233123444234
4850	1121233124233444
4851	1121233124234344
4852	1121233124234434
4853	1121233124243344
4854	1121233124243434
4855	1121233124323444
4856	1121233124324344
4857	1121233124324434
4858	1121233124342344
4859	1121233124342434
4860	1121233124344234
4861	1121233124423344
4862	1121233124423434
4863	1121233124432344
4864	1121233124432434
4865	1121233124434234
4866	1121233142233444
4867	1121233142234344
4868	1121233142234434
4869	1121233142243344
4870	1121233142243434
4871	1121233142323444
4872	1121233142324344
4873	1121233142324434
4874	1121233142342344
4875	1121233142342434
4876	1121233142344234
4877	1121233142423344
4878	1121233142423434
4879	1121233142432344
4880	1121233142432434
4881	1121233142434234
4882	1121233144223344
4883	1121233144223434
4884	1121233144232344
4885	1121233144232434
4886	1121233144234234
4887	1121233212334444
4888	1121233212343444
4889	1121233212344344
4890	1121233212344434
4891	1121233212433444
4892	1121233212434344
4893	1121233212434434
4894	1121233212443344
4895	1121233212443434
4896	1121233213234444
4897	1121233213243444
4898	1121233213244344
4899	1121233213244434
4900	1121233213423444
4901	1121233213424344
4902	1121233213424434
4903	1121233213442344
4904	1121233213442434
4905	1121233213444234
4906	1121233214233444
4907	1121233214234344
4908	1121233214234434
4909	1121233214243344
4910	1121233214243434
4911	1121233214323444
4912	1121233214324344
4913	1121233214324434
4914	1121233214342344
4915	1121233214342434
4916	1121233214344234
4917	1121233214423344
4918	1121233214423434
4919	1121233214432344
4920	1121233214432434
4921	1121233214434234
4922	1121233231234444
4923	1121233231243444
4924	1121233231244344
4925	1121233231244434
4926	1121233231423444
4927	1121233231424344
4928	1121233231424434
4929	1121233231442344
4930	1121233231442434
4931	1121233231444234
4932	1121233234123444
4933	1121233234124344
4934	1121233234124434
4935	1121233234142344
4936	1121233234142434
4937	1121233234144234
4938	1121233234412344
4939	1121233234412434
4940	1121233234414234
4941	1121233234441234
4942	1121233241233444
4943	1121233241234344
4944	1121233241234434
4945	1121233241243344
4946	1121233241243434
4947	1121233241323444
4948	1121233241324344
4949	1121233241324434
4950	1121233241342344
4951	1121233241342434
4952	1121233241344234
4953	1121233241423344
4954	1121233241423434
4955	1121233241432344
4956	1121233241432434
4957	1121233241434234
4958	1121233243123444
4959	1121233243124344
4960	1121233243124434
4961	1121233243142344
4962	1121233243142434
4963	1121233243144234
4964	1121233243412344
4965	1121233243412434
4966	1121233243414234
4967	1121233243441234
4968	1121233244123344
4969	1121233244123434
4970	1121233244132344
4971	1121233244132434
4972	1121233244134234
4973	1121233244312344
4974	1121233244312434
4975	1121233244314234
4976	1121233244341234
4977	1121233412233444
4978	1121233412234344
4979	1121233412234434
4980	1121233412243344
4981	1121233412243434
4982	1121233412323444
4983	1121233412324344
4984	1121233412324434
4985	1121233412342344
4986	1121233412342434
4987	1121233412344234
4988	1121233412423344
4989	1121233412423434
4990	1121233412432344
4991	1121233412432434
4992	1121233412434234
4993	1121233414223344
4994	1121233414223434
4995	1121233414232344
4996	1121233414232434
4997	1121233414234234
4998	1121233421233444
4999	1121233421234344
5000	1121233421234434
5001	1121233421243344
5002	1121233421243434
5003	1121233421323444
5004	1121233421324344
5005	1121233421324434
5006	1121233421342344
5007	1121233421342434
5008	1121233421344234
5009	1121233421423344
5010	1121233421423434
5011	1121233421432344
5012	1121233421432434
5013	1121233421434234
5014	1121233423123444
5015	1121233423124344
5016	1121233423124434
5017	1121233423142344
5018	1121233423142434
5019	1121233423144234
5020	1121233423412344
5021	1121233423412434
5022	1121233423414234
5023	1121233423441234
5024	1121233424123344
5025	1121233424123434
5026	1121233424132344
5027	1121233424132434
5028	1121233424134234
5029	1121233424312344
5030	1121233424312434
5031	1121233424314234
5032	1121233424341234
5033	1121233441223344
5034	1121233441223434
5035	1121233441232344
5036	1121233441232434
5037	1121233441234234
5038	1121233442123344
5039	1121233442123434
5040	1121233442132344
5041	1121233442132434
5042	1121233442134234
5043	1121233442312344
5044	1121233442312434
5045	1121233442314234
5046	1121233442341234
5047	1121234122333444
5048	1121234122334344
5049	1121234122334434
5050	1121234122343344
5051	1121234122343434
5052	1121234123233444
5053	1121234123234344
5054	1121234123234434
5055	1121234123243344
5056	1121234123243434
5057	1121234123323444
5058	1121234123324344
5059	1121234123324434
5060	1121234123342344
5061	1121234123342434
5062	1121234123344234
5063	1121234123423344
5064	1121234123423434
5065	1121234123432344
5066	1121234123432434
5067	1121234123434234
5068	1121234132233444
5069	1121234132234344
5070	1121234132234434
5071	1121234132243344
5072	1121234132243434
5073	1121234132323444
5074	1121234132324344
5075	1121234132324434
5076	1121234132342344
5077	1121234132342434
5078	1121234132344234
5079	1121234132423344
5080	1121234132423434
5081	1121234132432344
5082	1121234132432434
5083	1121234132434234
5084	1121234134223344
5085	1121234134223434
5086	1121234134232344
5087	1121234134232434
5088	1121234134234234
5089	1121234212333444
5090	1121234212334344
5091	1121234212334434
5092	1121234212343344
5093	1121234212343434
5094	1121234213233444
5095	1121234213234344
5096	1121234213234434
5097	1121234213243344
5098	1121234213243434
5099	1121234213323444
5100	1121234213324344
5101	1121234213324434
5102	1121234213342344
5103	1121234213342434
5104	1121234213344234
5105	1121234213423344
5106	1121234213423434
5107	1121234213432344
5108	1121234213432434
5109	1121234213434234
5110	1121234231233444
5111	1121234231234344
5112	1121234231234434
5113	1121234231243344
5114	1121234231243434
5115	1121234231323444
5116	1121234231324344
5117	1121234231324434
5118	1121234231342344
5119	1121234231342434
5120	1121234231344234
5121	1121234231423344
5122	1121234231423434
5123	1121234231432344
5124	1121234231432434
5125	1121234231434234
5126	1121234233123444
5127	1121234233124344
5128	1121234233124434
5129	1121234233142344
5130	1121234233142434
5131	1121234233144234
5132	1121234233412344
5133	1121234233412434
5134	1121234233414234
5135	1121234233441234
5136	1121234234123344
5137	1121234234123434
5138	1121234234132344
5139	1121234234132434
5140	1121234234134234
5141	1121234234312344
5142	1121234234312434
5143	1121234234314234
5144	1121234234341234
5145	1121234312233444
5146	1121234312234344
5147	1121234312234434
5148	1121234312243344
5149	1121234312243434
5150	1121234312323444
5151	1121234312324344
5152	1121234312324434
5153	1121234312342344
5154	1121234312342434
5155	1121234312344234
5156	1121234312423344
5157	1121234312423434
5158	1121234312432344
5159	1121234312432434
5160	1121234312434234
5161	1121234314223344
5162	1121234314223434
5163	1121234314232344
5164	1121234314232434
5165	1121234314234234
5166	1121234321233444
5167	1121234321234344
5168	1121234321234434
5169	1121234321243344
5170	1121234321243434
5171	1121234321323444
5172	1121234321324344
5173	1121234321324434
5174	1121234321342344
5175	1121234321342434
5176	1121234321344234
5177	1121234321423344
5178	1121234321423434
5179	1121234321432344
5180	1121234321432434
5181	1121234321434234
5182	1121234323123444
5183	1121234323124344
5184	1121234323124434
5185	1121234323142344
5186	1121234323142434
5187	1121234323144234
5188	1121234323412344
5189	1121234323412434
5190	1121234323414234
5191	1121234323441234
5192	1121234324123344
5193	1121234324123434
5194	1121234324132344
5195	1121234324132434
5196	1121234324134234
5197	1121234324312344
5198	1121234324312434
5199	1121234324314234
5200	1121234324341234
5201	1121234341223344
5202	1121234341223434
5203	1121234341232344
5204	1121234341232434
5205	1121234341234234
5206	1121234342123344
5207	1121234342123434
5208	1121234342132344
5209	1121234342132434
5210	1121234342134234
5211	1121234342312344
5212	1121234342312434
5213	1121234342314234
5214	1121234342341234
5215	1121312223334444
5216	1121312223343444
5217	1121312223344344
5218	1121312223344434
5219	1121312223433444
5220	1121312223434344
5221	1121312223434434
5222	1121312223443344
5223	1121312223443434
5224	1121312224333444
5225	1121312224334344
5226	1121312224334434
5227	1121312224343344
5228	1121312224343434
5229	1121312232334444
5230	1121312232343444
5231	1121312232344344
5232	1121312232344434
5233	1121312232433444
5234	1121312232434344
5235	1121312232434434
5236	1121312232443344
5237	1121312232443434
5238	1121312233234444
5239	1121312233243444
5240	1121312233244344
5241	1121312233244434
5242	1121312233423444
5243	1121312233424344
5244	1121312233424434
5245	1121312233442344
5246	1121312233442434
5247	1121312233444234
5248	1121312234233444
5249	1121312234234344
5250	1121312234234434
5251	1121312234243344
5252	1121312234243434
5253	1121312234323444
5254	1121312234324344
5255	1121312234324434
5256	1121312234342344
5257	1121312234342434
5258	1121312234344234
5259	1121312234423344
5260	1121312234423434
5261	1121312234432344
5262	1121312234432434
5263	1121312234434234
5264	1121312242333444
5265	1121312242334344
5266	1121312242334434
5267	1121312242343344
5268	1121312242343434
5269	1121312243233444
5270	1121312243234344
5271	1121312243234434
5272	1121312243243344
5273	1121312243243434
5274	1121312243323444
5275	1121312243324344
5276	1121312243324434
5277	1121312243342344
5278	1121312243342434
5279	1121312243344234
5280	1121312243423344
5281	1121312243423434
5282	1121312243432344
5283	1121312243432434
5284	1121312243434234
5285	1121312322334444
5286	1121312322343444
5287	1121312322344344
5288	1121312322344434
5289	1121312322433444
5290	1121312322434344
5291	1121312322434434
5292	1121312322443344
5293	1121312322443434
5294	1121312323234444
5295	1121312323243444
5296	1121312323244344
5297	1121312323244434
5298	1121312323423444
5299	1121312323424344
5300	1121312323424434
5301	1121312323442344
5302	1121312323442434
5303	1121312323444234
5304	1121312324233444
5305	1121312324234344
5306	1121312324234434
5307	1121312324243344
5308	1121312324243434
5309	1121312324323444
5310	1121312324324344
5311	1121312324324434
5312	1121312324342344
5313	1121312324342434
5314	1121312324344234
5315	1121312324423344
5316	1121312324423434
5317	1121312324432344
5318	1121312324432434
5319	1121312324434234
5320	1121312342233444
5321	1121312342234344
5322	1121312342234434
5323	1121312342243344
5324	1121312342243434
5325	1121312342323444
5326	1121312342324344
5327	1121312342324434
5328	1121312342342344
5329	1121312342342434
5330	1121312342344234
5331	1121312342423344
5332	1121312342423434
5333	1121312342432344
5334	1121312342432434
5335	1121312342434234
5336	1121312344223344
5337	1121312344223434
5338	1121312344232344
5339	1121312344232434
5340	1121312344234234
5341	1121312422333444
5342	1121312422334344
5343	1121312422334434
5344	1121312422343344
5345	1121312422343434
5346	1121312423233444
5347	1121312423234344
5348	1121312423234434
5349	1121312423243344
5350	1121312423243434
5351	1121312423323444
5352	1121312423324344
5353	1121312423324434
5354	1121312423342344
5355	1121312423342434
5356	1121312423344234
5357	1121312423423344
5358	1121312423423434
5359	1121312423432344
5360	1121312423432434
5361	1121312423434234
5362	1121312432233444
5363	1121312432234344
5364	1121312432234434
5365	1121312432243344
5366	1121312432243434
5367	1121312432323444
5368	1121312432324344
5369	1121312432324434
5370	1121312432342344
5371	1121312432342434
5372	1121312432344234
5373	1121312432423344
5374	1121312432423434
5375	1121312432432344
5376	1121312432432434
5377	1121312432434234
5378	1121312434223344
5379	1121312434223434
5380	1121312434232344
5381	1121312434232434
5382	1121312434234234
5383	1121314222333444
5384	1121314222334344
5385	1121314222334434
5386	1121314222343344
5387	1121314222343434
5388	1121314223233444
5389	1121314223234344
5390	1121314223234434
5391	1121314223243344
5392	1121314223243434
5393	1121314223323444
5394	1121314223324344
5395	1121314223324434
5396	1121314223342344
5397	1121314223342434
5398	1121314223344234
5399	1121314223423344
5400	1121314223423434
5401	1121314223432344
5402	1121314223432434
5403	1121314223434234
5404	1121314232233444
5405	1121314232234344
5406	1121314232234434
5407	1121314232243344
5408	1121314232243434
5409	1121314232323444
5410	1121314232324344
5411	1121314232324434
5412	1121314232342344
5413	1121314232342434
5414	1121314232344234
5415	1121314232423344
5416	1121314232423434
5417	1121314232432344
5418	1121314232432434
5419	1121314232434234
5420	1121314234223344
5421	1121314234223434
5422	1121314234232344
5423	1121314234232434
5424	1121314234234234
5425	1121321223334444
5426	1121321223343444
5427	1121321223344344
5428	1121321223344434
5429	1121321223433444
5430	1121321223434344
5431	1121321223434434
5432	1121321223443344
5433	1121321223443434
5434	1121321224333444
5435	1121321224334344
5436	1121321224334434
5437	1121321224343344
5438	1121321224343434
5439	1121321232334444
5440	1121321232343444
5441	1121321232344344
5442	1121321232344434
5443	1121321232433444
5444	1121321232434344
5445	1121321232434434
5446	1121321232443344
5447	1121321232443434
5448	1121321233234444
5449	1121321233243444
5450	1121321233244344
5451	1121321233244434
5452	1121321233423444
5453	1121321233424344
5454	1121321233424434
5455	1121321233442344
5456	1121321233442434
5457	1121321233444234
5458	1121321234233444
5459	1121321234234344
5460	1121321234234434
5461	1121321234243344
5462	1121321234243434
5463	1121321234323444
5464	1121321234324344
5465	1121321234324434
5466	1121321234342344
5467	1121321234342434
5468	1121321234344234
5469	1121321234423344
5470	1121321234423434
5471	1121321234432344
5472	1121321234432434
5473	1121321234434234
5474	1121321242333444
5475	1121321242334344
5476	1121321242334434
5477	1121321242343344
5478	1121321242343434
5479	1121321243233444
5480	1121321243234344
5481	1121321243234434
5482	1121321243243344
5483	1121321243243434
5484	1121321243323444
5485	1121321243324344
5486	1121321243324434
5487	1121321243342344
5488	1121321243342434
5489	1121321243344234
5490	1121321243423344
5491	1121321243423434
5492	1121321243432344
5493	1121321243432434
5494	1121321243434234
5495	1121321322334444
5496	1121321322343444
5497	1121321322344344
5498	1121321322344434
5499	1121321322433444
5500	1121321322434344
5501	1121321322434434
5502	1121321322443344
5503	1121321322443434
5504	1121321323234444
5505	1121321323243444
5506	1121321323244344
5507	1121321323244434
5508	1121321323423444
5509	1121321323424344
5510	1121321323424434
5511	1121321323442344
5512	1121321323442434
5513	1121321323444234
5514	1121321324233444
5515	1121321324234344
5516	1121321324234434
5517	1121321324243344
5518	1121321324243434
5519	1121321324323444
5520	1121321324324344
5521	1121321324324434
5522	1121321324342344
5523	1121321324342434
5524	1121321324344234
5525	1121321324423344
5526	1121321324423434
5527	1121321324432344
5528	1121321324432434
5529	1121321324434234
5530	1121321342233444
5531	1121321342234344
5532	1121321342234434
5533	1121321342243344
5534	1121321342243434
5535	1121321342323444
5536	1121321342324344
5537	1121321342324434
5538	1121321342342344
5539	1121321342342434
5540	1121321342344234
5541	1121321342423344
5542	1121321342423434
5543	1121321342432344
5544	1121321342432434
5545	1121321342434234
5546	1121321344223344
5547	1121321344223434
5548	1121321344232344
5549	1121321344232434
5550	1121321344234234
5551	1121321422333444
5552	1121321422334344
5553	1121321422334434
5554	1121321422343344
5555	1121321422343434
5556	1121321423233444
5557	1121321423234344
5558	1121321423234434
5559	1121321423243344
5560	1121321423243434
5561	1121321423323444
5562	1121321423324344
5563	1121321423324434
5564	1121321423342344
5565	1121321423342434
5566	1121321423344234
5567	1121321423423344
5568	1121321423423434
5569	1121321423432344
5570	1121321423432434
5571	1121321423434234
5572	1121321432233444
5573	1121321432234344
5574	1121321432234434
5575	1121321432243344
5576	1121321432243434
5577	1121321432323444
5578	1121321432324344
5579	1121321432324434
5580	1121321432342344
5581	1121321432342434
5582	1121321432344234
5583	1121321432423344
5584	1121321432423434
5585	1121321432432344
5586	1121321432432434
5587	1121321432434234
5588	1121321434223344
5589	1121321434223434
5590	1121321434232344
5591	1121321434232434
5592	1121321434234234
5593	1121322123334444
5594	1121322123343444
5595	1121322123344344
5596	1121322123344434
5597	1121322123433444
5598	1121322123434344
5599	1121322123434434
5600	1121322123443344
5601	1121322123443434
5602	1121322124333444
5603	1121322124334344
5604	1121322124334434
5605	1121322124343344
5606	1121322124343434
5607	1121322132334444
5608	1121322132343444
5609	1121322132344344
5610	1121322132344434
5611	1121322132433444
5612	1121322132434344
5613	1121322132434434
5614	1121322132443344
5615	1121322132443434
5616	1121322133234444
5617	1121322133243444
5618	1121322133244344
5619	1121322133244434
5620	1121322133423444
5621	1121322133424344
5622	1121322133424434
5623	1121322133442344
5624	1121322133442434
5625	1121322133444234
5626	1121322134233444
5627	1121322134234344
5628	1121322134234434
5629	1121322134243344
5630	1121322134243434
5631	1121322134323444
5632	1121322134324344
5633	1121322134324434
5634	1121322134342344
5635	1121322134342434
5636	1121322134344234
5637	1121322134423344
5638	1121322134423434
5639	1121322134432344
5640	1121322134432434
5641	1121322134434234
5642	1121322142333444
5643	1121322142334344
5644	1121322142334434
5645	1121322142343344
5646	1121322142343434
5647	1121322143233444
5648	1121322143234344
5649	1121322143234434
5650	1121322143243344
5651	1121322143243434
5652	1121322143323444
5653	1121322143324344
5654	1121322143324434
5655	1121322143342344
5656	1121322143342434
5657	1121322143344234
5658	1121322143423344
5659	1121322143423434
5660	1121322143432344
5661	1121322143432434
5662	1121322143434234
5663	1121322312334444
5664	1121322312343444
5665	1121322312344344
5666	1121322312344434
5667	1121322312433444
5668	1121322312434344
5669	1121322312434434
5670	1121322312443344
5671	1121322312443434
5672	1121322313234444
5673	1121322313243444
5674	1121322313244344
5675	1121322313244434
5676	1121322313423444
5677	1121322313424344
5678	1121322313424434
5679	1121322313442344
5680	1121322313442434
5681	1121322313444234
5682	1121322314233444
5683	1121322314234344
5684	1121322314234434
5685	1121322314243344
5686	1121322314243434
5687	1121322314323444
5688	1121322314324344
5689	1121322314324434
5690	1121322314342344
5691	1121322314342434
5692	1121322314344234
5693	1121322314423344
5694	1121322314423434
5695	1121322314432344
5696	1121322314432434
5697	1121322314434234
5698	1121322331234444
5699	1121322331243444
5700	1121322331244344
5701	1121322331244434
5702	1121322331423444
5703	1121322331424344
5704	1121322331424434
5705	1121322331442344
5706	1121322331442434
5707	1121322331444234
5708	1121322334123444
5709	1121322334124344
5710	1121322334124434
5711	1121322334142344
5712	1121322334142434
5713	1121322334144234
5714	1121322334412344
5715	1121322334412434
5716	1121322334414234
5717	1121322334441234
5718	1121322341233444
5719	1121322341234344
5720	1121322341234434
5721	1121322341243344
5722	1121322341243434
5723	1121322341323444
5724	1121322341324344
5725	1121322341324434
5726	1121322341342344
5727	1121322341342434
5728	1121322341344234
5729	1121322341423344
5730	1121322341423434
5731	1121322341432344
5732	1121322341432434
5733	1121322341434234
5734	1121322343123444
5735	1121322343124344
5736	1121322343124434
5737	1121322343142344
5738	1121322343142434
5739	1121322343144234
5740	1121322343412344
5741	1121322343412434
5742	1121322343414234
5743	1121322343441234
5744	1121322344123344
5745	1121322344123434
5746	1121322344132344
5747	1121322344132434
5748	1121322344134234
5749	1121322344312344
5750	1121322344312434
5751	1121322344314234
5752	1121322344341234
5753	1121322412333444
5754	1121322412334344
5755	1121322412334434
5756	1121322412343344
5757	1121322412343434
5758	1121322413233444
5759	1121322413234344
5760	1121322413234434
5761	1121322413243344
5762	1121322413243434
5763	1121322413323444
5764	1121322413324344
5765	1121322413324434
5766	1121322413342344
5767	1121322413342434
5768	1121322413344234
5769	1121322413423344
5770	1121322413423434
5771	1121322413432344
5772	1121322413432434
5773	1121322413434234
5774	1121322431233444
5775	1121322431234344
5776	1121322431234434
5777	1121322431243344
5778	1121322431243434
5779	1121322431323444
5780	1121322431324344
5781	1121322431324434
5782	1121322431342344
5783	1121322431342434
5784	1121322431344234
5785	1121322431423344
5786	1121322431423434
5787	1121322431432344
5788	1121322431432434
5789	1121322431434234
5790	1121322433123444
5791	1121322433124344
5792	1121322433124434
5793	1121322433142344
5794	1121322433142434
5795	1121322433144234
5796	1121322433412344
5797	1121322433412434
5798	1121322433414234
5799	1121322433441234
5800	1121322434123344
5801	1121322434123434
5802	1121322434132344
5803	1121322434132434
5804	1121322434134234
5805	1121322434312344
5806	1121322434312434
5807	1121322434314234
5808	1121322434341234
5809	1121323122334444
5810	1121323122343444
5811	1121323122344344
5812	1121323122344434
5813	1121323122433444
5814	1121323122434344
5815	1121323122434434
5816	1121323122443344
5817	1121323122443434
5818	1121323123234444
5819	1121323123243444
5820	1121323123244344
5821	1121323123244434
5822	1121323123423444
5823	1121323123424344
5824	1121323123424434
5825	1121323123442344
5826	1121323123442434
5827	1121323123444234
5828	1121323124233444
5829	1121323124234344
5830	1121323124234434
5831	1121323124243344
5832	1121323124243434
5833	1121323124323444
5834	1121323124324344
5835	1121323124324434
5836	1121323124342344
5837	1121323124342434
5838	1121323124344234
5839	1121323124423344
5840	1121323124423434
5841	1121323124432344
5842	1121323124432434
5843	1121323124434234
5844	1121323142233444
5845	1121323142234344
5846	1121323142234434
5847	1121323142243344
5848	1121323142243434
5849	1121323142323444
5850	1121323142324344
5851	1121323142324434
5852	1121323142342344
5853	1121323142342434
5854	1121323142344234
5855	1121323142423344
5856	1121323142423434
5857	1121323142432344
5858	1121323142432434
5859	1121323142434234
5860	1121323144223344
5861	1121323144223434
5862	1121323144232344
5863	1121323144232434
5864	1121323144234234
5865	1121323212334444
5866	1121323212343444
5867	1121323212344344
5868	1121323212344434
5869	1121323212433444
5870	1121323212434344
5871	1121323212434434
5872	1121323212443344
5873	1121323212443434
5874	1121323213234444
5875	1121323213243444
5876	1121323213244344
5877	1121323213244434
5878	1121323213423444
5879	1121323213424344
5880	1121323213424434
5881	1121323213442344
5882	1121323213442434
5883	1121323213444234
5884	1121323214233444
5885	1121323214234344
5886	1121323214234434
5887	1121323214243344
5888	1121323214243434
5889	1121323214323444
5890	1121323214324344
5891	1121323214324434
5892	1121323214342344
5893	1121323214342434
5894	1121323214344234
5895	1121323214423344
5896	1121323214423434
5897	1121323214432344
5898	1121323214432434
5899	1121323214434234
5900	1121323231234444
5901	1121323231243444
5902	1121323231244344
5903	1121323231244434
5904	1121323231423444
5905	1121323231424344
5906	1121323231424434
5907	1121323231442344
5908	1121323231442434
5909	1121323231444234
5910	1121323234123444
5911	1121323234124344
5912	1121323234124434
5913	1121323234142344
5914	1121323234142434
5915	1121323234144234
5916	1121323234412344
5917	1121323234412434
5918	1121323234414234
5919	1121323234441234
5920	1121323241233444
5921	1121323241234344
5922	1121323241234434
5923	1121323241243344
5924	1121323241243434
5925	1121323241323444
5926	1121323241324344
5927	1121323241324434
5928	1121323241342344
5929	1121323241342434
5930	1121323241344234
5931	1121323241423344
5932	1121323241423434
5933	1121323241432344
5934	1121323241432434
5935	1121323241434234
5936	1121323243123444
5937	1121323243124344
5938	1121323243124434
5939	1121323243142344
5940	1121323243142434
5941	1121323243144234
5942	1121323243412344
5943	1121323243412434
5944	1121323243414234
5945	1121323243441234
5946	1121323244123344
5947	1121323244123434
5948	1121323244132344
5949	1121323244132434
5950	1121323244134234
5951	1121323244312344
5952	1121323244312434
5953	1121323244314234
5954	1121323244341234
5955	1121323412233444
5956	1121323412234344
5957	1121323412234434
5958	1121323412243344
5959	1121323412243434
5960	1121323412323444
5961	1121323412324344
5962	1121323412324434
5963	1121323412342344
5964	1121323412342434
5965	1121323412344234
5966	1121323412423344
5967	1121323412423434
5968	1121323412432344
5969	1121323412432434
5970	1121323412434234
5971	1121323414223344
5972	1121323414223434
5973	1121323414232344
5974	1121323414232434
5975	1121323414234234
5976	1121323421233444
5977	1121323421234344
5978	1121323421234434
5979	1121323421243344
5980	1121323421243434
5981	1121323421323444
5982	1121323421324344
5983	1121323421324434
5984	1121323421342344
5985	1121323421342434
5986	1121323421344234
5987	1121323421423344
5988	1121323421423434
5989	1121323421432344
5990	1121323421432434
5991	1121323421434234
5992	1121323423123444
5993	1121323423124344
5994	1121323423124434
5995	1121323423142344
5996	1121323423142434
5997	1121323423144234
5998	1121323423412344
5999	1121323423412434
6000	1121323423414234
6001	1121323423441234
6002	1121323424123344
6003	1121323424123434
6004	1121323424132344
6005	1121323424132434
6006	1121323424134234
6007	1121323424312344
6008	1121323424312434
6009	1121323424314234
6010	1121323424341234
6011	1121323441223344
6012	1121323441223434
6013	1121323441232344
6014	1121323441232434
6015	1121323441234234
6016	1121323442123344
6017	1121323442123434
6018	1121323442132344
6019	1121323442132434
6020	1121323442134234
6021	1121323442312344
6022	1121323442312434
6023	1121323442314234
6024	1121323442341234
6025	1121324122333444
6026	1121324122334344
6027	1121324122334434
6028	1121324122343344
6029	1121324122343434
6030	1121324123233444
6031	1121324123234344
6032	1121324123234434
6033	1121324123243344
6034	1121324123243434
6035	1121324123323444
6036	1121324123324344
6037	1121324123324434
6038	1121324123342344
6039	1121324123342434
6040	1121324123344234
6041	1121324123423344
6042	1121324123423434
6043	1121324123432344
6044	1121324123432434
6045	1121324123434234
6046	1121324132233444
6047	1121324132234344
6048	1121324132234434
6049	1121324132243344
6050	1121324132243434
6051	1121324132323444
6052	1121324132324344
6053	1121324132324434
6054	1121324132342344
6055	1121324132342434
6056	1121324132344234
6057	1121324132423344
6058	1121324132423434
6059	1121324132432344
6060	1121324132432434
6061	1121324132434234
6062	1121324134223344
6063	1121324134223434
6064	1121324134232344
6065	1121324134232434
6066	1121324134234234
6067	1121324212333444
6068	1121324212334344
6069	1121324212334434
6070	1121324212343344
6071	1121324212343434
6072	1121324213233444
6073	1121324213234344
6074	1121324213234434
6075	1121324213243344
6076	1121324213243434
6077	1121324213323444
6078	1121324213324344
6079	1121324213324434
6080	1121324213342344
6081	1121324213342434
6082	1121324213344234
6083	1121324213423344
6084	1121324213423434
6085	1121324213432344
6086	1121324213432434
6087	1121324213434234
6088	1121324231233444
6089	1121324231234344
6090	1121324231234434
6091	1121324231243344
6092	1121324231243434
6093	1121324231323444
6094	1121324231324344
6095	1121324231324434
6096	1121324231342344
6097	1121324231342434
6098	1121324231344234
6099	1121324231423344
6100	1121324231423434
6101	1121324231432344
6102	1121324231432434
6103	1121324231434234
6104	1121324233123444
6105	1121324233124344
6106	1121324233124434
6107	1121324233142344
6108	1121324233142434
6109	1121324233144234
6110	1121324233412344
6111	1121324233412434
6112	1121324233414234
6113	1121324233441234
6114	1121324234123344
6115	1121324234123434
6116	1121324234132344
6117	1121324234132434
6118	1121324234134234
6119	1121324234312344
6120	1121324234312434
6121	1121324234314234
6122	1121324234341234
6123	1121324312233444
6124	1121324312234344
6125	1121324312234434
6126	1121324312243344
6127	1121324312243434
6128	1121324312323444
6129	1121324312324344
6130	1121324312324434
6131	1121324312342344
6132	1121324312342434
6133	1121324312344234
6134	1121324312423344
6135	1121324312423434
6136	1121324312432344
6137	1121324312432434
6138	1121324312434234
6139	1121324314223344
6140	1121324314223434
6141	1121324314232344
6142	1121324314232434
6143	1121324314234234
6144	1121324321233444
6145	1121324321234344
6146	1121324321234434
6147	1121324321243344
6148	1121324321243434
6149	1121324321323444
6150	1121324321324344
6151	1121324321324434
6152	1121324321342344
6153	1121324321342434
6154	1121324321344234
6155	1121324321423344
6156	1121324321423434
6157	1121324321432344
6158	1121324321432434
6159	1121324321434234
6160	1121324323123444
6161	1121324323124344
6162	1121324323124434
6163	1121324323142344
6164	1121324323142434
6165	1121324323144234
6166	1121324323412344
6167	1121324323412434
6168	1121324323414234
6169	1121324323441234
6170	1121324324123344
6171	1121324324123434
6172	1121324324132344
6173	1121324324132434
6174	1121324324134234
6175	1121324324312344
6176	1121324324312434
6177	1121324324314234
6178	1121324324341234
6179	1121324341223344
6180	1121324341223434
6181	1121324341232344
6182	1121324341232434
6183	1121324341234234
6184	1121324342123344
6185	1121324342123434
6186	1121324342132344
6187	1121324342132434
6188	1121324342134234
6189	1121324342312344
6190	1121324342312434
6191	1121324342314234
6192	1121324342341234
6193	1121341222333444
6194	1121341222334344
6195	1121341222334434
6196	1121341222343344
6197	1121341222343434
6198	1121341223233444
6199	1121341223234344
6200	1121341223234434
6201	1121341223243344
6202	1121341223243434
6203	1121341223323444
6204	1121341223324344
6205	1121341223324434
6206	1121341223342344
6207	1121341223342434
6208	1121341223344234
6209	1121341223423344
6210	1121341223423434
6211	1121341223432344
6212	1121341223432434
6213	1121341223434234
6214	1121341232233444
6215	1121341232234344
6216	1121341232234434
6217	1121341232243344
6218	1121341232243434
6219	1121341232323444
6220	1121341232324344
6221	1121341232324434
6222	1121341232342344
6223	1121341232342434
6224	1121341232344234
6225	1121341232423344
6226	1121341232423434
6227	1121341232432344
6228	1121341232432434
6229	1121341232434234
6230	1121341234223344
6231	1121341234223434
6232	1121341234232344
6233	1121341234232434
6234	1121341234234234
6235	1121342122333444
6236	1121342122334344
6237	1121342122334434
6238	1121342122343344
6239	1121342122343434
6240	1121342123233444
6241	1121342123234344
6242	1121342123234434
6243	1121342123243344
6244	1121342123243434
6245	1121342123323444
6246	1121342123324344
6247	1121342123324434
6248	1121342123342344
6249	1121342123342434
6250	1121342123344234
6251	1121342123423344
6252	1121342123423434
6253	1121342123432344
6254	1121342123432434
6255	1121342123434234
6256	1121342132233444
6257	1121342132234344
6258	1121342132234434
6259	1121342132243344
6260	1121342132243434
6261	1121342132323444
6262	1121342132324344
6263	1121342132324434
6264	1121342132342344
6265	1121342132342434
6266	1121342132344234
6267	1121342132423344
6268	1121342132423434
6269	1121342132432344
6270	1121342132432434
6271	1121342132434234
6272	1121342134223344
6273	1121342134223434
6274	1121342134232344
6275	1121342134232434
6276	1121342134234234
6277	1121342212333444
6278	1121342212334344
6279	1121342212334434
6280	1121342212343344
6281	1121342212343434
6282	1121342213233444
6283	1121342213234344
6284	1121342213234434
6285	1121342213243344
6286	1121342213243434
6287	1121342213323444
6288	1121342213324344
6289	1121342213324434
6290	1121342213342344
6291	1121342213342434
6292	1121342213344234
6293	1121342213423344
6294	1121342213423434
6295	1121342213432344
6296	1121342213432434
6297	1121342213434234
6298	1121342231233444
6299	1121342231234344
6300	1121342231234434
6301	1121342231243344
6302	1121342231243434
6303	1121342231323444
6304	1121342231324344
6305	1121342231324434
6306	1121342231342344
6307	1121342231342434
6308	1121342231344234
6309	1121342231423344
6310	1121342231423434
6311	1121342231432344
6312	1121342231432434
6313	1121342231434234
6314	1121342233123444
6315	1121342233124344
6316	1121342233124434
6317	1121342233142344
6318	1121342233142434
6319	1121342233144234
6320	1121342233412344
6321	1121342233412434
6322	1121342233414234
6323	1121342233441234
6324	1121342234123344
6325	1121342234123434
6326	1121342234132344
6327	1121342234132434
6328	1121342234134234
6329	1121342234312344
6330	1121342234312434
6331	1121342234314234
6332	1121342234341234
6333	1121342312233444
6334	1121342312234344
6335	1121342312234434
6336	1121342312243344
6337	1121342312243434
6338	1121342312323444
6339	1121342312324344
6340	1121342312324434
6341	1121342312342344
6342	1121342312342434
6343	1121342312344234
6344	1121342312423344
6345	1121342312423434
6346	1121342312432344
6347	1121342312432434
6348	1121342312434234
6349	1121342314223344
6350	1121342314223434
6351	1121342314232344
6352	1121342314232434
6353	1121342314234234
6354	1121342321233444
6355	1121342321234344
6356	1121342321234434
6357	1121342321243344
6358	1121342321243434
6359	1121342321323444
6360	1121342321324344
6361	1121342321324434
6362	1121342321342344
6363	1121342321342434
6364	1121342321344234
6365	1121342321423344
6366	1121342321423434
6367	1121342321432344
6368	1121342321432434
6369	1121342321434234
6370	1121342323123444
6371	1121342323124344
6372	1121342323124434
6373	1121342323142344
6374	1121342323142434
6375	1121342323144234
6376	1121342323412344
6377	1121342323412434
6378	1121342323414234
6379	1121342323441234
6380	1121342324123344
6381	1121342324123434
6382	1121342324132344
6383	1121342324132434
6384	1121342324134234
6385	1121342324312344
6386	1121342324312434
6387	1121342324314234
6388	1121342324341234
6389	1121342341223344
6390	1121342341223434
6391	1121342341232344
6392	1121342341232434
6393	1121342341234234
6394	1121342342123344
6395	1121342342123434
6396	1121342342132344
6397	1121342342132434
6398	1121342342134234
6399	1121342342312344
6400	1121342342312434
6401	1121342342314234
6402	1121342342341234
6403	1122112233334444
6404	1122112233343444
6405	1122112233344344
6406	1122112233344434
6407	1122112233433444
6408	1122112233434344
6409	1122112233434434
6410	1122112233443344
6411	1122112233443434
6412	1122112234333444
6413	1122112234334344
6414	1122112234334434
6415	1122112234343344
6416	1122112234343434
6417	1122112323334444
6418	1122112323343444
6419	1122112323344344
6420	1122112323344434
6421	1122112323433444
6422	1122112323434344
6423	1122112323434434
6424	1122112323443344
6425	1122112323443434
6426	1122112324333444
6427	1122112324334344
6428	1122112324334434
6429	1122112324343344
6430	1122112324343434
6431	1122112332334444
6432	1122112332343444
6433	1122112332344344
6434	1122112332344434
6435	1122112332433444
6436	1122112332434344
6437	1122112332434434
6438	1122112332443344
6439	1122112332443434
6440	1122112333234444
6441	1122112333243444
6442	1122112333244344
6443	1122112333244434
6444	1122112333423444
6445	1122112333424344
6446	1122112333424434
6447	1122112333442344
6448	1122112333442434
6449	1122112333444234
6450	1122112334233444
6451	1122112334234344
6452	1122112334234434
6453	1122112334243344
6454	1122112334243434
6455	1122112334323444
6456	1122112334324344
6457	1122112334324434
6458	1122112334342344
6459	1122112334342434
6460	1122112334344234
6461	1122112334423344
6462	1122112334423434
6463	1122112334432344
6464	1122112334432434
6465	1122112334434234
6466	1122112342333444
6467	1122112342334344
6468	1122112342334434
6469	1122112342343344
6470	1122112342343434
6471	1122112343233444
6472	1122112343234344
6473	1122112343234434
6474	1122112343243344
6475	1122112343243434
6476	1122112343323444
6477	1122112343324344
6478	1122112343324434
6479	1122112343342344
6480	1122112343342434
6481	1122112343344234
6482	1122112343423344
6483	1122112343423434
6484	1122112343432344
6485	1122112343432434
6486	1122112343434234
6487	1122113223334444
6488	1122113223343444
6489	1122113223344344
6490	1122113223344434
6491	1122113223433444
6492	1122113223434344
6493	1122113223434434
6494	1122113223443344
6495	1122113223443434
6496	1122113224333444
6497	1122113224334344
6498	1122113224334434
6499	1122113224343344
6500	1122113224343434
6501	1122113232334444
6502	1122113232343444
6503	1122113232344344
6504	1122113232344434
6505	1122113232433444
6506	1122113232434344
6507	1122113232434434
6508	1122113232443344
6509	1122113232443434
6510	1122113233234444
6511	1122113233243444
6512	1122113233244344
6513	1122113233244434
6514	1122113233423444
6515	1122113233424344
6516	1122113233424434
6517	1122113233442344
6518	1122113233442434
6519	1122113233444234
6520	1122113234233444
6521	1122113234234344
6522	1122113234234434
6523	1122113234243344
6524	1122113234243434
6525	1122113234323444
6526	1122113234324344
6527	1122113234324434
6528	1122113234342344
6529	1122113234342434
6530	1122113234344234
6531	1122113234423344
6532	1122113234423434
6533	1122113234432344
6534	1122113234432434
6535	1122113234434234
6536	1122113242333444
6537	1122113242334344
6538	1122113242334434
6539	1122113242343344
6540	1122113242343434
6541	1122113243233444
6542	1122113243234344
6543	1122113243234434
6544	1122113243243344
6545	1122113243243434
6546	1122113243323444
6547	1122113243324344
6548	1122113243324434
6549	1122113243342344
6550	1122113243342434
6551	1122113243344234
6552	1122113243423344
6553	1122113243423434
6554	1122113243432344
6555	1122113243432434
6556	1122113243434234
6557	1122113322334444
6558	1122113322343444
6559	1122113322344344
6560	1122113322344434
6561	1122113322433444
6562	1122113322434344
6563	1122113322434434
6564	1122113322443344
6565	1122113322443434
6566	1122113323234444
6567	1122113323243444
6568	1122113323244344
6569	1122113323244434
6570	1122113323423444
6571	1122113323424344
6572	1122113323424434
6573	1122113323442344
6574	1122113323442434
6575	1122113323444234
6576	1122113324233444
6577	1122113324234344
6578	1122113324234434
6579	1122113324243344
6580	1122113324243434
6581	1122113324323444
6582	1122113324324344
6583	1122113324324434
6584	1122113324342344
6585	1122113324342434
6586	1122113324344234
6587	1122113324423344
6588	1122113324423434
6589	1122113324432344
6590	1122113324432434
6591	1122113324434234
6592	1122113342233444
6593	1122113342234344
6594	1122113342234434
6595	1122113342243344
6596	1122113342243434
6597	1122113342323444
6598	1122113342324344
6599	1122113342324434
6600	1122113342342344
6601	1122113342342434
6602	1122113342344234
6603	1122113342423344
6604	1122113342423434
6605	1122113342432344
6606	1122113342432434
6607	1122113342434234
6608	1122113344223344
6609	1122113344223434
6610	1122113344232344
6611	1122113344232434
6612	1122113344234234
6613	1122113422333444
6614	1122113422334344
6615	1122113422334434
6616	1122113422343344
6617	1122113422343434
6618	1122113423233444
6619	1122113423234344
6620	1122113423234434
6621	1122113423243344
6622	1122113423243434
6623	1122113423323444
6624	1122113423324344
6625	1122113423324434
6626	1122113423342344
6627	1122113423342434
6628	1122113423344234
6629	1122113423423344
6630	1122113423423434
6631	1122113423432344
6632	1122113423432434
6633	1122113423434234
6634	1122113432233444
6635	1122113432234344
6636	1122113432234434
6637	1122113432243344
6638	1122113432243434
6639	1122113432323444
6640	1122113432324344
6641	1122113432324434
6642	1122113432342344
6643	1122113432342434
6644	1122113432344234
6645	1122113432423344
6646	1122113432423434
6647	1122113432432344
6648	1122113432432434
6649	1122113432434234
6650	1122113434223344
6651	1122113434223434
6652	1122113434232344
6653	1122113434232434
6654	1122113434234234
6655	1122121233334444
6656	1122121233343444
6657	1122121233344344
6658	1122121233344434
6659	1122121233433444
6660	1122121233434344
6661	1122121233434434
6662	1122121233443344
6663	1122121233443434
6664	1122121234333444
6665	1122121234334344
6666	1122121234334434
6667	1122121234343344
6668	1122121234343434
6669	1122121323334444
6670	1122121323343444
6671	1122121323344344
6672	1122121323344434
6673	1122121323433444
6674	1122121323434344
6675	1122121323434434
6676	1122121323443344
6677	1122121323443434
6678	1122121324333444
6679	1122121324334344
6680	1122121324334434
6681	1122121324343344
6682	1122121324343434
6683	1122121332334444
6684	1122121332343444
6685	1122121332344344
6686	1122121332344434
6687	1122121332433444
6688	1122121332434344
6689	1122121332434434
6690	1122121332443344
6691	1122121332443434
6692	1122121333234444
6693	1122121333243444
6694	1122121333244344
6695	1122121333244434
6696	1122121333423444
6697	1122121333424344
6698	1122121333424434
6699	1122121333442344
6700	1122121333442434
6701	1122121333444234
6702	1122121334233444
6703	1122121334234344
6704	1122121334234434
6705	1122121334243344
6706	1122121334243434
6707	1122121334323444
6708	1122121334324344
6709	1122121334324434
6710	1122121334342344
6711	1122121334342434
6712	1122121334344234
6713	1122121334423344
6714	1122121334423434
6715	1122121334432344
6716	1122121334432434
6717	1122121334434234
6718	1122121342333444
6719	1122121342334344
6720	1122121342334434
6721	1122121342343344
6722	1122121342343434
6723	1122121343233444
6724	1122121343234344
6725	1122121343234434
6726	1122121343243344
6727	1122121343243434
6728	1122121343323444
6729	1122121343324344
6730	1122121343324434
6731	1122121343342344
6732	1122121343342434
6733	1122121343344234
6734	1122121343423344
6735	1122121343423434
6736	1122121343432344
6737	1122121343432434
6738	1122121343434234
6739	1122123123334444
6740	1122123123343444
6741	1122123123344344
6742	1122123123344434
6743	1122123123433444
6744	1122123123434344
6745	1122123123434434
6746	1122123123443344
6747	1122123123443434
6748	1122123124333444
6749	1122123124334344
6750	1122123124334434
6751	1122123124343344
6752	1122123124343434
6753	1122123132334444
6754	1122123132343444
6755	1122123132344344
6756	1122123132344434
6757	1122123132433444
6758	1122123132434344
6759	1122123132434434
6760	1122123132443344
6761	1122123132443434
6762	1122123133234444
6763	1122123133243444
6764	1122123133244344
6765	1122123133244434
6766	1122123133423444
6767	1122123133424344
6768	1122123133424434
6769	1122123133442344
6770	1122123133442434
6771	1122123133444234
6772	1122123134233444
6773	1122123134234344
6774	1122123134234434
6775	1122123134243344
6776	1122123134243434
6777	1122123134323444
6778	1122123134324344
6779	1122123134324434
6780	1122123134342344
6781	1122123134342434
6782	1122123134344234
6783	1122123134423344
6784	1122123134423434
6785	1122123134432344
6786	1122123134432434
6787	1122123134434234
6788	1122123142333444
6789	1122123142334344
6790	1122123142334434
6791	1122123142343344
6792	1122123142343434
6793	1122123143233444
6794	1122123143234344
6795	1122123143234434
6796	1122123143243344
6797	1122123143243434
6798	1122123143323444
6799	1122123143324344
6800	1122123143324434
6801	1122123143342344
6802	1122123143342434
6803	1122123143344234
6804	1122123143423344
6805	1122123143423434
6806	1122123143432344
6807	1122123143432434
6808	1122123143434234
6809	1122123312334444
6810	1122123312343444
6811	1122123312344344
6812	1122123312344434
6813	1122123312433444
6814	1122123312434344
6815	1122123312434434
6816	1122123312443344
6817	1122123312443434
6818	1122123313234444
6819	1122123313243444
6820	1122123313244344
6821	1122123313244434
6822	1122123313423444
6823	1122123313424344
6824	1122123313424434
6825	1122123313442344
6826	1122123313442434
6827	1122123313444234
6828	1122123314233444
6829	1122123314234344
6830	1122123314234434
6831	1122123314243344
6832	1122123314243434
6833	1122123314323444
6834	1122123314324344
6835	1122123314324434
6836	1122123314342344
6837	1122123314342434
6838	1122123314344234
6839	1122123314423344
6840	1122123314423434
6841	1122123314432344
6842	1122123314432434
6843	1122123314434234
6844	1122123331234444
6845	1122123331243444
6846	1122123331244344
6847	1122123331244434
6848	1122123331423444
6849	1122123331424344
6850	1122123331424434
6851	1122123331442344
6852	1122123331442434
6853	1122123331444234
6854	1122123334123444
6855	1122123334124344
6856	1122123334124434
6857	1122123334142344
6858	1122123334142434
6859	1122123334144234
6860	1122123334412344
6861	1122123334412434
6862	1122123334414234
6863	1122123334441234
6864	1122123341233444
6865	1122123341234344
6866	1122123341234434
6867	1122123341243344
6868	1122123341243434
6869	1122123341323444
6870	1122123341324344
6871	1122123341324434
6872	1122123341342344
6873	1122123341342434
6874	1122123341344234
6875	1122123341423344
6876	1122123341423434
6877	1122123341432344
6878	1122123341432434
6879	1122123341434234
6880	1122123343123444
6881	1122123343124344
6882	1122123343124434
6883	1122123343142344
6884	1122123343142434
6885	1122123343144234
6886	1122123343412344
6887	1122123343412434
6888	1122123343414234
6889	1122123343441234
6890	1122123344123344
6891	1122123344123434
6892	1122123344132344
6893	1122123344132434
6894	1122123344134234
6895	1122123344312344
6896	1122123344312434
6897	1122123344314234
6898	1122123344341234
6899	1122123412333444
6900	1122123412334344
6901	1122123412334434
6902	1122123412343344
6903	1122123412343434
6904	1122123413233444
6905	1122123413234344
6906	1122123413234434
6907	1122123413243344
6908	1122123413243434
6909	1122123413323444
6910	1122123413324344
6911	1122123413324434
6912	1122123413342344
6913	1122123413342434
6914	1122123413344234
6915	1122123413423344
6916	1122123413423434
6917	1122123413432344
6918	1122123413432434
6919	1122123413434234
6920	1122123431233444
6921	1122123431234344
6922	1122123431234434
6923	1122123431243344
6924	1122123431243434
6925	1122123431323444
6926	1122123431324344
6927	1122123431324434
6928	1122123431342344
6929	1122123431342434
6930	1122123431344234
6931	1122123431423344
6932	1122123431423434
6933	1122123431432344
6934	1122123431432434
6935	1122123431434234
6936	1122123433123444
6937	1122123433124344
6938	1122123433124434
6939	1122123433142344
6940	1122123433142434
6941	1122123433144234
6942	1122123433412344
6943	1122123433412434
6944	1122123433414234
6945	1122123433441234
6946	1122123434123344
6947	1122123434123434
6948	1122123434132344
6949	1122123434132434
6950	1122123434134234
6951	1122123434312344
6952	1122123434312434
6953	1122123434314234
6954	1122123434341234
6955	1122131223334444
6956	1122131223343444
6957	1122131223344344
6958	1122131223344434
6959	1122131223433444
6960	1122131223434344
6961	1122131223434434
6962	1122131223443344
6963	1122131223443434
6964	1122131224333444
6965	1122131224334344
6966	1122131224334434
6967	1122131224343344
6968	1122131224343434
6969	1122131232334444
6970	1122131232343444
6971	1122131232344344
6972	1122131232344434
6973	1122131232433444
6974	1122131232434344
6975	1122131232434434
6976	1122131232443344
6977	1122131232443434
6978	1122131233234444
6979	1122131233243444
6980	1122131233244344
6981	1122131233244434
6982	1122131233423444
6983	1122131233424344
6984	1122131233424434
6985	1122131233442344
6986	1122131233442434
6987	1122131233444234
6988	1122131234233444
6989	1122131234234344
6990	1122131234234434
6991	1122131234243344
6992	1122131234243434
6993	1122131234323444
6994	1122131234324344
6995	1122131234324434
6996	1122131234342344
6997	1122131234342434
6998	1122131234344234
6999	1122131234423344
7000	1122131234423434
7001	1122131234432344
7002	1122131234432434
7003	1122131234434234
7004	1122131242333444
7005	1122131242334344
7006	1122131242334434
7007	1122131242343344
7008	1122131242343434
7009	1122131243233444
7010	1122131243234344
7011	1122131243234434
7012	1122131243243344
7013	1122131243243434
7014	1122131243323444
7015	1122131243324344
7016	1122131243324434
7017	1122131243342344
7018	1122131243342434
7019	1122131243344234
7020	1122131243423344
7021	1122131243423434
7022	1122131243432344
7023	1122131243432434
7024	1122131243434234
7025	1122131322334444
7026	1122131322343444
7027	1122131322344344
7028	1122131322344434
7029	1122131322433444
7030	1122131322434344
7031	1122131322434434
7032	1122131322443344
7033	1122131322443434
7034	1122131323234444
7035	1122131323243444
7036	1122131323244344
7037	1122131323244434
7038	1122131323423444
7039	1122131323424344
7040	1122131323424434
7041	1122131323442344
7042	1122131323442434
7043	1122131323444234
7044	1122131324233444
7045	1122131324234344
7046	1122131324234434
7047	1122131324243344
7048	1122131324243434
7049	1122131324323444
7050	1122131324324344
7051	1122131324324434
7052	1122131324342344
7053	1122131324342434
7054	1122131324344234
7055	1122131324423344
7056	1122131324423434
7057	1122131324432344
7058	1122131324432434
7059	1122131324434234
7060	1122131342233444
7061	1122131342234344
7062	1122131342234434
7063	1122131342243344
7064	1122131342243434
7065	1122131342323444
7066	1122131342324344
7067	1122131342324434
7068	1122131342342344
7069	1122131342342434
7070	1122131342344234
7071	1122131342423344
7072	1122131342423434
7073	1122131342432344
7074	1122131342432434
7075	1122131342434234
7076	1122131344223344
7077	1122131344223434
7078	1122131344232344
7079	1122131344232434
7080	1122131344234234
7081	1122131422333444
7082	1122131422334344
7083	1122131422334434
7084	1122131422343344
7085	1122131422343434
7086	1122131423233444
7087	1122131423234344
7088	1122131423234434
7089	1122131423243344
7090	1122131423243434
7091	1122131423323444
7092	1122131423324344
7093	1122131423324434
7094	1122131423342344
7095	1122131423342434
7096	1122131423344234
7097	1122131423423344
7098	1122131423423434
7099	1122131423432344
7100	1122131423432434
7101	1122131423434234
7102	1122131432233444
7103	1122131432234344
7104	1122131432234434
7105	1122131432243344
7106	1122131432243434
7107	1122131432323444
7108	1122131432324344
7109	1122131432324434
7110	1122131432342344
7111	1122131432342434
7112	1122131432344234
7113	1122131432423344
7114	1122131432423434
7115	1122131432432344
7116	1122131432432434
7117	1122131432434234
7118	1122131434223344
7119	1122131434223434
7120	1122131434232344
7121	1122131434232434
7122	1122131434234234
7123	1122132123334444
7124	1122132123343444
7125	1122132123344344
7126	1122132123344434
7127	1122132123433444
7128	1122132123434344
7129	1122132123434434
7130	1122132123443344
7131	1122132123443434
7132	1122132124333444
7133	1122132124334344
7134	1122132124334434
7135	1122132124343344
7136	1122132124343434
7137	1122132132334444
7138	1122132132343444
7139	1122132132344344
7140	1122132132344434
7141	1122132132433444
7142	1122132132434344
7143	1122132132434434
7144	1122132132443344
7145	1122132132443434
7146	1122132133234444
7147	1122132133243444
7148	1122132133244344
7149	1122132133244434
7150	1122132133423444
7151	1122132133424344
7152	1122132133424434
7153	1122132133442344
7154	1122132133442434
7155	1122132133444234
7156	1122132134233444
7157	1122132134234344
7158	1122132134234434
7159	1122132134243344
7160	1122132134243434
7161	1122132134323444
7162	1122132134324344
7163	1122132134324434
7164	1122132134342344
7165	1122132134342434
7166	1122132134344234
7167	1122132134423344
7168	1122132134423434
7169	1122132134432344
7170	1122132134432434
7171	1122132134434234
7172	1122132142333444
7173	1122132142334344
7174	1122132142334434
7175	1122132142343344
7176	1122132142343434
7177	1122132143233444
7178	1122132143234344
7179	1122132143234434
7180	1122132143243344
7181	1122132143243434
7182	1122132143323444
7183	1122132143324344
7184	1122132143324434
7185	1122132143342344
7186	1122132143342434
7187	1122132143344234
7188	1122132143423344
7189	1122132143423434
7190	1122132143432344
7191	1122132143432434
7192	1122132143434234
7193	1122132312334444
7194	1122132312343444
7195	1122132312344344
7196	1122132312344434
7197	1122132312433444
7198	1122132312434344
7199	1122132312434434
7200	1122132312443344
7201	1122132312443434
7202	1122132313234444
7203	1122132313243444
7204	1122132313244344
7205	1122132313244434
7206	1122132313423444
7207	1122132313424344
7208	1122132313424434
7209	1122132313442344
7210	1122132313442434
7211	1122132313444234
7212	1122132314233444
7213	1122132314234344
7214	1122132314234434
7215	1122132314243344
7216	1122132314243434
7217	1122132314323444
7218	1122132314324344
7219	1122132314324434
7220	1122132314342344
7221	1122132314342434
7222	1122132314344234
7223	1122132314423344
7224	1122132314423434
7225	1122132314432344
7226	1122132314432434
7227	1122132314434234
7228	1122132331234444
7229	1122132331243444
7230	1122132331244344
7231	1122132331244434
7232	1122132331423444
7233	1122132331424344
7234	1122132331424434
7235	1122132331442344
7236	1122132331442434
7237	1122132331444234
7238	1122132334123444
7239	1122132334124344
7240	1122132334124434
7241	1122132334142344
7242	1122132334142434
7243	1122132334144234
7244	1122132334412344
7245	1122132334412434
7246	1122132334414234
7247	1122132334441234
7248	1122132341233444
7249	1122132341234344
7250	1122132341234434
7251	1122132341243344
7252	1122132341243434
7253	1122132341323444
7254	1122132341324344
7255	1122132341324434
7256	1122132341342344
7257	1122132341342434
7258	1122132341344234
7259	1122132341423344
7260	1122132341423434
7261	1122132341432344
7262	1122132341432434
7263	1122132341434234
7264	1122132343123444
7265	1122132343124344
7266	1122132343124434
7267	1122132343142344
7268	1122132343142434
7269	1122132343144234
7270	1122132343412344
7271	1122132343412434
7272	1122132343414234
7273	1122132343441234
7274	1122132344123344
7275	1122132344123434
7276	1122132344132344
7277	1122132344132434
7278	1122132344134234
7279	1122132344312344
7280	1122132344312434
7281	1122132344314234
7282	1122132344341234
7283	1122132412333444
7284	1122132412334344
7285	1122132412334434
7286	1122132412343344
7287	1122132412343434
7288	1122132413233444
7289	1122132413234344
7290	1122132413234434
7291	1122132413243344
7292	1122132413243434
7293	1122132413323444
7294	1122132413324344
7295	1122132413324434
7296	1122132413342344
7297	1122132413342434
7298	1122132413344234
7299	1122132413423344
7300	1122132413423434
7301	1122132413432344
7302	1122132413432434
7303	1122132413434234
7304	1122132431233444
7305	1122132431234344
7306	1122132431234434
7307	1122132431243344
7308	1122132431243434
7309	1122132431323444
7310	1122132431324344
7311	1122132431324434
7312	1122132431342344
7313	1122132431342434
7314	1122132431344234
7315	1122132431423344
7316	1122132431423434
7317	1122132431432344
7318	1122132431432434
7319	1122132431434234
7320	1122132433123444
7321	1122132433124344
7322	1122132433124434
7323	1122132433142344
7324	1122132433142434
7325	1122132433144234
7326	1122132433412344
7327	1122132433412434
7328	1122132433414234
7329	1122132433441234
7330	1122132434123344
7331	1122132434123434
7332	1122132434132344
7333	1122132434132434
7334	1122132434134234
7335	1122132434312344
7336	1122132434312434
7337	1122132434314234
7338	1122132434341234
7339	1122133122334444
7340	1122133122343444
7341	1122133122344344
7342	1122133122344434
7343	1122133122433444
7344	1122133122434344
7345	1122133122434434
7346	1122133122443344
7347	1122133122443434
7348	1122133123234444
7349	1122133123243444
7350	1122133123244344
7351	1122133123244434
7352	1122133123423444
7353	1122133123424344
7354	1122133123424434
7355	1122133123442344
7356	1122133123442434
7357	1122133123444234
7358	1122133124233444
7359	1122133124234344
7360	1122133124234434
7361	1122133124243344
7362	1122133124243434
7363	1122133124323444
7364	1122133124324344
7365	1122133124324434
7366	1122133124342344
7367	1122133124342434
7368	1122133124344234
7369	1122133124423344
7370	1122133124423434
7371	1122133124432344
7372	1122133124432434
7373	1122133124434234
7374	1122133142233444
7375	1122133142234344
7376	1122133142234434
7377	1122133142243344
7378	1122133142243434
7379	1122133142323444
7380	1122133142324344
7381	1122133142324434
7382	1122133142342344
7383	1122133142342434
7384	1122133142344234
7385	1122133142423344
7386	1122133142423434
7387	1122133142432344
7388	1122133142432434
7389	1122133142434234
7390	1122133144223344
7391	1122133144223434
7392	1122133144232344
7393	1122133144232434
7394	1122133144234234
7395	1122133212334444
7396	1122133212343444
7397	1122133212344344
7398	1122133212344434
7399	1122133212433444
7400	1122133212434344
7401	1122133212434434
7402	1122133212443344
7403	1122133212443434
7404	1122133213234444
7405	1122133213243444
7406	1122133213244344
7407	1122133213244434
7408	1122133213423444
7409	1122133213424344
7410	1122133213424434
7411	1122133213442344
7412	1122133213442434
7413	1122133213444234
7414	1122133214233444
7415	1122133214234344
7416	1122133214234434
7417	1122133214243344
7418	1122133214243434
7419	1122133214323444
7420	1122133214324344
7421	1122133214324434
7422	1122133214342344
7423	1122133214342434
7424	1122133214344234
7425	1122133214423344
7426	1122133214423434
7427	1122133214432344
7428	1122133214432434
7429	1122133214434234
7430	1122133231234444
7431	1122133231243444
7432	1122133231244344
7433	1122133231244434
7434	1122133231423444
7435	1122133231424344
7436	1122133231424434
7437	1122133231442344
7438	1122133231442434
7439	1122133231444234
7440	1122133234123444
7441	1122133234124344
7442	1122133234124434
7443	1122133234142344
7444	1122133234142434
7445	1122133234144234
7446	1122133234412344
7447	1122133234412434
7448	1122133234414234
7449	1122133234441234
7450	1122133241233444
7451	1122133241234344
7452	1122133241234434
7453	1122133241243344
7454	1122133241243434
7455	1122133241323444
7456	1122133241324344
7457	1122133241324434
7458	1122133241342344
7459	1122133241342434
7460	1122133241344234
7461	1122133241423344
7462	1122133241423434
7463	1122133241432344
7464	1122133241432434
7465	1122133241434234
7466	1122133243123444
7467	1122133243124344
7468	1122133243124434
7469	1122133243142344
7470	1122133243142434
7471	1122133243144234
7472	1122133243412344
7473	1122133243412434
7474	1122133243414234
7475	1122133243441234
7476	1122133244123344
7477	1122133244123434
7478	1122133244132344
7479	1122133244132434
7480	1122133244134234
7481	1122133244312344
7482	1122133244312434
7483	1122133244314234
7484	1122133244341234
7485	1122133412233444
7486	1122133412234344
7487	1122133412234434
7488	1122133412243344
7489	1122133412243434
7490	1122133412323444
7491	1122133412324344
7492	1122133412324434
7493	1122133412342344
7494	1122133412342434
7495	1122133412344234
7496	1122133412423344
7497	1122133412423434
7498	1122133412432344
7499	1122133412432434
7500	1122133412434234
7501	1122133414223344
7502	1122133414223434
7503	1122133414232344
7504	1122133414232434
7505	1122133414234234
7506	1122133421233444
7507	1122133421234344
7508	1122133421234434
7509	1122133421243344
7510	1122133421243434
7511	1122133421323444
7512	1122133421324344
7513	1122133421324434
7514	1122133421342344
7515	1122133421342434
7516	1122133421344234
7517	1122133421423344
7518	1122133421423434
7519	1122133421432344
7520	1122133421432434
7521	1122133421434234
7522	1122133423123444
7523	1122133423124344
7524	1122133423124434
7525	1122133423142344
7526	1122133423142434
7527	1122133423144234
7528	1122133423412344
7529	1122133423412434
7530	1122133423414234
7531	1122133423441234
7532	1122133424123344
7533	1122133424123434
7534	1122133424132344
7535	1122133424132434
7536	1122133424134234
7537	1122133424312344
7538	1122133424312434
7539	1122133424314234
7540	1122133424341234
7541	1122133441223344
7542	1122133441223434
7543	1122133441232344
7544	1122133441232434
7545	1122133441234234
7546	1122133442123344
7547	1122133442123434
7548	1122133442132344
7549	1122133442132434
7550	1122133442134234
7551	1122133442312344
7552	1122133442312434
7553	1122133442314234
7554	1122133442341234
7555	1122134122333444
7556	1122134122334344
7557	1122134122334434
7558	1122134122343344
7559	1122134122343434
7560	1122134123233444
7561	1122134123234344
7562	1122134123234434
7563	1122134123243344
7564	1122134123243434
7565	1122134123323444
7566	1122134123324344
7567	1122134123324434
7568	1122134123342344
7569	1122134123342434
7570	1122134123344234
7571	1122134123423344
7572	1122134123423434
7573	1122134123432344
7574	1122134123432434
7575	1122134123434234
7576	1122134132233444
7577	1122134132234344
7578	1122134132234434
7579	1122134132243344
7580	1122134132243434
7581	1122134132323444
7582	1122134132324344
7583	1122134132324434
7584	1122134132342344
7585	1122134132342434
7586	1122134132344234
7587	1122134132423344
7588	1122134132423434
7589	1122134132432344
7590	1122134132432434
7591	1122134132434234
7592	1122134134223344
7593	1122134134223434
7594	1122134134232344
7595	1122134134232434
7596	1122134134234234
7597	1122134212333444
7598	1122134212334344
7599	1122134212334434
7600	1122134212343344
7601	1122134212343434
7602	1122134213233444
7603	1122134213234344
7604	1122134213234434
7605	1122134213243344
7606	1122134213243434
7607	1122134213323444
7608	1122134213324344
7609	1122134213324434
7610	1122134213342344
7611	1122134213342434
7612	1122134213344234
7613	1122134213423344
7614	1122134213423434
7615	1122134213432344
7616	1122134213432434
7617	1122134213434234
7618	1122134231233444
7619	1122134231234344
7620	1122134231234434
7621	1122134231243344
7622	1122134231243434
7623	1122134231323444
7624	1122134231324344
7625	1122134231324434
7626	1122134231342344
7627	1122134231342434
7628	1122134231344234
7629	1122134231423344
7630	1122134231423434
7631	1122134231432344
7632	1122134231432434
7633	1122134231434234
7634	1122134233123444
7635	1122134233124344
7636	1122134233124434
7637	1122134233142344
7638	1122134233142434
7639	1122134233144234
7640	1122134233412344
7641	1122134233412434
7642	1122134233414234
7643	1122134233441234
7644	1122134234123344
7645	1122134234123434
7646	1122134234132344
7647	1122134234132434
7648	1122134234134234
7649	1122134234312344
7650	1122134234312434
7651	1122134234314234
7652	1122134234341234
7653	1122134312233444
7654	1122134312234344
7655	1122134312234434
7656	1122134312243344
7657	1122134312243434
7658	1122134312323444
7659	1122134312324344
7660	1122134312324434
7661	1122134312342344
7662	1122134312342434
7663	1122134312344234
7664	1122134312423344
7665	1122134312423434
7666	1122134312432344
7667	1122134312432434
7668	1122134312434234
7669	1122134314223344
7670	1122134314223434
7671	1122134314232344
7672	1122134314232434
7673	1122134314234234
7674	1122134321233444
7675	1122134321234344
7676	1122134321234434
7677	1122134321243344
7678	1122134321243434
7679	1122134321323444
7680	1122134321324344
7681	1122134321324434
7682	1122134321342344
7683	1122134321342434
7684	1122134321344234
7685	1122134321423344
7686	1122134321423434
7687	1122134321432344
7688	1122134321432434
7689	1122134321434234
7690	1122134323123444
7691	1122134323124344
7692	1122134323124434
7693	1122134323142344
7694	1122134323142434
7695	1122134323144234
7696	1122134323412344
7697	1122134323412434
7698	1122134323414234
7699	1122134323441234
7700	1122134324123344
7701	1122134324123434
7702	1122134324132344
7703	1122134324132434
7704	1122134324134234
7705	1122134324312344
7706	1122134324312434
7707	1122134324314234
7708	1122134324341234
7709	1122134341223344
7710	1122134341223434
7711	1122134341232344
7712	1122134341232434
7713	1122134341234234
7714	1122134342123344
7715	1122134342123434
7716	1122134342132344
7717	1122134342132434
7718	1122134342134234
7719	1122134342312344
7720	1122134342312434
7721	1122134342314234
7722	1122134342341234
7723	1122311223334444
7724	1122311223343444
7725	1122311223344344
7726	1122311223344434
7727	1122311223433444
7728	1122311223434344
7729	1122311223434434
7730	1122311223443344
7731	1122311223443434
7732	1122311224333444
7733	1122311224334344
7734	1122311224334434
7735	1122311224343344
7736	1122311224343434
7737	1122311232334444
7738	1122311232343444
7739	1122311232344344
7740	1122311232344434
7741	1122311232433444
7742	1122311232434344
7743	1122311232434434
7744	1122311232443344
7745	1122311232443434
7746	1122311233234444
7747	1122311233243444
7748	1122311233244344
7749	1122311233244434
7750	1122311233423444
7751	1122311233424344
7752	1122311233424434
7753	1122311233442344
7754	1122311233442434
7755	1122311233444234
7756	1122311234233444
7757	1122311234234344
7758	1122311234234434
7759	1122311234243344
7760	1122311234243434
7761	1122311234323444
7762	1122311234324344
7763	1122311234324434
7764	1122311234342344
7765	1122311234342434
7766	1122311234344234
7767	1122311234423344
7768	1122311234423434
7769	1122311234432344
7770	1122311234432434
7771	1122311234434234
7772	1122311242333444
7773	1122311242334344
7774	1122311242334434
7775	1122311242343344
7776	1122311242343434
7777	1122311243233444
7778	1122311243234344
7779	1122311243234434
7780	1122311243243344
7781	1122311243243434
7782	1122311243323444
7783	1122311243324344
7784	1122311243324434
7785	1122311243342344
7786	1122311243342434
7787	1122311243344234
7788	1122311243423344
7789	1122311243423434
7790	1122311243432344
7791	1122311243432434
7792	1122311243434234
7793	1122311322334444
7794	1122311322343444
7795	1122311322344344
7796	1122311322344434
7797	1122311322433444
7798	1122311322434344
7799	1122311322434434
7800	1122311322443344
7801	1122311322443434
7802	1122311323234444
7803	1122311323243444
7804	1122311323244344
7805	1122311323244434
7806	1122311323423444
7807	1122311323424344
7808	1122311323424434
7809	1122311323442344
7810	1122311323442434
7811	1122311323444234
7812	1122311324233444
7813	1122311324234344
7814	1122311324234434
7815	1122311324243344
7816	1122311324243434
7817	1122311324323444
7818	1122311324324344
7819	1122311324324434
7820	1122311324342344
7821	1122311324342434
7822	1122311324344234
7823	1122311324423344
7824	1122311324423434
7825	1122311324432344
7826	1122311324432434
7827	1122311324434234
7828	1122311342233444
7829	1122311342234344
7830	1122311342234434
7831	1122311342243344
7832	1122311342243434
7833	1122311342323444
7834	1122311342324344
7835	1122311342324434
7836	1122311342342344
7837	1122311342342434
7838	1122311342344234
7839	1122311342423344
7840	1122311342423434
7841	1122311342432344
7842	1122311342432434
7843	1122311342434234
7844	1122311344223344
7845	1122311344223434
7846	1122311344232344
7847	1122311344232434
7848	1122311344234234
7849	1122311422333444
7850	1122311422334344
7851	1122311422334434
7852	1122311422343344
7853	1122311422343434
7854	1122311423233444
7855	1122311423234344
7856	1122311423234434
7857	1122311423243344
7858	1122311423243434
7859	1122311423323444
7860	1122311423324344
7861	1122311423324434
7862	1122311423342344
7863	1122311423342434
7864	1122311423344234
7865	1122311423423344
7866	1122311423423434
7867	1122311423432344
7868	1122311423432434
7869	1122311423434234
7870	1122311432233444
7871	1122311432234344
7872	1122311432234434
7873	1122311432243344
7874	1122311432243434
7875	1122311432323444
7876	1122311432324344
7877	1122311432324434
7878	1122311432342344
7879	1122311432342434
7880	1122311432344234
7881	1122311432423344
7882	1122311432423434
7883	1122311432432344
7884	1122311432432434
7885	1122311432434234
7886	1122311434223344
7887	1122311434223434
7888	1122311434232344
7889	1122311434232434
7890	1122311434234234
7891	1122312123334444
7892	1122312123343444
7893	1122312123344344
7894	1122312123344434
7895	1122312123433444
7896	1122312123434344
7897	1122312123434434
7898	1122312123443344
7899	1122312123443434
7900	1122312124333444
7901	1122312124334344
7902	1122312124334434
7903	1122312124343344
7904	1122312124343434
7905	1122312132334444
7906	1122312132343444
7907	1122312132344344
7908	1122312132344434
7909	1122312132433444
7910	1122312132434344
7911	1122312132434434
7912	1122312132443344
7913	1122312132443434
7914	1122312133234444
7915	1122312133243444
7916	1122312133244344
7917	1122312133244434
7918	1122312133423444
7919	1122312133424344
7920	1122312133424434
7921	1122312133442344
7922	1122312133442434
7923	1122312133444234
7924	1122312134233444
7925	1122312134234344
7926	1122312134234434
7927	1122312134243344
7928	1122312134243434
7929	1122312134323444
7930	1122312134324344
7931	1122312134324434
7932	1122312134342344
7933	1122312134342434
7934	1122312134344234
7935	1122312134423344
7936	1122312134423434
7937	1122312134432344
7938	1122312134432434
7939	1122312134434234
7940	1122312142333444
7941	1122312142334344
7942	1122312142334434
7943	1122312142343344
7944	1122312142343434
7945	1122312143233444
7946	1122312143234344
7947	1122312143234434
7948	1122312143243344
7949	1122312143243434
7950	1122312143323444
7951	1122312143324344
7952	1122312143324434
7953	1122312143342344
7954	1122312143342434
7955	1122312143344234
7956	1122312143423344
7957	1122312143423434
7958	1122312143432344
7959	1122312143432434
7960	1122312143434234
7961	1122312312334444
7962	1122312312343444
7963	1122312312344344
7964	1122312312344434
7965	1122312312433444
7966	1122312312434344
7967	1122312312434434
7968	1122312312443344
7969	1122312312443434
7970	1122312313234444
7971	1122312313243444
7972	1122312313244344
7973	1122312313244434
7974	1122312313423444
7975	1122312313424344
7976	1122312313424434
7977	1122312313442344
7978	1122312313442434
7979	1122312313444234
7980	1122312314233444
7981	1122312314234344
7982	1122312314234434
7983	1122312314243344
7984	1122312314243434
7985	1122312314323444
7986	1122312314324344
7987	1122312314324434
7988	1122312314342344
7989	1122312314342434
7990	1122312314344234
7991	1122312314423344
7992	1122312314423434
7993	1122312314432344
7994	1122312314432434
7995	1122312314434234
7996	1122312331234444
7997	1122312331243444
7998	1122312331244344
7999	1122312331244434
8000	1122312331423444
8001	1122312331424344
8002	1122312331424434
8003	1122312331442344
8004	1122312331442434
8005	1122312331444234
8006	1122312334123444
8007	1122312334124344
8008	1122312334124434
8009	1122312334142344
8010	1122312334142434
8011	1122312334144234
8012	1122312334412344
8013	1122312334412434
8014	1122312334414234
8015	1122312334441234
8016	1122312341233444
8017	1122312341234344
8018	1122312341234434
8019	1122312341243344
8020	1122312341243434
8021	1122312341323444
8022	1122312341324344
8023	1122312341324434
8024	1122312341342344
8025	1122312341342434
8026	1122312341344234
8027	1122312341423344
8028	1122312341423434
8029	1122312341432344
8030	1122312341432434
8031	1122312341434234
8032	1122312343123444
8033	1122312343124344
8034	1122312343124434
8035	1122312343142344
8036	1122312343142434
8037	1122312343144234
8038	1122312343412344
8039	1122312343412434
8040	1122312343414234
8041	1122312343441234
8042	1122312344123344
8043	1122312344123434
8044	1122312344132344
8045	1122312344132434
8046	1122312344134234
8047	1122312344312344
8048	1122312344312434
8049	1122312344314234
8050	1122312344341234
8051	1122312412333444
8052	1122312412334344
8053	1122312412334434
8054	1122312412343344
8055	1122312412343434
8056	1122312413233444
8057	1122312413234344
8058	1122312413234434
8059	1122312413243344
8060	1122312413243434
8061	1122312413323444
8062	1122312413324344
8063	1122312413324434
8064	1122312413342344
8065	1122312413342434
8066	1122312413344234
8067	1122312413423344
8068	1122312413423434
8069	1122312413432344
8070	1122312413432434
8071	1122312413434234
8072	1122312431233444
8073	1122312431234344
8074	1122312431234434
8075	1122312431243344
8076	1122312431243434
8077	1122312431323444
8078	1122312431324344
8079	1122312431324434
8080	1122312431342344
8081	1122312431342434
8082	1122312431344234
8083	1122312431423344
8084	1122312431423434
8085	1122312431432344
8086	1122312431432434
8087	1122312431434234
8088	1122312433123444
8089	1122312433124344
8090	1122312433124434
8091	1122312433142344
8092	1122312433142434
8093	1122312433144234
8094	1122312433412344
8095	1122312433412434
8096	1122312433414234
8097	1122312433441234
8098	1122312434123344
8099	1122312434123434
8100	1122312434132344
8101	1122312434132434
8102	1122312434134234
8103	1122312434312344
8104	1122312434312434
8105	1122312434314234
8106	1122312434341234
8107	1122313122334444
8108	1122313122343444
8109	1122313122344344
8110	1122313122344434
8111	1122313122433444
8112	1122313122434344
8113	1122313122434434
8114	1122313122443344
8115	1122313122443434
8116	1122313123234444
8117	1122313123243444
8118	1122313123244344
8119	1122313123244434
8120	1122313123423444
8121	1122313123424344
8122	1122313123424434
8123	1122313123442344
8124	1122313123442434
8125	1122313123444234
8126	1122313124233444
8127	1122313124234344
8128	1122313124234434
8129	1122313124243344
8130	1122313124243434
8131	1122313124323444
8132	1122313124324344
8133	1122313124324434
8134	1122313124342344
8135	1122313124342434
8136	1122313124344234
8137	1122313124423344
8138	1122313124423434
8139	1122313124432344
8140	1122313124432434
8141	1122313124434234
8142	1122313142233444
8143	1122313142234344
8144	1122313142234434
8145	1122313142243344
8146	1122313142243434
8147	1122313142323444
8148	1122313142324344
8149	1122313142324434
8150	1122313142342344
8151	1122313142342434
8152	1122313142344234
8153	1122313142423344
8154	1122313142423434
8155	1122313142432344
8156	1122313142432434
8157	1122313142434234
8158	1122313144223344
8159	1122313144223434
8160	1122313144232344
8161	1122313144232434
8162	1122313144234234
8163	1122313212334444
8164	1122313212343444
8165	1122313212344344
8166	1122313212344434
8167	1122313212433444
8168	1122313212434344
8169	1122313212434434
8170	1122313212443344
8171	1122313212443434
8172	1122313213234444
8173	1122313213243444
8174	1122313213244344
8175	1122313213244434
8176	1122313213423444
8177	1122313213424344
8178	1122313213424434
8179	1122313213442344
8180	1122313213442434
8181	1122313213444234
8182	1122313214233444
8183	1122313214234344
8184	1122313214234434
8185	1122313214243344
8186	1122313214243434
8187	1122313214323444
8188	1122313214324344
8189	1122313214324434
8190	1122313214342344
8191	1122313214342434
8192	1122313214344234
8193	1122313214423344
8194	1122313214423434
8195	1122313214432344
8196	1122313214432434
8197	1122313214434234
8198	1122313231234444
8199	1122313231243444
8200	1122313231244344
8201	1122313231244434
8202	1122313231423444
8203	1122313231424344
8204	1122313231424434
8205	1122313231442344
8206	1122313231442434
8207	1122313231444234
8208	1122313234123444
8209	1122313234124344
8210	1122313234124434
8211	1122313234142344
8212	1122313234142434
8213	1122313234144234
8214	1122313234412344
8215	1122313234412434
8216	1122313234414234
8217	1122313234441234
8218	1122313241233444
8219	1122313241234344
8220	1122313241234434
8221	1122313241243344
8222	1122313241243434
8223	1122313241323444
8224	1122313241324344
8225	1122313241324434
8226	1122313241342344
8227	1122313241342434
8228	1122313241344234
8229	1122313241423344
8230	1122313241423434
8231	1122313241432344
8232	1122313241432434
8233	1122313241434234
8234	1122313243123444
8235	1122313243124344
8236	1122313243124434
8237	1122313243142344
8238	1122313243142434
8239	1122313243144234
8240	1122313243412344
8241	1122313243412434
8242	1122313243414234
8243	1122313243441234
8244	1122313244123344
8245	1122313244123434
8246	1122313244132344
8247	1122313244132434
8248	1122313244134234
8249	1122313244312344
8250	1122313244312434
8251	1122313244314234
8252	1122313244341234
8253	1122313412233444
8254	1122313412234344
8255	1122313412234434
8256	1122313412243344
8257	1122313412243434
8258	1122313412323444
8259	1122313412324344
8260	1122313412324434
8261	1122313412342344
8262	1122313412342434
8263	1122313412344234
8264	1122313412423344
8265	1122313412423434
8266	1122313412432344
8267	1122313412432434
8268	1122313412434234
8269	1122313414223344
8270	1122313414223434
8271	1122313414232344
8272	1122313414232434
8273	1122313414234234
8274	1122313421233444
8275	1122313421234344
8276	1122313421234434
8277	1122313421243344
8278	1122313421243434
8279	1122313421323444
8280	1122313421324344
8281	1122313421324434
8282	1122313421342344
8283	1122313421342434
8284	1122313421344234
8285	1122313421423344
8286	1122313421423434
8287	1122313421432344
8288	1122313421432434
8289	1122313421434234
8290	1122313423123444
8291	1122313423124344
8292	1122313423124434
8293	1122313423142344
8294	1122313423142434
8295	1122313423144234
8296	1122313423412344
8297	1122313423412434
8298	1122313423414234
8299	1122313423441234
8300	1122313424123344
8301	1122313424123434
8302	1122313424132344
8303	1122313424132434
8304	1122313424134234
8305	1122313424312344
8306	1122313424312434
8307	1122313424314234
8308	1122313424341234
8309	1122313441223344
8310	1122313441223434
8311	1122313441232344
8312	1122313441232434
8313	1122313441234234
8314	1122313442123344
8315	1122313442123434
8316	1122313442132344
8317	1122313442132434
8318	1122313442134234
8319	1122313442312344
8320	1122313442312434
8321	1122313442314234
8322	1122313442341234
8323	1122314122333444
8324	1122314122334344
8325	1122314122334434
8326	1122314122343344
8327	1122314122343434
8328	1122314123233444
8329	1122314123234344
8330	1122314123234434
8331	1122314123243344
8332	1122314123243434
8333	1122314123323444
8334	1122314123324344
8335	1122314123324434
8336	1122314123342344
8337	1122314123342434
8338	1122314123344234
8339	1122314123423344
8340	1122314123423434
8341	1122314123432344
8342	1122314123432434
8343	1122314123434234
8344	1122314132233444
8345	1122314132234344
8346	1122314132234434
8347	1122314132243344
8348	1122314132243434
8349	1122314132323444
8350	1122314132324344
8351	1122314132324434
8352	1122314132342344
8353	1122314132342434
8354	1122314132344234
8355	1122314132423344
8356	1122314132423434
8357	1122314132432344
8358	1122314132432434
8359	1122314132434234
8360	1122314134223344
8361	1122314134223434
8362	1122314134232344
8363	1122314134232434
8364	1122314134234234
8365	1122314212333444
8366	1122314212334344
8367	1122314212334434
8368	1122314212343344
8369	1122314212343434
8370	1122314213233444
8371	1122314213234344
8372	1122314213234434
8373	1122314213243344
8374	1122314213243434
8375	1122314213323444
8376	1122314213324344
8377	1122314213324434
8378	1122314213342344
8379	1122314213342434
8380	1122314213344234
8381	1122314213423344
8382	1122314213423434
8383	1122314213432344
8384	1122314213432434
8385	1122314213434234
8386	1122314231233444
8387	1122314231234344
8388	1122314231234434
8389	1122314231243344
8390	1122314231243434
8391	1122314231323444
8392	1122314231324344
8393	1122314231324434
8394	1122314231342344
8395	1122314231342434
8396	1122314231344234
8397	1122314231423344
8398	1122314231423434
8399	1122314231432344
8400	1122314231432434
8401	1122314231434234
8402	1122314233123444
8403	1122314233124344
8404	1122314233124434
8405	1122314233142344
8406	1122314233142434
8407	1122314233144234
8408	1122314233412344
8409	1122314233412434
8410	1122314233414234
8411	1122314233441234
8412	1122314234123344
8413	1122314234123434
8414	1122314234132344
8415	1122314234132434
8416	1122314234134234
8417	1122314234312344
8418	1122314234312434
8419	1122314234314234
8420	1122314234341234
8421	1122314312233444
8422	1122314312234344
8423	1122314312234434
8424	1122314312243344
8425	1122314312243434
8426	1122314312323444
8427	1122314312324344
8428	1122314312324434
8429	1122314312342344
8430	1122314312342434
8431	1122314312344234
8432	1122314312423344
8433	1122314312423434
8434	1122314312432344
8435	1122314312432434
8436	1122314312434234
8437	1122314314223344
8438	1122314314223434
8439	1122314314232344
8440	1122314314232434
8441	1122314314234234
8442	1122314321233444
8443	1122314321234344
8444	1122314321234434
8445	1122314321243344
8446	1122314321243434
8447	1122314321323444
8448	1122314321324344
8449	1122314321324434
8450	1122314321342344
8451	1122314321342434
8452	1122314321344234
8453	1122314321423344
8454	1122314321423434
8455	1122314321432344
8456	1122314321432434
8457	1122314321434234
8458	1122314323123444
8459	1122314323124344
8460	1122314323124434
8461	1122314323142344
8462	1122314323142434
8463	1122314323144234
8464	1122314323412344
8465	1122314323412434
8466	1122314323414234
8467	1122314323441234
8468	1122314324123344
8469	1122314324123434
8470	1122314324132344
8471	1122314324132434
8472	1122314324134234
8473	1122314324312344
8474	1122314324312434
8475	1122314324314234
8476	1122314324341234
8477	1122314341223344
8478	1122314341223434
8479	1122314341232344
8480	1122314341232434
8481	1122314341234234
8482	1122314342123344
8483	1122314342123434
8484	1122314342132344
8485	1122314342132434
8486	1122314342134234
8487	1122314342312344
8488	1122314342312434
8489	1122314342314234
8490	1122314342341234
8491	1122331122334444
8492	1122331122343444
8493	1122331122344344
8494	1122331122344434
8495	1122331122433444
8496	1122331122434344
8497	1122331122434434
8498	1122331122443344
8499	1122331122443434
8500	1122331123234444
8501	1122331123243444
8502	1122331123244344
8503	1122331123244434
8504	1122331123423444
8505	1122331123424344
8506	1122331123424434
8507	1122331123442344
8508	1122331123442434
8509	1122331123444234
8510	1122331124233444
8511	1122331124234344
8512	1122331124234434
8513	1122331124243344
8514	1122331124243434
8515	1122331124323444
8516	1122331124324344
8517	1122331124324434
8518	1122331124342344
8519	1122331124342434
8520	1122331124344234
8521	1122331124423344
8522	1122331124423434
8523	1122331124432344
8524	1122331124432434
8525	1122331124434234
8526	1122331142233444
8527	1122331142234344
8528	1122331142234434
8529	1122331142243344
8530	1122331142243434
8531	1122331142323444
8532	1122331142324344
8533	1122331142324434
8534	1122331142342344
8535	1122331142342434
8536	1122331142344234
8537	1122331142423344
8538	1122331142423434
8539	1122331142432344
8540	1122331142432434
8541	1122331142434234
8542	1122331144223344
8543	1122331144223434
8544	1122331144232344
8545	1122331144232434
8546	1122331144234234
8547	1122331212334444
8548	1122331212343444
8549	1122331212344344
8550	1122331212344434
8551	1122331212433444
8552	1122331212434344
8553	1122331212434434
8554	1122331212443344
8555	1122331212443434
8556	1122331213234444
8557	1122331213243444
8558	1122331213244344
8559	1122331213244434
8560	1122331213423444
8561	1122331213424344
8562	1122331213424434
8563	1122331213442344
8564	1122331213442434
8565	1122331213444234
8566	1122331214233444
8567	1122331214234344
8568	1122331214234434
8569	1122331214243344
8570	1122331214243434
8571	1122331214323444
8572	1122331214324344
8573	1122331214324434
8574	1122331214342344
8575	1122331214342434
8576	1122331214344234
8577	1122331214423344
8578	1122331214423434
8579	1122331214432344
8580	1122331214432434
8581	1122331214434234
8582	1122331231234444
8583	1122331231243444
8584	1122331231244344
8585	1122331231244434
8586	1122331231423444
8587	1122331231424344
8588	1122331231424434
8589	1122331231442344
8590	1122331231442434
8591	1122331231444234
8592	1122331234123444
8593	1122331234124344
8594	1122331234124434
8595	1122331234142344
8596	1122331234142434
8597	1122331234144234
8598	1122331234412344
8599	1122331234412434
8600	1122331234414234
8601	1122331234441234
8602	1122331241233444
8603	1122331241234344
8604	1122331241234434
8605	1122331241243344
8606	1122331241243434
8607	1122331241323444
8608	1122331241324344
8609	1122331241324434
8610	1122331241342344
8611	1122331241342434
8612	1122331241344234
8613	1122331241423344
8614	1122331241423434
8615	1122331241432344
8616	1122331241432434
8617	1122331241434234
8618	1122331243123444
8619	1122331243124344
8620	1122331243124434
8621	1122331243142344
8622	1122331243142434
8623	1122331243144234
8624	1122331243412344
8625	1122331243412434
8626	1122331243414234
8627	1122331243441234
8628	1122331244123344
8629	1122331244123434
8630	1122331244132344
8631	1122331244132434
8632	1122331244134234
8633	1122331244312344
8634	1122331244312434
8635	1122331244314234
8636	1122331244341234
8637	1122331412233444
8638	1122331412234344
8639	1122331412234434
8640	1122331412243344
8641	1122331412243434
8642	1122331412323444
8643	1122331412324344
8644	1122331412324434
8645	1122331412342344
8646	1122331412342434
8647	1122331412344234
8648	1122331412423344
8649	1122331412423434
8650	1122331412432344
8651	1122331412432434
8652	1122331412434234
8653	1122331414223344
8654	1122331414223434
8655	1122331414232344
8656	1122331414232434
8657	1122331414234234
8658	1122331421233444
8659	1122331421234344
8660	1122331421234434
8661	1122331421243344
8662	1122331421243434
8663	1122331421323444
8664	1122331421324344
8665	1122331421324434
8666	1122331421342344
8667	1122331421342434
8668	1122331421344234
8669	1122331421423344
8670	1122331421423434
8671	1122331421432344
8672	1122331421432434
8673	1122331421434234
8674	1122331423123444
8675	1122331423124344
8676	1122331423124434
8677	1122331423142344
8678	1122331423142434
8679	1122331423144234
8680	1122331423412344
8681	1122331423412434
8682	1122331423414234
8683	1122331423441234
8684	1122331424123344
8685	1122331424123434
8686	1122331424132344
8687	1122331424132434
8688	1122331424134234
8689	1122331424312344
8690	1122331424312434
8691	1122331424314234
8692	1122331424341234
8693	1122331441223344
8694	1122331441223434
8695	1122331441232344
8696	1122331441232434
8697	1122331441234234
8698	1122331442123344
8699	1122331442123434
8700	1122331442132344
8701	1122331442132434
8702	1122331442134234
8703	1122331442312344
8704	1122331442312434
8705	1122331442314234
8706	1122331442341234
8707	1122334112233444
8708	1122334112234344
8709	1122334112234434
8710	1122334112243344
8711	1122334112243434
8712	1122334112323444
8713	1122334112324344
8714	1122334112324434
8715	1122334112342344
8716	1122334112342434
8717	1122334112344234
8718	1122334112423344
8719	1122334112423434
8720	1122334112432344
8721	1122334112432434
8722	1122334112434234
8723	1122334114223344
8724	1122334114223434
8725	1122334114232344
8726	1122334114232434
8727	1122334114234234
8728	1122334121233444
8729	1122334121234344
8730	1122334121234434
8731	1122334121243344
8732	1122334121243434
8733	1122334121323444
8734	1122334121324344
8735	1122334121324434
8736	1122334121342344
8737	1122334121342434
8738	1122334121344234
8739	1122334121423344
8740	1122334121423434
8741	1122334121432344
8742	1122334121432434
8743	1122334121434234
8744	1122334123123444
8745	1122334123124344
8746	1122334123124434
8747	1122334123142344
8748	1122334123142434
8749	1122334123144234
8750	1122334123412344
8751	1122334123412434
8752	1122334123414234
8753	1122334123441234
8754	1122334124123344
8755	1122334124123434
8756	1122334124132344
8757	1122334124132434
8758	1122334124134234
8759	1122334124312344
8760	1122334124312434
8761	1122334124314234
8762	1122334124341234
8763	1122334141223344
8764	1122334141223434
8765	1122334141232344
8766	1122334141232434
8767	1122334141234234
8768	1122334142123344
8769	1122334142123434
8770	1122334142132344
8771	1122334142132434
8772	1122334142134234
8773	1122334142312344
8774	1122334142312434
8775	1122334142314234
8776	1122334142341234
8777	1122334411223344
8778	1122334411223434
8779	1122334411232344
8780	1122334411232434
8781	1122334411234234
8782	1122334412123344
8783	1122334412123434
8784	1122334412132344
8785	1122334412132434
8786	1122334412134234
8787	1122334412312344
8788	1122334412312434
8789	1122334412314234
8790	1122334412341234
8791	1122341122333444
8792	1122341122334344
8793	1122341122334434
8794	1122341122343344
8795	1122341122343434
8796	1122341123233444
8797	1122341123234344
8798	1122341123234434
8799	1122341123243344
8800	1122341123243434
8801	1122341123323444
8802	1122341123324344
8803	1122341123324434
8804	1122341123342344
8805	1122341123342434
8806	1122341123344234
8807	1122341123423344
8808	1122341123423434
8809	1122341123432344
8810	1122341123432434
8811	1122341123434234
8812	1122341132233444
8813	1122341132234344
8814	1122341132234434
8815	1122341132243344
8816	1122341132243434
8817	1122341132323444
8818	1122341132324344
8819	1122341132324434
8820	1122341132342344
8821	1122341132342434
8822	1122341132344234
8823	1122341132423344
8824	1122341132423434
8825	1122341132432344
8826	1122341132432434
8827	1122341132434234
8828	1122341134223344
8829	1122341134223434
8830	1122341134232344
8831	1122341134232434
8832	1122341134234234
8833	1122341212333444
8834	1122341212334344
8835	1122341212334434
8836	1122341212343344
8837	1122341212343434
8838	1122341213233444
8839	1122341213234344
8840	1122341213234434
8841	1122341213243344
8842	1122341213243434
8843	1122341213323444
8844	1122341213324344
8845	1122341213324434
8846	1122341213342344
8847	1122341213342434
8848	1122341213344234
8849	1122341213423344
8850	1122341213423434
8851	1122341213432344
8852	1122341213432434
8853	1122341213434234
8854	1122341231233444
8855	1122341231234344
8856	1122341231234434
8857	1122341231243344
8858	1122341231243434
8859	1122341231323444
8860	1122341231324344
8861	1122341231324434
8862	1122341231342344
8863	1122341231342434
8864	1122341231344234
8865	1122341231423344
8866	1122341231423434
8867	1122341231432344
8868	1122341231432434
8869	1122341231434234
8870	1122341233123444
8871	1122341233124344
8872	1122341233124434
8873	1122341233142344
8874	1122341233142434
8875	1122341233144234
8876	1122341233412344
8877	1122341233412434
8878	1122341233414234
8879	1122341233441234
8880	1122341234123344
8881	1122341234123434
8882	1122341234132344
8883	1122341234132434
8884	1122341234134234
8885	1122341234312344
8886	1122341234312434
8887	1122341234314234
8888	1122341234341234
8889	1122341312233444
8890	1122341312234344
8891	1122341312234434
8892	1122341312243344
8893	1122341312243434
8894	1122341312323444
8895	1122341312324344
8896	1122341312324434
8897	1122341312342344
8898	1122341312342434
8899	1122341312344234
8900	1122341312423344
8901	1122341312423434
8902	1122341312432344
8903	1122341312432434
8904	1122341312434234
8905	1122341314223344
8906	1122341314223434
8907	1122341314232344
8908	1122341314232434
8909	1122341314234234
8910	1122341321233444
8911	1122341321234344
8912	1122341321234434
8913	1122341321243344
8914	1122341321243434
8915	1122341321323444
8916	1122341321324344
8917	1122341321324434
8918	1122341321342344
8919	1122341321342434
8920	1122341321344234
8921	1122341321423344
8922	1122341321423434
8923	1122341321432344
8924	1122341321432434
8925	1122341321434234
8926	1122341323123444
8927	1122341323124344
8928	1122341323124434
8929	1122341323142344
8930	1122341323142434
8931	1122341323144234
8932	1122341323412344
8933	1122341323412434
8934	1122341323414234
8935	1122341323441234
8936	1122341324123344
8937	1122341324123434
8938	1122341324132344
8939	1122341324132434
8940	1122341324134234
8941	1122341324312344
8942	1122341324312434
8943	1122341324314234
8944	1122341324341234
8945	1122341341223344
8946	1122341341223434
8947	1122341341232344
8948	1122341341232434
8949	1122341341234234
8950	1122341342123344
8951	1122341342123434
8952	1122341342132344
8953	1122341342132434
8954	1122341342134234
8955	1122341342312344
8956	1122341342312434
8957	1122341342314234
8958	1122341342341234
8959	1122343112233444
8960	1122343112234344
8961	1122343112234434
8962	1122343112243344
8963	1122343112243434
8964	1122343112323444
8965	1122343112324344
8966	1122343112324434
8967	1122343112342344
8968	1122343112342434
8969	1122343112344234
8970	1122343112423344
8971	1122343112423434
8972	1122343112432344
8973	1122343112432434
8974	1122343112434234
8975	1122343114223344
8976	1122343114223434
8977	1122343114232344
8978	1122343114232434
8979	1122343114234234
8980	1122343121233444
8981	1122343121234344
8982	1122343121234434
8983	1122343121243344
8984	1122343121243434
8985	1122343121323444
8986	1122343121324344
8987	1122343121324434
8988	1122343121342344
8989	1122343121342434
8990	1122343121344234
8991	1122343121423344
8992	1122343121423434
8993	1122343121432344
8994	1122343121432434
8995	1122343121434234
8996	1122343123123444
8997	1122343123124344
8998	1122343123124434
8999	1122343123142344
9000	1122343123142434
9001	1122343123144234
9002	1122343123412344
9003	1122343123412434
9004	1122343123414234
9005	1122343123441234
9006	1122343124123344
9007	1122343124123434
9008	1122343124132344
9009	1122343124132434
9010	1122343124134234
9011	1122343124312344
9012	1122343124312434
9013	1122343124314234
9014	1122343124341234
9015	1122343141223344
9016	1122343141223434
9017	1122343141232344
9018	1122343141232434
9019	1122343141234234
9020	1122343142123344
9021	1122343142123434
9022	1122343142132344
9023	1122343142132434
9024	1122343142134234
9025	1122343142312344
9026	1122343142312434
9027	1122343142314234
9028	1122343142341234
9029	1122343411223344
9030	1122343411223434
9031	1122343411232344
9032	1122343411232434
9033	1122343411234234
9034	1122343412123344
9035	1122343412123434
9036	1122343412132344
9037	1122343412132434
9038	1122343412134234
9039	1122343412312344
9040	1122343412312434
9041	1122343412314234
9042	1122343412341234
9043	1123112223334444
9044	1123112223343444
9045	1123112223344344
9046	1123112223344434
9047	1123112223433444
9048	1123112223434344
9049	1123112223434434
9050	1123112223443344
9051	1123112223443434
9052	1123112224333444
9053	1123112224334344
9054	1123112224334434
9055	1123112224343344
9056	1123112224343434
9057	1123112232334444
9058	1123112232343444
9059	1123112232344344
9060	1123112232344434
9061	1123112232433444
9062	1123112232434344
9063	1123112232434434
9064	1123112232443344
9065	1123112232443434
9066	1123112233234444
9067	1123112233243444
9068	1123112233244344
9069	1123112233244434
9070	1123112233423444
9071	1123112233424344
9072	1123112233424434
9073	1123112233442344
9074	1123112233442434
9075	1123112233444234
9076	1123112234233444
9077	1123112234234344
9078	1123112234234434
9079	1123112234243344
9080	1123112234243434
9081	1123112234323444
9082	1123112234324344
9083	1123112234324434
9084	1123112234342344
9085	1123112234342434
9086	1123112234344234
9087	1123112234423344
9088	1123112234423434
9089	1123112234432344
9090	1123112234432434
9091	1123112234434234
9092	1123112242333444
9093	1123112242334344
9094	1123112242334434
9095	1123112242343344
9096	1123112242343434
9097	1123112243233444
9098	1123112243234344
9099	1123112243234434
9100	1123112243243344
9101	1123112243243434
9102	1123112243323444
9103	1123112243324344
9104	1123112243324434
9105	1123112243342344
9106	1123112243342434
9107	1123112243344234
9108	1123112243423344
9109	1123112243423434
9110	1123112243432344
9111	1123112243432434
9112	1123112243434234
9113	1123112322334444
9114	1123112322343444
9115	1123112322344344
9116	1123112322344434
9117	1123112322433444
9118	1123112322434344
9119	1123112322434434
9120	1123112322443344
9121	1123112322443434
9122	1123112323234444
9123	1123112323243444
9124	1123112323244344
9125	1123112323244434
9126	1123112323423444
9127	1123112323424344
9128	1123112323424434
9129	1123112323442344
9130	1123112323442434
9131	1123112323444234
9132	1123112324233444
9133	1123112324234344
9134	1123112324234434
9135	1123112324243344
9136	1123112324243434
9137	1123112324323444
9138	1123112324324344
9139	1123112324324434
9140	1123112324342344
9141	1123112324342434
9142	1123112324344234
9143	1123112324423344
9144	1123112324423434
9145	1123112324432344
9146	1123112324432434
9147	1123112324434234
9148	1123112342233444
9149	1123112342234344
9150	1123112342234434
9151	1123112342243344
9152	1123112342243434
9153	1123112342323444
9154	1123112342324344
9155	1123112342324434
9156	1123112342342344
9157	1123112342342434
9158	1123112342344234
9159	1123112342423344
9160	1123112342423434
9161	1123112342432344
9162	1123112342432434
9163	1123112342434234
9164	1123112344223344
9165	1123112344223434
9166	1123112344232344
9167	1123112344232434
9168	1123112344234234
9169	1123112422333444
9170	1123112422334344
9171	1123112422334434
9172	1123112422343344
9173	1123112422343434
9174	1123112423233444
9175	1123112423234344
9176	1123112423234434
9177	1123112423243344
9178	1123112423243434
9179	1123112423323444
9180	1123112423324344
9181	1123112423324434
9182	1123112423342344
9183	1123112423342434
9184	1123112423344234
9185	1123112423423344
9186	1123112423423434
9187	1123112423432344
9188	1123112423432434
9189	1123112423434234
9190	1123112432233444
9191	1123112432234344
9192	1123112432234434
9193	1123112432243344
9194	1123112432243434
9195	1123112432323444
9196	1123112432324344
9197	1123112432324434
9198	1123112432342344
9199	1123112432342434
9200	1123112432344234
9201	1123112432423344
9202	1123112432423434
9203	1123112432432344
9204	1123112432432434
9205	1123112432434234
9206	1123112434223344
9207	1123112434223434
9208	1123112434232344
9209	1123112434232434
9210	1123112434234234
9211	1123114222333444
9212	1123114222334344
9213	1123114222334434
9214	1123114222343344
9215	1123114222343434
9216	1123114223233444
9217	1123114223234344
9218	1123114223234434
9219	1123114223243344
9220	1123114223243434
9221	1123114223323444
9222	1123114223324344
9223	1123114223324434
9224	1123114223342344
9225	1123114223342434
9226	1123114223344234
9227	1123114223423344
9228	1123114223423434
9229	1123114223432344
9230	1123114223432434
9231	1123114223434234
9232	1123114232233444
9233	1123114232234344
9234	1123114232234434
9235	1123114232243344
9236	1123114232243434
9237	1123114232323444
9238	1123114232324344
9239	1123114232324434
9240	1123114232342344
9241	1123114232342434
9242	1123114232344234
9243	1123114232423344
9244	1123114232423434
9245	1123114232432344
9246	1123114232432434
9247	1123114232434234
9248	1123114234223344
9249	1123114234223434
9250	1123114234232344
9251	1123114234232434
9252	1123114234234234
9253	1123121223334444
9254	1123121223343444
9255	1123121223344344
9256	1123121223344434
9257	1123121223433444
9258	1123121223434344
9259	1123121223434434
9260	1123121223443344
9261	1123121223443434
9262	1123121224333444
9263	1123121224334344
9264	1123121224334434
9265	1123121224343344
9266	1123121224343434
9267	1123121232334444
9268	1123121232343444
9269	1123121232344344
9270	1123121232344434
9271	1123121232433444
9272	1123121232434344
9273	1123121232434434
9274	1123121232443344
9275	1123121232443434
9276	1123121233234444
9277	1123121233243444
9278	1123121233244344
9279	1123121233244434
9280	1123121233423444
9281	1123121233424344
9282	1123121233424434
9283	1123121233442344
9284	1123121233442434
9285	1123121233444234
9286	1123121234233444
9287	1123121234234344
9288	1123121234234434
9289	1123121234243344
9290	1123121234243434
9291	1123121234323444
9292	1123121234324344
9293	1123121234324434
9294	1123121234342344
9295	1123121234342434
9296	1123121234344234
9297	1123121234423344
9298	1123121234423434
9299	1123121234432344
9300	1123121234432434
9301	1123121234434234
9302	1123121242333444
9303	1123121242334344
9304	1123121242334434
9305	1123121242343344
9306	1123121242343434
9307	1123121243233444
9308	1123121243234344
9309	1123121243234434
9310	1123121243243344
9311	1123121243243434
9312	1123121243323444
9313	1123121243324344
9314	1123121243324434
9315	1123121243342344
9316	1123121243342434
9317	1123121243344234
9318	1123121243423344
9319	1123121243423434
9320	1123121243432344
9321	1123121243432434
9322	1123121243434234
9323	1123121322334444
9324	1123121322343444
9325	1123121322344344
9326	1123121322344434
9327	1123121322433444
9328	1123121322434344
9329	1123121322434434
9330	1123121322443344
9331	1123121322443434
9332	1123121323234444
9333	1123121323243444
9334	1123121323244344
9335	1123121323244434
9336	1123121323423444
9337	1123121323424344
9338	1123121323424434
9339	1123121323442344
9340	1123121323442434
9341	1123121323444234
9342	1123121324233444
9343	1123121324234344
9344	1123121324234434
9345	1123121324243344
9346	1123121324243434
9347	1123121324323444
9348	1123121324324344
9349	1123121324324434
9350	1123121324342344
9351	1123121324342434
9352	1123121324344234
9353	1123121324423344
9354	1123121324423434
9355	1123121324432344
9356	1123121324432434
9357	1123121324434234
9358	1123121342233444
9359	1123121342234344
9360	1123121342234434
9361	1123121342243344
9362	1123121342243434
9363	1123121342323444
9364	1123121342324344
9365	1123121342324434
9366	1123121342342344
9367	1123121342342434
9368	1123121342344234
9369	1123121342423344
9370	1123121342423434
9371	1123121342432344
9372	1123121342432434
9373	1123121342434234
9374	1123121344223344
9375	1123121344223434
9376	1123121344232344
9377	1123121344232434
9378	1123121344234234
9379	1123121422333444
9380	1123121422334344
9381	1123121422334434
9382	1123121422343344
9383	1123121422343434
9384	1123121423233444
9385	1123121423234344
9386	1123121423234434
9387	1123121423243344
9388	1123121423243434
9389	1123121423323444
9390	1123121423324344
9391	1123121423324434
9392	1123121423342344
9393	1123121423342434
9394	1123121423344234
9395	1123121423423344
9396	1123121423423434
9397	1123121423432344
9398	1123121423432434
9399	1123121423434234
9400	1123121432233444
9401	1123121432234344
9402	1123121432234434
9403	1123121432243344
9404	1123121432243434
9405	1123121432323444
9406	1123121432324344
9407	1123121432324434
9408	1123121432342344
9409	1123121432342434
9410	1123121432344234
9411	1123121432423344
9412	1123121432423434
9413	1123121432432344
9414	1123121432432434
9415	1123121432434234
9416	1123121434223344
9417	1123121434223434
9418	1123121434232344
9419	1123121434232434
9420	1123121434234234
9421	1123122123334444
9422	1123122123343444
9423	1123122123344344
9424	1123122123344434
9425	1123122123433444
9426	1123122123434344
9427	1123122123434434
9428	1123122123443344
9429	1123122123443434
9430	1123122124333444
9431	1123122124334344
9432	1123122124334434
9433	1123122124343344
9434	1123122124343434
9435	1123122132334444
9436	1123122132343444
9437	1123122132344344
9438	1123122132344434
9439	1123122132433444
9440	1123122132434344
9441	1123122132434434
9442	1123122132443344
9443	1123122132443434
9444	1123122133234444
9445	1123122133243444
9446	1123122133244344
9447	1123122133244434
9448	1123122133423444
9449	1123122133424344
9450	1123122133424434
9451	1123122133442344
9452	1123122133442434
9453	1123122133444234
9454	1123122134233444
9455	1123122134234344
9456	1123122134234434
9457	1123122134243344
9458	1123122134243434
9459	1123122134323444
9460	1123122134324344
9461	1123122134324434
9462	1123122134342344
9463	1123122134342434
9464	1123122134344234
9465	1123122134423344
9466	1123122134423434
9467	1123122134432344
9468	1123122134432434
9469	1123122134434234
9470	1123122142333444
9471	1123122142334344
9472	1123122142334434
9473	1123122142343344
9474	1123122142343434
9475	1123122143233444
9476	1123122143234344
9477	1123122143234434
9478	1123122143243344
9479	1123122143243434
9480	1123122143323444
9481	1123122143324344
9482	1123122143324434
9483	1123122143342344
9484	1123122143342434
9485	1123122143344234
9486	1123122143423344
9487	1123122143423434
9488	1123122143432344
9489	1123122143432434
9490	1123122143434234
9491	1123122312334444
9492	1123122312343444
9493	1123122312344344
9494	1123122312344434
9495	1123122312433444
9496	1123122312434344
9497	1123122312434434
9498	1123122312443344
9499	1123122312443434
9500	1123122313234444
9501	1123122313243444
9502	1123122313244344
9503	1123122313244434
9504	1123122313423444
9505	1123122313424344
9506	1123122313424434
9507	1123122313442344
9508	1123122313442434
9509	1123122313444234
9510	1123122314233444
9511	1123122314234344
9512	1123122314234434
9513	1123122314243344
9514	1123122314243434
9515	1123122314323444
9516	1123122314324344
9517	1123122314324434
9518	1123122314342344
9519	1123122314342434
9520	1123122314344234
9521	1123122314423344
9522	1123122314423434
9523	1123122314432344
9524	1123122314432434
9525	1123122314434234
9526	1123122331234444
9527	1123122331243444
9528	1123122331244344
9529	1123122331244434
9530	1123122331423444
9531	1123122331424344
9532	1123122331424434
9533	1123122331442344
9534	1123122331442434
9535	1123122331444234
9536	1123122334123444
9537	1123122334124344
9538	1123122334124434
9539	1123122334142344
9540	1123122334142434
9541	1123122334144234
9542	1123122334412344
9543	1123122334412434
9544	1123122334414234
9545	1123122334441234
9546	1123122341233444
9547	1123122341234344
9548	1123122341234434
9549	1123122341243344
9550	1123122341243434
9551	1123122341323444
9552	1123122341324344
9553	1123122341324434
9554	1123122341342344
9555	1123122341342434
9556	1123122341344234
9557	1123122341423344
9558	1123122341423434
9559	1123122341432344
9560	1123122341432434
9561	1123122341434234
9562	1123122343123444
9563	1123122343124344
9564	1123122343124434
9565	1123122343142344
9566	1123122343142434
9567	1123122343144234
9568	1123122343412344
9569	1123122343412434
9570	1123122343414234
9571	1123122343441234
9572	1123122344123344
9573	1123122344123434
9574	1123122344132344
9575	1123122344132434
9576	1123122344134234
9577	1123122344312344
9578	1123122344312434
9579	1123122344314234
9580	1123122344341234
9581	1123122412333444
9582	1123122412334344
9583	1123122412334434
9584	1123122412343344
9585	1123122412343434
9586	1123122413233444
9587	1123122413234344
9588	1123122413234434
9589	1123122413243344
9590	1123122413243434
9591	1123122413323444
9592	1123122413324344
9593	1123122413324434
9594	1123122413342344
9595	1123122413342434
9596	1123122413344234
9597	1123122413423344
9598	1123122413423434
9599	1123122413432344
9600	1123122413432434
9601	1123122413434234
9602	1123122431233444
9603	1123122431234344
9604	1123122431234434
9605	1123122431243344
9606	1123122431243434
9607	1123122431323444
9608	1123122431324344
9609	1123122431324434
9610	1123122431342344
9611	1123122431342434
9612	1123122431344234
9613	1123122431423344
9614	1123122431423434
9615	1123122431432344
9616	1123122431432434
9617	1123122431434234
9618	1123122433123444
9619	1123122433124344
9620	1123122433124434
9621	1123122433142344
9622	1123122433142434
9623	1123122433144234
9624	1123122433412344
9625	1123122433412434
9626	1123122433414234
9627	1123122433441234
9628	1123122434123344
9629	1123122434123434
9630	1123122434132344
9631	1123122434132434
9632	1123122434134234
9633	1123122434312344
9634	1123122434312434
9635	1123122434314234
9636	1123122434341234
9637	1123123122334444
9638	1123123122343444
9639	1123123122344344
9640	1123123122344434
9641	1123123122433444
9642	1123123122434344
9643	1123123122434434
9644	1123123122443344
9645	1123123122443434
9646	1123123123234444
9647	1123123123243444
9648	1123123123244344
9649	1123123123244434
9650	1123123123423444
9651	1123123123424344
9652	1123123123424434
9653	1123123123442344
9654	1123123123442434
9655	1123123123444234
9656	1123123124233444
9657	1123123124234344
9658	1123123124234434
9659	1123123124243344
9660	1123123124243434
9661	1123123124323444
9662	1123123124324344
9663	1123123124324434
9664	1123123124342344
9665	1123123124342434
9666	1123123124344234
9667	1123123124423344
9668	1123123124423434
9669	1123123124432344
9670	1123123124432434
9671	1123123124434234
9672	1123123142233444
9673	1123123142234344
9674	1123123142234434
9675	1123123142243344
9676	1123123142243434
9677	1123123142323444
9678	1123123142324344
9679	1123123142324434
9680	1123123142342344
9681	1123123142342434
9682	1123123142344234
9683	1123123142423344
9684	1123123142423434
9685	1123123142432344
9686	1123123142432434
9687	1123123142434234
9688	1123123144223344
9689	1123123144223434
9690	1123123144232344
9691	1123123144232434
9692	1123123144234234
9693	1123123212334444
9694	1123123212343444
9695	1123123212344344
9696	1123123212344434
9697	1123123212433444
9698	1123123212434344
9699	1123123212434434
9700	1123123212443344
9701	1123123212443434
9702	1123123213234444
9703	1123123213243444
9704	1123123213244344
9705	1123123213244434
9706	1123123213423444
9707	1123123213424344
9708	1123123213424434
9709	1123123213442344
9710	1123123213442434
9711	1123123213444234
9712	1123123214233444
9713	1123123214234344
9714	1123123214234434
9715	1123123214243344
9716	1123123214243434
9717	1123123214323444
9718	1123123214324344
9719	1123123214324434
9720	1123123214342344
9721	1123123214342434
9722	1123123214344234
9723	1123123214423344
9724	1123123214423434
9725	1123123214432344
9726	1123123214432434
9727	1123123214434234
9728	1123123231234444
9729	1123123231243444
9730	1123123231244344
9731	1123123231244434
9732	1123123231423444
9733	1123123231424344
9734	1123123231424434
9735	1123123231442344
9736	1123123231442434
9737	1123123231444234
9738	1123123234123444
9739	1123123234124344
9740	1123123234124434
9741	1123123234142344
9742	1123123234142434
9743	1123123234144234
9744	1123123234412344
9745	1123123234412434
9746	1123123234414234
9747	1123123234441234
9748	1123123241233444
9749	1123123241234344
9750	1123123241234434
9751	1123123241243344
9752	1123123241243434
9753	1123123241323444
9754	1123123241324344
9755	1123123241324434
9756	1123123241342344
9757	1123123241342434
9758	1123123241344234
9759	1123123241423344
9760	1123123241423434
9761	1123123241432344
9762	1123123241432434
9763	1123123241434234
9764	1123123243123444
9765	1123123243124344
9766	1123123243124434
9767	1123123243142344
9768	1123123243142434
9769	1123123243144234
9770	1123123243412344
9771	1123123243412434
9772	1123123243414234
9773	1123123243441234
9774	1123123244123344
9775	1123123244123434
9776	1123123244132344
9777	1123123244132434
9778	1123123244134234
9779	1123123244312344
9780	1123123244312434
9781	1123123244314234
9782	1123123244341234
9783	1123123412233444
9784	1123123412234344
9785	1123123412234434
9786	1123123412243344
9787	1123123412243434
9788	1123123412323444
9789	1123123412324344
9790	1123123412324434
9791	1123123412342344
9792	1123123412342434
9793	1123123412344234
9794	1123123412423344
9795	1123123412423434
9796	1123123412432344
9797	1123123412432434
9798	1123123412434234
9799	1123123414223344
9800	1123123414223434
9801	1123123414232344
9802	1123123414232434
9803	1123123414234234
9804	1123123421233444
9805	1123123421234344
9806	1123123421234434
9807	1123123421243344
9808	1123123421243434
9809	1123123421323444
9810	1123123421324344
9811	1123123421324434
9812	1123123421342344
9813	1123123421342434
9814	1123123421344234
9815	1123123421423344
9816	1123123421423434
9817	1123123421432344
9818	1123123421432434
9819	1123123421434234
9820	1123123423123444
9821	1123123423124344
9822	1123123423124434
9823	1123123423142344
9824	1123123423142434
9825	1123123423144234
9826	1123123423412344
9827	1123123423412434
9828	1123123423414234
9829	1123123423441234
9830	1123123424123344
9831	1123123424123434
9832	1123123424132344
9833	1123123424132434
9834	1123123424134234
9835	1123123424312344
9836	1123123424312434
9837	1123123424314234
9838	1123123424341234
9839	1123123441223344
9840	1123123441223434
9841	1123123441232344
9842	1123123441232434
9843	1123123441234234
9844	1123123442123344
9845	1123123442123434
9846	1123123442132344
9847	1123123442132434
9848	1123123442134234
9849	1123123442312344
9850	1123123442312434
9851	1123123442314234
9852	1123123442341234
9853	1123124122333444
9854	1123124122334344
9855	1123124122334434
9856	1123124122343344
9857	1123124122343434
9858	1123124123233444
9859	1123124123234344
9860	1123124123234434
9861	1123124123243344
9862	1123124123243434
9863	1123124123323444
9864	1123124123324344
9865	1123124123324434
9866	1123124123342344
9867	1123124123342434
9868	1123124123344234
9869	1123124123423344
9870	1123124123423434
9871	1123124123432344
9872	1123124123432434
9873	1123124123434234
9874	1123124132233444
9875	1123124132234344
9876	1123124132234434
9877	1123124132243344
9878	1123124132243434
9879	1123124132323444
9880	1123124132324344
9881	1123124132324434
9882	1123124132342344
9883	1123124132342434
9884	1123124132344234
9885	1123124132423344
9886	1123124132423434
9887	1123124132432344
9888	1123124132432434
9889	1123124132434234
9890	1123124134223344
9891	1123124134223434
9892	1123124134232344
9893	1123124134232434
9894	1123124134234234
9895	1123124212333444
9896	1123124212334344
9897	1123124212334434
9898	1123124212343344
9899	1123124212343434
9900	1123124213233444
9901	1123124213234344
9902	1123124213234434
9903	1123124213243344
9904	1123124213243434
9905	1123124213323444
9906	1123124213324344
9907	1123124213324434
9908	1123124213342344
9909	1123124213342434
9910	1123124213344234
9911	1123124213423344
9912	1123124213423434
9913	1123124213432344
9914	1123124213432434
9915	1123124213434234
9916	1123124231233444
9917	1123124231234344
9918	1123124231234434
9919	1123124231243344
9920	1123124231243434
9921	1123124231323444
9922	1123124231324344
9923	1123124231324434
9924	1123124231342344
9925	1123124231342434
9926	1123124231344234
9927	1123124231423344
9928	1123124231423434
9929	1123124231432344
9930	1123124231432434
9931	1123124231434234
9932	1123124233123444
9933	1123124233124344
9934	1123124233124434
9935	1123124233142344
9936	1123124233142434
9937	1123124233144234
9938	1123124233412344
9939	1123124233412434
9940	1123124233414234
9941	1123124233441234
9942	1123124234123344
9943	1123124234123434
9944	1123124234132344
9945	1123124234132434
9946	1123124234134234
9947	1123124234312344
9948	1123124234312434
9949	1123124234314234
9950	1123124234341234
9951	1123124312233444
9952	1123124312234344
9953	1123124312234434
9954	1123124312243344
9955	1123124312243434
9956	1123124312323444
9957	1123124312324344
9958	1123124312324434
9959	1123124312342344
9960	1123124312342434
9961	1123124312344234
9962	1123124312423344
9963	1123124312423434
9964	1123124312432344
9965	1123124312432434
9966	1123124312434234
9967	1123124314223344
9968	1123124314223434
9969	1123124314232344
9970	1123124314232434
9971	1123124314234234
9972	1123124321233444
9973	1123124321234344
9974	1123124321234434
9975	1123124321243344
9976	1123124321243434
9977	1123124321323444
9978	1123124321324344
9979	1123124321324434
9980	1123124321342344
9981	1123124321342434
9982	1123124321344234
9983	1123124321423344
9984	1123124321423434
9985	1123124321432344
9986	1123124321432434
9987	1123124321434234
9988	1123124323123444
9989	1123124323124344
9990	1123124323124434
9991	1123124323142344
9992	1123124323142434
9993	1123124323144234
9994	1123124323412344
9995	1123124323412434
9996	1123124323414234
9997	1123124323441234
9998	1123124324123344
9999	1123124324123434
10000	1123124324132344
10001	1123124324132434
10002	1123124324134234
10003	1123124324312344
10004	1123124324312434
10005	1123124324314234
10006	1123124324341234
10007	1123124341223344
10008	1123124341223434
10009	1123124341232344
10010	1123124341232434
10011	1123124341234234
10012	1123124342123344
10013	1123124342123434
10014	1123124342132344
10015	1123124342132434
10016	1123124342134234
10017	1123124342312344
10018	1123124342312434
10019	1123124342314234
10020	1123124342341234
10021	1123141222333444
10022	1123141222334344
10023	1123141222334434
10024	1123141222343344
10025	1123141222343434
10026	1123141223233444
10027	1123141223234344
10028	1123141223234434
10029	1123141223243344
10030	1123141223243434
10031	1123141223323444
10032	1123141223324344
10033	1123141223324434
10034	1123141223342344
10035	1123141223342434
10036	1123141223344234
10037	1123141223423344
10038	1123141223423434
10039	1123141223432344
10040	1123141223432434
10041	1123141223434234
10042	1123141232233444
10043	1123141232234344
10044	1123141232234434
10045	1123141232243344
10046	1123141232243434
10047	1123141232323444
10048	1123141232324344
10049	1123141232324434
10050	1123141232342344
10051	1123141232342434
10052	1123141232344234
10053	1123141232423344
10054	1123141232423434
10055	1123141232432344
10056	1123141232432434
10057	1123141232434234
10058	1123141234223344
10059	1123141234223434
10060	1123141234232344
10061	1123141234232434
10062	1123141234234234
10063	1123142122333444
10064	1123142122334344
10065	1123142122334434
10066	1123142122343344
10067	1123142122343434
10068	1123142123233444
10069	1123142123234344
10070	1123142123234434
10071	1123142123243344
10072	1123142123243434
10073	1123142123323444
10074	1123142123324344
10075	1123142123324434
10076	1123142123342344
10077	1123142123342434
10078	1123142123344234
10079	1123142123423344
10080	1123142123423434
10081	1123142123432344
10082	1123142123432434
10083	1123142123434234
10084	1123142132233444
10085	1123142132234344
10086	1123142132234434
10087	1123142132243344
10088	1123142132243434
10089	1123142132323444
10090	1123142132324344
10091	1123142132324434
10092	1123142132342344
10093	1123142132342434
10094	1123142132344234
10095	1123142132423344
10096	1123142132423434
10097	1123142132432344
10098	1123142132432434
10099	1123142132434234
10100	1123142134223344
10101	1123142134223434
10102	1123142134232344
10103	1123142134232434
10104	1123142134234234
10105	1123142212333444
10106	1123142212334344
10107	1123142212334434
10108	1123142212343344
10109	1123142212343434
10110	1123142213233444
10111	1123142213234344
10112	1123142213234434
10113	1123142213243344
10114	1123142213243434
10115	1123142213323444
10116	1123142213324344
10117	1123142213324434
10118	1123142213342344
10119	1123142213342434
10120	1123142213344234
10121	1123142213423344
10122	1123142213423434
10123	1123142213432344
10124	1123142213432434
10125	1123142213434234
10126	1123142231233444
10127	1123142231234344
10128	1123142231234434
10129	1123142231243344
10130	1123142231243434
10131	1123142231323444
10132	1123142231324344
10133	1123142231324434
10134	1123142231342344
10135	1123142231342434
10136	1123142231344234
10137	1123142231423344
10138	1123142231423434
10139	1123142231432344
10140	1123142231432434
10141	1123142231434234
10142	1123142233123444
10143	1123142233124344
10144	1123142233124434
10145	1123142233142344
10146	1123142233142434
10147	1123142233144234
10148	1123142233412344
10149	1123142233412434
10150	1123142233414234
10151	1123142233441234
10152	1123142234123344
10153	1123142234123434
10154	1123142234132344
10155	1123142234132434
10156	1123142234134234
10157	1123142234312344
10158	1123142234312434
10159	1123142234314234
10160	1123142234341234
10161	1123142312233444
10162	1123142312234344
10163	1123142312234434
10164	1123142312243344
10165	1123142312243434
10166	1123142312323444
10167	1123142312324344
10168	1123142312324434
10169	1123142312342344
10170	1123142312342434
10171	1123142312344234
10172	1123142312423344
10173	1123142312423434
10174	1123142312432344
10175	1123142312432434
10176	1123142312434234
10177	1123142314223344
10178	1123142314223434
10179	1123142314232344
10180	1123142314232434
10181	1123142314234234
10182	1123142321233444
10183	1123142321234344
10184	1123142321234434
10185	1123142321243344
10186	1123142321243434
10187	1123142321323444
10188	1123142321324344
10189	1123142321324434
10190	1123142321342344
10191	1123142321342434
10192	1123142321344234
10193	1123142321423344
10194	1123142321423434
10195	1123142321432344
10196	1123142321432434
10197	1123142321434234
10198	1123142323123444
10199	1123142323124344
10200	1123142323124434
10201	1123142323142344
10202	1123142323142434
10203	1123142323144234
10204	1123142323412344
10205	1123142323412434
10206	1123142323414234
10207	1123142323441234
10208	1123142324123344
10209	1123142324123434
10210	1123142324132344
10211	1123142324132434
10212	1123142324134234
10213	1123142324312344
10214	1123142324312434
10215	1123142324314234
10216	1123142324341234
10217	1123142341223344
10218	1123142341223434
10219	1123142341232344
10220	1123142341232434
10221	1123142341234234
10222	1123142342123344
10223	1123142342123434
10224	1123142342132344
10225	1123142342132434
10226	1123142342134234
10227	1123142342312344
10228	1123142342312434
10229	1123142342314234
10230	1123142342341234
10231	1123211223334444
10232	1123211223343444
10233	1123211223344344
10234	1123211223344434
10235	1123211223433444
10236	1123211223434344
10237	1123211223434434
10238	1123211223443344
10239	1123211223443434
10240	1123211224333444
10241	1123211224334344
10242	1123211224334434
10243	1123211224343344
10244	1123211224343434
10245	1123211232334444
10246	1123211232343444
10247	1123211232344344
10248	1123211232344434
10249	1123211232433444
10250	1123211232434344
10251	1123211232434434
10252	1123211232443344
10253	1123211232443434
10254	1123211233234444
10255	1123211233243444
10256	1123211233244344
10257	1123211233244434
10258	1123211233423444
10259	1123211233424344
10260	1123211233424434
10261	1123211233442344
10262	1123211233442434
10263	1123211233444234
10264	1123211234233444
10265	1123211234234344
10266	1123211234234434
10267	1123211234243344
10268	1123211234243434
10269	1123211234323444
10270	1123211234324344
10271	1123211234324434
10272	1123211234342344
10273	1123211234342434
10274	1123211234344234
10275	1123211234423344
10276	1123211234423434
10277	1123211234432344
10278	1123211234432434
10279	1123211234434234
10280	1123211242333444
10281	1123211242334344
10282	1123211242334434
10283	1123211242343344
10284	1123211242343434
10285	1123211243233444
10286	1123211243234344
10287	1123211243234434
10288	1123211243243344
10289	1123211243243434
10290	1123211243323444
10291	1123211243324344
10292	1123211243324434
10293	1123211243342344
10294	1123211243342434
10295	1123211243344234
10296	1123211243423344
10297	1123211243423434
10298	1123211243432344
10299	1123211243432434
10300	1123211243434234
10301	1123211322334444
10302	1123211322343444
10303	1123211322344344
10304	1123211322344434
10305	1123211322433444
10306	1123211322434344
10307	1123211322434434
10308	1123211322443344
10309	1123211322443434
10310	1123211323234444
10311	1123211323243444
10312	1123211323244344
10313	1123211323244434
10314	1123211323423444
10315	1123211323424344
10316	1123211323424434
10317	1123211323442344
10318	1123211323442434
10319	1123211323444234
10320	1123211324233444
10321	1123211324234344
10322	1123211324234434
10323	1123211324243344
10324	1123211324243434
10325	1123211324323444
10326	1123211324324344
10327	1123211324324434
10328	1123211324342344
10329	1123211324342434
10330	1123211324344234
10331	1123211324423344
10332	1123211324423434
10333	1123211324432344
10334	1123211324432434
10335	1123211324434234
10336	1123211342233444
10337	1123211342234344
10338	1123211342234434
10339	1123211342243344
10340	1123211342243434
10341	1123211342323444
10342	1123211342324344
10343	1123211342324434
10344	1123211342342344
10345	1123211342342434
10346	1123211342344234
10347	1123211342423344
10348	1123211342423434
10349	1123211342432344
10350	1123211342432434
10351	1123211342434234
10352	1123211344223344
10353	1123211344223434
10354	1123211344232344
10355	1123211344232434
10356	1123211344234234
10357	1123211422333444
10358	1123211422334344
10359	1123211422334434
10360	1123211422343344
10361	1123211422343434
10362	1123211423233444
10363	1123211423234344
10364	1123211423234434
10365	1123211423243344
10366	1123211423243434
10367	1123211423323444
10368	1123211423324344
10369	1123211423324434
10370	1123211423342344
10371	1123211423342434
10372	1123211423344234
10373	1123211423423344
10374	1123211423423434
10375	1123211423432344
10376	1123211423432434
10377	1123211423434234
10378	1123211432233444
10379	1123211432234344
10380	1123211432234434
10381	1123211432243344
10382	1123211432243434
10383	1123211432323444
10384	1123211432324344
10385	1123211432324434
10386	1123211432342344
10387	1123211432342434
10388	1123211432344234
10389	1123211432423344
10390	1123211432423434
10391	1123211432432344
10392	1123211432432434
10393	1123211432434234
10394	1123211434223344
10395	1123211434223434
10396	1123211434232344
10397	1123211434232434
10398	1123211434234234
10399	1123212123334444
10400	1123212123343444
10401	1123212123344344
10402	1123212123344434
10403	1123212123433444
10404	1123212123434344
10405	1123212123434434
10406	1123212123443344
10407	1123212123443434
10408	1123212124333444
10409	1123212124334344
10410	1123212124334434
10411	1123212124343344
10412	1123212124343434
10413	1123212132334444
10414	1123212132343444
10415	1123212132344344
10416	1123212132344434
10417	1123212132433444
10418	1123212132434344
10419	1123212132434434
10420	1123212132443344
10421	1123212132443434
10422	1123212133234444
10423	1123212133243444
10424	1123212133244344
10425	1123212133244434
10426	1123212133423444
10427	1123212133424344
10428	1123212133424434
10429	1123212133442344
10430	1123212133442434
10431	1123212133444234
10432	1123212134233444
10433	1123212134234344
10434	1123212134234434
10435	1123212134243344
10436	1123212134243434
10437	1123212134323444
10438	1123212134324344
10439	1123212134324434
10440	1123212134342344
10441	1123212134342434
10442	1123212134344234
10443	1123212134423344
10444	1123212134423434
10445	1123212134432344
10446	1123212134432434
10447	1123212134434234
10448	1123212142333444
10449	1123212142334344
10450	1123212142334434
10451	1123212142343344
10452	1123212142343434
10453	1123212143233444
10454	1123212143234344
10455	1123212143234434
10456	1123212143243344
10457	1123212143243434
10458	1123212143323444
10459	1123212143324344
10460	1123212143324434
10461	1123212143342344
10462	1123212143342434
10463	1123212143344234
10464	1123212143423344
10465	1123212143423434
10466	1123212143432344
10467	1123212143432434
10468	1123212143434234
10469	1123212312334444
10470	1123212312343444
10471	1123212312344344
10472	1123212312344434
10473	1123212312433444
10474	1123212312434344
10475	1123212312434434
10476	1123212312443344
10477	1123212312443434
10478	1123212313234444
10479	1123212313243444
10480	1123212313244344
10481	1123212313244434
10482	1123212313423444
10483	1123212313424344
10484	1123212313424434
10485	1123212313442344
10486	1123212313442434
10487	1123212313444234
10488	1123212314233444
10489	1123212314234344
10490	1123212314234434
10491	1123212314243344
10492	1123212314243434
10493	1123212314323444
10494	1123212314324344
10495	1123212314324434
10496	1123212314342344
10497	1123212314342434
10498	1123212314344234
10499	1123212314423344
10500	1123212314423434
10501	1123212314432344
10502	1123212314432434
10503	1123212314434234
10504	1123212331234444
10505	1123212331243444
10506	1123212331244344
10507	1123212331244434
10508	1123212331423444
10509	1123212331424344
10510	1123212331424434
10511	1123212331442344
10512	1123212331442434
10513	1123212331444234
10514	1123212334123444
10515	1123212334124344
10516	1123212334124434
10517	1123212334142344
10518	1123212334142434
10519	1123212334144234
10520	1123212334412344
10521	1123212334412434
10522	1123212334414234
10523	1123212334441234
10524	1123212341233444
10525	1123212341234344
10526	1123212341234434
10527	1123212341243344
10528	1123212341243434
10529	1123212341323444
10530	1123212341324344
10531	1123212341324434
10532	1123212341342344
10533	1123212341342434
10534	1123212341344234
10535	1123212341423344
10536	1123212341423434
10537	1123212341432344
10538	1123212341432434
10539	1123212341434234
10540	1123212343123444
10541	1123212343124344
10542	1123212343124434
10543	1123212343142344
10544	1123212343142434
10545	1123212343144234
10546	1123212343412344
10547	1123212343412434
10548	1123212343414234
10549	1123212343441234
10550	1123212344123344
10551	1123212344123434
10552	1123212344132344
10553	1123212344132434
10554	1123212344134234
10555	1123212344312344
10556	1123212344312434
10557	1123212344314234
10558	1123212344341234
10559	1123212412333444
10560	1123212412334344
10561	1123212412334434
10562	1123212412343344
10563	1123212412343434
10564	1123212413233444
10565	1123212413234344
10566	1123212413234434
10567	1123212413243344
10568	1123212413243434
10569	1123212413323444
10570	1123212413324344
10571	1123212413324434
10572	1123212413342344
10573	1123212413342434
10574	1123212413344234
10575	1123212413423344
10576	1123212413423434
10577	1123212413432344
10578	1123212413432434
10579	1123212413434234
10580	1123212431233444
10581	1123212431234344
10582	1123212431234434
10583	1123212431243344
10584	1123212431243434
10585	1123212431323444
10586	1123212431324344
10587	1123212431324434
10588	1123212431342344
10589	1123212431342434
10590	1123212431344234
10591	1123212431423344
10592	1123212431423434
10593	1123212431432344
10594	1123212431432434
10595	1123212431434234
10596	1123212433123444
10597	1123212433124344
10598	1123212433124434
10599	1123212433142344
10600	1123212433142434
10601	1123212433144234
10602	1123212433412344
10603	1123212433412434
10604	1123212433414234
10605	1123212433441234
10606	1123212434123344
10607	1123212434123434
10608	1123212434132344
10609	1123212434132434
10610	1123212434134234
10611	1123212434312344
10612	1123212434312434
10613	1123212434314234
10614	1123212434341234
10615	1123213122334444
10616	1123213122343444
10617	1123213122344344
10618	1123213122344434
10619	1123213122433444
10620	1123213122434344
10621	1123213122434434
10622	1123213122443344
10623	1123213122443434
10624	1123213123234444
10625	1123213123243444
10626	1123213123244344
10627	1123213123244434
10628	1123213123423444
10629	1123213123424344
10630	1123213123424434
10631	1123213123442344
10632	1123213123442434
10633	1123213123444234
10634	1123213124233444
10635	1123213124234344
10636	1123213124234434
10637	1123213124243344
10638	1123213124243434
10639	1123213124323444
10640	1123213124324344
10641	1123213124324434
10642	1123213124342344
10643	1123213124342434
10644	1123213124344234
10645	1123213124423344
10646	1123213124423434
10647	1123213124432344
10648	1123213124432434
10649	1123213124434234
10650	1123213142233444
10651	1123213142234344
10652	1123213142234434
10653	1123213142243344
10654	1123213142243434
10655	1123213142323444
10656	1123213142324344
10657	1123213142324434
10658	1123213142342344
10659	1123213142342434
10660	1123213142344234
10661	1123213142423344
10662	1123213142423434
10663	1123213142432344
10664	1123213142432434
10665	1123213142434234
10666	1123213144223344
10667	1123213144223434
10668	1123213144232344
10669	1123213144232434
10670	1123213144234234
10671	1123213212334444
10672	1123213212343444
10673	1123213212344344
10674	1123213212344434
10675	1123213212433444
10676	1123213212434344
10677	1123213212434434
10678	1123213212443344
10679	1123213212443434
10680	1123213213234444
10681	1123213213243444
10682	1123213213244344
10683	1123213213244434
10684	1123213213423444
10685	1123213213424344
10686	1123213213424434
10687	1123213213442344
10688	1123213213442434
10689	1123213213444234
10690	1123213214233444
10691	1123213214234344
10692	1123213214234434
10693	1123213214243344
10694	1123213214243434
10695	1123213214323444
10696	1123213214324344
10697	1123213214324434
10698	1123213214342344
10699	1123213214342434
10700	1123213214344234
10701	1123213214423344
10702	1123213214423434
10703	1123213214432344
10704	1123213214432434
10705	1123213214434234
10706	1123213231234444
10707	1123213231243444
10708	1123213231244344
10709	1123213231244434
10710	1123213231423444
10711	1123213231424344
10712	1123213231424434
10713	1123213231442344
10714	1123213231442434
10715	1123213231444234
10716	1123213234123444
10717	1123213234124344
10718	1123213234124434
10719	1123213234142344
10720	1123213234142434
10721	1123213234144234
10722	1123213234412344
10723	1123213234412434
10724	1123213234414234
10725	1123213234441234
10726	1123213241233444
10727	1123213241234344
10728	1123213241234434
10729	1123213241243344
10730	1123213241243434
10731	1123213241323444
10732	1123213241324344
10733	1123213241324434
10734	1123213241342344
10735	1123213241342434
10736	1123213241344234
10737	1123213241423344
10738	1123213241423434
10739	1123213241432344
10740	1123213241432434
10741	1123213241434234
10742	1123213243123444
10743	1123213243124344
10744	1123213243124434
10745	1123213243142344
10746	1123213243142434
10747	1123213243144234
10748	1123213243412344
10749	1123213243412434
10750	1123213243414234
10751	1123213243441234
10752	1123213244123344
10753	1123213244123434
10754	1123213244132344
10755	1123213244132434
10756	1123213244134234
10757	1123213244312344
10758	1123213244312434
10759	1123213244314234
10760	1123213244341234
10761	1123213412233444
10762	1123213412234344
10763	1123213412234434
10764	1123213412243344
10765	1123213412243434
10766	1123213412323444
10767	1123213412324344
10768	1123213412324434
10769	1123213412342344
10770	1123213412342434
10771	1123213412344234
10772	1123213412423344
10773	1123213412423434
10774	1123213412432344
10775	1123213412432434
10776	1123213412434234
10777	1123213414223344
10778	1123213414223434
10779	1123213414232344
10780	1123213414232434
10781	1123213414234234
10782	1123213421233444
10783	1123213421234344
10784	1123213421234434
10785	1123213421243344
10786	1123213421243434
10787	1123213421323444
10788	1123213421324344
10789	1123213421324434
10790	1123213421342344
10791	1123213421342434
10792	1123213421344234
10793	1123213421423344
10794	1123213421423434
10795	1123213421432344
10796	1123213421432434
10797	1123213421434234
10798	1123213423123444
10799	1123213423124344
10800	1123213423124434
10801	1123213423142344
10802	1123213423142434
10803	1123213423144234
10804	1123213423412344
10805	1123213423412434
10806	1123213423414234
10807	1123213423441234
10808	1123213424123344
10809	1123213424123434
10810	1123213424132344
10811	1123213424132434
10812	1123213424134234
10813	1123213424312344
10814	1123213424312434
10815	1123213424314234
10816	1123213424341234
10817	1123213441223344
10818	1123213441223434
10819	1123213441232344
10820	1123213441232434
10821	1123213441234234
10822	1123213442123344
10823	1123213442123434
10824	1123213442132344
10825	1123213442132434
10826	1123213442134234
10827	1123213442312344
10828	1123213442312434
10829	1123213442314234
10830	1123213442341234
10831	1123214122333444
10832	1123214122334344
10833	1123214122334434
10834	1123214122343344
10835	1123214122343434
10836	1123214123233444
10837	1123214123234344
10838	1123214123234434
10839	1123214123243344
10840	1123214123243434
10841	1123214123323444
10842	1123214123324344
10843	1123214123324434
10844	1123214123342344
10845	1123214123342434
10846	1123214123344234
10847	1123214123423344
10848	1123214123423434
10849	1123214123432344
10850	1123214123432434
10851	1123214123434234
10852	1123214132233444
10853	1123214132234344
10854	1123214132234434
10855	1123214132243344
10856	1123214132243434
10857	1123214132323444
10858	1123214132324344
10859	1123214132324434
10860	1123214132342344
10861	1123214132342434
10862	1123214132344234
10863	1123214132423344
10864	1123214132423434
10865	1123214132432344
10866	1123214132432434
10867	1123214132434234
10868	1123214134223344
10869	1123214134223434
10870	1123214134232344
10871	1123214134232434
10872	1123214134234234
10873	1123214212333444
10874	1123214212334344
10875	1123214212334434
10876	1123214212343344
10877	1123214212343434
10878	1123214213233444
10879	1123214213234344
10880	1123214213234434
10881	1123214213243344
10882	1123214213243434
10883	1123214213323444
10884	1123214213324344
10885	1123214213324434
10886	1123214213342344
10887	1123214213342434
10888	1123214213344234
10889	1123214213423344
10890	1123214213423434
10891	1123214213432344
10892	1123214213432434
10893	1123214213434234
10894	1123214231233444
10895	1123214231234344
10896	1123214231234434
10897	1123214231243344
10898	1123214231243434
10899	1123214231323444
10900	1123214231324344
10901	1123214231324434
10902	1123214231342344
10903	1123214231342434
10904	1123214231344234
10905	1123214231423344
10906	1123214231423434
10907	1123214231432344
10908	1123214231432434
10909	1123214231434234
10910	1123214233123444
10911	1123214233124344
10912	1123214233124434
10913	1123214233142344
10914	1123214233142434
10915	1123214233144234
10916	1123214233412344
10917	1123214233412434
10918	1123214233414234
10919	1123214233441234
10920	1123214234123344
10921	1123214234123434
10922	1123214234132344
10923	1123214234132434
10924	1123214234134234
10925	1123214234312344
10926	1123214234312434
10927	1123214234314234
10928	1123214234341234
10929	1123214312233444
10930	1123214312234344
10931	1123214312234434
10932	1123214312243344
10933	1123214312243434
10934	1123214312323444
10935	1123214312324344
10936	1123214312324434
10937	1123214312342344
10938	1123214312342434
10939	1123214312344234
10940	1123214312423344
10941	1123214312423434
10942	1123214312432344
10943	1123214312432434
10944	1123214312434234
10945	1123214314223344
10946	1123214314223434
10947	1123214314232344
10948	1123214314232434
10949	1123214314234234
10950	1123214321233444
10951	1123214321234344
10952	1123214321234434
10953	1123214321243344
10954	1123214321243434
10955	1123214321323444
10956	1123214321324344
10957	1123214321324434
10958	1123214321342344
10959	1123214321342434
10960	1123214321344234
10961	1123214321423344
10962	1123214321423434
10963	1123214321432344
10964	1123214321432434
10965	1123214321434234
10966	1123214323123444
10967	1123214323124344
10968	1123214323124434
10969	1123214323142344
10970	1123214323142434
10971	1123214323144234
10972	1123214323412344
10973	1123214323412434
10974	1123214323414234
10975	1123214323441234
10976	1123214324123344
10977	1123214324123434
10978	1123214324132344
10979	1123214324132434
10980	1123214324134234
10981	1123214324312344
10982	1123214324312434
10983	1123214324314234
10984	1123214324341234
10985	1123214341223344
10986	1123214341223434
10987	1123214341232344
10988	1123214341232434
10989	1123214341234234
10990	1123214342123344
10991	1123214342123434
10992	1123214342132344
10993	1123214342132434
10994	1123214342134234
10995	1123214342312344
10996	1123214342312434
10997	1123214342314234
10998	1123214342341234
10999	1123231122334444
11000	1123231122343444
11001	1123231122344344
11002	1123231122344434
11003	1123231122433444
11004	1123231122434344
11005	1123231122434434
11006	1123231122443344
11007	1123231122443434
11008	1123231123234444
11009	1123231123243444
11010	1123231123244344
11011	1123231123244434
11012	1123231123423444
11013	1123231123424344
11014	1123231123424434
11015	1123231123442344
11016	1123231123442434
11017	1123231123444234
11018	1123231124233444
11019	1123231124234344
11020	1123231124234434
11021	1123231124243344
11022	1123231124243434
11023	1123231124323444
11024	1123231124324344
11025	1123231124324434
11026	1123231124342344
11027	1123231124342434
11028	1123231124344234
11029	1123231124423344
11030	1123231124423434
11031	1123231124432344
11032	1123231124432434
11033	1123231124434234
11034	1123231142233444
11035	1123231142234344
11036	1123231142234434
11037	1123231142243344
11038	1123231142243434
11039	1123231142323444
11040	1123231142324344
11041	1123231142324434
11042	1123231142342344
11043	1123231142342434
11044	1123231142344234
11045	1123231142423344
11046	1123231142423434
11047	1123231142432344
11048	1123231142432434
11049	1123231142434234
11050	1123231144223344
11051	1123231144223434
11052	1123231144232344
11053	1123231144232434
11054	1123231144234234
11055	1123231212334444
11056	1123231212343444
11057	1123231212344344
11058	1123231212344434
11059	1123231212433444
11060	1123231212434344
11061	1123231212434434
11062	1123231212443344
11063	1123231212443434
11064	1123231213234444
11065	1123231213243444
11066	1123231213244344
11067	1123231213244434
11068	1123231213423444
11069	1123231213424344
11070	1123231213424434
11071	1123231213442344
11072	1123231213442434
11073	1123231213444234
11074	1123231214233444
11075	1123231214234344
11076	1123231214234434
11077	1123231214243344
11078	1123231214243434
11079	1123231214323444
11080	1123231214324344
11081	1123231214324434
11082	1123231214342344
11083	1123231214342434
11084	1123231214344234
11085	1123231214423344
11086	1123231214423434
11087	1123231214432344
11088	1123231214432434
11089	1123231214434234
11090	1123231231234444
11091	1123231231243444
11092	1123231231244344
11093	1123231231244434
11094	1123231231423444
11095	1123231231424344
11096	1123231231424434
11097	1123231231442344
11098	1123231231442434
11099	1123231231444234
11100	1123231234123444
11101	1123231234124344
11102	1123231234124434
11103	1123231234142344
11104	1123231234142434
11105	1123231234144234
11106	1123231234412344
11107	1123231234412434
11108	1123231234414234
11109	1123231234441234
11110	1123231241233444
11111	1123231241234344
11112	1123231241234434
11113	1123231241243344
11114	1123231241243434
11115	1123231241323444
11116	1123231241324344
11117	1123231241324434
11118	1123231241342344
11119	1123231241342434
11120	1123231241344234
11121	1123231241423344
11122	1123231241423434
11123	1123231241432344
11124	1123231241432434
11125	1123231241434234
11126	1123231243123444
11127	1123231243124344
11128	1123231243124434
11129	1123231243142344
11130	1123231243142434
11131	1123231243144234
11132	1123231243412344
11133	1123231243412434
11134	1123231243414234
11135	1123231243441234
11136	1123231244123344
11137	1123231244123434
11138	1123231244132344
11139	1123231244132434
11140	1123231244134234
11141	1123231244312344
11142	1123231244312434
11143	1123231244314234
11144	1123231244341234
11145	1123231412233444
11146	1123231412234344
11147	1123231412234434
11148	1123231412243344
11149	1123231412243434
11150	1123231412323444
11151	1123231412324344
11152	1123231412324434
11153	1123231412342344
11154	1123231412342434
11155	1123231412344234
11156	1123231412423344
11157	1123231412423434
11158	1123231412432344
11159	1123231412432434
11160	1123231412434234
11161	1123231414223344
11162	1123231414223434
11163	1123231414232344
11164	1123231414232434
11165	1123231414234234
11166	1123231421233444
11167	1123231421234344
11168	1123231421234434
11169	1123231421243344
11170	1123231421243434
11171	1123231421323444
11172	1123231421324344
11173	1123231421324434
11174	1123231421342344
11175	1123231421342434
11176	1123231421344234
11177	1123231421423344
11178	1123231421423434
11179	1123231421432344
11180	1123231421432434
11181	1123231421434234
11182	1123231423123444
11183	1123231423124344
11184	1123231423124434
11185	1123231423142344
11186	1123231423142434
11187	1123231423144234
11188	1123231423412344
11189	1123231423412434
11190	1123231423414234
11191	1123231423441234
11192	1123231424123344
11193	1123231424123434
11194	1123231424132344
11195	1123231424132434
11196	1123231424134234
11197	1123231424312344
11198	1123231424312434
11199	1123231424314234
11200	1123231424341234
11201	1123231441223344
11202	1123231441223434
11203	1123231441232344
11204	1123231441232434
11205	1123231441234234
11206	1123231442123344
11207	1123231442123434
11208	1123231442132344
11209	1123231442132434
11210	1123231442134234
11211	1123231442312344
11212	1123231442312434
11213	1123231442314234
11214	1123231442341234
11215	1123234112233444
11216	1123234112234344
11217	1123234112234434
11218	1123234112243344
11219	1123234112243434
11220	1123234112323444
11221	1123234112324344
11222	1123234112324434
11223	1123234112342344
11224	1123234112342434
11225	1123234112344234
11226	1123234112423344
11227	1123234112423434
11228	1123234112432344
11229	1123234112432434
11230	1123234112434234
11231	1123234114223344
11232	1123234114223434
11233	1123234114232344
11234	1123234114232434
11235	1123234114234234
11236	1123234121233444
11237	1123234121234344
11238	1123234121234434
11239	1123234121243344
11240	1123234121243434
11241	1123234121323444
11242	1123234121324344
11243	1123234121324434
11244	1123234121342344
11245	1123234121342434
11246	1123234121344234
11247	1123234121423344
11248	1123234121423434
11249	1123234121432344
11250	1123234121432434
11251	1123234121434234
11252	1123234123123444
11253	1123234123124344
11254	1123234123124434
11255	1123234123142344
11256	1123234123142434
11257	1123234123144234
11258	1123234123412344
11259	1123234123412434
11260	1123234123414234
11261	1123234123441234
11262	1123234124123344
11263	1123234124123434
11264	1123234124132344
11265	1123234124132434
11266	1123234124134234
11267	1123234124312344
11268	1123234124312434
11269	1123234124314234
11270	1123234124341234
11271	1123234141223344
11272	1123234141223434
11273	1123234141232344
11274	1123234141232434
11275	1123234141234234
11276	1123234142123344
11277	1123234142123434
11278	1123234142132344
11279	1123234142132434
11280	1123234142134234
11281	1123234142312344
11282	1123234142312434
11283	1123234142314234
11284	1123234142341234
11285	1123234411223344
11286	1123234411223434
11287	1123234411232344
11288	1123234411232434
11289	1123234411234234
11290	1123234412123344
11291	1123234412123434
11292	1123234412132344
11293	1123234412132434
11294	1123234412134234
11295	1123234412312344
11296	1123234412312434
11297	1123234412314234
11298	1123234412341234
11299	1123241122333444
11300	1123241122334344
11301	1123241122334434
11302	1123241122343344
11303	1123241122343434
11304	1123241123233444
11305	1123241123234344
11306	1123241123234434
11307	1123241123243344
11308	1123241123243434
11309	1123241123323444
11310	1123241123324344
11311	1123241123324434
11312	1123241123342344
11313	1123241123342434
11314	1123241123344234
11315	1123241123423344
11316	1123241123423434
11317	1123241123432344
11318	1123241123432434
11319	1123241123434234
11320	1123241132233444
11321	1123241132234344
11322	1123241132234434
11323	1123241132243344
11324	1123241132243434
11325	1123241132323444
11326	1123241132324344
11327	1123241132324434
11328	1123241132342344
11329	1123241132342434
11330	1123241132344234
11331	1123241132423344
11332	1123241132423434
11333	1123241132432344
11334	1123241132432434
11335	1123241132434234
11336	1123241134223344
11337	1123241134223434
11338	1123241134232344
11339	1123241134232434
11340	1123241134234234
11341	1123241212333444
11342	1123241212334344
11343	1123241212334434
11344	1123241212343344
11345	1123241212343434
11346	1123241213233444
11347	1123241213234344
11348	1123241213234434
11349	1123241213243344
11350	1123241213243434
11351	1123241213323444
11352	1123241213324344
11353	1123241213324434
11354	1123241213342344
11355	1123241213342434
11356	1123241213344234
11357	1123241213423344
11358	1123241213423434
11359	1123241213432344
11360	1123241213432434
11361	1123241213434234
11362	1123241231233444
11363	1123241231234344
11364	1123241231234434
11365	1123241231243344
11366	1123241231243434
11367	1123241231323444
11368	1123241231324344
11369	1123241231324434
11370	1123241231342344
11371	1123241231342434
11372	1123241231344234
11373	1123241231423344
11374	1123241231423434
11375	1123241231432344
11376	1123241231432434
11377	1123241231434234
11378	1123241233123444
11379	1123241233124344
11380	1123241233124434
11381	1123241233142344
11382	1123241233142434
11383	1123241233144234
11384	1123241233412344
11385	1123241233412434
11386	1123241233414234
11387	1123241233441234
11388	1123241234123344
11389	1123241234123434
11390	1123241234132344
11391	1123241234132434
11392	1123241234134234
11393	1123241234312344
11394	1123241234312434
11395	1123241234314234
11396	1123241234341234
11397	1123241312233444
11398	1123241312234344
11399	1123241312234434
11400	1123241312243344
11401	1123241312243434
11402	1123241312323444
11403	1123241312324344
11404	1123241312324434
11405	1123241312342344
11406	1123241312342434
11407	1123241312344234
11408	1123241312423344
11409	1123241312423434
11410	1123241312432344
11411	1123241312432434
11412	1123241312434234
11413	1123241314223344
11414	1123241314223434
11415	1123241314232344
11416	1123241314232434
11417	1123241314234234
11418	1123241321233444
11419	1123241321234344
11420	1123241321234434
11421	1123241321243344
11422	1123241321243434
11423	1123241321323444
11424	1123241321324344
11425	1123241321324434
11426	1123241321342344
11427	1123241321342434
11428	1123241321344234
11429	1123241321423344
11430	1123241321423434
11431	1123241321432344
11432	1123241321432434
11433	1123241321434234
11434	1123241323123444
11435	1123241323124344
11436	1123241323124434
11437	1123241323142344
11438	1123241323142434
11439	1123241323144234
11440	1123241323412344
11441	1123241323412434
11442	1123241323414234
11443	1123241323441234
11444	1123241324123344
11445	1123241324123434
11446	1123241324132344
11447	1123241324132434
11448	1123241324134234
11449	1123241324312344
11450	1123241324312434
11451	1123241324314234
11452	1123241324341234
11453	1123241341223344
11454	1123241341223434
11455	1123241341232344
11456	1123241341232434
11457	1123241341234234
11458	1123241342123344
11459	1123241342123434
11460	1123241342132344
11461	1123241342132434
11462	1123241342134234
11463	1123241342312344
11464	1123241342312434
11465	1123241342314234
11466	1123241342341234
11467	1123243112233444
11468	1123243112234344
11469	1123243112234434
11470	1123243112243344
11471	1123243112243434
11472	1123243112323444
11473	1123243112324344
11474	1123243112324434
11475	1123243112342344
11476	1123243112342434
11477	1123243112344234
11478	1123243112423344
11479	1123243112423434
11480	1123243112432344
11481	1123243112432434
11482	1123243112434234
11483	1123243114223344
11484	1123243114223434
11485	1123243114232344
11486	1123243114232434
11487	1123243114234234
11488	1123243121233444
11489	1123243121234344
11490	1123243121234434
11491	1123243121243344
11492	1123243121243434
11493	1123243121323444
11494	1123243121324344
11495	1123243121324434
11496	1123243121342344
11497	1123243121342434
11498	1123243121344234
11499	1123243121423344
11500	1123243121423434
11501	1123243121432344
11502	1123243121432434
11503	1123243121434234
11504	1123243123123444
11505	1123243123124344
11506	1123243123124434
11507	1123243123142344
11508	1123243123142434
11509	1123243123144234
11510	1123243123412344
11511	1123243123412434
11512	1123243123414234
11513	1123243123441234
11514	1123243124123344
11515	1123243124123434
11516	1123243124132344
11517	1123243124132434
11518	1123243124134234
11519	1123243124312344
11520	1123243124312434
11521	1123243124314234
11522	1123243124341234
11523	1123243141223344
11524	1123243141223434
11525	1123243141232344
11526	1123243141232434
11527	1123243141234234
11528	1123243142123344
11529	1123243142123434
11530	1123243142132344
11531	1123243142132434
11532	1123243142134234
11533	1123243142312344
11534	1123243142312434
11535	1123243142314234
11536	1123243142341234
11537	1123243411223344
11538	1123243411223434
11539	1123243411232344
11540	1123243411232434
11541	1123243411234234
11542	1123243412123344
11543	1123243412123434
11544	1123243412132344
11545	1123243412132434
11546	1123243412134234
11547	1123243412312344
11548	1123243412312434
11549	1123243412314234
11550	1123243412341234
11551	1123411222333444
11552	1123411222334344
11553	1123411222334434
11554	1123411222343344
11555	1123411222343434
11556	1123411223233444
11557	1123411223234344
11558	1123411223234434
11559	1123411223243344
11560	1123411223243434
11561	1123411223323444
11562	1123411223324344
11563	1123411223324434
11564	1123411223342344
11565	1123411223342434
11566	1123411223344234
11567	1123411223423344
11568	1123411223423434
11569	1123411223432344
11570	1123411223432434
11571	1123411223434234
11572	1123411232233444
11573	1123411232234344
11574	1123411232234434
11575	1123411232243344
11576	1123411232243434
11577	1123411232323444
11578	1123411232324344
11579	1123411232324434
11580	1123411232342344
11581	1123411232342434
11582	1123411232344234
11583	1123411232423344
11584	1123411232423434
11585	1123411232432344
11586	1123411232432434
11587	1123411232434234
11588	1123411234223344
11589	1123411234223434
11590	1123411234232344
11591	1123411234232434
11592	1123411234234234
11593	1123412122333444
11594	1123412122334344
11595	1123412122334434
11596	1123412122343344
11597	1123412122343434
11598	1123412123233444
11599	1123412123234344
11600	1123412123234434
11601	1123412123243344
11602	1123412123243434
11603	1123412123323444
11604	1123412123324344
11605	1123412123324434
11606	1123412123342344
11607	1123412123342434
11608	1123412123344234
11609	1123412123423344
11610	1123412123423434
11611	1123412123432344
11612	1123412123432434
11613	1123412123434234
11614	1123412132233444
11615	1123412132234344
11616	1123412132234434
11617	1123412132243344
11618	1123412132243434
11619	1123412132323444
11620	1123412132324344
11621	1123412132324434
11622	1123412132342344
11623	1123412132342434
11624	1123412132344234
11625	1123412132423344
11626	1123412132423434
11627	1123412132432344
11628	1123412132432434
11629	1123412132434234
11630	1123412134223344
11631	1123412134223434
11632	1123412134232344
11633	1123412134232434
11634	1123412134234234
11635	1123412212333444
11636	1123412212334344
11637	1123412212334434
11638	1123412212343344
11639	1123412212343434
11640	1123412213233444
11641	1123412213234344
11642	1123412213234434
11643	1123412213243344
11644	1123412213243434
11645	1123412213323444
11646	1123412213324344
11647	1123412213324434
11648	1123412213342344
11649	1123412213342434
11650	1123412213344234
11651	1123412213423344
11652	1123412213423434
11653	1123412213432344
11654	1123412213432434
11655	1123412213434234
11656	1123412231233444
11657	1123412231234344
11658	1123412231234434
11659	1123412231243344
11660	1123412231243434
11661	1123412231323444
11662	1123412231324344
11663	1123412231324434
11664	1123412231342344
11665	1123412231342434
11666	1123412231344234
11667	1123412231423344
11668	1123412231423434
11669	1123412231432344
11670	1123412231432434
11671	1123412231434234
11672	1123412233123444
11673	1123412233124344
11674	1123412233124434
11675	1123412233142344
11676	1123412233142434
11677	1123412233144234
11678	1123412233412344
11679	1123412233412434
11680	1123412233414234
11681	1123412233441234
11682	1123412234123344
11683	1123412234123434
11684	1123412234132344
11685	1123412234132434
11686	1123412234134234
11687	1123412234312344
11688	1123412234312434
11689	1123412234314234
11690	1123412234341234
11691	1123412312233444
11692	1123412312234344
11693	1123412312234434
11694	1123412312243344
11695	1123412312243434
11696	1123412312323444
11697	1123412312324344
11698	1123412312324434
11699	1123412312342344
11700	1123412312342434
11701	1123412312344234
11702	1123412312423344
11703	1123412312423434
11704	1123412312432344
11705	1123412312432434
11706	1123412312434234
11707	1123412314223344
11708	1123412314223434
11709	1123412314232344
11710	1123412314232434
11711	1123412314234234
11712	1123412321233444
11713	1123412321234344
11714	1123412321234434
11715	1123412321243344
11716	1123412321243434
11717	1123412321323444
11718	1123412321324344
11719	1123412321324434
11720	1123412321342344
11721	1123412321342434
11722	1123412321344234
11723	1123412321423344
11724	1123412321423434
11725	1123412321432344
11726	1123412321432434
11727	1123412321434234
11728	1123412323123444
11729	1123412323124344
11730	1123412323124434
11731	1123412323142344
11732	1123412323142434
11733	1123412323144234
11734	1123412323412344
11735	1123412323412434
11736	1123412323414234
11737	1123412323441234
11738	1123412324123344
11739	1123412324123434
11740	1123412324132344
11741	1123412324132434
11742	1123412324134234
11743	1123412324312344
11744	1123412324312434
11745	1123412324314234
11746	1123412324341234
11747	1123412341223344
11748	1123412341223434
11749	1123412341232344
11750	1123412341232434
11751	1123412341234234
11752	1123412342123344
11753	1123412342123434
11754	1123412342132344
11755	1123412342132434
11756	1123412342134234
11757	1123412342312344
11758	1123412342312434
11759	1123412342314234
11760	1123412342341234
11761	1123421122333444
11762	1123421122334344
11763	1123421122334434
11764	1123421122343344
11765	1123421122343434
11766	1123421123233444
11767	1123421123234344
11768	1123421123234434
11769	1123421123243344
11770	1123421123243434
11771	1123421123323444
11772	1123421123324344
11773	1123421123324434
11774	1123421123342344
11775	1123421123342434
11776	1123421123344234
11777	1123421123423344
11778	1123421123423434
11779	1123421123432344
11780	1123421123432434
11781	1123421123434234
11782	1123421132233444
11783	1123421132234344
11784	1123421132234434
11785	1123421132243344
11786	1123421132243434
11787	1123421132323444
11788	1123421132324344
11789	1123421132324434
11790	1123421132342344
11791	1123421132342434
11792	1123421132344234
11793	1123421132423344
11794	1123421132423434
11795	1123421132432344
11796	1123421132432434
11797	1123421132434234
11798	1123421134223344
11799	1123421134223434
11800	1123421134232344
11801	1123421134232434
11802	1123421134234234
11803	1123421212333444
11804	1123421212334344
11805	1123421212334434
11806	1123421212343344
11807	1123421212343434
11808	1123421213233444
11809	1123421213234344
11810	1123421213234434
11811	1123421213243344
11812	1123421213243434
11813	1123421213323444
11814	1123421213324344
11815	1123421213324434
11816	1123421213342344
11817	1123421213342434
11818	1123421213344234
11819	1123421213423344
11820	1123421213423434
11821	1123421213432344
11822	1123421213432434
11823	1123421213434234
11824	1123421231233444
11825	1123421231234344
11826	1123421231234434
11827	1123421231243344
11828	1123421231243434
11829	1123421231323444
11830	1123421231324344
11831	1123421231324434
11832	1123421231342344
11833	1123421231342434
11834	1123421231344234
11835	1123421231423344
11836	1123421231423434
11837	1123421231432344
11838	1123421231432434
11839	1123421231434234
11840	1123421233123444
11841	1123421233124344
11842	1123421233124434
11843	1123421233142344
11844	1123421233142434
11845	1123421233144234
11846	1123421233412344
11847	1123421233412434
11848	1123421233414234
11849	1123421233441234
11850	1123421234123344
11851	1123421234123434
11852	1123421234132344
11853	1123421234132434
11854	1123421234134234
11855	1123421234312344
11856	1123421234312434
11857	1123421234314234
11858	1123421234341234
11859	1123421312233444
11860	1123421312234344
11861	1123421312234434
11862	1123421312243344
11863	1123421312243434
11864	1123421312323444
11865	1123421312324344
11866	1123421312324434
11867	1123421312342344
11868	1123421312342434
11869	1123421312344234
11870	1123421312423344
11871	1123421312423434
11872	1123421312432344
11873	1123421312432434
11874	1123421312434234
11875	1123421314223344
11876	1123421314223434
11877	1123421314232344
11878	1123421314232434
11879	1123421314234234
11880	1123421321233444
11881	1123421321234344
11882	1123421321234434
11883	1123421321243344
11884	1123421321243434
11885	1123421321323444
11886	1123421321324344
11887	1123421321324434
11888	1123421321342344
11889	1123421321342434
11890	1123421321344234
11891	1123421321423344
11892	1123421321423434
11893	1123421321432344
11894	1123421321432434
11895	1123421321434234
11896	1123421323123444
11897	1123421323124344
11898	1123421323124434
11899	1123421323142344
11900	1123421323142434
11901	1123421323144234
11902	1123421323412344
11903	1123421323412434
11904	1123421323414234
11905	1123421323441234
11906	1123421324123344
11907	1123421324123434
11908	1123421324132344
11909	1123421324132434
11910	1123421324134234
11911	1123421324312344
11912	1123421324312434
11913	1123421324314234
11914	1123421324341234
11915	1123421341223344
11916	1123421341223434
11917	1123421341232344
11918	1123421341232434
11919	1123421341234234
11920	1123421342123344
11921	1123421342123434
11922	1123421342132344
11923	1123421342132434
11924	1123421342134234
11925	1123421342312344
11926	1123421342312434
11927	1123421342314234
11928	1123421342341234
11929	1123423112233444
11930	1123423112234344
11931	1123423112234434
11932	1123423112243344
11933	1123423112243434
11934	1123423112323444
11935	1123423112324344
11936	1123423112324434
11937	1123423112342344
11938	1123423112342434
11939	1123423112344234
11940	1123423112423344
11941	1123423112423434
11942	1123423112432344
11943	1123423112432434
11944	1123423112434234
11945	1123423114223344
11946	1123423114223434
11947	1123423114232344
11948	1123423114232434
11949	1123423114234234
11950	1123423121233444
11951	1123423121234344
11952	1123423121234434
11953	1123423121243344
11954	1123423121243434
11955	1123423121323444
11956	1123423121324344
11957	1123423121324434
11958	1123423121342344
11959	1123423121342434
11960	1123423121344234
11961	1123423121423344
11962	1123423121423434
11963	1123423121432344
11964	1123423121432434
11965	1123423121434234
11966	1123423123123444
11967	1123423123124344
11968	1123423123124434
11969	1123423123142344
11970	1123423123142434
11971	1123423123144234
11972	1123423123412344
11973	1123423123412434
11974	1123423123414234
11975	1123423123441234
11976	1123423124123344
11977	1123423124123434
11978	1123423124132344
11979	1123423124132434
11980	1123423124134234
11981	1123423124312344
11982	1123423124312434
11983	1123423124314234
11984	1123423124341234
11985	1123423141223344
11986	1123423141223434
11987	1123423141232344
11988	1123423141232434
11989	1123423141234234
11990	1123423142123344
11991	1123423142123434
11992	1123423142132344
11993	1123423142132434
11994	1123423142134234
11995	1123423142312344
11996	1123423142312434
11997	1123423142314234
11998	1123423142341234
11999	1123423411223344
12000	1123423411223434
12001	1123423411232344
12002	1123423411232434
12003	1123423411234234
12004	1123423412123344
12005	1123423412123434
12006	1123423412132344
12007	1123423412132434
12008	1123423412134234
12009	1123423412312344
12010	1123423412312434
12011	1123423412314234
12012	1123423412341234
12013	1211122233334444
12014	1211122233343444
12015	1211122233344344
12016	1211122233344434
12017	1211122233433444
12018	1211122233434344
12019	1211122233434434
12020	1211122233443344
12021	1211122233443434
12022	1211122234333444
12023	1211122234334344
12024	1211122234334434
12025	1211122234343344
12026	1211122234343434
12027	1211122323334444
12028	1211122323343444
12029	1211122323344344
12030	1211122323344434
12031	1211122323433444
12032	1211122323434344
12033	1211122323434434
12034	1211122323443344
12035	1211122323443434
12036	1211122324333444
12037	1211122324334344
12038	1211122324334434
12039	1211122324343344
12040	1211122324343434
12041	1211122332334444
12042	1211122332343444
12043	1211122332344344
12044	1211122332344434
12045	1211122332433444
12046	1211122332434344
12047	1211122332434434
12048	1211122332443344
12049	1211122332443434
12050	1211122333234444
12051	1211122333243444
12052	1211122333244344
12053	1211122333244434
12054	1211122333423444
12055	1211122333424344
12056	1211122333424434
12057	1211122333442344
12058	1211122333442434
12059	1211122333444234
12060	1211122334233444
12061	1211122334234344
12062	1211122334234434
12063	1211122334243344
12064	1211122334243434
12065	1211122334323444
12066	1211122334324344
12067	1211122334324434
12068	1211122334342344
12069	1211122334342434
12070	1211122334344234
12071	1211122334423344
12072	1211122334423434
12073	1211122334432344
12074	1211122334432434
12075	1211122334434234
12076	1211122342333444
12077	1211122342334344
12078	1211122342334434
12079	1211122342343344
12080	1211122342343434
12081	1211122343233444
12082	1211122343234344
12083	1211122343234434
12084	1211122343243344
12085	1211122343243434
12086	1211122343323444
12087	1211122343324344
12088	1211122343324434
12089	1211122343342344
12090	1211122343342434
12091	1211122343344234
12092	1211122343423344
12093	1211122343423434
12094	1211122343432344
12095	1211122343432434
12096	1211122343434234
12097	1211123223334444
12098	1211123223343444
12099	1211123223344344
12100	1211123223344434
12101	1211123223433444
12102	1211123223434344
12103	1211123223434434
12104	1211123223443344
12105	1211123223443434
12106	1211123224333444
12107	1211123224334344
12108	1211123224334434
12109	1211123224343344
12110	1211123224343434
12111	1211123232334444
12112	1211123232343444
12113	1211123232344344
12114	1211123232344434
12115	1211123232433444
12116	1211123232434344
12117	1211123232434434
12118	1211123232443344
12119	1211123232443434
12120	1211123233234444
12121	1211123233243444
12122	1211123233244344
12123	1211123233244434
12124	1211123233423444
12125	1211123233424344
12126	1211123233424434
12127	1211123233442344
12128	1211123233442434
12129	1211123233444234
12130	1211123234233444
12131	1211123234234344
12132	1211123234234434
12133	1211123234243344
12134	1211123234243434
12135	1211123234323444
12136	1211123234324344
12137	1211123234324434
12138	1211123234342344
12139	1211123234342434
12140	1211123234344234
12141	1211123234423344
12142	1211123234423434
12143	1211123234432344
12144	1211123234432434
12145	1211123234434234
12146	1211123242333444
12147	1211123242334344
12148	1211123242334434
12149	1211123242343344
12150	1211123242343434
12151	1211123243233444
12152	1211123243234344
12153	1211123243234434
12154	1211123243243344
12155	1211123243243434
12156	1211123243323444
12157	1211123243324344
12158	1211123243324434
12159	1211123243342344
12160	1211123243342434
12161	1211123243344234
12162	1211123243423344
12163	1211123243423434
12164	1211123243432344
12165	1211123243432434
12166	1211123243434234
12167	1211123322334444
12168	1211123322343444
12169	1211123322344344
12170	1211123322344434
12171	1211123322433444
12172	1211123322434344
12173	1211123322434434
12174	1211123322443344
12175	1211123322443434
12176	1211123323234444
12177	1211123323243444
12178	1211123323244344
12179	1211123323244434
12180	1211123323423444
12181	1211123323424344
12182	1211123323424434
12183	1211123323442344
12184	1211123323442434
12185	1211123323444234
12186	1211123324233444
12187	1211123324234344
12188	1211123324234434
12189	1211123324243344
12190	1211123324243434
12191	1211123324323444
12192	1211123324324344
12193	1211123324324434
12194	1211123324342344
12195	1211123324342434
12196	1211123324344234
12197	1211123324423344
12198	1211123324423434
12199	1211123324432344
12200	1211123324432434
12201	1211123324434234
12202	1211123342233444
12203	1211123342234344
12204	1211123342234434
12205	1211123342243344
12206	1211123342243434
12207	1211123342323444
12208	1211123342324344
12209	1211123342324434
12210	1211123342342344
12211	1211123342342434
12212	1211123342344234
12213	1211123342423344
12214	1211123342423434
12215	1211123342432344
12216	1211123342432434
12217	1211123342434234
12218	1211123344223344
12219	1211123344223434
12220	1211123344232344
12221	1211123344232434
12222	1211123344234234
12223	1211123422333444
12224	1211123422334344
12225	1211123422334434
12226	1211123422343344
12227	1211123422343434
12228	1211123423233444
12229	1211123423234344
12230	1211123423234434
12231	1211123423243344
12232	1211123423243434
12233	1211123423323444
12234	1211123423324344
12235	1211123423324434
12236	1211123423342344
12237	1211123423342434
12238	1211123423344234
12239	1211123423423344
12240	1211123423423434
12241	1211123423432344
12242	1211123423432434
12243	1211123423434234
12244	1211123432233444
12245	1211123432234344
12246	1211123432234434
12247	1211123432243344
12248	1211123432243434
12249	1211123432323444
12250	1211123432324344
12251	1211123432324434
12252	1211123432342344
12253	1211123432342434
12254	1211123432344234
12255	1211123432423344
12256	1211123432423434
12257	1211123432432344
12258	1211123432432434
12259	1211123432434234
12260	1211123434223344
12261	1211123434223434
12262	1211123434232344
12263	1211123434232434
12264	1211123434234234
12265	1211132223334444
12266	1211132223343444
12267	1211132223344344
12268	1211132223344434
12269	1211132223433444
12270	1211132223434344
12271	1211132223434434
12272	1211132223443344
12273	1211132223443434
12274	1211132224333444
12275	1211132224334344
12276	1211132224334434
12277	1211132224343344
12278	1211132224343434
12279	1211132232334444
12280	1211132232343444
12281	1211132232344344
12282	1211132232344434
12283	1211132232433444
12284	1211132232434344
12285	1211132232434434
12286	1211132232443344
12287	1211132232443434
12288	1211132233234444
12289	1211132233243444
12290	1211132233244344
12291	1211132233244434
12292	1211132233423444
12293	1211132233424344
12294	1211132233424434
12295	1211132233442344
12296	1211132233442434
12297	1211132233444234
12298	1211132234233444
12299	1211132234234344
12300	1211132234234434
12301	1211132234243344
12302	1211132234243434
12303	1211132234323444
12304	1211132234324344
12305	1211132234324434
12306	1211132234342344
12307	1211132234342434
12308	1211132234344234
12309	1211132234423344
12310	1211132234423434
12311	1211132234432344
12312	1211132234432434
12313	1211132234434234
12314	1211132242333444
12315	1211132242334344
12316	1211132242334434
12317	1211132242343344
12318	1211132242343434
12319	1211132243233444
12320	1211132243234344
12321	1211132243234434
12322	1211132243243344
12323	1211132243243434
12324	1211132243323444
12325	1211132243324344
12326	1211132243324434
12327	1211132243342344
12328	1211132243342434
12329	1211132243344234
12330	1211132243423344
12331	1211132243423434
12332	1211132243432344
12333	1211132243432434
12334	1211132243434234
12335	1211132322334444
12336	1211132322343444
12337	1211132322344344
12338	1211132322344434
12339	1211132322433444
12340	1211132322434344
12341	1211132322434434
12342	1211132322443344
12343	1211132322443434
12344	1211132323234444
12345	1211132323243444
12346	1211132323244344
12347	1211132323244434
12348	1211132323423444
12349	1211132323424344
12350	1211132323424434
12351	1211132323442344
12352	1211132323442434
12353	1211132323444234
12354	1211132324233444
12355	1211132324234344
12356	1211132324234434
12357	1211132324243344
12358	1211132324243434
12359	1211132324323444
12360	1211132324324344
12361	1211132324324434
12362	1211132324342344
12363	1211132324342434
12364	1211132324344234
12365	1211132324423344
12366	1211132324423434
12367	1211132324432344
12368	1211132324432434
12369	1211132324434234
12370	1211132342233444
12371	1211132342234344
12372	1211132342234434
12373	1211132342243344
12374	1211132342243434
12375	1211132342323444
12376	1211132342324344
12377	1211132342324434
12378	1211132342342344
12379	1211132342342434
12380	1211132342344234
12381	1211132342423344
12382	1211132342423434
12383	1211132342432344
12384	1211132342432434
12385	1211132342434234
12386	1211132344223344
12387	1211132344223434
12388	1211132344232344
12389	1211132344232434
12390	1211132344234234
12391	1211132422333444
12392	1211132422334344
12393	1211132422334434
12394	1211132422343344
12395	1211132422343434
12396	1211132423233444
12397	1211132423234344
12398	1211132423234434
12399	1211132423243344
12400	1211132423243434
12401	1211132423323444
12402	1211132423324344
12403	1211132423324434
12404	1211132423342344
12405	1211132423342434
12406	1211132423344234
12407	1211132423423344
12408	1211132423423434
12409	1211132423432344
12410	1211132423432434
12411	1211132423434234
12412	1211132432233444
12413	1211132432234344
12414	1211132432234434
12415	1211132432243344
12416	1211132432243434
12417	1211132432323444
12418	1211132432324344
12419	1211132432324434
12420	1211132432342344
12421	1211132432342434
12422	1211132432344234
12423	1211132432423344
12424	1211132432423434
12425	1211132432432344
12426	1211132432432434
12427	1211132432434234
12428	1211132434223344
12429	1211132434223434
12430	1211132434232344
12431	1211132434232434
12432	1211132434234234
12433	1211134222333444
12434	1211134222334344
12435	1211134222334434
12436	1211134222343344
12437	1211134222343434
12438	1211134223233444
12439	1211134223234344
12440	1211134223234434
12441	1211134223243344
12442	1211134223243434
12443	1211134223323444
12444	1211134223324344
12445	1211134223324434
12446	1211134223342344
12447	1211134223342434
12448	1211134223344234
12449	1211134223423344
12450	1211134223423434
12451	1211134223432344
12452	1211134223432434
12453	1211134223434234
12454	1211134232233444
12455	1211134232234344
12456	1211134232234434
12457	1211134232243344
12458	1211134232243434
12459	1211134232323444
12460	1211134232324344
12461	1211134232324434
12462	1211134232342344
12463	1211134232342434
12464	1211134232344234
12465	1211134232423344
12466	1211134232423434
12467	1211134232432344
12468	1211134232432434
12469	1211134232434234
12470	1211134234223344
12471	1211134234223434
12472	1211134234232344
12473	1211134234232434
12474	1211134234234234
12475	1211212233334444
12476	1211212233343444
12477	1211212233344344
12478	1211212233344434
12479	1211212233433444
12480	1211212233434344
12481	1211212233434434
12482	1211212233443344
12483	1211212233443434
12484	1211212234333444
12485	1211212234334344
12486	1211212234334434
12487	1211212234343344
12488	1211212234343434
12489	1211212323334444
12490	1211212323343444
12491	1211212323344344
12492	1211212323344434
12493	1211212323433444
12494	1211212323434344
12495	1211212323434434
12496	1211212323443344
12497	1211212323443434
12498	1211212324333444
12499	1211212324334344
12500	1211212324334434
12501	1211212324343344
12502	1211212324343434
12503	1211212332334444
12504	1211212332343444
12505	1211212332344344
12506	1211212332344434
12507	1211212332433444
12508	1211212332434344
12509	1211212332434434
12510	1211212332443344
12511	1211212332443434
12512	1211212333234444
12513	1211212333243444
12514	1211212333244344
12515	1211212333244434
12516	1211212333423444
12517	1211212333424344
12518	1211212333424434
12519	1211212333442344
12520	1211212333442434
12521	1211212333444234
12522	1211212334233444
12523	1211212334234344
12524	1211212334234434
12525	1211212334243344
12526	1211212334243434
12527	1211212334323444
12528	1211212334324344
12529	1211212334324434
12530	1211212334342344
12531	1211212334342434
12532	1211212334344234
12533	1211212334423344
12534	1211212334423434
12535	1211212334432344
12536	1211212334432434
12537	1211212334434234
12538	1211212342333444
12539	1211212342334344
12540	1211212342334434
12541	1211212342343344
12542	1211212342343434
12543	1211212343233444
12544	1211212343234344
12545	1211212343234434
12546	1211212343243344
12547	1211212343243434
12548	1211212343323444
12549	1211212343324344
12550	1211212343324434
12551	1211212343342344
12552	1211212343342434
12553	1211212343344234
12554	1211212343423344
12555	1211212343423434
12556	1211212343432344
12557	1211212343432434
12558	1211212343434234
12559	1211213223334444
12560	1211213223343444
12561	1211213223344344
12562	1211213223344434
12563	1211213223433444
12564	1211213223434344
12565	1211213223434434
12566	1211213223443344
12567	1211213223443434
12568	1211213224333444
12569	1211213224334344
12570	1211213224334434
12571	1211213224343344
12572	1211213224343434
12573	1211213232334444
12574	1211213232343444
12575	1211213232344344
12576	1211213232344434
12577	1211213232433444
12578	1211213232434344
12579	1211213232434434
12580	1211213232443344
12581	1211213232443434
12582	1211213233234444
12583	1211213233243444
12584	1211213233244344
12585	1211213233244434
12586	1211213233423444
12587	1211213233424344
12588	1211213233424434
12589	1211213233442344
12590	1211213233442434
12591	1211213233444234
12592	1211213234233444
12593	1211213234234344
12594	1211213234234434
12595	1211213234243344
12596	1211213234243434
12597	1211213234323444
12598	1211213234324344
12599	1211213234324434
12600	1211213234342344
12601	1211213234342434
12602	1211213234344234
12603	1211213234423344
12604	1211213234423434
12605	1211213234432344
12606	1211213234432434
12607	1211213234434234
12608	1211213242333444
12609	1211213242334344
12610	1211213242334434
12611	1211213242343344
12612	1211213242343434
12613	1211213243233444
12614	1211213243234344
12615	1211213243234434
12616	1211213243243344
12617	1211213243243434
12618	1211213243323444
12619	1211213243324344
12620	1211213243324434
12621	1211213243342344
12622	1211213243342434
12623	1211213243344234
12624	1211213243423344
12625	1211213243423434
12626	1211213243432344
12627	1211213243432434
12628	1211213243434234
12629	1211213322334444
12630	1211213322343444
12631	1211213322344344
12632	1211213322344434
12633	1211213322433444
12634	1211213322434344
12635	1211213322434434
12636	1211213322443344
12637	1211213322443434
12638	1211213323234444
12639	1211213323243444
12640	1211213323244344
12641	1211213323244434
12642	1211213323423444
12643	1211213323424344
12644	1211213323424434
12645	1211213323442344
12646	1211213323442434
12647	1211213323444234
12648	1211213324233444
12649	1211213324234344
12650	1211213324234434
12651	1211213324243344
12652	1211213324243434
12653	1211213324323444
12654	1211213324324344
12655	1211213324324434
12656	1211213324342344
12657	1211213324342434
12658	1211213324344234
12659	1211213324423344
12660	1211213324423434
12661	1211213324432344
12662	1211213324432434
12663	1211213324434234
12664	1211213342233444
12665	1211213342234344
12666	1211213342234434
12667	1211213342243344
12668	1211213342243434
12669	1211213342323444
12670	1211213342324344
12671	1211213342324434
12672	1211213342342344
12673	1211213342342434
12674	1211213342344234
12675	1211213342423344
12676	1211213342423434
12677	1211213342432344
12678	1211213342432434
12679	1211213342434234
12680	1211213344223344
12681	1211213344223434
12682	1211213344232344
12683	1211213344232434
12684	1211213344234234
12685	1211213422333444
12686	1211213422334344
12687	1211213422334434
12688	1211213422343344
12689	1211213422343434
12690	1211213423233444
12691	1211213423234344
12692	1211213423234434
12693	1211213423243344
12694	1211213423243434
12695	1211213423323444
12696	1211213423324344
12697	1211213423324434
12698	1211213423342344
12699	1211213423342434
12700	1211213423344234
12701	1211213423423344
12702	1211213423423434
12703	1211213423432344
12704	1211213423432434
12705	1211213423434234
12706	1211213432233444
12707	1211213432234344
12708	1211213432234434
12709	1211213432243344
12710	1211213432243434
12711	1211213432323444
12712	1211213432324344
12713	1211213432324434
12714	1211213432342344
12715	1211213432342434
12716	1211213432344234
12717	1211213432423344
12718	1211213432423434
12719	1211213432432344
12720	1211213432432434
12721	1211213432434234
12722	1211213434223344
12723	1211213434223434
12724	1211213434232344
12725	1211213434232434
12726	1211213434234234
12727	1211221233334444
12728	1211221233343444
12729	1211221233344344
12730	1211221233344434
12731	1211221233433444
12732	1211221233434344
12733	1211221233434434
12734	1211221233443344
12735	1211221233443434
12736	1211221234333444
12737	1211221234334344
12738	1211221234334434
12739	1211221234343344
12740	1211221234343434
12741	1211221323334444
12742	1211221323343444
12743	1211221323344344
12744	1211221323344434
12745	1211221323433444
12746	1211221323434344
12747	1211221323434434
12748	1211221323443344
12749	1211221323443434
12750	1211221324333444
12751	1211221324334344
12752	1211221324334434
12753	1211221324343344
12754	1211221324343434
12755	1211221332334444
12756	1211221332343444
12757	1211221332344344
12758	1211221332344434
12759	1211221332433444
12760	1211221332434344
12761	1211221332434434
12762	1211221332443344
12763	1211221332443434
12764	1211221333234444
12765	1211221333243444
12766	1211221333244344
12767	1211221333244434
12768	1211221333423444
12769	1211221333424344
12770	1211221333424434
12771	1211221333442344
12772	1211221333442434
12773	1211221333444234
12774	1211221334233444
12775	1211221334234344
12776	1211221334234434
12777	1211221334243344
12778	1211221334243434
12779	1211221334323444
12780	1211221334324344
12781	1211221334324434
12782	1211221334342344
12783	1211221334342434
12784	1211221334344234
12785	1211221334423344
12786	1211221334423434
12787	1211221334432344
12788	1211221334432434
12789	1211221334434234
12790	1211221342333444
12791	1211221342334344
12792	1211221342334434
12793	1211221342343344
12794	1211221342343434
12795	1211221343233444
12796	1211221343234344
12797	1211221343234434
12798	1211221343243344
12799	1211221343243434
12800	1211221343323444
12801	1211221343324344
12802	1211221343324434
12803	1211221343342344
12804	1211221343342434
12805	1211221343344234
12806	1211221343423344
12807	1211221343423434
12808	1211221343432344
12809	1211221343432434
12810	1211221343434234
12811	1211223123334444
12812	1211223123343444
12813	1211223123344344
12814	1211223123344434
12815	1211223123433444
12816	1211223123434344
12817	1211223123434434
12818	1211223123443344
12819	1211223123443434
12820	1211223124333444
12821	1211223124334344
12822	1211223124334434
12823	1211223124343344
12824	1211223124343434
12825	1211223132334444
12826	1211223132343444
12827	1211223132344344
12828	1211223132344434
12829	1211223132433444
12830	1211223132434344
12831	1211223132434434
12832	1211223132443344
12833	1211223132443434
12834	1211223133234444
12835	1211223133243444
12836	1211223133244344
12837	1211223133244434
12838	1211223133423444
12839	1211223133424344
12840	1211223133424434
12841	1211223133442344
12842	1211223133442434
12843	1211223133444234
12844	1211223134233444
12845	1211223134234344
12846	1211223134234434
12847	1211223134243344
12848	1211223134243434
12849	1211223134323444
12850	1211223134324344
12851	1211223134324434
12852	1211223134342344
12853	1211223134342434
12854	1211223134344234
12855	1211223134423344
12856	1211223134423434
12857	1211223134432344
12858	1211223134432434
12859	1211223134434234
12860	1211223142333444
12861	1211223142334344
12862	1211223142334434
12863	1211223142343344
12864	1211223142343434
12865	1211223143233444
12866	1211223143234344
12867	1211223143234434
12868	1211223143243344
12869	1211223143243434
12870	1211223143323444
12871	1211223143324344
12872	1211223143324434
12873	1211223143342344
12874	1211223143342434
12875	1211223143344234
12876	1211223143423344
12877	1211223143423434
12878	1211223143432344
12879	1211223143432434
12880	1211223143434234
12881	1211223312334444
12882	1211223312343444
12883	1211223312344344
12884	1211223312344434
12885	1211223312433444
12886	1211223312434344
12887	1211223312434434
12888	1211223312443344
12889	1211223312443434
12890	1211223313234444
12891	1211223313243444
12892	1211223313244344
12893	1211223313244434
12894	1211223313423444
12895	1211223313424344
12896	1211223313424434
12897	1211223313442344
12898	1211223313442434
12899	1211223313444234
12900	1211223314233444
12901	1211223314234344
12902	1211223314234434
12903	1211223314243344
12904	1211223314243434
12905	1211223314323444
12906	1211223314324344
12907	1211223314324434
12908	1211223314342344
12909	1211223314342434
12910	1211223314344234
12911	1211223314423344
12912	1211223314423434
12913	1211223314432344
12914	1211223314432434
12915	1211223314434234
12916	1211223331234444
12917	1211223331243444
12918	1211223331244344
12919	1211223331244434
12920	1211223331423444
12921	1211223331424344
12922	1211223331424434
12923	1211223331442344
12924	1211223331442434
12925	1211223331444234
12926	1211223334123444
12927	1211223334124344
12928	1211223334124434
12929	1211223334142344
12930	1211223334142434
12931	1211223334144234
12932	1211223334412344
12933	1211223334412434
12934	1211223334414234
12935	1211223334441234
12936	1211223341233444
12937	1211223341234344
12938	1211223341234434
12939	1211223341243344
12940	1211223341243434
12941	1211223341323444
12942	1211223341324344
12943	1211223341324434
12944	1211223341342344
12945	1211223341342434
12946	1211223341344234
12947	1211223341423344
12948	1211223341423434
12949	1211223341432344
12950	1211223341432434
12951	1211223341434234
12952	1211223343123444
12953	1211223343124344
12954	1211223343124434
12955	1211223343142344
12956	1211223343142434
12957	1211223343144234
12958	1211223343412344
12959	1211223343412434
12960	1211223343414234
12961	1211223343441234
12962	1211223344123344
12963	1211223344123434
12964	1211223344132344
12965	1211223344132434
12966	1211223344134234
12967	1211223344312344
12968	1211223344312434
12969	1211223344314234
12970	1211223344341234
12971	1211223412333444
12972	1211223412334344
12973	1211223412334434
12974	1211223412343344
12975	1211223412343434
12976	1211223413233444
12977	1211223413234344
12978	1211223413234434
12979	1211223413243344
12980	1211223413243434
12981	1211223413323444
12982	1211223413324344
12983	1211223413324434
12984	1211223413342344
12985	1211223413342434
12986	1211223413344234
12987	1211223413423344
12988	1211223413423434
12989	1211223413432344
12990	1211223413432434
12991	1211223413434234
12992	1211223431233444
12993	1211223431234344
12994	1211223431234434
12995	1211223431243344
12996	1211223431243434
12997	1211223431323444
12998	1211223431324344
12999	1211223431324434
13000	1211223431342344
13001	1211223431342434
13002	1211223431344234
13003	1211223431423344
13004	1211223431423434
13005	1211223431432344
13006	1211223431432434
13007	1211223431434234
13008	1211223433123444
13009	1211223433124344
13010	1211223433124434
13011	1211223433142344
13012	1211223433142434
13013	1211223433144234
13014	1211223433412344
13015	1211223433412434
13016	1211223433414234
13017	1211223433441234
13018	1211223434123344
13019	1211223434123434
13020	1211223434132344
13021	1211223434132434
13022	1211223434134234
13023	1211223434312344
13024	1211223434312434
13025	1211223434314234
13026	1211223434341234
13027	1211231223334444
13028	1211231223343444
13029	1211231223344344
13030	1211231223344434
13031	1211231223433444
13032	1211231223434344
13033	1211231223434434
13034	1211231223443344
13035	1211231223443434
13036	1211231224333444
13037	1211231224334344
13038	1211231224334434
13039	1211231224343344
13040	1211231224343434
13041	1211231232334444
13042	1211231232343444
13043	1211231232344344
13044	1211231232344434
13045	1211231232433444
13046	1211231232434344
13047	1211231232434434
13048	1211231232443344
13049	1211231232443434
13050	1211231233234444
13051	1211231233243444
13052	1211231233244344
13053	1211231233244434
13054	1211231233423444
13055	1211231233424344
13056	1211231233424434
13057	1211231233442344
13058	1211231233442434
13059	1211231233444234
13060	1211231234233444
13061	1211231234234344
13062	1211231234234434
13063	1211231234243344
13064	1211231234243434
13065	1211231234323444
13066	1211231234324344
13067	1211231234324434
13068	1211231234342344
13069	1211231234342434
13070	1211231234344234
13071	1211231234423344
13072	1211231234423434
13073	1211231234432344
13074	1211231234432434
13075	1211231234434234
13076	1211231242333444
13077	1211231242334344
13078	1211231242334434
13079	1211231242343344
13080	1211231242343434
13081	1211231243233444
13082	1211231243234344
13083	1211231243234434
13084	1211231243243344
13085	1211231243243434
13086	1211231243323444
13087	1211231243324344
13088	1211231243324434
13089	1211231243342344
13090	1211231243342434
13091	1211231243344234
13092	1211231243423344
13093	1211231243423434
13094	1211231243432344
13095	1211231243432434
13096	1211231243434234
13097	1211231322334444
13098	1211231322343444
13099	1211231322344344
13100	1211231322344434
13101	1211231322433444
13102	1211231322434344
13103	1211231322434434
13104	1211231322443344
13105	1211231322443434
13106	1211231323234444
13107	1211231323243444
13108	1211231323244344
13109	1211231323244434
13110	1211231323423444
13111	1211231323424344
13112	1211231323424434
13113	1211231323442344
13114	1211231323442434
13115	1211231323444234
13116	1211231324233444
13117	1211231324234344
13118	1211231324234434
13119	1211231324243344
13120	1211231324243434
13121	1211231324323444
13122	1211231324324344
13123	1211231324324434
13124	1211231324342344
13125	1211231324342434
13126	1211231324344234
13127	1211231324423344
13128	1211231324423434
13129	1211231324432344
13130	1211231324432434
13131	1211231324434234
13132	1211231342233444
13133	1211231342234344
13134	1211231342234434
13135	1211231342243344
13136	1211231342243434
13137	1211231342323444
13138	1211231342324344
13139	1211231342324434
13140	1211231342342344
13141	1211231342342434
13142	1211231342344234
13143	1211231342423344
13144	1211231342423434
13145	1211231342432344
13146	1211231342432434
13147	1211231342434234
13148	1211231344223344
13149	1211231344223434
13150	1211231344232344
13151	1211231344232434
13152	1211231344234234
13153	1211231422333444
13154	1211231422334344
13155	1211231422334434
13156	1211231422343344
13157	1211231422343434
13158	1211231423233444
13159	1211231423234344
13160	1211231423234434
13161	1211231423243344
13162	1211231423243434
13163	1211231423323444
13164	1211231423324344
13165	1211231423324434
13166	1211231423342344
13167	1211231423342434
13168	1211231423344234
13169	1211231423423344
13170	1211231423423434
13171	1211231423432344
13172	1211231423432434
13173	1211231423434234
13174	1211231432233444
13175	1211231432234344
13176	1211231432234434
13177	1211231432243344
13178	1211231432243434
13179	1211231432323444
13180	1211231432324344
13181	1211231432324434
13182	1211231432342344
13183	1211231432342434
13184	1211231432344234
13185	1211231432423344
13186	1211231432423434
13187	1211231432432344
13188	1211231432432434
13189	1211231432434234
13190	1211231434223344
13191	1211231434223434
13192	1211231434232344
13193	1211231434232434
13194	1211231434234234
13195	1211232123334444
13196	1211232123343444
13197	1211232123344344
13198	1211232123344434
13199	1211232123433444
13200	1211232123434344
13201	1211232123434434
13202	1211232123443344
13203	1211232123443434
13204	1211232124333444
13205	1211232124334344
13206	1211232124334434
13207	1211232124343344
13208	1211232124343434
13209	1211232132334444
13210	1211232132343444
13211	1211232132344344
13212	1211232132344434
13213	1211232132433444
13214	1211232132434344
13215	1211232132434434
13216	1211232132443344
13217	1211232132443434
13218	1211232133234444
13219	1211232133243444
13220	1211232133244344
13221	1211232133244434
13222	1211232133423444
13223	1211232133424344
13224	1211232133424434
13225	1211232133442344
13226	1211232133442434
13227	1211232133444234
13228	1211232134233444
13229	1211232134234344
13230	1211232134234434
13231	1211232134243344
13232	1211232134243434
13233	1211232134323444
13234	1211232134324344
13235	1211232134324434
13236	1211232134342344
13237	1211232134342434
13238	1211232134344234
13239	1211232134423344
13240	1211232134423434
13241	1211232134432344
13242	1211232134432434
13243	1211232134434234
13244	1211232142333444
13245	1211232142334344
13246	1211232142334434
13247	1211232142343344
13248	1211232142343434
13249	1211232143233444
13250	1211232143234344
13251	1211232143234434
13252	1211232143243344
13253	1211232143243434
13254	1211232143323444
13255	1211232143324344
13256	1211232143324434
13257	1211232143342344
13258	1211232143342434
13259	1211232143344234
13260	1211232143423344
13261	1211232143423434
13262	1211232143432344
13263	1211232143432434
13264	1211232143434234
13265	1211232312334444
13266	1211232312343444
13267	1211232312344344
13268	1211232312344434
13269	1211232312433444
13270	1211232312434344
13271	1211232312434434
13272	1211232312443344
13273	1211232312443434
13274	1211232313234444
13275	1211232313243444
13276	1211232313244344
13277	1211232313244434
13278	1211232313423444
13279	1211232313424344
13280	1211232313424434
13281	1211232313442344
13282	1211232313442434
13283	1211232313444234
13284	1211232314233444
13285	1211232314234344
13286	1211232314234434
13287	1211232314243344
13288	1211232314243434
13289	1211232314323444
13290	1211232314324344
13291	1211232314324434
13292	1211232314342344
13293	1211232314342434
13294	1211232314344234
13295	1211232314423344
13296	1211232314423434
13297	1211232314432344
13298	1211232314432434
13299	1211232314434234
13300	1211232331234444
13301	1211232331243444
13302	1211232331244344
13303	1211232331244434
13304	1211232331423444
13305	1211232331424344
13306	1211232331424434
13307	1211232331442344
13308	1211232331442434
13309	1211232331444234
13310	1211232334123444
13311	1211232334124344
13312	1211232334124434
13313	1211232334142344
13314	1211232334142434
13315	1211232334144234
13316	1211232334412344
13317	1211232334412434
13318	1211232334414234
13319	1211232334441234
13320	1211232341233444
13321	1211232341234344
13322	1211232341234434
13323	1211232341243344
13324	1211232341243434
13325	1211232341323444
13326	1211232341324344
13327	1211232341324434
13328	1211232341342344
13329	1211232341342434
13330	1211232341344234
13331	1211232341423344
13332	1211232341423434
13333	1211232341432344
13334	1211232341432434
13335	1211232341434234
13336	1211232343123444
13337	1211232343124344
13338	1211232343124434
13339	1211232343142344
13340	1211232343142434
13341	1211232343144234
13342	1211232343412344
13343	1211232343412434
13344	1211232343414234
13345	1211232343441234
13346	1211232344123344
13347	1211232344123434
13348	1211232344132344
13349	1211232344132434
13350	1211232344134234
13351	1211232344312344
13352	1211232344312434
13353	1211232344314234
13354	1211232344341234
13355	1211232412333444
13356	1211232412334344
13357	1211232412334434
13358	1211232412343344
13359	1211232412343434
13360	1211232413233444
13361	1211232413234344
13362	1211232413234434
13363	1211232413243344
13364	1211232413243434
13365	1211232413323444
13366	1211232413324344
13367	1211232413324434
13368	1211232413342344
13369	1211232413342434
13370	1211232413344234
13371	1211232413423344
13372	1211232413423434
13373	1211232413432344
13374	1211232413432434
13375	1211232413434234
13376	1211232431233444
13377	1211232431234344
13378	1211232431234434
13379	1211232431243344
13380	1211232431243434
13381	1211232431323444
13382	1211232431324344
13383	1211232431324434
13384	1211232431342344
13385	1211232431342434
13386	1211232431344234
13387	1211232431423344
13388	1211232431423434
13389	1211232431432344
13390	1211232431432434
13391	1211232431434234
13392	1211232433123444
13393	1211232433124344
13394	1211232433124434
13395	1211232433142344
13396	1211232433142434
13397	1211232433144234
13398	1211232433412344
13399	1211232433412434
13400	1211232433414234
13401	1211232433441234
13402	1211232434123344
13403	1211232434123434
13404	1211232434132344
13405	1211232434132434
13406	1211232434134234
13407	1211232434312344
13408	1211232434312434
13409	1211232434314234
13410	1211232434341234
13411	1211233122334444
13412	1211233122343444
13413	1211233122344344
13414	1211233122344434
13415	1211233122433444
13416	1211233122434344
13417	1211233122434434
13418	1211233122443344
13419	1211233122443434
13420	1211233123234444
13421	1211233123243444
13422	1211233123244344
13423	1211233123244434
13424	1211233123423444
13425	1211233123424344
13426	1211233123424434
13427	1211233123442344
13428	1211233123442434
13429	1211233123444234
13430	1211233124233444
13431	1211233124234344
13432	1211233124234434
13433	1211233124243344
13434	1211233124243434
13435	1211233124323444
13436	1211233124324344
13437	1211233124324434
13438	1211233124342344
13439	1211233124342434
13440	1211233124344234
13441	1211233124423344
13442	1211233124423434
13443	1211233124432344
13444	1211233124432434
13445	1211233124434234
13446	1211233142233444
13447	1211233142234344
13448	1211233142234434
13449	1211233142243344
13450	1211233142243434
13451	1211233142323444
13452	1211233142324344
13453	1211233142324434
13454	1211233142342344
13455	1211233142342434
13456	1211233142344234
13457	1211233142423344
13458	1211233142423434
13459	1211233142432344
13460	1211233142432434
13461	1211233142434234
13462	1211233144223344
13463	1211233144223434
13464	1211233144232344
13465	1211233144232434
13466	1211233144234234
13467	1211233212334444
13468	1211233212343444
13469	1211233212344344
13470	1211233212344434
13471	1211233212433444
13472	1211233212434344
13473	1211233212434434
13474	1211233212443344
13475	1211233212443434
13476	1211233213234444
13477	1211233213243444
13478	1211233213244344
13479	1211233213244434
13480	1211233213423444
13481	1211233213424344
13482	1211233213424434
13483	1211233213442344
13484	1211233213442434
13485	1211233213444234
13486	1211233214233444
13487	1211233214234344
13488	1211233214234434
13489	1211233214243344
13490	1211233214243434
13491	1211233214323444
13492	1211233214324344
13493	1211233214324434
13494	1211233214342344
13495	1211233214342434
13496	1211233214344234
13497	1211233214423344
13498	1211233214423434
13499	1211233214432344
13500	1211233214432434
13501	1211233214434234
13502	1211233231234444
13503	1211233231243444
13504	1211233231244344
13505	1211233231244434
13506	1211233231423444
13507	1211233231424344
13508	1211233231424434
13509	1211233231442344
13510	1211233231442434
13511	1211233231444234
13512	1211233234123444
13513	1211233234124344
13514	1211233234124434
13515	1211233234142344
13516	1211233234142434
13517	1211233234144234
13518	1211233234412344
13519	1211233234412434
13520	1211233234414234
13521	1211233234441234
13522	1211233241233444
13523	1211233241234344
13524	1211233241234434
13525	1211233241243344
13526	1211233241243434
13527	1211233241323444
13528	1211233241324344
13529	1211233241324434
13530	1211233241342344
13531	1211233241342434
13532	1211233241344234
13533	1211233241423344
13534	1211233241423434
13535	1211233241432344
13536	1211233241432434
13537	1211233241434234
13538	1211233243123444
13539	1211233243124344
13540	1211233243124434
13541	1211233243142344
13542	1211233243142434
13543	1211233243144234
13544	1211233243412344
13545	1211233243412434
13546	1211233243414234
13547	1211233243441234
13548	1211233244123344
13549	1211233244123434
13550	1211233244132344
13551	1211233244132434
13552	1211233244134234
13553	1211233244312344
13554	1211233244312434
13555	1211233244314234
13556	1211233244341234
13557	1211233412233444
13558	1211233412234344
13559	1211233412234434
13560	1211233412243344
13561	1211233412243434
13562	1211233412323444
13563	1211233412324344
13564	1211233412324434
13565	1211233412342344
13566	1211233412342434
13567	1211233412344234
13568	1211233412423344
13569	1211233412423434
13570	1211233412432344
13571	1211233412432434
13572	1211233412434234
13573	1211233414223344
13574	1211233414223434
13575	1211233414232344
13576	1211233414232434
13577	1211233414234234
13578	1211233421233444
13579	1211233421234344
13580	1211233421234434
13581	1211233421243344
13582	1211233421243434
13583	1211233421323444
13584	1211233421324344
13585	1211233421324434
13586	1211233421342344
13587	1211233421342434
13588	1211233421344234
13589	1211233421423344
13590	1211233421423434
13591	1211233421432344
13592	1211233421432434
13593	1211233421434234
13594	1211233423123444
13595	1211233423124344
13596	1211233423124434
13597	1211233423142344
13598	1211233423142434
13599	1211233423144234
13600	1211233423412344
13601	1211233423412434
13602	1211233423414234
13603	1211233423441234
13604	1211233424123344
13605	1211233424123434
13606	1211233424132344
13607	1211233424132434
13608	1211233424134234
13609	1211233424312344
13610	1211233424312434
13611	1211233424314234
13612	1211233424341234
13613	1211233441223344
13614	1211233441223434
13615	1211233441232344
13616	1211233441232434
13617	1211233441234234
13618	1211233442123344
13619	1211233442123434
13620	1211233442132344
13621	1211233442132434
13622	1211233442134234
13623	1211233442312344
13624	1211233442312434
13625	1211233442314234
13626	1211233442341234
13627	1211234122333444
13628	1211234122334344
13629	1211234122334434
13630	1211234122343344
13631	1211234122343434
13632	1211234123233444
13633	1211234123234344
13634	1211234123234434
13635	1211234123243344
13636	1211234123243434
13637	1211234123323444
13638	1211234123324344
13639	1211234123324434
13640	1211234123342344
13641	1211234123342434
13642	1211234123344234
13643	1211234123423344
13644	1211234123423434
13645	1211234123432344
13646	1211234123432434
13647	1211234123434234
13648	1211234132233444
13649	1211234132234344
13650	1211234132234434
13651	1211234132243344
13652	1211234132243434
13653	1211234132323444
13654	1211234132324344
13655	1211234132324434
13656	1211234132342344
13657	1211234132342434
13658	1211234132344234
13659	1211234132423344
13660	1211234132423434
13661	1211234132432344
13662	1211234132432434
13663	1211234132434234
13664	1211234134223344
13665	1211234134223434
13666	1211234134232344
13667	1211234134232434
13668	1211234134234234
13669	1211234212333444
13670	1211234212334344
13671	1211234212334434
13672	1211234212343344
13673	1211234212343434
13674	1211234213233444
13675	1211234213234344
13676	1211234213234434
13677	1211234213243344
13678	1211234213243434
13679	1211234213323444
13680	1211234213324344
13681	1211234213324434
13682	1211234213342344
13683	1211234213342434
13684	1211234213344234
13685	1211234213423344
13686	1211234213423434
13687	1211234213432344
13688	1211234213432434
13689	1211234213434234
13690	1211234231233444
13691	1211234231234344
13692	1211234231234434
13693	1211234231243344
13694	1211234231243434
13695	1211234231323444
13696	1211234231324344
13697	1211234231324434
13698	1211234231342344
13699	1211234231342434
13700	1211234231344234
13701	1211234231423344
13702	1211234231423434
13703	1211234231432344
13704	1211234231432434
13705	1211234231434234
13706	1211234233123444
13707	1211234233124344
13708	1211234233124434
13709	1211234233142344
13710	1211234233142434
13711	1211234233144234
13712	1211234233412344
13713	1211234233412434
13714	1211234233414234
13715	1211234233441234
13716	1211234234123344
13717	1211234234123434
13718	1211234234132344
13719	1211234234132434
13720	1211234234134234
13721	1211234234312344
13722	1211234234312434
13723	1211234234314234
13724	1211234234341234
13725	1211234312233444
13726	1211234312234344
13727	1211234312234434
13728	1211234312243344
13729	1211234312243434
13730	1211234312323444
13731	1211234312324344
13732	1211234312324434
13733	1211234312342344
13734	1211234312342434
13735	1211234312344234
13736	1211234312423344
13737	1211234312423434
13738	1211234312432344
13739	1211234312432434
13740	1211234312434234
13741	1211234314223344
13742	1211234314223434
13743	1211234314232344
13744	1211234314232434
13745	1211234314234234
13746	1211234321233444
13747	1211234321234344
13748	1211234321234434
13749	1211234321243344
13750	1211234321243434
13751	1211234321323444
13752	1211234321324344
13753	1211234321324434
13754	1211234321342344
13755	1211234321342434
13756	1211234321344234
13757	1211234321423344
13758	1211234321423434
13759	1211234321432344
13760	1211234321432434
13761	1211234321434234
13762	1211234323123444
13763	1211234323124344
13764	1211234323124434
13765	1211234323142344
13766	1211234323142434
13767	1211234323144234
13768	1211234323412344
13769	1211234323412434
13770	1211234323414234
13771	1211234323441234
13772	1211234324123344
13773	1211234324123434
13774	1211234324132344
13775	1211234324132434
13776	1211234324134234
13777	1211234324312344
13778	1211234324312434
13779	1211234324314234
13780	1211234324341234
13781	1211234341223344
13782	1211234341223434
13783	1211234341232344
13784	1211234341232434
13785	1211234341234234
13786	1211234342123344
13787	1211234342123434
13788	1211234342132344
13789	1211234342132434
13790	1211234342134234
13791	1211234342312344
13792	1211234342312434
13793	1211234342314234
13794	1211234342341234
13795	1211312223334444
13796	1211312223343444
13797	1211312223344344
13798	1211312223344434
13799	1211312223433444
13800	1211312223434344
13801	1211312223434434
13802	1211312223443344
13803	1211312223443434
13804	1211312224333444
13805	1211312224334344
13806	1211312224334434
13807	1211312224343344
13808	1211312224343434
13809	1211312232334444
13810	1211312232343444
13811	1211312232344344
13812	1211312232344434
13813	1211312232433444
13814	1211312232434344
13815	1211312232434434
13816	1211312232443344
13817	1211312232443434
13818	1211312233234444
13819	1211312233243444
13820	1211312233244344
13821	1211312233244434
13822	1211312233423444
13823	1211312233424344
13824	1211312233424434
13825	1211312233442344
13826	1211312233442434
13827	1211312233444234
13828	1211312234233444
13829	1211312234234344
13830	1211312234234434
13831	1211312234243344
13832	1211312234243434
13833	1211312234323444
13834	1211312234324344
13835	1211312234324434
13836	1211312234342344
13837	1211312234342434
13838	1211312234344234
13839	1211312234423344
13840	1211312234423434
13841	1211312234432344
13842	1211312234432434
13843	1211312234434234
13844	1211312242333444
13845	1211312242334344
13846	1211312242334434
13847	1211312242343344
13848	1211312242343434
13849	1211312243233444
13850	1211312243234344
13851	1211312243234434
13852	1211312243243344
13853	1211312243243434
13854	1211312243323444
13855	1211312243324344
13856	1211312243324434
13857	1211312243342344
13858	1211312243342434
13859	1211312243344234
13860	1211312243423344
13861	1211312243423434
13862	1211312243432344
13863	1211312243432434
13864	1211312243434234
13865	1211312322334444
13866	1211312322343444
13867	1211312322344344
13868	1211312322344434
13869	1211312322433444
13870	1211312322434344
13871	1211312322434434
13872	1211312322443344
13873	1211312322443434
13874	1211312323234444
13875	1211312323243444
13876	1211312323244344
13877	1211312323244434
13878	1211312323423444
13879	1211312323424344
13880	1211312323424434
13881	1211312323442344
13882	1211312323442434
13883	1211312323444234
13884	1211312324233444
13885	1211312324234344
13886	1211312324234434
13887	1211312324243344
13888	1211312324243434
13889	1211312324323444
13890	1211312324324344
13891	1211312324324434
13892	1211312324342344
13893	1211312324342434
13894	1211312324344234
13895	1211312324423344
13896	1211312324423434
13897	1211312324432344
13898	1211312324432434
13899	1211312324434234
13900	1211312342233444
13901	1211312342234344
13902	1211312342234434
13903	1211312342243344
13904	1211312342243434
13905	1211312342323444
13906	1211312342324344
13907	1211312342324434
13908	1211312342342344
13909	1211312342342434
13910	1211312342344234
13911	1211312342423344
13912	1211312342423434
13913	1211312342432344
13914	1211312342432434
13915	1211312342434234
13916	1211312344223344
13917	1211312344223434
13918	1211312344232344
13919	1211312344232434
13920	1211312344234234
13921	1211312422333444
13922	1211312422334344
13923	1211312422334434
13924	1211312422343344
13925	1211312422343434
13926	1211312423233444
13927	1211312423234344
13928	1211312423234434
13929	1211312423243344
13930	1211312423243434
13931	1211312423323444
13932	1211312423324344
13933	1211312423324434
13934	1211312423342344
13935	1211312423342434
13936	1211312423344234
13937	1211312423423344
13938	1211312423423434
13939	1211312423432344
13940	1211312423432434
13941	1211312423434234
13942	1211312432233444
13943	1211312432234344
13944	1211312432234434
13945	1211312432243344
13946	1211312432243434
13947	1211312432323444
13948	1211312432324344
13949	1211312432324434
13950	1211312432342344
13951	1211312432342434
13952	1211312432344234
13953	1211312432423344
13954	1211312432423434
13955	1211312432432344
13956	1211312432432434
13957	1211312432434234
13958	1211312434223344
13959	1211312434223434
13960	1211312434232344
13961	1211312434232434
13962	1211312434234234
13963	1211314222333444
13964	1211314222334344
13965	1211314222334434
13966	1211314222343344
13967	1211314222343434
13968	1211314223233444
13969	1211314223234344
13970	1211314223234434
13971	1211314223243344
13972	1211314223243434
13973	1211314223323444
13974	1211314223324344
13975	1211314223324434
13976	1211314223342344
13977	1211314223342434
13978	1211314223344234
13979	1211314223423344
13980	1211314223423434
13981	1211314223432344
13982	1211314223432434
13983	1211314223434234
13984	1211314232233444
13985	1211314232234344
13986	1211314232234434
13987	1211314232243344
13988	1211314232243434
13989	1211314232323444
13990	1211314232324344
13991	1211314232324434
13992	1211314232342344
13993	1211314232342434
13994	1211314232344234
13995	1211314232423344
13996	1211314232423434
13997	1211314232432344
13998	1211314232432434
13999	1211314232434234
14000	1211314234223344
14001	1211314234223434
14002	1211314234232344
14003	1211314234232434
14004	1211314234234234
14005	1211321223334444
14006	1211321223343444
14007	1211321223344344
14008	1211321223344434
14009	1211321223433444
14010	1211321223434344
14011	1211321223434434
14012	1211321223443344
14013	1211321223443434
14014	1211321224333444
14015	1211321224334344
14016	1211321224334434
14017	1211321224343344
14018	1211321224343434
14019	1211321232334444
14020	1211321232343444
14021	1211321232344344
14022	1211321232344434
14023	1211321232433444
14024	1211321232434344
14025	1211321232434434
14026	1211321232443344
14027	1211321232443434
14028	1211321233234444
14029	1211321233243444
14030	1211321233244344
14031	1211321233244434
14032	1211321233423444
14033	1211321233424344
14034	1211321233424434
14035	1211321233442344
14036	1211321233442434
14037	1211321233444234
14038	1211321234233444
14039	1211321234234344
14040	1211321234234434
14041	1211321234243344
14042	1211321234243434
14043	1211321234323444
14044	1211321234324344
14045	1211321234324434
14046	1211321234342344
14047	1211321234342434
14048	1211321234344234
14049	1211321234423344
14050	1211321234423434
14051	1211321234432344
14052	1211321234432434
14053	1211321234434234
14054	1211321242333444
14055	1211321242334344
14056	1211321242334434
14057	1211321242343344
14058	1211321242343434
14059	1211321243233444
14060	1211321243234344
14061	1211321243234434
14062	1211321243243344
14063	1211321243243434
14064	1211321243323444
14065	1211321243324344
14066	1211321243324434
14067	1211321243342344
14068	1211321243342434
14069	1211321243344234
14070	1211321243423344
14071	1211321243423434
14072	1211321243432344
14073	1211321243432434
14074	1211321243434234
14075	1211321322334444
14076	1211321322343444
14077	1211321322344344
14078	1211321322344434
14079	1211321322433444
14080	1211321322434344
14081	1211321322434434
14082	1211321322443344
14083	1211321322443434
14084	1211321323234444
14085	1211321323243444
14086	1211321323244344
14087	1211321323244434
14088	1211321323423444
14089	1211321323424344
14090	1211321323424434
14091	1211321323442344
14092	1211321323442434
14093	1211321323444234
14094	1211321324233444
14095	1211321324234344
14096	1211321324234434
14097	1211321324243344
14098	1211321324243434
14099	1211321324323444
14100	1211321324324344
14101	1211321324324434
14102	1211321324342344
14103	1211321324342434
14104	1211321324344234
14105	1211321324423344
14106	1211321324423434
14107	1211321324432344
14108	1211321324432434
14109	1211321324434234
14110	1211321342233444
14111	1211321342234344
14112	1211321342234434
14113	1211321342243344
14114	1211321342243434
14115	1211321342323444
14116	1211321342324344
14117	1211321342324434
14118	1211321342342344
14119	1211321342342434
14120	1211321342344234
14121	1211321342423344
14122	1211321342423434
14123	1211321342432344
14124	1211321342432434
14125	1211321342434234
14126	1211321344223344
14127	1211321344223434
14128	1211321344232344
14129	1211321344232434
14130	1211321344234234
14131	1211321422333444
14132	1211321422334344
14133	1211321422334434
14134	1211321422343344
14135	1211321422343434
14136	1211321423233444
14137	1211321423234344
14138	1211321423234434
14139	1211321423243344
14140	1211321423243434
14141	1211321423323444
14142	1211321423324344
14143	1211321423324434
14144	1211321423342344
14145	1211321423342434
14146	1211321423344234
14147	1211321423423344
14148	1211321423423434
14149	1211321423432344
14150	1211321423432434
14151	1211321423434234
14152	1211321432233444
14153	1211321432234344
14154	1211321432234434
14155	1211321432243344
14156	1211321432243434
14157	1211321432323444
14158	1211321432324344
14159	1211321432324434
14160	1211321432342344
14161	1211321432342434
14162	1211321432344234
14163	1211321432423344
14164	1211321432423434
14165	1211321432432344
14166	1211321432432434
14167	1211321432434234
14168	1211321434223344
14169	1211321434223434
14170	1211321434232344
14171	1211321434232434
14172	1211321434234234
14173	1211322123334444
14174	1211322123343444
14175	1211322123344344
14176	1211322123344434
14177	1211322123433444
14178	1211322123434344
14179	1211322123434434
14180	1211322123443344
14181	1211322123443434
14182	1211322124333444
14183	1211322124334344
14184	1211322124334434
14185	1211322124343344
14186	1211322124343434
14187	1211322132334444
14188	1211322132343444
14189	1211322132344344
14190	1211322132344434
14191	1211322132433444
14192	1211322132434344
14193	1211322132434434
14194	1211322132443344
14195	1211322132443434
14196	1211322133234444
14197	1211322133243444
14198	1211322133244344
14199	1211322133244434
14200	1211322133423444
14201	1211322133424344
14202	1211322133424434
14203	1211322133442344
14204	1211322133442434
14205	1211322133444234
14206	1211322134233444
14207	1211322134234344
14208	1211322134234434
14209	1211322134243344
14210	1211322134243434
14211	1211322134323444
14212	1211322134324344
14213	1211322134324434
14214	1211322134342344
14215	1211322134342434
14216	1211322134344234
14217	1211322134423344
14218	1211322134423434
14219	1211322134432344
14220	1211322134432434
14221	1211322134434234
14222	1211322142333444
14223	1211322142334344
14224	1211322142334434
14225	1211322142343344
14226	1211322142343434
14227	1211322143233444
14228	1211322143234344
14229	1211322143234434
14230	1211322143243344
14231	1211322143243434
14232	1211322143323444
14233	1211322143324344
14234	1211322143324434
14235	1211322143342344
14236	1211322143342434
14237	1211322143344234
14238	1211322143423344
14239	1211322143423434
14240	1211322143432344
14241	1211322143432434
14242	1211322143434234
14243	1211322312334444
14244	1211322312343444
14245	1211322312344344
14246	1211322312344434
14247	1211322312433444
14248	1211322312434344
14249	1211322312434434
14250	1211322312443344
14251	1211322312443434
14252	1211322313234444
14253	1211322313243444
14254	1211322313244344
14255	1211322313244434
14256	1211322313423444
14257	1211322313424344
14258	1211322313424434
14259	1211322313442344
14260	1211322313442434
14261	1211322313444234
14262	1211322314233444
14263	1211322314234344
14264	1211322314234434
14265	1211322314243344
14266	1211322314243434
14267	1211322314323444
14268	1211322314324344
14269	1211322314324434
14270	1211322314342344
14271	1211322314342434
14272	1211322314344234
14273	1211322314423344
14274	1211322314423434
14275	1211322314432344
14276	1211322314432434
14277	1211322314434234
14278	1211322331234444
14279	1211322331243444
14280	1211322331244344
14281	1211322331244434
14282	1211322331423444
14283	1211322331424344
14284	1211322331424434
14285	1211322331442344
14286	1211322331442434
14287	1211322331444234
14288	1211322334123444
14289	1211322334124344
14290	1211322334124434
14291	1211322334142344
14292	1211322334142434
14293	1211322334144234
14294	1211322334412344
14295	1211322334412434
14296	1211322334414234
14297	1211322334441234
14298	1211322341233444
14299	1211322341234344
14300	1211322341234434
14301	1211322341243344
14302	1211322341243434
14303	1211322341323444
14304	1211322341324344
14305	1211322341324434
14306	1211322341342344
14307	1211322341342434
14308	1211322341344234
14309	1211322341423344
14310	1211322341423434
14311	1211322341432344
14312	1211322341432434
14313	1211322341434234
14314	1211322343123444
14315	1211322343124344
14316	1211322343124434
14317	1211322343142344
14318	1211322343142434
14319	1211322343144234
14320	1211322343412344
14321	1211322343412434
14322	1211322343414234
14323	1211322343441234
14324	1211322344123344
14325	1211322344123434
14326	1211322344132344
14327	1211322344132434
14328	1211322344134234
14329	1211322344312344
14330	1211322344312434
14331	1211322344314234
14332	1211322344341234
14333	1211322412333444
14334	1211322412334344
14335	1211322412334434
14336	1211322412343344
14337	1211322412343434
14338	1211322413233444
14339	1211322413234344
14340	1211322413234434
14341	1211322413243344
14342	1211322413243434
14343	1211322413323444
14344	1211322413324344
14345	1211322413324434
14346	1211322413342344
14347	1211322413342434
14348	1211322413344234
14349	1211322413423344
14350	1211322413423434
14351	1211322413432344
14352	1211322413432434
14353	1211322413434234
14354	1211322431233444
14355	1211322431234344
14356	1211322431234434
14357	1211322431243344
14358	1211322431243434
14359	1211322431323444
14360	1211322431324344
14361	1211322431324434
14362	1211322431342344
14363	1211322431342434
14364	1211322431344234
14365	1211322431423344
14366	1211322431423434
14367	1211322431432344
14368	1211322431432434
14369	1211322431434234
14370	1211322433123444
14371	1211322433124344
14372	1211322433124434
14373	1211322433142344
14374	1211322433142434
14375	1211322433144234
14376	1211322433412344
14377	1211322433412434
14378	1211322433414234
14379	1211322433441234
14380	1211322434123344
14381	1211322434123434
14382	1211322434132344
14383	1211322434132434
14384	1211322434134234
14385	1211322434312344
14386	1211322434312434
14387	1211322434314234
14388	1211322434341234
14389	1211323122334444
14390	1211323122343444
14391	1211323122344344
14392	1211323122344434
14393	1211323122433444
14394	1211323122434344
14395	1211323122434434
14396	1211323122443344
14397	1211323122443434
14398	1211323123234444
14399	1211323123243444
14400	1211323123244344
14401	1211323123244434
14402	1211323123423444
14403	1211323123424344
14404	1211323123424434
14405	1211323123442344
14406	1211323123442434
14407	1211323123444234
14408	1211323124233444
14409	1211323124234344
14410	1211323124234434
14411	1211323124243344
14412	1211323124243434
14413	1211323124323444
14414	1211323124324344
14415	1211323124324434
14416	1211323124342344
14417	1211323124342434
14418	1211323124344234
14419	1211323124423344
14420	1211323124423434
14421	1211323124432344
14422	1211323124432434
14423	1211323124434234
14424	1211323142233444
14425	1211323142234344
14426	1211323142234434
14427	1211323142243344
14428	1211323142243434
14429	1211323142323444
14430	1211323142324344
14431	1211323142324434
14432	1211323142342344
14433	1211323142342434
14434	1211323142344234
14435	1211323142423344
14436	1211323142423434
14437	1211323142432344
14438	1211323142432434
14439	1211323142434234
14440	1211323144223344
14441	1211323144223434
14442	1211323144232344
14443	1211323144232434
14444	1211323144234234
14445	1211323212334444
14446	1211323212343444
14447	1211323212344344
14448	1211323212344434
14449	1211323212433444
14450	1211323212434344
14451	1211323212434434
14452	1211323212443344
14453	1211323212443434
14454	1211323213234444
14455	1211323213243444
14456	1211323213244344
14457	1211323213244434
14458	1211323213423444
14459	1211323213424344
14460	1211323213424434
14461	1211323213442344
14462	1211323213442434
14463	1211323213444234
14464	1211323214233444
14465	1211323214234344
14466	1211323214234434
14467	1211323214243344
14468	1211323214243434
14469	1211323214323444
14470	1211323214324344
14471	1211323214324434
14472	1211323214342344
14473	1211323214342434
14474	1211323214344234
14475	1211323214423344
14476	1211323214423434
14477	1211323214432344
14478	1211323214432434
14479	1211323214434234
14480	1211323231234444
14481	1211323231243444
14482	1211323231244344
14483	1211323231244434
14484	1211323231423444
14485	1211323231424344
14486	1211323231424434
14487	1211323231442344
14488	1211323231442434
14489	1211323231444234
14490	1211323234123444
14491	1211323234124344
14492	1211323234124434
14493	1211323234142344
14494	1211323234142434
14495	1211323234144234
14496	1211323234412344
14497	1211323234412434
14498	1211323234414234
14499	1211323234441234
14500	1211323241233444
14501	1211323241234344
14502	1211323241234434
14503	1211323241243344
14504	1211323241243434
14505	1211323241323444
14506	1211323241324344
14507	1211323241324434
14508	1211323241342344
14509	1211323241342434
14510	1211323241344234
14511	1211323241423344
14512	1211323241423434
14513	1211323241432344
14514	1211323241432434
14515	1211323241434234
14516	1211323243123444
14517	1211323243124344
14518	1211323243124434
14519	1211323243142344
14520	1211323243142434
14521	1211323243144234
14522	1211323243412344
14523	1211323243412434
14524	1211323243414234
14525	1211323243441234
14526	1211323244123344
14527	1211323244123434
14528	1211323244132344
14529	1211323244132434
14530	1211323244134234
14531	1211323244312344
14532	1211323244312434
14533	1211323244314234
14534	1211323244341234
14535	1211323412233444
14536	1211323412234344
14537	1211323412234434
14538	1211323412243344
14539	1211323412243434
14540	1211323412323444
14541	1211323412324344
14542	1211323412324434
14543	1211323412342344
14544	1211323412342434
14545	1211323412344234
14546	1211323412423344
14547	1211323412423434
14548	1211323412432344
14549	1211323412432434
14550	1211323412434234
14551	1211323414223344
14552	1211323414223434
14553	1211323414232344
14554	1211323414232434
14555	1211323414234234
14556	1211323421233444
14557	1211323421234344
14558	1211323421234434
14559	1211323421243344
14560	1211323421243434
14561	1211323421323444
14562	1211323421324344
14563	1211323421324434
14564	1211323421342344
14565	1211323421342434
14566	1211323421344234
14567	1211323421423344
14568	1211323421423434
14569	1211323421432344
14570	1211323421432434
14571	1211323421434234
14572	1211323423123444
14573	1211323423124344
14574	1211323423124434
14575	1211323423142344
14576	1211323423142434
14577	1211323423144234
14578	1211323423412344
14579	1211323423412434
14580	1211323423414234
14581	1211323423441234
14582	1211323424123344
14583	1211323424123434
14584	1211323424132344
14585	1211323424132434
14586	1211323424134234
14587	1211323424312344
14588	1211323424312434
14589	1211323424314234
14590	1211323424341234
14591	1211323441223344
14592	1211323441223434
14593	1211323441232344
14594	1211323441232434
14595	1211323441234234
14596	1211323442123344
14597	1211323442123434
14598	1211323442132344
14599	1211323442132434
14600	1211323442134234
14601	1211323442312344
14602	1211323442312434
14603	1211323442314234
14604	1211323442341234
14605	1211324122333444
14606	1211324122334344
14607	1211324122334434
14608	1211324122343344
14609	1211324122343434
14610	1211324123233444
14611	1211324123234344
14612	1211324123234434
14613	1211324123243344
14614	1211324123243434
14615	1211324123323444
14616	1211324123324344
14617	1211324123324434
14618	1211324123342344
14619	1211324123342434
14620	1211324123344234
14621	1211324123423344
14622	1211324123423434
14623	1211324123432344
14624	1211324123432434
14625	1211324123434234
14626	1211324132233444
14627	1211324132234344
14628	1211324132234434
14629	1211324132243344
14630	1211324132243434
14631	1211324132323444
14632	1211324132324344
14633	1211324132324434
14634	1211324132342344
14635	1211324132342434
14636	1211324132344234
14637	1211324132423344
14638	1211324132423434
14639	1211324132432344
14640	1211324132432434
14641	1211324132434234
14642	1211324134223344
14643	1211324134223434
14644	1211324134232344
14645	1211324134232434
14646	1211324134234234
14647	1211324212333444
14648	1211324212334344
14649	1211324212334434
14650	1211324212343344
14651	1211324212343434
14652	1211324213233444
14653	1211324213234344
14654	1211324213234434
14655	1211324213243344
14656	1211324213243434
14657	1211324213323444
14658	1211324213324344
14659	1211324213324434
14660	1211324213342344
14661	1211324213342434
14662	1211324213344234
14663	1211324213423344
14664	1211324213423434
14665	1211324213432344
14666	1211324213432434
14667	1211324213434234
14668	1211324231233444
14669	1211324231234344
14670	1211324231234434
14671	1211324231243344
14672	1211324231243434
14673	1211324231323444
14674	1211324231324344
14675	1211324231324434
14676	1211324231342344
14677	1211324231342434
14678	1211324231344234
14679	1211324231423344
14680	1211324231423434
14681	1211324231432344
14682	1211324231432434
14683	1211324231434234
14684	1211324233123444
14685	1211324233124344
14686	1211324233124434
14687	1211324233142344
14688	1211324233142434
14689	1211324233144234
14690	1211324233412344
14691	1211324233412434
14692	1211324233414234
14693	1211324233441234
14694	1211324234123344
14695	1211324234123434
14696	1211324234132344
14697	1211324234132434
14698	1211324234134234
14699	1211324234312344
14700	1211324234312434
14701	1211324234314234
14702	1211324234341234
14703	1211324312233444
14704	1211324312234344
14705	1211324312234434
14706	1211324312243344
14707	1211324312243434
14708	1211324312323444
14709	1211324312324344
14710	1211324312324434
14711	1211324312342344
14712	1211324312342434
14713	1211324312344234
14714	1211324312423344
14715	1211324312423434
14716	1211324312432344
14717	1211324312432434
14718	1211324312434234
14719	1211324314223344
14720	1211324314223434
14721	1211324314232344
14722	1211324314232434
14723	1211324314234234
14724	1211324321233444
14725	1211324321234344
14726	1211324321234434
14727	1211324321243344
14728	1211324321243434
14729	1211324321323444
14730	1211324321324344
14731	1211324321324434
14732	1211324321342344
14733	1211324321342434
14734	1211324321344234
14735	1211324321423344
14736	1211324321423434
14737	1211324321432344
14738	1211324321432434
14739	1211324321434234
14740	1211324323123444
14741	1211324323124344
14742	1211324323124434
14743	1211324323142344
14744	1211324323142434
14745	1211324323144234
14746	1211324323412344
14747	1211324323412434
14748	1211324323414234
14749	1211324323441234
14750	1211324324123344
14751	1211324324123434
14752	1211324324132344
14753	1211324324132434
14754	1211324324134234
14755	1211324324312344
14756	1211324324312434
14757	1211324324314234
14758	1211324324341234
14759	1211324341223344
14760	1211324341223434
14761	1211324341232344
14762	1211324341232434
14763	1211324341234234
14764	1211324342123344
14765	1211324342123434
14766	1211324342132344
14767	1211324342132434
14768	1211324342134234
14769	1211324342312344
14770	1211324342312434
14771	1211324342314234
14772	1211324342341234
14773	1211341222333444
14774	1211341222334344
14775	1211341222334434
14776	1211341222343344
14777	1211341222343434
14778	1211341223233444
14779	1211341223234344
14780	1211341223234434
14781	1211341223243344
14782	1211341223243434
14783	1211341223323444
14784	1211341223324344
14785	1211341223324434
14786	1211341223342344
14787	1211341223342434
14788	1211341223344234
14789	1211341223423344
14790	1211341223423434
14791	1211341223432344
14792	1211341223432434
14793	1211341223434234
14794	1211341232233444
14795	1211341232234344
14796	1211341232234434
14797	1211341232243344
14798	1211341232243434
14799	1211341232323444
14800	1211341232324344
14801	1211341232324434
14802	1211341232342344
14803	1211341232342434
14804	1211341232344234
14805	1211341232423344
14806	1211341232423434
14807	1211341232432344
14808	1211341232432434
14809	1211341232434234
14810	1211341234223344
14811	1211341234223434
14812	1211341234232344
14813	1211341234232434
14814	1211341234234234
14815	1211342122333444
14816	1211342122334344
14817	1211342122334434
14818	1211342122343344
14819	1211342122343434
14820	1211342123233444
14821	1211342123234344
14822	1211342123234434
14823	1211342123243344
14824	1211342123243434
14825	1211342123323444
14826	1211342123324344
14827	1211342123324434
14828	1211342123342344
14829	1211342123342434
14830	1211342123344234
14831	1211342123423344
14832	1211342123423434
14833	1211342123432344
14834	1211342123432434
14835	1211342123434234
14836	1211342132233444
14837	1211342132234344
14838	1211342132234434
14839	1211342132243344
14840	1211342132243434
14841	1211342132323444
14842	1211342132324344
14843	1211342132324434
14844	1211342132342344
14845	1211342132342434
14846	1211342132344234
14847	1211342132423344
14848	1211342132423434
14849	1211342132432344
14850	1211342132432434
14851	1211342132434234
14852	1211342134223344
14853	1211342134223434
14854	1211342134232344
14855	1211342134232434
14856	1211342134234234
14857	1211342212333444
14858	1211342212334344
14859	1211342212334434
14860	1211342212343344
14861	1211342212343434
14862	1211342213233444
14863	1211342213234344
14864	1211342213234434
14865	1211342213243344
14866	1211342213243434
14867	1211342213323444
14868	1211342213324344
14869	1211342213324434
14870	1211342213342344
14871	1211342213342434
14872	1211342213344234
14873	1211342213423344
14874	1211342213423434
14875	1211342213432344
14876	1211342213432434
14877	1211342213434234
14878	1211342231233444
14879	1211342231234344
14880	1211342231234434
14881	1211342231243344
14882	1211342231243434
14883	1211342231323444
14884	1211342231324344
14885	1211342231324434
14886	1211342231342344
14887	1211342231342434
14888	1211342231344234
14889	1211342231423344
14890	1211342231423434
14891	1211342231432344
14892	1211342231432434
14893	1211342231434234
14894	1211342233123444
14895	1211342233124344
14896	1211342233124434
14897	1211342233142344
14898	1211342233142434
14899	1211342233144234
14900	1211342233412344
14901	1211342233412434
14902	1211342233414234
14903	1211342233441234
14904	1211342234123344
14905	1211342234123434
14906	1211342234132344
14907	1211342234132434
14908	1211342234134234
14909	1211342234312344
14910	1211342234312434
14911	1211342234314234
14912	1211342234341234
14913	1211342312233444
14914	1211342312234344
14915	1211342312234434
14916	1211342312243344
14917	1211342312243434
14918	1211342312323444
14919	1211342312324344
14920	1211342312324434
14921	1211342312342344
14922	1211342312342434
14923	1211342312344234
14924	1211342312423344
14925	1211342312423434
14926	1211342312432344
14927	1211342312432434
14928	1211342312434234
14929	1211342314223344
14930	1211342314223434
14931	1211342314232344
14932	1211342314232434
14933	1211342314234234
14934	1211342321233444
14935	1211342321234344
14936	1211342321234434
14937	1211342321243344
14938	1211342321243434
14939	1211342321323444
14940	1211342321324344
14941	1211342321324434
14942	1211342321342344
14943	1211342321342434
14944	1211342321344234
14945	1211342321423344
14946	1211342321423434
14947	1211342321432344
14948	1211342321432434
14949	1211342321434234
14950	1211342323123444
14951	1211342323124344
14952	1211342323124434
14953	1211342323142344
14954	1211342323142434
14955	1211342323144234
14956	1211342323412344
14957	1211342323412434
14958	1211342323414234
14959	1211342323441234
14960	1211342324123344
14961	1211342324123434
14962	1211342324132344
14963	1211342324132434
14964	1211342324134234
14965	1211342324312344
14966	1211342324312434
14967	1211342324314234
14968	1211342324341234
14969	1211342341223344
14970	1211342341223434
14971	1211342341232344
14972	1211342341232434
14973	1211342341234234
14974	1211342342123344
14975	1211342342123434
14976	1211342342132344
14977	1211342342132434
14978	1211342342134234
14979	1211342342312344
14980	1211342342312434
14981	1211342342314234
14982	1211342342341234
14983	1212112233334444
14984	1212112233343444
14985	1212112233344344
14986	1212112233344434
14987	1212112233433444
14988	1212112233434344
14989	1212112233434434
14990	1212112233443344
14991	1212112233443434
14992	1212112234333444
14993	1212112234334344
14994	1212112234334434
14995	1212112234343344
14996	1212112234343434
14997	1212112323334444
14998	1212112323343444
14999	1212112323344344
15000	1212112323344434
15001	1212112323433444
15002	1212112323434344
15003	1212112323434434
15004	1212112323443344
15005	1212112323443434
15006	1212112324333444
15007	1212112324334344
15008	1212112324334434
15009	1212112324343344
15010	1212112324343434
15011	1212112332334444
15012	1212112332343444
15013	1212112332344344
15014	1212112332344434
15015	1212112332433444
15016	1212112332434344
15017	1212112332434434
15018	1212112332443344
15019	1212112332443434
15020	1212112333234444
15021	1212112333243444
15022	1212112333244344
15023	1212112333244434
15024	1212112333423444
15025	1212112333424344
15026	1212112333424434
15027	1212112333442344
15028	1212112333442434
15029	1212112333444234
15030	1212112334233444
15031	1212112334234344
15032	1212112334234434
15033	1212112334243344
15034	1212112334243434
15035	1212112334323444
15036	1212112334324344
15037	1212112334324434
15038	1212112334342344
15039	1212112334342434
15040	1212112334344234
15041	1212112334423344
15042	1212112334423434
15043	1212112334432344
15044	1212112334432434
15045	1212112334434234
15046	1212112342333444
15047	1212112342334344
15048	1212112342334434
15049	1212112342343344
15050	1212112342343434
15051	1212112343233444
15052	1212112343234344
15053	1212112343234434
15054	1212112343243344
15055	1212112343243434
15056	1212112343323444
15057	1212112343324344
15058	1212112343324434
15059	1212112343342344
15060	1212112343342434
15061	1212112343344234
15062	1212112343423344
15063	1212112343423434
15064	1212112343432344
15065	1212112343432434
15066	1212112343434234
15067	1212113223334444
15068	1212113223343444
15069	1212113223344344
15070	1212113223344434
15071	1212113223433444
15072	1212113223434344
15073	1212113223434434
15074	1212113223443344
15075	1212113223443434
15076	1212113224333444
15077	1212113224334344
15078	1212113224334434
15079	1212113224343344
15080	1212113224343434
15081	1212113232334444
15082	1212113232343444
15083	1212113232344344
15084	1212113232344434
15085	1212113232433444
15086	1212113232434344
15087	1212113232434434
15088	1212113232443344
15089	1212113232443434
15090	1212113233234444
15091	1212113233243444
15092	1212113233244344
15093	1212113233244434
15094	1212113233423444
15095	1212113233424344
15096	1212113233424434
15097	1212113233442344
15098	1212113233442434
15099	1212113233444234
15100	1212113234233444
15101	1212113234234344
15102	1212113234234434
15103	1212113234243344
15104	1212113234243434
15105	1212113234323444
15106	1212113234324344
15107	1212113234324434
15108	1212113234342344
15109	1212113234342434
15110	1212113234344234
15111	1212113234423344
15112	1212113234423434
15113	1212113234432344
15114	1212113234432434
15115	1212113234434234
15116	1212113242333444
15117	1212113242334344
15118	1212113242334434
15119	1212113242343344
15120	1212113242343434
15121	1212113243233444
15122	1212113243234344
15123	1212113243234434
15124	1212113243243344
15125	1212113243243434
15126	1212113243323444
15127	1212113243324344
15128	1212113243324434
15129	1212113243342344
15130	1212113243342434
15131	1212113243344234
15132	1212113243423344
15133	1212113243423434
15134	1212113243432344
15135	1212113243432434
15136	1212113243434234
15137	1212113322334444
15138	1212113322343444
15139	1212113322344344
15140	1212113322344434
15141	1212113322433444
15142	1212113322434344
15143	1212113322434434
15144	1212113322443344
15145	1212113322443434
15146	1212113323234444
15147	1212113323243444
15148	1212113323244344
15149	1212113323244434
15150	1212113323423444
15151	1212113323424344
15152	1212113323424434
15153	1212113323442344
15154	1212113323442434
15155	1212113323444234
15156	1212113324233444
15157	1212113324234344
15158	1212113324234434
15159	1212113324243344
15160	1212113324243434
15161	1212113324323444
15162	1212113324324344
15163	1212113324324434
15164	1212113324342344
15165	1212113324342434
15166	1212113324344234
15167	1212113324423344
15168	1212113324423434
15169	1212113324432344
15170	1212113324432434
15171	1212113324434234
15172	1212113342233444
15173	1212113342234344
15174	1212113342234434
15175	1212113342243344
15176	1212113342243434
15177	1212113342323444
15178	1212113342324344
15179	1212113342324434
15180	1212113342342344
15181	1212113342342434
15182	1212113342344234
15183	1212113342423344
15184	1212113342423434
15185	1212113342432344
15186	1212113342432434
15187	1212113342434234
15188	1212113344223344
15189	1212113344223434
15190	1212113344232344
15191	1212113344232434
15192	1212113344234234
15193	1212113422333444
15194	1212113422334344
15195	1212113422334434
15196	1212113422343344
15197	1212113422343434
15198	1212113423233444
15199	1212113423234344
15200	1212113423234434
15201	1212113423243344
15202	1212113423243434
15203	1212113423323444
15204	1212113423324344
15205	1212113423324434
15206	1212113423342344
15207	1212113423342434
15208	1212113423344234
15209	1212113423423344
15210	1212113423423434
15211	1212113423432344
15212	1212113423432434
15213	1212113423434234
15214	1212113432233444
15215	1212113432234344
15216	1212113432234434
15217	1212113432243344
15218	1212113432243434
15219	1212113432323444
15220	1212113432324344
15221	1212113432324434
15222	1212113432342344
15223	1212113432342434
15224	1212113432344234
15225	1212113432423344
15226	1212113432423434
15227	1212113432432344
15228	1212113432432434
15229	1212113432434234
15230	1212113434223344
15231	1212113434223434
15232	1212113434232344
15233	1212113434232434
15234	1212113434234234
15235	1212121233334444
15236	1212121233343444
15237	1212121233344344
15238	1212121233344434
15239	1212121233433444
15240	1212121233434344
15241	1212121233434434
15242	1212121233443344
15243	1212121233443434
15244	1212121234333444
15245	1212121234334344
15246	1212121234334434
15247	1212121234343344
15248	1212121234343434
15249	1212121323334444
15250	1212121323343444
15251	1212121323344344
15252	1212121323344434
15253	1212121323433444
15254	1212121323434344
15255	1212121323434434
15256	1212121323443344
15257	1212121323443434
15258	1212121324333444
15259	1212121324334344
15260	1212121324334434
15261	1212121324343344
15262	1212121324343434
15263	1212121332334444
15264	1212121332343444
15265	1212121332344344
15266	1212121332344434
15267	1212121332433444
15268	1212121332434344
15269	1212121332434434
15270	1212121332443344
15271	1212121332443434
15272	1212121333234444
15273	1212121333243444
15274	1212121333244344
15275	1212121333244434
15276	1212121333423444
15277	1212121333424344
15278	1212121333424434
15279	1212121333442344
15280	1212121333442434
15281	1212121333444234
15282	1212121334233444
15283	1212121334234344
15284	1212121334234434
15285	1212121334243344
15286	1212121334243434
15287	1212121334323444
15288	1212121334324344
15289	1212121334324434
15290	1212121334342344
15291	1212121334342434
15292	1212121334344234
15293	1212121334423344
15294	1212121334423434
15295	1212121334432344
15296	1212121334432434
15297	1212121334434234
15298	1212121342333444
15299	1212121342334344
15300	1212121342334434
15301	1212121342343344
15302	1212121342343434
15303	1212121343233444
15304	1212121343234344
15305	1212121343234434
15306	1212121343243344
15307	1212121343243434
15308	1212121343323444
15309	1212121343324344
15310	1212121343324434
15311	1212121343342344
15312	1212121343342434
15313	1212121343344234
15314	1212121343423344
15315	1212121343423434
15316	1212121343432344
15317	1212121343432434
15318	1212121343434234
15319	1212123123334444
15320	1212123123343444
15321	1212123123344344
15322	1212123123344434
15323	1212123123433444
15324	1212123123434344
15325	1212123123434434
15326	1212123123443344
15327	1212123123443434
15328	1212123124333444
15329	1212123124334344
15330	1212123124334434
15331	1212123124343344
15332	1212123124343434
15333	1212123132334444
15334	1212123132343444
15335	1212123132344344
15336	1212123132344434
15337	1212123132433444
15338	1212123132434344
15339	1212123132434434
15340	1212123132443344
15341	1212123132443434
15342	1212123133234444
15343	1212123133243444
15344	1212123133244344
15345	1212123133244434
15346	1212123133423444
15347	1212123133424344
15348	1212123133424434
15349	1212123133442344
15350	1212123133442434
15351	1212123133444234
15352	1212123134233444
15353	1212123134234344
15354	1212123134234434
15355	1212123134243344
15356	1212123134243434
15357	1212123134323444
15358	1212123134324344
15359	1212123134324434
15360	1212123134342344
15361	1212123134342434
15362	1212123134344234
15363	1212123134423344
15364	1212123134423434
15365	1212123134432344
15366	1212123134432434
15367	1212123134434234
15368	1212123142333444
15369	1212123142334344
15370	1212123142334434
15371	1212123142343344
15372	1212123142343434
15373	1212123143233444
15374	1212123143234344
15375	1212123143234434
15376	1212123143243344
15377	1212123143243434
15378	1212123143323444
15379	1212123143324344
15380	1212123143324434
15381	1212123143342344
15382	1212123143342434
15383	1212123143344234
15384	1212123143423344
15385	1212123143423434
15386	1212123143432344
15387	1212123143432434
15388	1212123143434234
15389	1212123312334444
15390	1212123312343444
15391	1212123312344344
15392	1212123312344434
15393	1212123312433444
15394	1212123312434344
15395	1212123312434434
15396	1212123312443344
15397	1212123312443434
15398	1212123313234444
15399	1212123313243444
15400	1212123313244344
15401	1212123313244434
15402	1212123313423444
15403	1212123313424344
15404	1212123313424434
15405	1212123313442344
15406	1212123313442434
15407	1212123313444234
15408	1212123314233444
15409	1212123314234344
15410	1212123314234434
15411	1212123314243344
15412	1212123314243434
15413	1212123314323444
15414	1212123314324344
15415	1212123314324434
15416	1212123314342344
15417	1212123314342434
15418	1212123314344234
15419	1212123314423344
15420	1212123314423434
15421	1212123314432344
15422	1212123314432434
15423	1212123314434234
15424	1212123331234444
15425	1212123331243444
15426	1212123331244344
15427	1212123331244434
15428	1212123331423444
15429	1212123331424344
15430	1212123331424434
15431	1212123331442344
15432	1212123331442434
15433	1212123331444234
15434	1212123334123444
15435	1212123334124344
15436	1212123334124434
15437	1212123334142344
15438	1212123334142434
15439	1212123334144234
15440	1212123334412344
15441	1212123334412434
15442	1212123334414234
15443	1212123334441234
15444	1212123341233444
15445	1212123341234344
15446	1212123341234434
15447	1212123341243344
15448	1212123341243434
15449	1212123341323444
15450	1212123341324344
15451	1212123341324434
15452	1212123341342344
15453	1212123341342434
15454	1212123341344234
15455	1212123341423344
15456	1212123341423434
15457	1212123341432344
15458	1212123341432434
15459	1212123341434234
15460	1212123343123444
15461	1212123343124344
15462	1212123343124434
15463	1212123343142344
15464	1212123343142434
15465	1212123343144234
15466	1212123343412344
15467	1212123343412434
15468	1212123343414234
15469	1212123343441234
15470	1212123344123344
15471	1212123344123434
15472	1212123344132344
15473	1212123344132434
15474	1212123344134234
15475	1212123344312344
15476	1212123344312434
15477	1212123344314234
15478	1212123344341234
15479	1212123412333444
15480	1212123412334344
15481	1212123412334434
15482	1212123412343344
15483	1212123412343434
15484	1212123413233444
15485	1212123413234344
15486	1212123413234434
15487	1212123413243344
15488	1212123413243434
15489	1212123413323444
15490	1212123413324344
15491	1212123413324434
15492	1212123413342344
15493	1212123413342434
15494	1212123413344234
15495	1212123413423344
15496	1212123413423434
15497	1212123413432344
15498	1212123413432434
15499	1212123413434234
15500	1212123431233444
15501	1212123431234344
15502	1212123431234434
15503	1212123431243344
15504	1212123431243434
15505	1212123431323444
15506	1212123431324344
15507	1212123431324434
15508	1212123431342344
15509	1212123431342434
15510	1212123431344234
15511	1212123431423344
15512	1212123431423434
15513	1212123431432344
15514	1212123431432434
15515	1212123431434234
15516	1212123433123444
15517	1212123433124344
15518	1212123433124434
15519	1212123433142344
15520	1212123433142434
15521	1212123433144234
15522	1212123433412344
15523	1212123433412434
15524	1212123433414234
15525	1212123433441234
15526	1212123434123344
15527	1212123434123434
15528	1212123434132344
15529	1212123434132434
15530	1212123434134234
15531	1212123434312344
15532	1212123434312434
15533	1212123434314234
15534	1212123434341234
15535	1212131223334444
15536	1212131223343444
15537	1212131223344344
15538	1212131223344434
15539	1212131223433444
15540	1212131223434344
15541	1212131223434434
15542	1212131223443344
15543	1212131223443434
15544	1212131224333444
15545	1212131224334344
15546	1212131224334434
15547	1212131224343344
15548	1212131224343434
15549	1212131232334444
15550	1212131232343444
15551	1212131232344344
15552	1212131232344434
15553	1212131232433444
15554	1212131232434344
15555	1212131232434434
15556	1212131232443344
15557	1212131232443434
15558	1212131233234444
15559	1212131233243444
15560	1212131233244344
15561	1212131233244434
15562	1212131233423444
15563	1212131233424344
15564	1212131233424434
15565	1212131233442344
15566	1212131233442434
15567	1212131233444234
15568	1212131234233444
15569	1212131234234344
15570	1212131234234434
15571	1212131234243344
15572	1212131234243434
15573	1212131234323444
15574	1212131234324344
15575	1212131234324434
15576	1212131234342344
15577	1212131234342434
15578	1212131234344234
15579	1212131234423344
15580	1212131234423434
15581	1212131234432344
15582	1212131234432434
15583	1212131234434234
15584	1212131242333444
15585	1212131242334344
15586	1212131242334434
15587	1212131242343344
15588	1212131242343434
15589	1212131243233444
15590	1212131243234344
15591	1212131243234434
15592	1212131243243344
15593	1212131243243434
15594	1212131243323444
15595	1212131243324344
15596	1212131243324434
15597	1212131243342344
15598	1212131243342434
15599	1212131243344234
15600	1212131243423344
15601	1212131243423434
15602	1212131243432344
15603	1212131243432434
15604	1212131243434234
15605	1212131322334444
15606	1212131322343444
15607	1212131322344344
15608	1212131322344434
15609	1212131322433444
15610	1212131322434344
15611	1212131322434434
15612	1212131322443344
15613	1212131322443434
15614	1212131323234444
15615	1212131323243444
15616	1212131323244344
15617	1212131323244434
15618	1212131323423444
15619	1212131323424344
15620	1212131323424434
15621	1212131323442344
15622	1212131323442434
15623	1212131323444234
15624	1212131324233444
15625	1212131324234344
15626	1212131324234434
15627	1212131324243344
15628	1212131324243434
15629	1212131324323444
15630	1212131324324344
15631	1212131324324434
15632	1212131324342344
15633	1212131324342434
15634	1212131324344234
15635	1212131324423344
15636	1212131324423434
15637	1212131324432344
15638	1212131324432434
15639	1212131324434234
15640	1212131342233444
15641	1212131342234344
15642	1212131342234434
15643	1212131342243344
15644	1212131342243434
15645	1212131342323444
15646	1212131342324344
15647	1212131342324434
15648	1212131342342344
15649	1212131342342434
15650	1212131342344234
15651	1212131342423344
15652	1212131342423434
15653	1212131342432344
15654	1212131342432434
15655	1212131342434234
15656	1212131344223344
15657	1212131344223434
15658	1212131344232344
15659	1212131344232434
15660	1212131344234234
15661	1212131422333444
15662	1212131422334344
15663	1212131422334434
15664	1212131422343344
15665	1212131422343434
15666	1212131423233444
15667	1212131423234344
15668	1212131423234434
15669	1212131423243344
15670	1212131423243434
15671	1212131423323444
15672	1212131423324344
15673	1212131423324434
15674	1212131423342344
15675	1212131423342434
15676	1212131423344234
15677	1212131423423344
15678	1212131423423434
15679	1212131423432344
15680	1212131423432434
15681	1212131423434234
15682	1212131432233444
15683	1212131432234344
15684	1212131432234434
15685	1212131432243344
15686	1212131432243434
15687	1212131432323444
15688	1212131432324344
15689	1212131432324434
15690	1212131432342344
15691	1212131432342434
15692	1212131432344234
15693	1212131432423344
15694	1212131432423434
15695	1212131432432344
15696	1212131432432434
15697	1212131432434234
15698	1212131434223344
15699	1212131434223434
15700	1212131434232344
15701	1212131434232434
15702	1212131434234234
15703	1212132123334444
15704	1212132123343444
15705	1212132123344344
15706	1212132123344434
15707	1212132123433444
15708	1212132123434344
15709	1212132123434434
15710	1212132123443344
15711	1212132123443434
15712	1212132124333444
15713	1212132124334344
15714	1212132124334434
15715	1212132124343344
15716	1212132124343434
15717	1212132132334444
15718	1212132132343444
15719	1212132132344344
15720	1212132132344434
15721	1212132132433444
15722	1212132132434344
15723	1212132132434434
15724	1212132132443344
15725	1212132132443434
15726	1212132133234444
15727	1212132133243444
15728	1212132133244344
15729	1212132133244434
15730	1212132133423444
15731	1212132133424344
15732	1212132133424434
15733	1212132133442344
15734	1212132133442434
15735	1212132133444234
15736	1212132134233444
15737	1212132134234344
15738	1212132134234434
15739	1212132134243344
15740	1212132134243434
15741	1212132134323444
15742	1212132134324344
15743	1212132134324434
15744	1212132134342344
15745	1212132134342434
15746	1212132134344234
15747	1212132134423344
15748	1212132134423434
15749	1212132134432344
15750	1212132134432434
15751	1212132134434234
15752	1212132142333444
15753	1212132142334344
15754	1212132142334434
15755	1212132142343344
15756	1212132142343434
15757	1212132143233444
15758	1212132143234344
15759	1212132143234434
15760	1212132143243344
15761	1212132143243434
15762	1212132143323444
15763	1212132143324344
15764	1212132143324434
15765	1212132143342344
15766	1212132143342434
15767	1212132143344234
15768	1212132143423344
15769	1212132143423434
15770	1212132143432344
15771	1212132143432434
15772	1212132143434234
15773	1212132312334444
15774	1212132312343444
15775	1212132312344344
15776	1212132312344434
15777	1212132312433444
15778	1212132312434344
15779	1212132312434434
15780	1212132312443344
15781	1212132312443434
15782	1212132313234444
15783	1212132313243444
15784	1212132313244344
15785	1212132313244434
15786	1212132313423444
15787	1212132313424344
15788	1212132313424434
15789	1212132313442344
15790	1212132313442434
15791	1212132313444234
15792	1212132314233444
15793	1212132314234344
15794	1212132314234434
15795	1212132314243344
15796	1212132314243434
15797	1212132314323444
15798	1212132314324344
15799	1212132314324434
15800	1212132314342344
15801	1212132314342434
15802	1212132314344234
15803	1212132314423344
15804	1212132314423434
15805	1212132314432344
15806	1212132314432434
15807	1212132314434234
15808	1212132331234444
15809	1212132331243444
15810	1212132331244344
15811	1212132331244434
15812	1212132331423444
15813	1212132331424344
15814	1212132331424434
15815	1212132331442344
15816	1212132331442434
15817	1212132331444234
15818	1212132334123444
15819	1212132334124344
15820	1212132334124434
15821	1212132334142344
15822	1212132334142434
15823	1212132334144234
15824	1212132334412344
15825	1212132334412434
15826	1212132334414234
15827	1212132334441234
15828	1212132341233444
15829	1212132341234344
15830	1212132341234434
15831	1212132341243344
15832	1212132341243434
15833	1212132341323444
15834	1212132341324344
15835	1212132341324434
15836	1212132341342344
15837	1212132341342434
15838	1212132341344234
15839	1212132341423344
15840	1212132341423434
15841	1212132341432344
15842	1212132341432434
15843	1212132341434234
15844	1212132343123444
15845	1212132343124344
15846	1212132343124434
15847	1212132343142344
15848	1212132343142434
15849	1212132343144234
15850	1212132343412344
15851	1212132343412434
15852	1212132343414234
15853	1212132343441234
15854	1212132344123344
15855	1212132344123434
15856	1212132344132344
15857	1212132344132434
15858	1212132344134234
15859	1212132344312344
15860	1212132344312434
15861	1212132344314234
15862	1212132344341234
15863	1212132412333444
15864	1212132412334344
15865	1212132412334434
15866	1212132412343344
15867	1212132412343434
15868	1212132413233444
15869	1212132413234344
15870	1212132413234434
15871	1212132413243344
15872	1212132413243434
15873	1212132413323444
15874	1212132413324344
15875	1212132413324434
15876	1212132413342344
15877	1212132413342434
15878	1212132413344234
15879	1212132413423344
15880	1212132413423434
15881	1212132413432344
15882	1212132413432434
15883	1212132413434234
15884	1212132431233444
15885	1212132431234344
15886	1212132431234434
15887	1212132431243344
15888	1212132431243434
15889	1212132431323444
15890	1212132431324344
15891	1212132431324434
15892	1212132431342344
15893	1212132431342434
15894	1212132431344234
15895	1212132431423344
15896	1212132431423434
15897	1212132431432344
15898	1212132431432434
15899	1212132431434234
15900	1212132433123444
15901	1212132433124344
15902	1212132433124434
15903	1212132433142344
15904	1212132433142434
15905	1212132433144234
15906	1212132433412344
15907	1212132433412434
15908	1212132433414234
15909	1212132433441234
15910	1212132434123344
15911	1212132434123434
15912	1212132434132344
15913	1212132434132434
15914	1212132434134234
15915	1212132434312344
15916	1212132434312434
15917	1212132434314234
15918	1212132434341234
15919	1212133122334444
15920	1212133122343444
15921	1212133122344344
15922	1212133122344434
15923	1212133122433444
15924	1212133122434344
15925	1212133122434434
15926	1212133122443344
15927	1212133122443434
15928	1212133123234444
15929	1212133123243444
15930	1212133123244344
15931	1212133123244434
15932	1212133123423444
15933	1212133123424344
15934	1212133123424434
15935	1212133123442344
15936	1212133123442434
15937	1212133123444234
15938	1212133124233444
15939	1212133124234344
15940	1212133124234434
15941	1212133124243344
15942	1212133124243434
15943	1212133124323444
15944	1212133124324344
15945	1212133124324434
15946	1212133124342344
15947	1212133124342434
15948	1212133124344234
15949	1212133124423344
15950	1212133124423434
15951	1212133124432344
15952	1212133124432434
15953	1212133124434234
15954	1212133142233444
15955	1212133142234344
15956	1212133142234434
15957	1212133142243344
15958	1212133142243434
15959	1212133142323444
15960	1212133142324344
15961	1212133142324434
15962	1212133142342344
15963	1212133142342434
15964	1212133142344234
15965	1212133142423344
15966	1212133142423434
15967	1212133142432344
15968	1212133142432434
15969	1212133142434234
15970	1212133144223344
15971	1212133144223434
15972	1212133144232344
15973	1212133144232434
15974	1212133144234234
15975	1212133212334444
15976	1212133212343444
15977	1212133212344344
15978	1212133212344434
15979	1212133212433444
15980	1212133212434344
15981	1212133212434434
15982	1212133212443344
15983	1212133212443434
15984	1212133213234444
15985	1212133213243444
15986	1212133213244344
15987	1212133213244434
15988	1212133213423444
15989	1212133213424344
15990	1212133213424434
15991	1212133213442344
15992	1212133213442434
15993	1212133213444234
15994	1212133214233444
15995	1212133214234344
15996	1212133214234434
15997	1212133214243344
15998	1212133214243434
15999	1212133214323444
16000	1212133214324344
16001	1212133214324434
16002	1212133214342344
16003	1212133214342434
16004	1212133214344234
16005	1212133214423344
16006	1212133214423434
16007	1212133214432344
16008	1212133214432434
16009	1212133214434234
16010	1212133231234444
16011	1212133231243444
16012	1212133231244344
16013	1212133231244434
16014	1212133231423444
16015	1212133231424344
16016	1212133231424434
16017	1212133231442344
16018	1212133231442434
16019	1212133231444234
16020	1212133234123444
16021	1212133234124344
16022	1212133234124434
16023	1212133234142344
16024	1212133234142434
16025	1212133234144234
16026	1212133234412344
16027	1212133234412434
16028	1212133234414234
16029	1212133234441234
16030	1212133241233444
16031	1212133241234344
16032	1212133241234434
16033	1212133241243344
16034	1212133241243434
16035	1212133241323444
16036	1212133241324344
16037	1212133241324434
16038	1212133241342344
16039	1212133241342434
16040	1212133241344234
16041	1212133241423344
16042	1212133241423434
16043	1212133241432344
16044	1212133241432434
16045	1212133241434234
16046	1212133243123444
16047	1212133243124344
16048	1212133243124434
16049	1212133243142344
16050	1212133243142434
16051	1212133243144234
16052	1212133243412344
16053	1212133243412434
16054	1212133243414234
16055	1212133243441234
16056	1212133244123344
16057	1212133244123434
16058	1212133244132344
16059	1212133244132434
16060	1212133244134234
16061	1212133244312344
16062	1212133244312434
16063	1212133244314234
16064	1212133244341234
16065	1212133412233444
16066	1212133412234344
16067	1212133412234434
16068	1212133412243344
16069	1212133412243434
16070	1212133412323444
16071	1212133412324344
16072	1212133412324434
16073	1212133412342344
16074	1212133412342434
16075	1212133412344234
16076	1212133412423344
16077	1212133412423434
16078	1212133412432344
16079	1212133412432434
16080	1212133412434234
16081	1212133414223344
16082	1212133414223434
16083	1212133414232344
16084	1212133414232434
16085	1212133414234234
16086	1212133421233444
16087	1212133421234344
16088	1212133421234434
16089	1212133421243344
16090	1212133421243434
16091	1212133421323444
16092	1212133421324344
16093	1212133421324434
16094	1212133421342344
16095	1212133421342434
16096	1212133421344234
16097	1212133421423344
16098	1212133421423434
16099	1212133421432344
16100	1212133421432434
16101	1212133421434234
16102	1212133423123444
16103	1212133423124344
16104	1212133423124434
16105	1212133423142344
16106	1212133423142434
16107	1212133423144234
16108	1212133423412344
16109	1212133423412434
16110	1212133423414234
16111	1212133423441234
16112	1212133424123344
16113	1212133424123434
16114	1212133424132344
16115	1212133424132434
16116	1212133424134234
16117	1212133424312344
16118	1212133424312434
16119	1212133424314234
16120	1212133424341234
16121	1212133441223344
16122	1212133441223434
16123	1212133441232344
16124	1212133441232434
16125	1212133441234234
16126	1212133442123344
16127	1212133442123434
16128	1212133442132344
16129	1212133442132434
16130	1212133442134234
16131	1212133442312344
16132	1212133442312434
16133	1212133442314234
16134	1212133442341234
16135	1212134122333444
16136	1212134122334344
16137	1212134122334434
16138	1212134122343344
16139	1212134122343434
16140	1212134123233444
16141	1212134123234344
16142	1212134123234434
16143	1212134123243344
16144	1212134123243434
16145	1212134123323444
16146	1212134123324344
16147	1212134123324434
16148	1212134123342344
16149	1212134123342434
16150	1212134123344234
16151	1212134123423344
16152	1212134123423434
16153	1212134123432344
16154	1212134123432434
16155	1212134123434234
16156	1212134132233444
16157	1212134132234344
16158	1212134132234434
16159	1212134132243344
16160	1212134132243434
16161	1212134132323444
16162	1212134132324344
16163	1212134132324434
16164	1212134132342344
16165	1212134132342434
16166	1212134132344234
16167	1212134132423344
16168	1212134132423434
16169	1212134132432344
16170	1212134132432434
16171	1212134132434234
16172	1212134134223344
16173	1212134134223434
16174	1212134134232344
16175	1212134134232434
16176	1212134134234234
16177	1212134212333444
16178	1212134212334344
16179	1212134212334434
16180	1212134212343344
16181	1212134212343434
16182	1212134213233444
16183	1212134213234344
16184	1212134213234434
16185	1212134213243344
16186	1212134213243434
16187	1212134213323444
16188	1212134213324344
16189	1212134213324434
16190	1212134213342344
16191	1212134213342434
16192	1212134213344234
16193	1212134213423344
16194	1212134213423434
16195	1212134213432344
16196	1212134213432434
16197	1212134213434234
16198	1212134231233444
16199	1212134231234344
16200	1212134231234434
16201	1212134231243344
16202	1212134231243434
16203	1212134231323444
16204	1212134231324344
16205	1212134231324434
16206	1212134231342344
16207	1212134231342434
16208	1212134231344234
16209	1212134231423344
16210	1212134231423434
16211	1212134231432344
16212	1212134231432434
16213	1212134231434234
16214	1212134233123444
16215	1212134233124344
16216	1212134233124434
16217	1212134233142344
16218	1212134233142434
16219	1212134233144234
16220	1212134233412344
16221	1212134233412434
16222	1212134233414234
16223	1212134233441234
16224	1212134234123344
16225	1212134234123434
16226	1212134234132344
16227	1212134234132434
16228	1212134234134234
16229	1212134234312344
16230	1212134234312434
16231	1212134234314234
16232	1212134234341234
16233	1212134312233444
16234	1212134312234344
16235	1212134312234434
16236	1212134312243344
16237	1212134312243434
16238	1212134312323444
16239	1212134312324344
16240	1212134312324434
16241	1212134312342344
16242	1212134312342434
16243	1212134312344234
16244	1212134312423344
16245	1212134312423434
16246	1212134312432344
16247	1212134312432434
16248	1212134312434234
16249	1212134314223344
16250	1212134314223434
16251	1212134314232344
16252	1212134314232434
16253	1212134314234234
16254	1212134321233444
16255	1212134321234344
16256	1212134321234434
16257	1212134321243344
16258	1212134321243434
16259	1212134321323444
16260	1212134321324344
16261	1212134321324434
16262	1212134321342344
16263	1212134321342434
16264	1212134321344234
16265	1212134321423344
16266	1212134321423434
16267	1212134321432344
16268	1212134321432434
16269	1212134321434234
16270	1212134323123444
16271	1212134323124344
16272	1212134323124434
16273	1212134323142344
16274	1212134323142434
16275	1212134323144234
16276	1212134323412344
16277	1212134323412434
16278	1212134323414234
16279	1212134323441234
16280	1212134324123344
16281	1212134324123434
16282	1212134324132344
16283	1212134324132434
16284	1212134324134234
16285	1212134324312344
16286	1212134324312434
16287	1212134324314234
16288	1212134324341234
16289	1212134341223344
16290	1212134341223434
16291	1212134341232344
16292	1212134341232434
16293	1212134341234234
16294	1212134342123344
16295	1212134342123434
16296	1212134342132344
16297	1212134342132434
16298	1212134342134234
16299	1212134342312344
16300	1212134342312434
16301	1212134342314234
16302	1212134342341234
16303	1212311223334444
16304	1212311223343444
16305	1212311223344344
16306	1212311223344434
16307	1212311223433444
16308	1212311223434344
16309	1212311223434434
16310	1212311223443344
16311	1212311223443434
16312	1212311224333444
16313	1212311224334344
16314	1212311224334434
16315	1212311224343344
16316	1212311224343434
16317	1212311232334444
16318	1212311232343444
16319	1212311232344344
16320	1212311232344434
16321	1212311232433444
16322	1212311232434344
16323	1212311232434434
16324	1212311232443344
16325	1212311232443434
16326	1212311233234444
16327	1212311233243444
16328	1212311233244344
16329	1212311233244434
16330	1212311233423444
16331	1212311233424344
16332	1212311233424434
16333	1212311233442344
16334	1212311233442434
16335	1212311233444234
16336	1212311234233444
16337	1212311234234344
16338	1212311234234434
16339	1212311234243344
16340	1212311234243434
16341	1212311234323444
16342	1212311234324344
16343	1212311234324434
16344	1212311234342344
16345	1212311234342434
16346	1212311234344234
16347	1212311234423344
16348	1212311234423434
16349	1212311234432344
16350	1212311234432434
16351	1212311234434234
16352	1212311242333444
16353	1212311242334344
16354	1212311242334434
16355	1212311242343344
16356	1212311242343434
16357	1212311243233444
16358	1212311243234344
16359	1212311243234434
16360	1212311243243344
16361	1212311243243434
16362	1212311243323444
16363	1212311243324344
16364	1212311243324434
16365	1212311243342344
16366	1212311243342434
16367	1212311243344234
16368	1212311243423344
16369	1212311243423434
16370	1212311243432344
16371	1212311243432434
16372	1212311243434234
16373	1212311322334444
16374	1212311322343444
16375	1212311322344344
16376	1212311322344434
16377	1212311322433444
16378	1212311322434344
16379	1212311322434434
16380	1212311322443344
16381	1212311322443434
16382	1212311323234444
16383	1212311323243444
16384	1212311323244344
16385	1212311323244434
16386	1212311323423444
16387	1212311323424344
16388	1212311323424434
16389	1212311323442344
16390	1212311323442434
16391	1212311323444234
16392	1212311324233444
16393	1212311324234344
16394	1212311324234434
16395	1212311324243344
16396	1212311324243434
16397	1212311324323444
16398	1212311324324344
16399	1212311324324434
16400	1212311324342344
16401	1212311324342434
16402	1212311324344234
16403	1212311324423344
16404	1212311324423434
16405	1212311324432344
16406	1212311324432434
16407	1212311324434234
16408	1212311342233444
16409	1212311342234344
16410	1212311342234434
16411	1212311342243344
16412	1212311342243434
16413	1212311342323444
16414	1212311342324344
16415	1212311342324434
16416	1212311342342344
16417	1212311342342434
16418	1212311342344234
16419	1212311342423344
16420	1212311342423434
16421	1212311342432344
16422	1212311342432434
16423	1212311342434234
16424	1212311344223344
16425	1212311344223434
16426	1212311344232344
16427	1212311344232434
16428	1212311344234234
16429	1212311422333444
16430	1212311422334344
16431	1212311422334434
16432	1212311422343344
16433	1212311422343434
16434	1212311423233444
16435	1212311423234344
16436	1212311423234434
16437	1212311423243344
16438	1212311423243434
16439	1212311423323444
16440	1212311423324344
16441	1212311423324434
16442	1212311423342344
16443	1212311423342434
16444	1212311423344234
16445	1212311423423344
16446	1212311423423434
16447	1212311423432344
16448	1212311423432434
16449	1212311423434234
16450	1212311432233444
16451	1212311432234344
16452	1212311432234434
16453	1212311432243344
16454	1212311432243434
16455	1212311432323444
16456	1212311432324344
16457	1212311432324434
16458	1212311432342344
16459	1212311432342434
16460	1212311432344234
16461	1212311432423344
16462	1212311432423434
16463	1212311432432344
16464	1212311432432434
16465	1212311432434234
16466	1212311434223344
16467	1212311434223434
16468	1212311434232344
16469	1212311434232434
16470	1212311434234234
16471	1212312123334444
16472	1212312123343444
16473	1212312123344344
16474	1212312123344434
16475	1212312123433444
16476	1212312123434344
16477	1212312123434434
16478	1212312123443344
16479	1212312123443434
16480	1212312124333444
16481	1212312124334344
16482	1212312124334434
16483	1212312124343344
16484	1212312124343434
16485	1212312132334444
16486	1212312132343444
16487	1212312132344344
16488	1212312132344434
16489	1212312132433444
16490	1212312132434344
16491	1212312132434434
16492	1212312132443344
16493	1212312132443434
16494	1212312133234444
16495	1212312133243444
16496	1212312133244344
16497	1212312133244434
16498	1212312133423444
16499	1212312133424344
16500	1212312133424434
16501	1212312133442344
16502	1212312133442434
16503	1212312133444234
16504	1212312134233444
16505	1212312134234344
16506	1212312134234434
16507	1212312134243344
16508	1212312134243434
16509	1212312134323444
16510	1212312134324344
16511	1212312134324434
16512	1212312134342344
16513	1212312134342434
16514	1212312134344234
16515	1212312134423344
16516	1212312134423434
16517	1212312134432344
16518	1212312134432434
16519	1212312134434234
16520	1212312142333444
16521	1212312142334344
16522	1212312142334434
16523	1212312142343344
16524	1212312142343434
16525	1212312143233444
16526	1212312143234344
16527	1212312143234434
16528	1212312143243344
16529	1212312143243434
16530	1212312143323444
16531	1212312143324344
16532	1212312143324434
16533	1212312143342344
16534	1212312143342434
16535	1212312143344234
16536	1212312143423344
16537	1212312143423434
16538	1212312143432344
16539	1212312143432434
16540	1212312143434234
16541	1212312312334444
16542	1212312312343444
16543	1212312312344344
16544	1212312312344434
16545	1212312312433444
16546	1212312312434344
16547	1212312312434434
16548	1212312312443344
16549	1212312312443434
16550	1212312313234444
16551	1212312313243444
16552	1212312313244344
16553	1212312313244434
16554	1212312313423444
16555	1212312313424344
16556	1212312313424434
16557	1212312313442344
16558	1212312313442434
16559	1212312313444234
16560	1212312314233444
16561	1212312314234344
16562	1212312314234434
16563	1212312314243344
16564	1212312314243434
16565	1212312314323444
16566	1212312314324344
16567	1212312314324434
16568	1212312314342344
16569	1212312314342434
16570	1212312314344234
16571	1212312314423344
16572	1212312314423434
16573	1212312314432344
16574	1212312314432434
16575	1212312314434234
16576	1212312331234444
16577	1212312331243444
16578	1212312331244344
16579	1212312331244434
16580	1212312331423444
16581	1212312331424344
16582	1212312331424434
16583	1212312331442344
16584	1212312331442434
16585	1212312331444234
16586	1212312334123444
16587	1212312334124344
16588	1212312334124434
16589	1212312334142344
16590	1212312334142434
16591	1212312334144234
16592	1212312334412344
16593	1212312334412434
16594	1212312334414234
16595	1212312334441234
16596	1212312341233444
16597	1212312341234344
16598	1212312341234434
16599	1212312341243344
16600	1212312341243434
16601	1212312341323444
16602	1212312341324344
16603	1212312341324434
16604	1212312341342344
16605	1212312341342434
16606	1212312341344234
16607	1212312341423344
16608	1212312341423434
16609	1212312341432344
16610	1212312341432434
16611	1212312341434234
16612	1212312343123444
16613	1212312343124344
16614	1212312343124434
16615	1212312343142344
16616	1212312343142434
16617	1212312343144234
16618	1212312343412344
16619	1212312343412434
16620	1212312343414234
16621	1212312343441234
16622	1212312344123344
16623	1212312344123434
16624	1212312344132344
16625	1212312344132434
16626	1212312344134234
16627	1212312344312344
16628	1212312344312434
16629	1212312344314234
16630	1212312344341234
16631	1212312412333444
16632	1212312412334344
16633	1212312412334434
16634	1212312412343344
16635	1212312412343434
16636	1212312413233444
16637	1212312413234344
16638	1212312413234434
16639	1212312413243344
16640	1212312413243434
16641	1212312413323444
16642	1212312413324344
16643	1212312413324434
16644	1212312413342344
16645	1212312413342434
16646	1212312413344234
16647	1212312413423344
16648	1212312413423434
16649	1212312413432344
16650	1212312413432434
16651	1212312413434234
16652	1212312431233444
16653	1212312431234344
16654	1212312431234434
16655	1212312431243344
16656	1212312431243434
16657	1212312431323444
16658	1212312431324344
16659	1212312431324434
16660	1212312431342344
16661	1212312431342434
16662	1212312431344234
16663	1212312431423344
16664	1212312431423434
16665	1212312431432344
16666	1212312431432434
16667	1212312431434234
16668	1212312433123444
16669	1212312433124344
16670	1212312433124434
16671	1212312433142344
16672	1212312433142434
16673	1212312433144234
16674	1212312433412344
16675	1212312433412434
16676	1212312433414234
16677	1212312433441234
16678	1212312434123344
16679	1212312434123434
16680	1212312434132344
16681	1212312434132434
16682	1212312434134234
16683	1212312434312344
16684	1212312434312434
16685	1212312434314234
16686	1212312434341234
16687	1212313122334444
16688	1212313122343444
16689	1212313122344344
16690	1212313122344434
16691	1212313122433444
16692	1212313122434344
16693	1212313122434434
16694	1212313122443344
16695	1212313122443434
16696	1212313123234444
16697	1212313123243444
16698	1212313123244344
16699	1212313123244434
16700	1212313123423444
16701	1212313123424344
16702	1212313123424434
16703	1212313123442344
16704	1212313123442434
16705	1212313123444234
16706	1212313124233444
16707	1212313124234344
16708	1212313124234434
16709	1212313124243344
16710	1212313124243434
16711	1212313124323444
16712	1212313124324344
16713	1212313124324434
16714	1212313124342344
16715	1212313124342434
16716	1212313124344234
16717	1212313124423344
16718	1212313124423434
16719	1212313124432344
16720	1212313124432434
16721	1212313124434234
16722	1212313142233444
16723	1212313142234344
16724	1212313142234434
16725	1212313142243344
16726	1212313142243434
16727	1212313142323444
16728	1212313142324344
16729	1212313142324434
16730	1212313142342344
16731	1212313142342434
16732	1212313142344234
16733	1212313142423344
16734	1212313142423434
16735	1212313142432344
16736	1212313142432434
16737	1212313142434234
16738	1212313144223344
16739	1212313144223434
16740	1212313144232344
16741	1212313144232434
16742	1212313144234234
16743	1212313212334444
16744	1212313212343444
16745	1212313212344344
16746	1212313212344434
16747	1212313212433444
16748	1212313212434344
16749	1212313212434434
16750	1212313212443344
16751	1212313212443434
16752	1212313213234444
16753	1212313213243444
16754	1212313213244344
16755	1212313213244434
16756	1212313213423444
16757	1212313213424344
16758	1212313213424434
16759	1212313213442344
16760	1212313213442434
16761	1212313213444234
16762	1212313214233444
16763	1212313214234344
16764	1212313214234434
16765	1212313214243344
16766	1212313214243434
16767	1212313214323444
16768	1212313214324344
16769	1212313214324434
16770	1212313214342344
16771	1212313214342434
16772	1212313214344234
16773	1212313214423344
16774	1212313214423434
16775	1212313214432344
16776	1212313214432434
16777	1212313214434234
16778	1212313231234444
16779	1212313231243444
16780	1212313231244344
16781	1212313231244434
16782	1212313231423444
16783	1212313231424344
16784	1212313231424434
16785	1212313231442344
16786	1212313231442434
16787	1212313231444234
16788	1212313234123444
16789	1212313234124344
16790	1212313234124434
16791	1212313234142344
16792	1212313234142434
16793	1212313234144234
16794	1212313234412344
16795	1212313234412434
16796	1212313234414234
16797	1212313234441234
16798	1212313241233444
16799	1212313241234344
16800	1212313241234434
16801	1212313241243344
16802	1212313241243434
16803	1212313241323444
16804	1212313241324344
16805	1212313241324434
16806	1212313241342344
16807	1212313241342434
16808	1212313241344234
16809	1212313241423344
16810	1212313241423434
16811	1212313241432344
16812	1212313241432434
16813	1212313241434234
16814	1212313243123444
16815	1212313243124344
16816	1212313243124434
16817	1212313243142344
16818	1212313243142434
16819	1212313243144234
16820	1212313243412344
16821	1212313243412434
16822	1212313243414234
16823	1212313243441234
16824	1212313244123344
16825	1212313244123434
16826	1212313244132344
16827	1212313244132434
16828	1212313244134234
16829	1212313244312344
16830	1212313244312434
16831	1212313244314234
16832	1212313244341234
16833	1212313412233444
16834	1212313412234344
16835	1212313412234434
16836	1212313412243344
16837	1212313412243434
16838	1212313412323444
16839	1212313412324344
16840	1212313412324434
16841	1212313412342344
16842	1212313412342434
16843	1212313412344234
16844	1212313412423344
16845	1212313412423434
16846	1212313412432344
16847	1212313412432434
16848	1212313412434234
16849	1212313414223344
16850	1212313414223434
16851	1212313414232344
16852	1212313414232434
16853	1212313414234234
16854	1212313421233444
16855	1212313421234344
16856	1212313421234434
16857	1212313421243344
16858	1212313421243434
16859	1212313421323444
16860	1212313421324344
16861	1212313421324434
16862	1212313421342344
16863	1212313421342434
16864	1212313421344234
16865	1212313421423344
16866	1212313421423434
16867	1212313421432344
16868	1212313421432434
16869	1212313421434234
16870	1212313423123444
16871	1212313423124344
16872	1212313423124434
16873	1212313423142344
16874	1212313423142434
16875	1212313423144234
16876	1212313423412344
16877	1212313423412434
16878	1212313423414234
16879	1212313423441234
16880	1212313424123344
16881	1212313424123434
16882	1212313424132344
16883	1212313424132434
16884	1212313424134234
16885	1212313424312344
16886	1212313424312434
16887	1212313424314234
16888	1212313424341234
16889	1212313441223344
16890	1212313441223434
16891	1212313441232344
16892	1212313441232434
16893	1212313441234234
16894	1212313442123344
16895	1212313442123434
16896	1212313442132344
16897	1212313442132434
16898	1212313442134234
16899	1212313442312344
16900	1212313442312434
16901	1212313442314234
16902	1212313442341234
16903	1212314122333444
16904	1212314122334344
16905	1212314122334434
16906	1212314122343344
16907	1212314122343434
16908	1212314123233444
16909	1212314123234344
16910	1212314123234434
16911	1212314123243344
16912	1212314123243434
16913	1212314123323444
16914	1212314123324344
16915	1212314123324434
16916	1212314123342344
16917	1212314123342434
16918	1212314123344234
16919	1212314123423344
16920	1212314123423434
16921	1212314123432344
16922	1212314123432434
16923	1212314123434234
16924	1212314132233444
16925	1212314132234344
16926	1212314132234434
16927	1212314132243344
16928	1212314132243434
16929	1212314132323444
16930	1212314132324344
16931	1212314132324434
16932	1212314132342344
16933	1212314132342434
16934	1212314132344234
16935	1212314132423344
16936	1212314132423434
16937	1212314132432344
16938	1212314132432434
16939	1212314132434234
16940	1212314134223344
16941	1212314134223434
16942	1212314134232344
16943	1212314134232434
16944	1212314134234234
16945	1212314212333444
16946	1212314212334344
16947	1212314212334434
16948	1212314212343344
16949	1212314212343434
16950	1212314213233444
16951	1212314213234344
16952	1212314213234434
16953	1212314213243344
16954	1212314213243434
16955	1212314213323444
16956	1212314213324344
16957	1212314213324434
16958	1212314213342344
16959	1212314213342434
16960	1212314213344234
16961	1212314213423344
16962	1212314213423434
16963	1212314213432344
16964	1212314213432434
16965	1212314213434234
16966	1212314231233444
16967	1212314231234344
16968	1212314231234434
16969	1212314231243344
16970	1212314231243434
16971	1212314231323444
16972	1212314231324344
16973	1212314231324434
16974	1212314231342344
16975	1212314231342434
16976	1212314231344234
16977	1212314231423344
16978	1212314231423434
16979	1212314231432344
16980	1212314231432434
16981	1212314231434234
16982	1212314233123444
16983	1212314233124344
16984	1212314233124434
16985	1212314233142344
16986	1212314233142434
16987	1212314233144234
16988	1212314233412344
16989	1212314233412434
16990	1212314233414234
16991	1212314233441234
16992	1212314234123344
16993	1212314234123434
16994	1212314234132344
16995	1212314234132434
16996	1212314234134234
16997	1212314234312344
16998	1212314234312434
16999	1212314234314234
17000	1212314234341234
17001	1212314312233444
17002	1212314312234344
17003	1212314312234434
17004	1212314312243344
17005	1212314312243434
17006	1212314312323444
17007	1212314312324344
17008	1212314312324434
17009	1212314312342344
17010	1212314312342434
17011	1212314312344234
17012	1212314312423344
17013	1212314312423434
17014	1212314312432344
17015	1212314312432434
17016	1212314312434234
17017	1212314314223344
17018	1212314314223434
17019	1212314314232344
17020	1212314314232434
17021	1212314314234234
17022	1212314321233444
17023	1212314321234344
17024	1212314321234434
17025	1212314321243344
17026	1212314321243434
17027	1212314321323444
17028	1212314321324344
17029	1212314321324434
17030	1212314321342344
17031	1212314321342434
17032	1212314321344234
17033	1212314321423344
17034	1212314321423434
17035	1212314321432344
17036	1212314321432434
17037	1212314321434234
17038	1212314323123444
17039	1212314323124344
17040	1212314323124434
17041	1212314323142344
17042	1212314323142434
17043	1212314323144234
17044	1212314323412344
17045	1212314323412434
17046	1212314323414234
17047	1212314323441234
17048	1212314324123344
17049	1212314324123434
17050	1212314324132344
17051	1212314324132434
17052	1212314324134234
17053	1212314324312344
17054	1212314324312434
17055	1212314324314234
17056	1212314324341234
17057	1212314341223344
17058	1212314341223434
17059	1212314341232344
17060	1212314341232434
17061	1212314341234234
17062	1212314342123344
17063	1212314342123434
17064	1212314342132344
17065	1212314342132434
17066	1212314342134234
17067	1212314342312344
17068	1212314342312434
17069	1212314342314234
17070	1212314342341234
17071	1212331122334444
17072	1212331122343444
17073	1212331122344344
17074	1212331122344434
17075	1212331122433444
17076	1212331122434344
17077	1212331122434434
17078	1212331122443344
17079	1212331122443434
17080	1212331123234444
17081	1212331123243444
17082	1212331123244344
17083	1212331123244434
17084	1212331123423444
17085	1212331123424344
17086	1212331123424434
17087	1212331123442344
17088	1212331123442434
17089	1212331123444234
17090	1212331124233444
17091	1212331124234344
17092	1212331124234434
17093	1212331124243344
17094	1212331124243434
17095	1212331124323444
17096	1212331124324344
17097	1212331124324434
17098	1212331124342344
17099	1212331124342434
17100	1212331124344234
17101	1212331124423344
17102	1212331124423434
17103	1212331124432344
17104	1212331124432434
17105	1212331124434234
17106	1212331142233444
17107	1212331142234344
17108	1212331142234434
17109	1212331142243344
17110	1212331142243434
17111	1212331142323444
17112	1212331142324344
17113	1212331142324434
17114	1212331142342344
17115	1212331142342434
17116	1212331142344234
17117	1212331142423344
17118	1212331142423434
17119	1212331142432344
17120	1212331142432434
17121	1212331142434234
17122	1212331144223344
17123	1212331144223434
17124	1212331144232344
17125	1212331144232434
17126	1212331144234234
17127	1212331212334444
17128	1212331212343444
17129	1212331212344344
17130	1212331212344434
17131	1212331212433444
17132	1212331212434344
17133	1212331212434434
17134	1212331212443344
17135	1212331212443434
17136	1212331213234444
17137	1212331213243444
17138	1212331213244344
17139	1212331213244434
17140	1212331213423444
17141	1212331213424344
17142	1212331213424434
17143	1212331213442344
17144	1212331213442434
17145	1212331213444234
17146	1212331214233444
17147	1212331214234344
17148	1212331214234434
17149	1212331214243344
17150	1212331214243434
17151	1212331214323444
17152	1212331214324344
17153	1212331214324434
17154	1212331214342344
17155	1212331214342434
17156	1212331214344234
17157	1212331214423344
17158	1212331214423434
17159	1212331214432344
17160	1212331214432434
17161	1212331214434234
17162	1212331231234444
17163	1212331231243444
17164	1212331231244344
17165	1212331231244434
17166	1212331231423444
17167	1212331231424344
17168	1212331231424434
17169	1212331231442344
17170	1212331231442434
17171	1212331231444234
17172	1212331234123444
17173	1212331234124344
17174	1212331234124434
17175	1212331234142344
17176	1212331234142434
17177	1212331234144234
17178	1212331234412344
17179	1212331234412434
17180	1212331234414234
17181	1212331234441234
17182	1212331241233444
17183	1212331241234344
17184	1212331241234434
17185	1212331241243344
17186	1212331241243434
17187	1212331241323444
17188	1212331241324344
17189	1212331241324434
17190	1212331241342344
17191	1212331241342434
17192	1212331241344234
17193	1212331241423344
17194	1212331241423434
17195	1212331241432344
17196	1212331241432434
17197	1212331241434234
17198	1212331243123444
17199	1212331243124344
17200	1212331243124434
17201	1212331243142344
17202	1212331243142434
17203	1212331243144234
17204	1212331243412344
17205	1212331243412434
17206	1212331243414234
17207	1212331243441234
17208	1212331244123344
17209	1212331244123434
17210	1212331244132344
17211	1212331244132434
17212	1212331244134234
17213	1212331244312344
17214	1212331244312434
17215	1212331244314234
17216	1212331244341234
17217	1212331412233444
17218	1212331412234344
17219	1212331412234434
17220	1212331412243344
17221	1212331412243434
17222	1212331412323444
17223	1212331412324344
17224	1212331412324434
17225	1212331412342344
17226	1212331412342434
17227	1212331412344234
17228	1212331412423344
17229	1212331412423434
17230	1212331412432344
17231	1212331412432434
17232	1212331412434234
17233	1212331414223344
17234	1212331414223434
17235	1212331414232344
17236	1212331414232434
17237	1212331414234234
17238	1212331421233444
17239	1212331421234344
17240	1212331421234434
17241	1212331421243344
17242	1212331421243434
17243	1212331421323444
17244	1212331421324344
17245	1212331421324434
17246	1212331421342344
17247	1212331421342434
17248	1212331421344234
17249	1212331421423344
17250	1212331421423434
17251	1212331421432344
17252	1212331421432434
17253	1212331421434234
17254	1212331423123444
17255	1212331423124344
17256	1212331423124434
17257	1212331423142344
17258	1212331423142434
17259	1212331423144234
17260	1212331423412344
17261	1212331423412434
17262	1212331423414234
17263	1212331423441234
17264	1212331424123344
17265	1212331424123434
17266	1212331424132344
17267	1212331424132434
17268	1212331424134234
17269	1212331424312344
17270	1212331424312434
17271	1212331424314234
17272	1212331424341234
17273	1212331441223344
17274	1212331441223434
17275	1212331441232344
17276	1212331441232434
17277	1212331441234234
17278	1212331442123344
17279	1212331442123434
17280	1212331442132344
17281	1212331442132434
17282	1212331442134234
17283	1212331442312344
17284	1212331442312434
17285	1212331442314234
17286	1212331442341234
17287	1212334112233444
17288	1212334112234344
17289	1212334112234434
17290	1212334112243344
17291	1212334112243434
17292	1212334112323444
17293	1212334112324344
17294	1212334112324434
17295	1212334112342344
17296	1212334112342434
17297	1212334112344234
17298	1212334112423344
17299	1212334112423434
17300	1212334112432344
17301	1212334112432434
17302	1212334112434234
17303	1212334114223344
17304	1212334114223434
17305	1212334114232344
17306	1212334114232434
17307	1212334114234234
17308	1212334121233444
17309	1212334121234344
17310	1212334121234434
17311	1212334121243344
17312	1212334121243434
17313	1212334121323444
17314	1212334121324344
17315	1212334121324434
17316	1212334121342344
17317	1212334121342434
17318	1212334121344234
17319	1212334121423344
17320	1212334121423434
17321	1212334121432344
17322	1212334121432434
17323	1212334121434234
17324	1212334123123444
17325	1212334123124344
17326	1212334123124434
17327	1212334123142344
17328	1212334123142434
17329	1212334123144234
17330	1212334123412344
17331	1212334123412434
17332	1212334123414234
17333	1212334123441234
17334	1212334124123344
17335	1212334124123434
17336	1212334124132344
17337	1212334124132434
17338	1212334124134234
17339	1212334124312344
17340	1212334124312434
17341	1212334124314234
17342	1212334124341234
17343	1212334141223344
17344	1212334141223434
17345	1212334141232344
17346	1212334141232434
17347	1212334141234234
17348	1212334142123344
17349	1212334142123434
17350	1212334142132344
17351	1212334142132434
17352	1212334142134234
17353	1212334142312344
17354	1212334142312434
17355	1212334142314234
17356	1212334142341234
17357	1212334411223344
17358	1212334411223434
17359	1212334411232344
17360	1212334411232434
17361	1212334411234234
17362	1212334412123344
17363	1212334412123434
17364	1212334412132344
17365	1212334412132434
17366	1212334412134234
17367	1212334412312344
17368	1212334412312434
17369	1212334412314234
17370	1212334412341234
17371	1212341122333444
17372	1212341122334344
17373	1212341122334434
17374	1212341122343344
17375	1212341122343434
17376	1212341123233444
17377	1212341123234344
17378	1212341123234434
17379	1212341123243344
17380	1212341123243434
17381	1212341123323444
17382	1212341123324344
17383	1212341123324434
17384	1212341123342344
17385	1212341123342434
17386	1212341123344234
17387	1212341123423344
17388	1212341123423434
17389	1212341123432344
17390	1212341123432434
17391	1212341123434234
17392	1212341132233444
17393	1212341132234344
17394	1212341132234434
17395	1212341132243344
17396	1212341132243434
17397	1212341132323444
17398	1212341132324344
17399	1212341132324434
17400	1212341132342344
17401	1212341132342434
17402	1212341132344234
17403	1212341132423344
17404	1212341132423434
17405	1212341132432344
17406	1212341132432434
17407	1212341132434234
17408	1212341134223344
17409	1212341134223434
17410	1212341134232344
17411	1212341134232434
17412	1212341134234234
17413	1212341212333444
17414	1212341212334344
17415	1212341212334434
17416	1212341212343344
17417	1212341212343434
17418	1212341213233444
17419	1212341213234344
17420	1212341213234434
17421	1212341213243344
17422	1212341213243434
17423	1212341213323444
17424	1212341213324344
17425	1212341213324434
17426	1212341213342344
17427	1212341213342434
17428	1212341213344234
17429	1212341213423344
17430	1212341213423434
17431	1212341213432344
17432	1212341213432434
17433	1212341213434234
17434	1212341231233444
17435	1212341231234344
17436	1212341231234434
17437	1212341231243344
17438	1212341231243434
17439	1212341231323444
17440	1212341231324344
17441	1212341231324434
17442	1212341231342344
17443	1212341231342434
17444	1212341231344234
17445	1212341231423344
17446	1212341231423434
17447	1212341231432344
17448	1212341231432434
17449	1212341231434234
17450	1212341233123444
17451	1212341233124344
17452	1212341233124434
17453	1212341233142344
17454	1212341233142434
17455	1212341233144234
17456	1212341233412344
17457	1212341233412434
17458	1212341233414234
17459	1212341233441234
17460	1212341234123344
17461	1212341234123434
17462	1212341234132344
17463	1212341234132434
17464	1212341234134234
17465	1212341234312344
17466	1212341234312434
17467	1212341234314234
17468	1212341234341234
17469	1212341312233444
17470	1212341312234344
17471	1212341312234434
17472	1212341312243344
17473	1212341312243434
17474	1212341312323444
17475	1212341312324344
17476	1212341312324434
17477	1212341312342344
17478	1212341312342434
17479	1212341312344234
17480	1212341312423344
17481	1212341312423434
17482	1212341312432344
17483	1212341312432434
17484	1212341312434234
17485	1212341314223344
17486	1212341314223434
17487	1212341314232344
17488	1212341314232434
17489	1212341314234234
17490	1212341321233444
17491	1212341321234344
17492	1212341321234434
17493	1212341321243344
17494	1212341321243434
17495	1212341321323444
17496	1212341321324344
17497	1212341321324434
17498	1212341321342344
17499	1212341321342434
17500	1212341321344234
17501	1212341321423344
17502	1212341321423434
17503	1212341321432344
17504	1212341321432434
17505	1212341321434234
17506	1212341323123444
17507	1212341323124344
17508	1212341323124434
17509	1212341323142344
17510	1212341323142434
17511	1212341323144234
17512	1212341323412344
17513	1212341323412434
17514	1212341323414234
17515	1212341323441234
17516	1212341324123344
17517	1212341324123434
17518	1212341324132344
17519	1212341324132434
17520	1212341324134234
17521	1212341324312344
17522	1212341324312434
17523	1212341324314234
17524	1212341324341234
17525	1212341341223344
17526	1212341341223434
17527	1212341341232344
17528	1212341341232434
17529	1212341341234234
17530	1212341342123344
17531	1212341342123434
17532	1212341342132344
17533	1212341342132434
17534	1212341342134234
17535	1212341342312344
17536	1212341342312434
17537	1212341342314234
17538	1212341342341234
17539	1212343112233444
17540	1212343112234344
17541	1212343112234434
17542	1212343112243344
17543	1212343112243434
17544	1212343112323444
17545	1212343112324344
17546	1212343112324434
17547	1212343112342344
17548	1212343112342434
17549	1212343112344234
17550	1212343112423344
17551	1212343112423434
17552	1212343112432344
17553	1212343112432434
17554	1212343112434234
17555	1212343114223344
17556	1212343114223434
17557	1212343114232344
17558	1212343114232434
17559	1212343114234234
17560	1212343121233444
17561	1212343121234344
17562	1212343121234434
17563	1212343121243344
17564	1212343121243434
17565	1212343121323444
17566	1212343121324344
17567	1212343121324434
17568	1212343121342344
17569	1212343121342434
17570	1212343121344234
17571	1212343121423344
17572	1212343121423434
17573	1212343121432344
17574	1212343121432434
17575	1212343121434234
17576	1212343123123444
17577	1212343123124344
17578	1212343123124434
17579	1212343123142344
17580	1212343123142434
17581	1212343123144234
17582	1212343123412344
17583	1212343123412434
17584	1212343123414234
17585	1212343123441234
17586	1212343124123344
17587	1212343124123434
17588	1212343124132344
17589	1212343124132434
17590	1212343124134234
17591	1212343124312344
17592	1212343124312434
17593	1212343124314234
17594	1212343124341234
17595	1212343141223344
17596	1212343141223434
17597	1212343141232344
17598	1212343141232434
17599	1212343141234234
17600	1212343142123344
17601	1212343142123434
17602	1212343142132344
17603	1212343142132434
17604	1212343142134234
17605	1212343142312344
17606	1212343142312434
17607	1212343142314234
17608	1212343142341234
17609	1212343411223344
17610	1212343411223434
17611	1212343411232344
17612	1212343411232434
17613	1212343411234234
17614	1212343412123344
17615	1212343412123434
17616	1212343412132344
17617	1212343412132434
17618	1212343412134234
17619	1212343412312344
17620	1212343412312434
17621	1212343412314234
17622	1212343412341234
17623	1213112223334444
17624	1213112223343444
17625	1213112223344344
17626	1213112223344434
17627	1213112223433444
17628	1213112223434344
17629	1213112223434434
17630	1213112223443344
17631	1213112223443434
17632	1213112224333444
17633	1213112224334344
17634	1213112224334434
17635	1213112224343344
17636	1213112224343434
17637	1213112232334444
17638	1213112232343444
17639	1213112232344344
17640	1213112232344434
17641	1213112232433444
17642	1213112232434344
17643	1213112232434434
17644	1213112232443344
17645	1213112232443434
17646	1213112233234444
17647	1213112233243444
17648	1213112233244344
17649	1213112233244434
17650	1213112233423444
17651	1213112233424344
17652	1213112233424434
17653	1213112233442344
17654	1213112233442434
17655	1213112233444234
17656	1213112234233444
17657	1213112234234344
17658	1213112234234434
17659	1213112234243344
17660	1213112234243434
17661	1213112234323444
17662	1213112234324344
17663	1213112234324434
17664	1213112234342344
17665	1213112234342434
17666	1213112234344234
17667	1213112234423344
17668	1213112234423434
17669	1213112234432344
17670	1213112234432434
17671	1213112234434234
17672	1213112242333444
17673	1213112242334344
17674	1213112242334434
17675	1213112242343344
17676	1213112242343434
17677	1213112243233444
17678	1213112243234344
17679	1213112243234434
17680	1213112243243344
17681	1213112243243434
17682	1213112243323444
17683	1213112243324344
17684	1213112243324434
17685	1213112243342344
17686	1213112243342434
17687	1213112243344234
17688	1213112243423344
17689	1213112243423434
17690	1213112243432344
17691	1213112243432434
17692	1213112243434234
17693	1213112322334444
17694	1213112322343444
17695	1213112322344344
17696	1213112322344434
17697	1213112322433444
17698	1213112322434344
17699	1213112322434434
17700	1213112322443344
17701	1213112322443434
17702	1213112323234444
17703	1213112323243444
17704	1213112323244344
17705	1213112323244434
17706	1213112323423444
17707	1213112323424344
17708	1213112323424434
17709	1213112323442344
17710	1213112323442434
17711	1213112323444234
17712	1213112324233444
17713	1213112324234344
17714	1213112324234434
17715	1213112324243344
17716	1213112324243434
17717	1213112324323444
17718	1213112324324344
17719	1213112324324434
17720	1213112324342344
17721	1213112324342434
17722	1213112324344234
17723	1213112324423344
17724	1213112324423434
17725	1213112324432344
17726	1213112324432434
17727	1213112324434234
17728	1213112342233444
17729	1213112342234344
17730	1213112342234434
17731	1213112342243344
17732	1213112342243434
17733	1213112342323444
17734	1213112342324344
17735	1213112342324434
17736	1213112342342344
17737	1213112342342434
17738	1213112342344234
17739	1213112342423344
17740	1213112342423434
17741	1213112342432344
17742	1213112342432434
17743	1213112342434234
17744	1213112344223344
17745	1213112344223434
17746	1213112344232344
17747	1213112344232434
17748	1213112344234234
17749	1213112422333444
17750	1213112422334344
17751	1213112422334434
17752	1213112422343344
17753	1213112422343434
17754	1213112423233444
17755	1213112423234344
17756	1213112423234434
17757	1213112423243344
17758	1213112423243434
17759	1213112423323444
17760	1213112423324344
17761	1213112423324434
17762	1213112423342344
17763	1213112423342434
17764	1213112423344234
17765	1213112423423344
17766	1213112423423434
17767	1213112423432344
17768	1213112423432434
17769	1213112423434234
17770	1213112432233444
17771	1213112432234344
17772	1213112432234434
17773	1213112432243344
17774	1213112432243434
17775	1213112432323444
17776	1213112432324344
17777	1213112432324434
17778	1213112432342344
17779	1213112432342434
17780	1213112432344234
17781	1213112432423344
17782	1213112432423434
17783	1213112432432344
17784	1213112432432434
17785	1213112432434234
17786	1213112434223344
17787	1213112434223434
17788	1213112434232344
17789	1213112434232434
17790	1213112434234234
17791	1213114222333444
17792	1213114222334344
17793	1213114222334434
17794	1213114222343344
17795	1213114222343434
17796	1213114223233444
17797	1213114223234344
17798	1213114223234434
17799	1213114223243344
17800	1213114223243434
17801	1213114223323444
17802	1213114223324344
17803	1213114223324434
17804	1213114223342344
17805	1213114223342434
17806	1213114223344234
17807	1213114223423344
17808	1213114223423434
17809	1213114223432344
17810	1213114223432434
17811	1213114223434234
17812	1213114232233444
17813	1213114232234344
17814	1213114232234434
17815	1213114232243344
17816	1213114232243434
17817	1213114232323444
17818	1213114232324344
17819	1213114232324434
17820	1213114232342344
17821	1213114232342434
17822	1213114232344234
17823	1213114232423344
17824	1213114232423434
17825	1213114232432344
17826	1213114232432434
17827	1213114232434234
17828	1213114234223344
17829	1213114234223434
17830	1213114234232344
17831	1213114234232434
17832	1213114234234234
17833	1213121223334444
17834	1213121223343444
17835	1213121223344344
17836	1213121223344434
17837	1213121223433444
17838	1213121223434344
17839	1213121223434434
17840	1213121223443344
17841	1213121223443434
17842	1213121224333444
17843	1213121224334344
17844	1213121224334434
17845	1213121224343344
17846	1213121224343434
17847	1213121232334444
17848	1213121232343444
17849	1213121232344344
17850	1213121232344434
17851	1213121232433444
17852	1213121232434344
17853	1213121232434434
17854	1213121232443344
17855	1213121232443434
17856	1213121233234444
17857	1213121233243444
17858	1213121233244344
17859	1213121233244434
17860	1213121233423444
17861	1213121233424344
17862	1213121233424434
17863	1213121233442344
17864	1213121233442434
17865	1213121233444234
17866	1213121234233444
17867	1213121234234344
17868	1213121234234434
17869	1213121234243344
17870	1213121234243434
17871	1213121234323444
17872	1213121234324344
17873	1213121234324434
17874	1213121234342344
17875	1213121234342434
17876	1213121234344234
17877	1213121234423344
17878	1213121234423434
17879	1213121234432344
17880	1213121234432434
17881	1213121234434234
17882	1213121242333444
17883	1213121242334344
17884	1213121242334434
17885	1213121242343344
17886	1213121242343434
17887	1213121243233444
17888	1213121243234344
17889	1213121243234434
17890	1213121243243344
17891	1213121243243434
17892	1213121243323444
17893	1213121243324344
17894	1213121243324434
17895	1213121243342344
17896	1213121243342434
17897	1213121243344234
17898	1213121243423344
17899	1213121243423434
17900	1213121243432344
17901	1213121243432434
17902	1213121243434234
17903	1213121322334444
17904	1213121322343444
17905	1213121322344344
17906	1213121322344434
17907	1213121322433444
17908	1213121322434344
17909	1213121322434434
17910	1213121322443344
17911	1213121322443434
17912	1213121323234444
17913	1213121323243444
17914	1213121323244344
17915	1213121323244434
17916	1213121323423444
17917	1213121323424344
17918	1213121323424434
17919	1213121323442344
17920	1213121323442434
17921	1213121323444234
17922	1213121324233444
17923	1213121324234344
17924	1213121324234434
17925	1213121324243344
17926	1213121324243434
17927	1213121324323444
17928	1213121324324344
17929	1213121324324434
17930	1213121324342344
17931	1213121324342434
17932	1213121324344234
17933	1213121324423344
17934	1213121324423434
17935	1213121324432344
17936	1213121324432434
17937	1213121324434234
17938	1213121342233444
17939	1213121342234344
17940	1213121342234434
17941	1213121342243344
17942	1213121342243434
17943	1213121342323444
17944	1213121342324344
17945	1213121342324434
17946	1213121342342344
17947	1213121342342434
17948	1213121342344234
17949	1213121342423344
17950	1213121342423434
17951	1213121342432344
17952	1213121342432434
17953	1213121342434234
17954	1213121344223344
17955	1213121344223434
17956	1213121344232344
17957	1213121344232434
17958	1213121344234234
17959	1213121422333444
17960	1213121422334344
17961	1213121422334434
17962	1213121422343344
17963	1213121422343434
17964	1213121423233444
17965	1213121423234344
17966	1213121423234434
17967	1213121423243344
17968	1213121423243434
17969	1213121423323444
17970	1213121423324344
17971	1213121423324434
17972	1213121423342344
17973	1213121423342434
17974	1213121423344234
17975	1213121423423344
17976	1213121423423434
17977	1213121423432344
17978	1213121423432434
17979	1213121423434234
17980	1213121432233444
17981	1213121432234344
17982	1213121432234434
17983	1213121432243344
17984	1213121432243434
17985	1213121432323444
17986	1213121432324344
17987	1213121432324434
17988	1213121432342344
17989	1213121432342434
17990	1213121432344234
17991	1213121432423344
17992	1213121432423434
17993	1213121432432344
17994	1213121432432434
17995	1213121432434234
17996	1213121434223344
17997	1213121434223434
17998	1213121434232344
17999	1213121434232434
18000	1213121434234234
18001	1213122123334444
18002	1213122123343444
18003	1213122123344344
18004	1213122123344434
18005	1213122123433444
18006	1213122123434344
18007	1213122123434434
18008	1213122123443344
18009	1213122123443434
18010	1213122124333444
18011	1213122124334344
18012	1213122124334434
18013	1213122124343344
18014	1213122124343434
18015	1213122132334444
18016	1213122132343444
18017	1213122132344344
18018	1213122132344434
18019	1213122132433444
18020	1213122132434344
18021	1213122132434434
18022	1213122132443344
18023	1213122132443434
18024	1213122133234444
18025	1213122133243444
18026	1213122133244344
18027	1213122133244434
18028	1213122133423444
18029	1213122133424344
18030	1213122133424434
18031	1213122133442344
18032	1213122133442434
18033	1213122133444234
18034	1213122134233444
18035	1213122134234344
18036	1213122134234434
18037	1213122134243344
18038	1213122134243434
18039	1213122134323444
18040	1213122134324344
18041	1213122134324434
18042	1213122134342344
18043	1213122134342434
18044	1213122134344234
18045	1213122134423344
18046	1213122134423434
18047	1213122134432344
18048	1213122134432434
18049	1213122134434234
18050	1213122142333444
18051	1213122142334344
18052	1213122142334434
18053	1213122142343344
18054	1213122142343434
18055	1213122143233444
18056	1213122143234344
18057	1213122143234434
18058	1213122143243344
18059	1213122143243434
18060	1213122143323444
18061	1213122143324344
18062	1213122143324434
18063	1213122143342344
18064	1213122143342434
18065	1213122143344234
18066	1213122143423344
18067	1213122143423434
18068	1213122143432344
18069	1213122143432434
18070	1213122143434234
18071	1213122312334444
18072	1213122312343444
18073	1213122312344344
18074	1213122312344434
18075	1213122312433444
18076	1213122312434344
18077	1213122312434434
18078	1213122312443344
18079	1213122312443434
18080	1213122313234444
18081	1213122313243444
18082	1213122313244344
18083	1213122313244434
18084	1213122313423444
18085	1213122313424344
18086	1213122313424434
18087	1213122313442344
18088	1213122313442434
18089	1213122313444234
18090	1213122314233444
18091	1213122314234344
18092	1213122314234434
18093	1213122314243344
18094	1213122314243434
18095	1213122314323444
18096	1213122314324344
18097	1213122314324434
18098	1213122314342344
18099	1213122314342434
18100	1213122314344234
18101	1213122314423344
18102	1213122314423434
18103	1213122314432344
18104	1213122314432434
18105	1213122314434234
18106	1213122331234444
18107	1213122331243444
18108	1213122331244344
18109	1213122331244434
18110	1213122331423444
18111	1213122331424344
18112	1213122331424434
18113	1213122331442344
18114	1213122331442434
18115	1213122331444234
18116	1213122334123444
18117	1213122334124344
18118	1213122334124434
18119	1213122334142344
18120	1213122334142434
18121	1213122334144234
18122	1213122334412344
18123	1213122334412434
18124	1213122334414234
18125	1213122334441234
18126	1213122341233444
18127	1213122341234344
18128	1213122341234434
18129	1213122341243344
18130	1213122341243434
18131	1213122341323444
18132	1213122341324344
18133	1213122341324434
18134	1213122341342344
18135	1213122341342434
18136	1213122341344234
18137	1213122341423344
18138	1213122341423434
18139	1213122341432344
18140	1213122341432434
18141	1213122341434234
18142	1213122343123444
18143	1213122343124344
18144	1213122343124434
18145	1213122343142344
18146	1213122343142434
18147	1213122343144234
18148	1213122343412344
18149	1213122343412434
18150	1213122343414234
18151	1213122343441234
18152	1213122344123344
18153	1213122344123434
18154	1213122344132344
18155	1213122344132434
18156	1213122344134234
18157	1213122344312344
18158	1213122344312434
18159	1213122344314234
18160	1213122344341234
18161	1213122412333444
18162	1213122412334344
18163	1213122412334434
18164	1213122412343344
18165	1213122412343434
18166	1213122413233444
18167	1213122413234344
18168	1213122413234434
18169	1213122413243344
18170	1213122413243434
18171	1213122413323444
18172	1213122413324344
18173	1213122413324434
18174	1213122413342344
18175	1213122413342434
18176	1213122413344234
18177	1213122413423344
18178	1213122413423434
18179	1213122413432344
18180	1213122413432434
18181	1213122413434234
18182	1213122431233444
18183	1213122431234344
18184	1213122431234434
18185	1213122431243344
18186	1213122431243434
18187	1213122431323444
18188	1213122431324344
18189	1213122431324434
18190	1213122431342344
18191	1213122431342434
18192	1213122431344234
18193	1213122431423344
18194	1213122431423434
18195	1213122431432344
18196	1213122431432434
18197	1213122431434234
18198	1213122433123444
18199	1213122433124344
18200	1213122433124434
18201	1213122433142344
18202	1213122433142434
18203	1213122433144234
18204	1213122433412344
18205	1213122433412434
18206	1213122433414234
18207	1213122433441234
18208	1213122434123344
18209	1213122434123434
18210	1213122434132344
18211	1213122434132434
18212	1213122434134234
18213	1213122434312344
18214	1213122434312434
18215	1213122434314234
18216	1213122434341234
18217	1213123122334444
18218	1213123122343444
18219	1213123122344344
18220	1213123122344434
18221	1213123122433444
18222	1213123122434344
18223	1213123122434434
18224	1213123122443344
18225	1213123122443434
18226	1213123123234444
18227	1213123123243444
18228	1213123123244344
18229	1213123123244434
18230	1213123123423444
18231	1213123123424344
18232	1213123123424434
18233	1213123123442344
18234	1213123123442434
18235	1213123123444234
18236	1213123124233444
18237	1213123124234344
18238	1213123124234434
18239	1213123124243344
18240	1213123124243434
18241	1213123124323444
18242	1213123124324344
18243	1213123124324434
18244	1213123124342344
18245	1213123124342434
18246	1213123124344234
18247	1213123124423344
18248	1213123124423434
18249	1213123124432344
18250	1213123124432434
18251	1213123124434234
18252	1213123142233444
18253	1213123142234344
18254	1213123142234434
18255	1213123142243344
18256	1213123142243434
18257	1213123142323444
18258	1213123142324344
18259	1213123142324434
18260	1213123142342344
18261	1213123142342434
18262	1213123142344234
18263	1213123142423344
18264	1213123142423434
18265	1213123142432344
18266	1213123142432434
18267	1213123142434234
18268	1213123144223344
18269	1213123144223434
18270	1213123144232344
18271	1213123144232434
18272	1213123144234234
18273	1213123212334444
18274	1213123212343444
18275	1213123212344344
18276	1213123212344434
18277	1213123212433444
18278	1213123212434344
18279	1213123212434434
18280	1213123212443344
18281	1213123212443434
18282	1213123213234444
18283	1213123213243444
18284	1213123213244344
18285	1213123213244434
18286	1213123213423444
18287	1213123213424344
18288	1213123213424434
18289	1213123213442344
18290	1213123213442434
18291	1213123213444234
18292	1213123214233444
18293	1213123214234344
18294	1213123214234434
18295	1213123214243344
18296	1213123214243434
18297	1213123214323444
18298	1213123214324344
18299	1213123214324434
18300	1213123214342344
18301	1213123214342434
18302	1213123214344234
18303	1213123214423344
18304	1213123214423434
18305	1213123214432344
18306	1213123214432434
18307	1213123214434234
18308	1213123231234444
18309	1213123231243444
18310	1213123231244344
18311	1213123231244434
18312	1213123231423444
18313	1213123231424344
18314	1213123231424434
18315	1213123231442344
18316	1213123231442434
18317	1213123231444234
18318	1213123234123444
18319	1213123234124344
18320	1213123234124434
18321	1213123234142344
18322	1213123234142434
18323	1213123234144234
18324	1213123234412344
18325	1213123234412434
18326	1213123234414234
18327	1213123234441234
18328	1213123241233444
18329	1213123241234344
18330	1213123241234434
18331	1213123241243344
18332	1213123241243434
18333	1213123241323444
18334	1213123241324344
18335	1213123241324434
18336	1213123241342344
18337	1213123241342434
18338	1213123241344234
18339	1213123241423344
18340	1213123241423434
18341	1213123241432344
18342	1213123241432434
18343	1213123241434234
18344	1213123243123444
18345	1213123243124344
18346	1213123243124434
18347	1213123243142344
18348	1213123243142434
18349	1213123243144234
18350	1213123243412344
18351	1213123243412434
18352	1213123243414234
18353	1213123243441234
18354	1213123244123344
18355	1213123244123434
18356	1213123244132344
18357	1213123244132434
18358	1213123244134234
18359	1213123244312344
18360	1213123244312434
18361	1213123244314234
18362	1213123244341234
18363	1213123412233444
18364	1213123412234344
18365	1213123412234434
18366	1213123412243344
18367	1213123412243434
18368	1213123412323444
18369	1213123412324344
18370	1213123412324434
18371	1213123412342344
18372	1213123412342434
18373	1213123412344234
18374	1213123412423344
18375	1213123412423434
18376	1213123412432344
18377	1213123412432434
18378	1213123412434234
18379	1213123414223344
18380	1213123414223434
18381	1213123414232344
18382	1213123414232434
18383	1213123414234234
18384	1213123421233444
18385	1213123421234344
18386	1213123421234434
18387	1213123421243344
18388	1213123421243434
18389	1213123421323444
18390	1213123421324344
18391	1213123421324434
18392	1213123421342344
18393	1213123421342434
18394	1213123421344234
18395	1213123421423344
18396	1213123421423434
18397	1213123421432344
18398	1213123421432434
18399	1213123421434234
18400	1213123423123444
18401	1213123423124344
18402	1213123423124434
18403	1213123423142344
18404	1213123423142434
18405	1213123423144234
18406	1213123423412344
18407	1213123423412434
18408	1213123423414234
18409	1213123423441234
18410	1213123424123344
18411	1213123424123434
18412	1213123424132344
18413	1213123424132434
18414	1213123424134234
18415	1213123424312344
18416	1213123424312434
18417	1213123424314234
18418	1213123424341234
18419	1213123441223344
18420	1213123441223434
18421	1213123441232344
18422	1213123441232434
18423	1213123441234234
18424	1213123442123344
18425	1213123442123434
18426	1213123442132344
18427	1213123442132434
18428	1213123442134234
18429	1213123442312344
18430	1213123442312434
18431	1213123442314234
18432	1213123442341234
18433	1213124122333444
18434	1213124122334344
18435	1213124122334434
18436	1213124122343344
18437	1213124122343434
18438	1213124123233444
18439	1213124123234344
18440	1213124123234434
18441	1213124123243344
18442	1213124123243434
18443	1213124123323444
18444	1213124123324344
18445	1213124123324434
18446	1213124123342344
18447	1213124123342434
18448	1213124123344234
18449	1213124123423344
18450	1213124123423434
18451	1213124123432344
18452	1213124123432434
18453	1213124123434234
18454	1213124132233444
18455	1213124132234344
18456	1213124132234434
18457	1213124132243344
18458	1213124132243434
18459	1213124132323444
18460	1213124132324344
18461	1213124132324434
18462	1213124132342344
18463	1213124132342434
18464	1213124132344234
18465	1213124132423344
18466	1213124132423434
18467	1213124132432344
18468	1213124132432434
18469	1213124132434234
18470	1213124134223344
18471	1213124134223434
18472	1213124134232344
18473	1213124134232434
18474	1213124134234234
18475	1213124212333444
18476	1213124212334344
18477	1213124212334434
18478	1213124212343344
18479	1213124212343434
18480	1213124213233444
18481	1213124213234344
18482	1213124213234434
18483	1213124213243344
18484	1213124213243434
18485	1213124213323444
18486	1213124213324344
18487	1213124213324434
18488	1213124213342344
18489	1213124213342434
18490	1213124213344234
18491	1213124213423344
18492	1213124213423434
18493	1213124213432344
18494	1213124213432434
18495	1213124213434234
18496	1213124231233444
18497	1213124231234344
18498	1213124231234434
18499	1213124231243344
18500	1213124231243434
18501	1213124231323444
18502	1213124231324344
18503	1213124231324434
18504	1213124231342344
18505	1213124231342434
18506	1213124231344234
18507	1213124231423344
18508	1213124231423434
18509	1213124231432344
18510	1213124231432434
18511	1213124231434234
18512	1213124233123444
18513	1213124233124344
18514	1213124233124434
18515	1213124233142344
18516	1213124233142434
18517	1213124233144234
18518	1213124233412344
18519	1213124233412434
18520	1213124233414234
18521	1213124233441234
18522	1213124234123344
18523	1213124234123434
18524	1213124234132344
18525	1213124234132434
18526	1213124234134234
18527	1213124234312344
18528	1213124234312434
18529	1213124234314234
18530	1213124234341234
18531	1213124312233444
18532	1213124312234344
18533	1213124312234434
18534	1213124312243344
18535	1213124312243434
18536	1213124312323444
18537	1213124312324344
18538	1213124312324434
18539	1213124312342344
18540	1213124312342434
18541	1213124312344234
18542	1213124312423344
18543	1213124312423434
18544	1213124312432344
18545	1213124312432434
18546	1213124312434234
18547	1213124314223344
18548	1213124314223434
18549	1213124314232344
18550	1213124314232434
18551	1213124314234234
18552	1213124321233444
18553	1213124321234344
18554	1213124321234434
18555	1213124321243344
18556	1213124321243434
18557	1213124321323444
18558	1213124321324344
18559	1213124321324434
18560	1213124321342344
18561	1213124321342434
18562	1213124321344234
18563	1213124321423344
18564	1213124321423434
18565	1213124321432344
18566	1213124321432434
18567	1213124321434234
18568	1213124323123444
18569	1213124323124344
18570	1213124323124434
18571	1213124323142344
18572	1213124323142434
18573	1213124323144234
18574	1213124323412344
18575	1213124323412434
18576	1213124323414234
18577	1213124323441234
18578	1213124324123344
18579	1213124324123434
18580	1213124324132344
18581	1213124324132434
18582	1213124324134234
18583	1213124324312344
18584	1213124324312434
18585	1213124324314234
18586	1213124324341234
18587	1213124341223344
18588	1213124341223434
18589	1213124341232344
18590	1213124341232434
18591	1213124341234234
18592	1213124342123344
18593	1213124342123434
18594	1213124342132344
18595	1213124342132434
18596	1213124342134234
18597	1213124342312344
18598	1213124342312434
18599	1213124342314234
18600	1213124342341234
18601	1213141222333444
18602	1213141222334344
18603	1213141222334434
18604	1213141222343344
18605	1213141222343434
18606	1213141223233444
18607	1213141223234344
18608	1213141223234434
18609	1213141223243344
18610	1213141223243434
18611	1213141223323444
18612	1213141223324344
18613	1213141223324434
18614	1213141223342344
18615	1213141223342434
18616	1213141223344234
18617	1213141223423344
18618	1213141223423434
18619	1213141223432344
18620	1213141223432434
18621	1213141223434234
18622	1213141232233444
18623	1213141232234344
18624	1213141232234434
18625	1213141232243344
18626	1213141232243434
18627	1213141232323444
18628	1213141232324344
18629	1213141232324434
18630	1213141232342344
18631	1213141232342434
18632	1213141232344234
18633	1213141232423344
18634	1213141232423434
18635	1213141232432344
18636	1213141232432434
18637	1213141232434234
18638	1213141234223344
18639	1213141234223434
18640	1213141234232344
18641	1213141234232434
18642	1213141234234234
18643	1213142122333444
18644	1213142122334344
18645	1213142122334434
18646	1213142122343344
18647	1213142122343434
18648	1213142123233444
18649	1213142123234344
18650	1213142123234434
18651	1213142123243344
18652	1213142123243434
18653	1213142123323444
18654	1213142123324344
18655	1213142123324434
18656	1213142123342344
18657	1213142123342434
18658	1213142123344234
18659	1213142123423344
18660	1213142123423434
18661	1213142123432344
18662	1213142123432434
18663	1213142123434234
18664	1213142132233444
18665	1213142132234344
18666	1213142132234434
18667	1213142132243344
18668	1213142132243434
18669	1213142132323444
18670	1213142132324344
18671	1213142132324434
18672	1213142132342344
18673	1213142132342434
18674	1213142132344234
18675	1213142132423344
18676	1213142132423434
18677	1213142132432344
18678	1213142132432434
18679	1213142132434234
18680	1213142134223344
18681	1213142134223434
18682	1213142134232344
18683	1213142134232434
18684	1213142134234234
18685	1213142212333444
18686	1213142212334344
18687	1213142212334434
18688	1213142212343344
18689	1213142212343434
18690	1213142213233444
18691	1213142213234344
18692	1213142213234434
18693	1213142213243344
18694	1213142213243434
18695	1213142213323444
18696	1213142213324344
18697	1213142213324434
18698	1213142213342344
18699	1213142213342434
18700	1213142213344234
18701	1213142213423344
18702	1213142213423434
18703	1213142213432344
18704	1213142213432434
18705	1213142213434234
18706	1213142231233444
18707	1213142231234344
18708	1213142231234434
18709	1213142231243344
18710	1213142231243434
18711	1213142231323444
18712	1213142231324344
18713	1213142231324434
18714	1213142231342344
18715	1213142231342434
18716	1213142231344234
18717	1213142231423344
18718	1213142231423434
18719	1213142231432344
18720	1213142231432434
18721	1213142231434234
18722	1213142233123444
18723	1213142233124344
18724	1213142233124434
18725	1213142233142344
18726	1213142233142434
18727	1213142233144234
18728	1213142233412344
18729	1213142233412434
18730	1213142233414234
18731	1213142233441234
18732	1213142234123344
18733	1213142234123434
18734	1213142234132344
18735	1213142234132434
18736	1213142234134234
18737	1213142234312344
18738	1213142234312434
18739	1213142234314234
18740	1213142234341234
18741	1213142312233444
18742	1213142312234344
18743	1213142312234434
18744	1213142312243344
18745	1213142312243434
18746	1213142312323444
18747	1213142312324344
18748	1213142312324434
18749	1213142312342344
18750	1213142312342434
18751	1213142312344234
18752	1213142312423344
18753	1213142312423434
18754	1213142312432344
18755	1213142312432434
18756	1213142312434234
18757	1213142314223344
18758	1213142314223434
18759	1213142314232344
18760	1213142314232434
18761	1213142314234234
18762	1213142321233444
18763	1213142321234344
18764	1213142321234434
18765	1213142321243344
18766	1213142321243434
18767	1213142321323444
18768	1213142321324344
18769	1213142321324434
18770	1213142321342344
18771	1213142321342434
18772	1213142321344234
18773	1213142321423344
18774	1213142321423434
18775	1213142321432344
18776	1213142321432434
18777	1213142321434234
18778	1213142323123444
18779	1213142323124344
18780	1213142323124434
18781	1213142323142344
18782	1213142323142434
18783	1213142323144234
18784	1213142323412344
18785	1213142323412434
18786	1213142323414234
18787	1213142323441234
18788	1213142324123344
18789	1213142324123434
18790	1213142324132344
18791	1213142324132434
18792	1213142324134234
18793	1213142324312344
18794	1213142324312434
18795	1213142324314234
18796	1213142324341234
18797	1213142341223344
18798	1213142341223434
18799	1213142341232344
18800	1213142341232434
18801	1213142341234234
18802	1213142342123344
18803	1213142342123434
18804	1213142342132344
18805	1213142342132434
18806	1213142342134234
18807	1213142342312344
18808	1213142342312434
18809	1213142342314234
18810	1213142342341234
18811	1213211223334444
18812	1213211223343444
18813	1213211223344344
18814	1213211223344434
18815	1213211223433444
18816	1213211223434344
18817	1213211223434434
18818	1213211223443344
18819	1213211223443434
18820	1213211224333444
18821	1213211224334344
18822	1213211224334434
18823	1213211224343344
18824	1213211224343434
18825	1213211232334444
18826	1213211232343444
18827	1213211232344344
18828	1213211232344434
18829	1213211232433444
18830	1213211232434344
18831	1213211232434434
18832	1213211232443344
18833	1213211232443434
18834	1213211233234444
18835	1213211233243444
18836	1213211233244344
18837	1213211233244434
18838	1213211233423444
18839	1213211233424344
18840	1213211233424434
18841	1213211233442344
18842	1213211233442434
18843	1213211233444234
18844	1213211234233444
18845	1213211234234344
18846	1213211234234434
18847	1213211234243344
18848	1213211234243434
18849	1213211234323444
18850	1213211234324344
18851	1213211234324434
18852	1213211234342344
18853	1213211234342434
18854	1213211234344234
18855	1213211234423344
18856	1213211234423434
18857	1213211234432344
18858	1213211234432434
18859	1213211234434234
18860	1213211242333444
18861	1213211242334344
18862	1213211242334434
18863	1213211242343344
18864	1213211242343434
18865	1213211243233444
18866	1213211243234344
18867	1213211243234434
18868	1213211243243344
18869	1213211243243434
18870	1213211243323444
18871	1213211243324344
18872	1213211243324434
18873	1213211243342344
18874	1213211243342434
18875	1213211243344234
18876	1213211243423344
18877	1213211243423434
18878	1213211243432344
18879	1213211243432434
18880	1213211243434234
18881	1213211322334444
18882	1213211322343444
18883	1213211322344344
18884	1213211322344434
18885	1213211322433444
18886	1213211322434344
18887	1213211322434434
18888	1213211322443344
18889	1213211322443434
18890	1213211323234444
18891	1213211323243444
18892	1213211323244344
18893	1213211323244434
18894	1213211323423444
18895	1213211323424344
18896	1213211323424434
18897	1213211323442344
18898	1213211323442434
18899	1213211323444234
18900	1213211324233444
18901	1213211324234344
18902	1213211324234434
18903	1213211324243344
18904	1213211324243434
18905	1213211324323444
18906	1213211324324344
18907	1213211324324434
18908	1213211324342344
18909	1213211324342434
18910	1213211324344234
18911	1213211324423344
18912	1213211324423434
18913	1213211324432344
18914	1213211324432434
18915	1213211324434234
18916	1213211342233444
18917	1213211342234344
18918	1213211342234434
18919	1213211342243344
18920	1213211342243434
18921	1213211342323444
18922	1213211342324344
18923	1213211342324434
18924	1213211342342344
18925	1213211342342434
18926	1213211342344234
18927	1213211342423344
18928	1213211342423434
18929	1213211342432344
18930	1213211342432434
18931	1213211342434234
18932	1213211344223344
18933	1213211344223434
18934	1213211344232344
18935	1213211344232434
18936	1213211344234234
18937	1213211422333444
18938	1213211422334344
18939	1213211422334434
18940	1213211422343344
18941	1213211422343434
18942	1213211423233444
18943	1213211423234344
18944	1213211423234434
18945	1213211423243344
18946	1213211423243434
18947	1213211423323444
18948	1213211423324344
18949	1213211423324434
18950	1213211423342344
18951	1213211423342434
18952	1213211423344234
18953	1213211423423344
18954	1213211423423434
18955	1213211423432344
18956	1213211423432434
18957	1213211423434234
18958	1213211432233444
18959	1213211432234344
18960	1213211432234434
18961	1213211432243344
18962	1213211432243434
18963	1213211432323444
18964	1213211432324344
18965	1213211432324434
18966	1213211432342344
18967	1213211432342434
18968	1213211432344234
18969	1213211432423344
18970	1213211432423434
18971	1213211432432344
18972	1213211432432434
18973	1213211432434234
18974	1213211434223344
18975	1213211434223434
18976	1213211434232344
18977	1213211434232434
18978	1213211434234234
18979	1213212123334444
18980	1213212123343444
18981	1213212123344344
18982	1213212123344434
18983	1213212123433444
18984	1213212123434344
18985	1213212123434434
18986	1213212123443344
18987	1213212123443434
18988	1213212124333444
18989	1213212124334344
18990	1213212124334434
18991	1213212124343344
18992	1213212124343434
18993	1213212132334444
18994	1213212132343444
18995	1213212132344344
18996	1213212132344434
18997	1213212132433444
18998	1213212132434344
18999	1213212132434434
19000	1213212132443344
19001	1213212132443434
19002	1213212133234444
19003	1213212133243444
19004	1213212133244344
19005	1213212133244434
19006	1213212133423444
19007	1213212133424344
19008	1213212133424434
19009	1213212133442344
19010	1213212133442434
19011	1213212133444234
19012	1213212134233444
19013	1213212134234344
19014	1213212134234434
19015	1213212134243344
19016	1213212134243434
19017	1213212134323444
19018	1213212134324344
19019	1213212134324434
19020	1213212134342344
19021	1213212134342434
19022	1213212134344234
19023	1213212134423344
19024	1213212134423434
19025	1213212134432344
19026	1213212134432434
19027	1213212134434234
19028	1213212142333444
19029	1213212142334344
19030	1213212142334434
19031	1213212142343344
19032	1213212142343434
19033	1213212143233444
19034	1213212143234344
19035	1213212143234434
19036	1213212143243344
19037	1213212143243434
19038	1213212143323444
19039	1213212143324344
19040	1213212143324434
19041	1213212143342344
19042	1213212143342434
19043	1213212143344234
19044	1213212143423344
19045	1213212143423434
19046	1213212143432344
19047	1213212143432434
19048	1213212143434234
19049	1213212312334444
19050	1213212312343444
19051	1213212312344344
19052	1213212312344434
19053	1213212312433444
19054	1213212312434344
19055	1213212312434434
19056	1213212312443344
19057	1213212312443434
19058	1213212313234444
19059	1213212313243444
19060	1213212313244344
19061	1213212313244434
19062	1213212313423444
19063	1213212313424344
19064	1213212313424434
19065	1213212313442344
19066	1213212313442434
19067	1213212313444234
19068	1213212314233444
19069	1213212314234344
19070	1213212314234434
19071	1213212314243344
19072	1213212314243434
19073	1213212314323444
19074	1213212314324344
19075	1213212314324434
19076	1213212314342344
19077	1213212314342434
19078	1213212314344234
19079	1213212314423344
19080	1213212314423434
19081	1213212314432344
19082	1213212314432434
19083	1213212314434234
19084	1213212331234444
19085	1213212331243444
19086	1213212331244344
19087	1213212331244434
19088	1213212331423444
19089	1213212331424344
19090	1213212331424434
19091	1213212331442344
19092	1213212331442434
19093	1213212331444234
19094	1213212334123444
19095	1213212334124344
19096	1213212334124434
19097	1213212334142344
19098	1213212334142434
19099	1213212334144234
19100	1213212334412344
19101	1213212334412434
19102	1213212334414234
19103	1213212334441234
19104	1213212341233444
19105	1213212341234344
19106	1213212341234434
19107	1213212341243344
19108	1213212341243434
19109	1213212341323444
19110	1213212341324344
19111	1213212341324434
19112	1213212341342344
19113	1213212341342434
19114	1213212341344234
19115	1213212341423344
19116	1213212341423434
19117	1213212341432344
19118	1213212341432434
19119	1213212341434234
19120	1213212343123444
19121	1213212343124344
19122	1213212343124434
19123	1213212343142344
19124	1213212343142434
19125	1213212343144234
19126	1213212343412344
19127	1213212343412434
19128	1213212343414234
19129	1213212343441234
19130	1213212344123344
19131	1213212344123434
19132	1213212344132344
19133	1213212344132434
19134	1213212344134234
19135	1213212344312344
19136	1213212344312434
19137	1213212344314234
19138	1213212344341234
19139	1213212412333444
19140	1213212412334344
19141	1213212412334434
19142	1213212412343344
19143	1213212412343434
19144	1213212413233444
19145	1213212413234344
19146	1213212413234434
19147	1213212413243344
19148	1213212413243434
19149	1213212413323444
19150	1213212413324344
19151	1213212413324434
19152	1213212413342344
19153	1213212413342434
19154	1213212413344234
19155	1213212413423344
19156	1213212413423434
19157	1213212413432344
19158	1213212413432434
19159	1213212413434234
19160	1213212431233444
19161	1213212431234344
19162	1213212431234434
19163	1213212431243344
19164	1213212431243434
19165	1213212431323444
19166	1213212431324344
19167	1213212431324434
19168	1213212431342344
19169	1213212431342434
19170	1213212431344234
19171	1213212431423344
19172	1213212431423434
19173	1213212431432344
19174	1213212431432434
19175	1213212431434234
19176	1213212433123444
19177	1213212433124344
19178	1213212433124434
19179	1213212433142344
19180	1213212433142434
19181	1213212433144234
19182	1213212433412344
19183	1213212433412434
19184	1213212433414234
19185	1213212433441234
19186	1213212434123344
19187	1213212434123434
19188	1213212434132344
19189	1213212434132434
19190	1213212434134234
19191	1213212434312344
19192	1213212434312434
19193	1213212434314234
19194	1213212434341234
19195	1213213122334444
19196	1213213122343444
19197	1213213122344344
19198	1213213122344434
19199	1213213122433444
19200	1213213122434344
19201	1213213122434434
19202	1213213122443344
19203	1213213122443434
19204	1213213123234444
19205	1213213123243444
19206	1213213123244344
19207	1213213123244434
19208	1213213123423444
19209	1213213123424344
19210	1213213123424434
19211	1213213123442344
19212	1213213123442434
19213	1213213123444234
19214	1213213124233444
19215	1213213124234344
19216	1213213124234434
19217	1213213124243344
19218	1213213124243434
19219	1213213124323444
19220	1213213124324344
19221	1213213124324434
19222	1213213124342344
19223	1213213124342434
19224	1213213124344234
19225	1213213124423344
19226	1213213124423434
19227	1213213124432344
19228	1213213124432434
19229	1213213124434234
19230	1213213142233444
19231	1213213142234344
19232	1213213142234434
19233	1213213142243344
19234	1213213142243434
19235	1213213142323444
19236	1213213142324344
19237	1213213142324434
19238	1213213142342344
19239	1213213142342434
19240	1213213142344234
19241	1213213142423344
19242	1213213142423434
19243	1213213142432344
19244	1213213142432434
19245	1213213142434234
19246	1213213144223344
19247	1213213144223434
19248	1213213144232344
19249	1213213144232434
19250	1213213144234234
19251	1213213212334444
19252	1213213212343444
19253	1213213212344344
19254	1213213212344434
19255	1213213212433444
19256	1213213212434344
19257	1213213212434434
19258	1213213212443344
19259	1213213212443434
19260	1213213213234444
19261	1213213213243444
19262	1213213213244344
19263	1213213213244434
19264	1213213213423444
19265	1213213213424344
19266	1213213213424434
19267	1213213213442344
19268	1213213213442434
19269	1213213213444234
19270	1213213214233444
19271	1213213214234344
19272	1213213214234434
19273	1213213214243344
19274	1213213214243434
19275	1213213214323444
19276	1213213214324344
19277	1213213214324434
19278	1213213214342344
19279	1213213214342434
19280	1213213214344234
19281	1213213214423344
19282	1213213214423434
19283	1213213214432344
19284	1213213214432434
19285	1213213214434234
19286	1213213231234444
19287	1213213231243444
19288	1213213231244344
19289	1213213231244434
19290	1213213231423444
19291	1213213231424344
19292	1213213231424434
19293	1213213231442344
19294	1213213231442434
19295	1213213231444234
19296	1213213234123444
19297	1213213234124344
19298	1213213234124434
19299	1213213234142344
19300	1213213234142434
19301	1213213234144234
19302	1213213234412344
19303	1213213234412434
19304	1213213234414234
19305	1213213234441234
19306	1213213241233444
19307	1213213241234344
19308	1213213241234434
19309	1213213241243344
19310	1213213241243434
19311	1213213241323444
19312	1213213241324344
19313	1213213241324434
19314	1213213241342344
19315	1213213241342434
19316	1213213241344234
19317	1213213241423344
19318	1213213241423434
19319	1213213241432344
19320	1213213241432434
19321	1213213241434234
19322	1213213243123444
19323	1213213243124344
19324	1213213243124434
19325	1213213243142344
19326	1213213243142434
19327	1213213243144234
19328	1213213243412344
19329	1213213243412434
19330	1213213243414234
19331	1213213243441234
19332	1213213244123344
19333	1213213244123434
19334	1213213244132344
19335	1213213244132434
19336	1213213244134234
19337	1213213244312344
19338	1213213244312434
19339	1213213244314234
19340	1213213244341234
19341	1213213412233444
19342	1213213412234344
19343	1213213412234434
19344	1213213412243344
19345	1213213412243434
19346	1213213412323444
19347	1213213412324344
19348	1213213412324434
19349	1213213412342344
19350	1213213412342434
19351	1213213412344234
19352	1213213412423344
19353	1213213412423434
19354	1213213412432344
19355	1213213412432434
19356	1213213412434234
19357	1213213414223344
19358	1213213414223434
19359	1213213414232344
19360	1213213414232434
19361	1213213414234234
19362	1213213421233444
19363	1213213421234344
19364	1213213421234434
19365	1213213421243344
19366	1213213421243434
19367	1213213421323444
19368	1213213421324344
19369	1213213421324434
19370	1213213421342344
19371	1213213421342434
19372	1213213421344234
19373	1213213421423344
19374	1213213421423434
19375	1213213421432344
19376	1213213421432434
19377	1213213421434234
19378	1213213423123444
19379	1213213423124344
19380	1213213423124434
19381	1213213423142344
19382	1213213423142434
19383	1213213423144234
19384	1213213423412344
19385	1213213423412434
19386	1213213423414234
19387	1213213423441234
19388	1213213424123344
19389	1213213424123434
19390	1213213424132344
19391	1213213424132434
19392	1213213424134234
19393	1213213424312344
19394	1213213424312434
19395	1213213424314234
19396	1213213424341234
19397	1213213441223344
19398	1213213441223434
19399	1213213441232344
19400	1213213441232434
19401	1213213441234234
19402	1213213442123344
19403	1213213442123434
19404	1213213442132344
19405	1213213442132434
19406	1213213442134234
19407	1213213442312344
19408	1213213442312434
19409	1213213442314234
19410	1213213442341234
19411	1213214122333444
19412	1213214122334344
19413	1213214122334434
19414	1213214122343344
19415	1213214122343434
19416	1213214123233444
19417	1213214123234344
19418	1213214123234434
19419	1213214123243344
19420	1213214123243434
19421	1213214123323444
19422	1213214123324344
19423	1213214123324434
19424	1213214123342344
19425	1213214123342434
19426	1213214123344234
19427	1213214123423344
19428	1213214123423434
19429	1213214123432344
19430	1213214123432434
19431	1213214123434234
19432	1213214132233444
19433	1213214132234344
19434	1213214132234434
19435	1213214132243344
19436	1213214132243434
19437	1213214132323444
19438	1213214132324344
19439	1213214132324434
19440	1213214132342344
19441	1213214132342434
19442	1213214132344234
19443	1213214132423344
19444	1213214132423434
19445	1213214132432344
19446	1213214132432434
19447	1213214132434234
19448	1213214134223344
19449	1213214134223434
19450	1213214134232344
19451	1213214134232434
19452	1213214134234234
19453	1213214212333444
19454	1213214212334344
19455	1213214212334434
19456	1213214212343344
19457	1213214212343434
19458	1213214213233444
19459	1213214213234344
19460	1213214213234434
19461	1213214213243344
19462	1213214213243434
19463	1213214213323444
19464	1213214213324344
19465	1213214213324434
19466	1213214213342344
19467	1213214213342434
19468	1213214213344234
19469	1213214213423344
19470	1213214213423434
19471	1213214213432344
19472	1213214213432434
19473	1213214213434234
19474	1213214231233444
19475	1213214231234344
19476	1213214231234434
19477	1213214231243344
19478	1213214231243434
19479	1213214231323444
19480	1213214231324344
19481	1213214231324434
19482	1213214231342344
19483	1213214231342434
19484	1213214231344234
19485	1213214231423344
19486	1213214231423434
19487	1213214231432344
19488	1213214231432434
19489	1213214231434234
19490	1213214233123444
19491	1213214233124344
19492	1213214233124434
19493	1213214233142344
19494	1213214233142434
19495	1213214233144234
19496	1213214233412344
19497	1213214233412434
19498	1213214233414234
19499	1213214233441234
19500	1213214234123344
19501	1213214234123434
19502	1213214234132344
19503	1213214234132434
19504	1213214234134234
19505	1213214234312344
19506	1213214234312434
19507	1213214234314234
19508	1213214234341234
19509	1213214312233444
19510	1213214312234344
19511	1213214312234434
19512	1213214312243344
19513	1213214312243434
19514	1213214312323444
19515	1213214312324344
19516	1213214312324434
19517	1213214312342344
19518	1213214312342434
19519	1213214312344234
19520	1213214312423344
19521	1213214312423434
19522	1213214312432344
19523	1213214312432434
19524	1213214312434234
19525	1213214314223344
19526	1213214314223434
19527	1213214314232344
19528	1213214314232434
19529	1213214314234234
19530	1213214321233444
19531	1213214321234344
19532	1213214321234434
19533	1213214321243344
19534	1213214321243434
19535	1213214321323444
19536	1213214321324344
19537	1213214321324434
19538	1213214321342344
19539	1213214321342434
19540	1213214321344234
19541	1213214321423344
19542	1213214321423434
19543	1213214321432344
19544	1213214321432434
19545	1213214321434234
19546	1213214323123444
19547	1213214323124344
19548	1213214323124434
19549	1213214323142344
19550	1213214323142434
19551	1213214323144234
19552	1213214323412344
19553	1213214323412434
19554	1213214323414234
19555	1213214323441234
19556	1213214324123344
19557	1213214324123434
19558	1213214324132344
19559	1213214324132434
19560	1213214324134234
19561	1213214324312344
19562	1213214324312434
19563	1213214324314234
19564	1213214324341234
19565	1213214341223344
19566	1213214341223434
19567	1213214341232344
19568	1213214341232434
19569	1213214341234234
19570	1213214342123344
19571	1213214342123434
19572	1213214342132344
19573	1213214342132434
19574	1213214342134234
19575	1213214342312344
19576	1213214342312434
19577	1213214342314234
19578	1213214342341234
19579	1213231122334444
19580	1213231122343444
19581	1213231122344344
19582	1213231122344434
19583	1213231122433444
19584	1213231122434344
19585	1213231122434434
19586	1213231122443344
19587	1213231122443434
19588	1213231123234444
19589	1213231123243444
19590	1213231123244344
19591	1213231123244434
19592	1213231123423444
19593	1213231123424344
19594	1213231123424434
19595	1213231123442344
19596	1213231123442434
19597	1213231123444234
19598	1213231124233444
19599	1213231124234344
19600	1213231124234434
19601	1213231124243344
19602	1213231124243434
19603	1213231124323444
19604	1213231124324344
19605	1213231124324434
19606	1213231124342344
19607	1213231124342434
19608	1213231124344234
19609	1213231124423344
19610	1213231124423434
19611	1213231124432344
19612	1213231124432434
19613	1213231124434234
19614	1213231142233444
19615	1213231142234344
19616	1213231142234434
19617	1213231142243344
19618	1213231142243434
19619	1213231142323444
19620	1213231142324344
19621	1213231142324434
19622	1213231142342344
19623	1213231142342434
19624	1213231142344234
19625	1213231142423344
19626	1213231142423434
19627	1213231142432344
19628	1213231142432434
19629	1213231142434234
19630	1213231144223344
19631	1213231144223434
19632	1213231144232344
19633	1213231144232434
19634	1213231144234234
19635	1213231212334444
19636	1213231212343444
19637	1213231212344344
19638	1213231212344434
19639	1213231212433444
19640	1213231212434344
19641	1213231212434434
19642	1213231212443344
19643	1213231212443434
19644	1213231213234444
19645	1213231213243444
19646	1213231213244344
19647	1213231213244434
19648	1213231213423444
19649	1213231213424344
19650	1213231213424434
19651	1213231213442344
19652	1213231213442434
19653	1213231213444234
19654	1213231214233444
19655	1213231214234344
19656	1213231214234434
19657	1213231214243344
19658	1213231214243434
19659	1213231214323444
19660	1213231214324344
19661	1213231214324434
19662	1213231214342344
19663	1213231214342434
19664	1213231214344234
19665	1213231214423344
19666	1213231214423434
19667	1213231214432344
19668	1213231214432434
19669	1213231214434234
19670	1213231231234444
19671	1213231231243444
19672	1213231231244344
19673	1213231231244434
19674	1213231231423444
19675	1213231231424344
19676	1213231231424434
19677	1213231231442344
19678	1213231231442434
19679	1213231231444234
19680	1213231234123444
19681	1213231234124344
19682	1213231234124434
19683	1213231234142344
19684	1213231234142434
19685	1213231234144234
19686	1213231234412344
19687	1213231234412434
19688	1213231234414234
19689	1213231234441234
19690	1213231241233444
19691	1213231241234344
19692	1213231241234434
19693	1213231241243344
19694	1213231241243434
19695	1213231241323444
19696	1213231241324344
19697	1213231241324434
19698	1213231241342344
19699	1213231241342434
19700	1213231241344234
19701	1213231241423344
19702	1213231241423434
19703	1213231241432344
19704	1213231241432434
19705	1213231241434234
19706	1213231243123444
19707	1213231243124344
19708	1213231243124434
19709	1213231243142344
19710	1213231243142434
19711	1213231243144234
19712	1213231243412344
19713	1213231243412434
19714	1213231243414234
19715	1213231243441234
19716	1213231244123344
19717	1213231244123434
19718	1213231244132344
19719	1213231244132434
19720	1213231244134234
19721	1213231244312344
19722	1213231244312434
19723	1213231244314234
19724	1213231244341234
19725	1213231412233444
19726	1213231412234344
19727	1213231412234434
19728	1213231412243344
19729	1213231412243434
19730	1213231412323444
19731	1213231412324344
19732	1213231412324434
19733	1213231412342344
19734	1213231412342434
19735	1213231412344234
19736	1213231412423344
19737	1213231412423434
19738	1213231412432344
19739	1213231412432434
19740	1213231412434234
19741	1213231414223344
19742	1213231414223434
19743	1213231414232344
19744	1213231414232434
19745	1213231414234234
19746	1213231421233444
19747	1213231421234344
19748	1213231421234434
19749	1213231421243344
19750	1213231421243434
19751	1213231421323444
19752	1213231421324344
19753	1213231421324434
19754	1213231421342344
19755	1213231421342434
19756	1213231421344234
19757	1213231421423344
19758	1213231421423434
19759	1213231421432344
19760	1213231421432434
19761	1213231421434234
19762	1213231423123444
19763	1213231423124344
19764	1213231423124434
19765	1213231423142344
19766	1213231423142434
19767	1213231423144234
19768	1213231423412344
19769	1213231423412434
19770	1213231423414234
19771	1213231423441234
19772	1213231424123344
19773	1213231424123434
19774	1213231424132344
19775	1213231424132434
19776	1213231424134234
19777	1213231424312344
19778	1213231424312434
19779	1213231424314234
19780	1213231424341234
19781	1213231441223344
19782	1213231441223434
19783	1213231441232344
19784	1213231441232434
19785	1213231441234234
19786	1213231442123344
19787	1213231442123434
19788	1213231442132344
19789	1213231442132434
19790	1213231442134234
19791	1213231442312344
19792	1213231442312434
19793	1213231442314234
19794	1213231442341234
19795	1213234112233444
19796	1213234112234344
19797	1213234112234434
19798	1213234112243344
19799	1213234112243434
19800	1213234112323444
19801	1213234112324344
19802	1213234112324434
19803	1213234112342344
19804	1213234112342434
19805	1213234112344234
19806	1213234112423344
19807	1213234112423434
19808	1213234112432344
19809	1213234112432434
19810	1213234112434234
19811	1213234114223344
19812	1213234114223434
19813	1213234114232344
19814	1213234114232434
19815	1213234114234234
19816	1213234121233444
19817	1213234121234344
19818	1213234121234434
19819	1213234121243344
19820	1213234121243434
19821	1213234121323444
19822	1213234121324344
19823	1213234121324434
19824	1213234121342344
19825	1213234121342434
19826	1213234121344234
19827	1213234121423344
19828	1213234121423434
19829	1213234121432344
19830	1213234121432434
19831	1213234121434234
19832	1213234123123444
19833	1213234123124344
19834	1213234123124434
19835	1213234123142344
19836	1213234123142434
19837	1213234123144234
19838	1213234123412344
19839	1213234123412434
19840	1213234123414234
19841	1213234123441234
19842	1213234124123344
19843	1213234124123434
19844	1213234124132344
19845	1213234124132434
19846	1213234124134234
19847	1213234124312344
19848	1213234124312434
19849	1213234124314234
19850	1213234124341234
19851	1213234141223344
19852	1213234141223434
19853	1213234141232344
19854	1213234141232434
19855	1213234141234234
19856	1213234142123344
19857	1213234142123434
19858	1213234142132344
19859	1213234142132434
19860	1213234142134234
19861	1213234142312344
19862	1213234142312434
19863	1213234142314234
19864	1213234142341234
19865	1213234411223344
19866	1213234411223434
19867	1213234411232344
19868	1213234411232434
19869	1213234411234234
19870	1213234412123344
19871	1213234412123434
19872	1213234412132344
19873	1213234412132434
19874	1213234412134234
19875	1213234412312344
19876	1213234412312434
19877	1213234412314234
19878	1213234412341234
19879	1213241122333444
19880	1213241122334344
19881	1213241122334434
19882	1213241122343344
19883	1213241122343434
19884	1213241123233444
19885	1213241123234344
19886	1213241123234434
19887	1213241123243344
19888	1213241123243434
19889	1213241123323444
19890	1213241123324344
19891	1213241123324434
19892	1213241123342344
19893	1213241123342434
19894	1213241123344234
19895	1213241123423344
19896	1213241123423434
19897	1213241123432344
19898	1213241123432434
19899	1213241123434234
19900	1213241132233444
19901	1213241132234344
19902	1213241132234434
19903	1213241132243344
19904	1213241132243434
19905	1213241132323444
19906	1213241132324344
19907	1213241132324434
19908	1213241132342344
19909	1213241132342434
19910	1213241132344234
19911	1213241132423344
19912	1213241132423434
19913	1213241132432344
19914	1213241132432434
19915	1213241132434234
19916	1213241134223344
19917	1213241134223434
19918	1213241134232344
19919	1213241134232434
19920	1213241134234234
19921	1213241212333444
19922	1213241212334344
19923	1213241212334434
19924	1213241212343344
19925	1213241212343434
19926	1213241213233444
19927	1213241213234344
19928	1213241213234434
19929	1213241213243344
19930	1213241213243434
19931	1213241213323444
19932	1213241213324344
19933	1213241213324434
19934	1213241213342344
19935	1213241213342434
19936	1213241213344234
19937	1213241213423344
19938	1213241213423434
19939	1213241213432344
19940	1213241213432434
19941	1213241213434234
19942	1213241231233444
19943	1213241231234344
19944	1213241231234434
19945	1213241231243344
19946	1213241231243434
19947	1213241231323444
19948	1213241231324344
19949	1213241231324434
19950	1213241231342344
19951	1213241231342434
19952	1213241231344234
19953	1213241231423344
19954	1213241231423434
19955	1213241231432344
19956	1213241231432434
19957	1213241231434234
19958	1213241233123444
19959	1213241233124344
19960	1213241233124434
19961	1213241233142344
19962	1213241233142434
19963	1213241233144234
19964	1213241233412344
19965	1213241233412434
19966	1213241233414234
19967	1213241233441234
19968	1213241234123344
19969	1213241234123434
19970	1213241234132344
19971	1213241234132434
19972	1213241234134234
19973	1213241234312344
19974	1213241234312434
19975	1213241234314234
19976	1213241234341234
19977	1213241312233444
19978	1213241312234344
19979	1213241312234434
19980	1213241312243344
19981	1213241312243434
19982	1213241312323444
19983	1213241312324344
19984	1213241312324434
19985	1213241312342344
19986	1213241312342434
19987	1213241312344234
19988	1213241312423344
19989	1213241312423434
19990	1213241312432344
19991	1213241312432434
19992	1213241312434234
19993	1213241314223344
19994	1213241314223434
19995	1213241314232344
19996	1213241314232434
19997	1213241314234234
19998	1213241321233444
19999	1213241321234344
20000	1213241321234434
20001	1213241321243344
20002	1213241321243434
20003	1213241321323444
20004	1213241321324344
20005	1213241321324434
20006	1213241321342344
20007	1213241321342434
20008	1213241321344234
20009	1213241321423344
20010	1213241321423434
20011	1213241321432344
20012	1213241321432434
20013	1213241321434234
20014	1213241323123444
20015	1213241323124344
20016	1213241323124434
20017	1213241323142344
20018	1213241323142434
20019	1213241323144234
20020	1213241323412344
20021	1213241323412434
20022	1213241323414234
20023	1213241323441234
20024	1213241324123344
20025	1213241324123434
20026	1213241324132344
20027	1213241324132434
20028	1213241324134234
20029	1213241324312344
20030	1213241324312434
20031	1213241324314234
20032	1213241324341234
20033	1213241341223344
20034	1213241341223434
20035	1213241341232344
20036	1213241341232434
20037	1213241341234234
20038	1213241342123344
20039	1213241342123434
20040	1213241342132344
20041	1213241342132434
20042	1213241342134234
20043	1213241342312344
20044	1213241342312434
20045	1213241342314234
20046	1213241342341234
20047	1213243112233444
20048	1213243112234344
20049	1213243112234434
20050	1213243112243344
20051	1213243112243434
20052	1213243112323444
20053	1213243112324344
20054	1213243112324434
20055	1213243112342344
20056	1213243112342434
20057	1213243112344234
20058	1213243112423344
20059	1213243112423434
20060	1213243112432344
20061	1213243112432434
20062	1213243112434234
20063	1213243114223344
20064	1213243114223434
20065	1213243114232344
20066	1213243114232434
20067	1213243114234234
20068	1213243121233444
20069	1213243121234344
20070	1213243121234434
20071	1213243121243344
20072	1213243121243434
20073	1213243121323444
20074	1213243121324344
20075	1213243121324434
20076	1213243121342344
20077	1213243121342434
20078	1213243121344234
20079	1213243121423344
20080	1213243121423434
20081	1213243121432344
20082	1213243121432434
20083	1213243121434234
20084	1213243123123444
20085	1213243123124344
20086	1213243123124434
20087	1213243123142344
20088	1213243123142434
20089	1213243123144234
20090	1213243123412344
20091	1213243123412434
20092	1213243123414234
20093	1213243123441234
20094	1213243124123344
20095	1213243124123434
20096	1213243124132344
20097	1213243124132434
20098	1213243124134234
20099	1213243124312344
20100	1213243124312434
20101	1213243124314234
20102	1213243124341234
20103	1213243141223344
20104	1213243141223434
20105	1213243141232344
20106	1213243141232434
20107	1213243141234234
20108	1213243142123344
20109	1213243142123434
20110	1213243142132344
20111	1213243142132434
20112	1213243142134234
20113	1213243142312344
20114	1213243142312434
20115	1213243142314234
20116	1213243142341234
20117	1213243411223344
20118	1213243411223434
20119	1213243411232344
20120	1213243411232434
20121	1213243411234234
20122	1213243412123344
20123	1213243412123434
20124	1213243412132344
20125	1213243412132434
20126	1213243412134234
20127	1213243412312344
20128	1213243412312434
20129	1213243412314234
20130	1213243412341234
20131	1213411222333444
20132	1213411222334344
20133	1213411222334434
20134	1213411222343344
20135	1213411222343434
20136	1213411223233444
20137	1213411223234344
20138	1213411223234434
20139	1213411223243344
20140	1213411223243434
20141	1213411223323444
20142	1213411223324344
20143	1213411223324434
20144	1213411223342344
20145	1213411223342434
20146	1213411223344234
20147	1213411223423344
20148	1213411223423434
20149	1213411223432344
20150	1213411223432434
20151	1213411223434234
20152	1213411232233444
20153	1213411232234344
20154	1213411232234434
20155	1213411232243344
20156	1213411232243434
20157	1213411232323444
20158	1213411232324344
20159	1213411232324434
20160	1213411232342344
20161	1213411232342434
20162	1213411232344234
20163	1213411232423344
20164	1213411232423434
20165	1213411232432344
20166	1213411232432434
20167	1213411232434234
20168	1213411234223344
20169	1213411234223434
20170	1213411234232344
20171	1213411234232434
20172	1213411234234234
20173	1213412122333444
20174	1213412122334344
20175	1213412122334434
20176	1213412122343344
20177	1213412122343434
20178	1213412123233444
20179	1213412123234344
20180	1213412123234434
20181	1213412123243344
20182	1213412123243434
20183	1213412123323444
20184	1213412123324344
20185	1213412123324434
20186	1213412123342344
20187	1213412123342434
20188	1213412123344234
20189	1213412123423344
20190	1213412123423434
20191	1213412123432344
20192	1213412123432434
20193	1213412123434234
20194	1213412132233444
20195	1213412132234344
20196	1213412132234434
20197	1213412132243344
20198	1213412132243434
20199	1213412132323444
20200	1213412132324344
20201	1213412132324434
20202	1213412132342344
20203	1213412132342434
20204	1213412132344234
20205	1213412132423344
20206	1213412132423434
20207	1213412132432344
20208	1213412132432434
20209	1213412132434234
20210	1213412134223344
20211	1213412134223434
20212	1213412134232344
20213	1213412134232434
20214	1213412134234234
20215	1213412212333444
20216	1213412212334344
20217	1213412212334434
20218	1213412212343344
20219	1213412212343434
20220	1213412213233444
20221	1213412213234344
20222	1213412213234434
20223	1213412213243344
20224	1213412213243434
20225	1213412213323444
20226	1213412213324344
20227	1213412213324434
20228	1213412213342344
20229	1213412213342434
20230	1213412213344234
20231	1213412213423344
20232	1213412213423434
20233	1213412213432344
20234	1213412213432434
20235	1213412213434234
20236	1213412231233444
20237	1213412231234344
20238	1213412231234434
20239	1213412231243344
20240	1213412231243434
20241	1213412231323444
20242	1213412231324344
20243	1213412231324434
20244	1213412231342344
20245	1213412231342434
20246	1213412231344234
20247	1213412231423344
20248	1213412231423434
20249	1213412231432344
20250	1213412231432434
20251	1213412231434234
20252	1213412233123444
20253	1213412233124344
20254	1213412233124434
20255	1213412233142344
20256	1213412233142434
20257	1213412233144234
20258	1213412233412344
20259	1213412233412434
20260	1213412233414234
20261	1213412233441234
20262	1213412234123344
20263	1213412234123434
20264	1213412234132344
20265	1213412234132434
20266	1213412234134234
20267	1213412234312344
20268	1213412234312434
20269	1213412234314234
20270	1213412234341234
20271	1213412312233444
20272	1213412312234344
20273	1213412312234434
20274	1213412312243344
20275	1213412312243434
20276	1213412312323444
20277	1213412312324344
20278	1213412312324434
20279	1213412312342344
20280	1213412312342434
20281	1213412312344234
20282	1213412312423344
20283	1213412312423434
20284	1213412312432344
20285	1213412312432434
20286	1213412312434234
20287	1213412314223344
20288	1213412314223434
20289	1213412314232344
20290	1213412314232434
20291	1213412314234234
20292	1213412321233444
20293	1213412321234344
20294	1213412321234434
20295	1213412321243344
20296	1213412321243434
20297	1213412321323444
20298	1213412321324344
20299	1213412321324434
20300	1213412321342344
20301	1213412321342434
20302	1213412321344234
20303	1213412321423344
20304	1213412321423434
20305	1213412321432344
20306	1213412321432434
20307	1213412321434234
20308	1213412323123444
20309	1213412323124344
20310	1213412323124434
20311	1213412323142344
20312	1213412323142434
20313	1213412323144234
20314	1213412323412344
20315	1213412323412434
20316	1213412323414234
20317	1213412323441234
20318	1213412324123344
20319	1213412324123434
20320	1213412324132344
20321	1213412324132434
20322	1213412324134234
20323	1213412324312344
20324	1213412324312434
20325	1213412324314234
20326	1213412324341234
20327	1213412341223344
20328	1213412341223434
20329	1213412341232344
20330	1213412341232434
20331	1213412341234234
20332	1213412342123344
20333	1213412342123434
20334	1213412342132344
20335	1213412342132434
20336	1213412342134234
20337	1213412342312344
20338	1213412342312434
20339	1213412342314234
20340	1213412342341234
20341	1213421122333444
20342	1213421122334344
20343	1213421122334434
20344	1213421122343344
20345	1213421122343434
20346	1213421123233444
20347	1213421123234344
20348	1213421123234434
20349	1213421123243344
20350	1213421123243434
20351	1213421123323444
20352	1213421123324344
20353	1213421123324434
20354	1213421123342344
20355	1213421123342434
20356	1213421123344234
20357	1213421123423344
20358	1213421123423434
20359	1213421123432344
20360	1213421123432434
20361	1213421123434234
20362	1213421132233444
20363	1213421132234344
20364	1213421132234434
20365	1213421132243344
20366	1213421132243434
20367	1213421132323444
20368	1213421132324344
20369	1213421132324434
20370	1213421132342344
20371	1213421132342434
20372	1213421132344234
20373	1213421132423344
20374	1213421132423434
20375	1213421132432344
20376	1213421132432434
20377	1213421132434234
20378	1213421134223344
20379	1213421134223434
20380	1213421134232344
20381	1213421134232434
20382	1213421134234234
20383	1213421212333444
20384	1213421212334344
20385	1213421212334434
20386	1213421212343344
20387	1213421212343434
20388	1213421213233444
20389	1213421213234344
20390	1213421213234434
20391	1213421213243344
20392	1213421213243434
20393	1213421213323444
20394	1213421213324344
20395	1213421213324434
20396	1213421213342344
20397	1213421213342434
20398	1213421213344234
20399	1213421213423344
20400	1213421213423434
20401	1213421213432344
20402	1213421213432434
20403	1213421213434234
20404	1213421231233444
20405	1213421231234344
20406	1213421231234434
20407	1213421231243344
20408	1213421231243434
20409	1213421231323444
20410	1213421231324344
20411	1213421231324434
20412	1213421231342344
20413	1213421231342434
20414	1213421231344234
20415	1213421231423344
20416	1213421231423434
20417	1213421231432344
20418	1213421231432434
20419	1213421231434234
20420	1213421233123444
20421	1213421233124344
20422	1213421233124434
20423	1213421233142344
20424	1213421233142434
20425	1213421233144234
20426	1213421233412344
20427	1213421233412434
20428	1213421233414234
20429	1213421233441234
20430	1213421234123344
20431	1213421234123434
20432	1213421234132344
20433	1213421234132434
20434	1213421234134234
20435	1213421234312344
20436	1213421234312434
20437	1213421234314234
20438	1213421234341234
20439	1213421312233444
20440	1213421312234344
20441	1213421312234434
20442	1213421312243344
20443	1213421312243434
20444	1213421312323444
20445	1213421312324344
20446	1213421312324434
20447	1213421312342344
20448	1213421312342434
20449	1213421312344234
20450	1213421312423344
20451	1213421312423434
20452	1213421312432344
20453	1213421312432434
20454	1213421312434234
20455	1213421314223344
20456	1213421314223434
20457	1213421314232344
20458	1213421314232434
20459	1213421314234234
20460	1213421321233444
20461	1213421321234344
20462	1213421321234434
20463	1213421321243344
20464	1213421321243434
20465	1213421321323444
20466	1213421321324344
20467	1213421321324434
20468	1213421321342344
20469	1213421321342434
20470	1213421321344234
20471	1213421321423344
20472	1213421321423434
20473	1213421321432344
20474	1213421321432434
20475	1213421321434234
20476	1213421323123444
20477	1213421323124344
20478	1213421323124434
20479	1213421323142344
20480	1213421323142434
20481	1213421323144234
20482	1213421323412344
20483	1213421323412434
20484	1213421323414234
20485	1213421323441234
20486	1213421324123344
20487	1213421324123434
20488	1213421324132344
20489	1213421324132434
20490	1213421324134234
20491	1213421324312344
20492	1213421324312434
20493	1213421324314234
20494	1213421324341234
20495	1213421341223344
20496	1213421341223434
20497	1213421341232344
20498	1213421341232434
20499	1213421341234234
20500	1213421342123344
20501	1213421342123434
20502	1213421342132344
20503	1213421342132434
20504	1213421342134234
20505	1213421342312344
20506	1213421342312434
20507	1213421342314234
20508	1213421342341234
20509	1213423112233444
20510	1213423112234344
20511	1213423112234434
20512	1213423112243344
20513	1213423112243434
20514	1213423112323444
20515	1213423112324344
20516	1213423112324434
20517	1213423112342344
20518	1213423112342434
20519	1213423112344234
20520	1213423112423344
20521	1213423112423434
20522	1213423112432344
20523	1213423112432434
20524	1213423112434234
20525	1213423114223344
20526	1213423114223434
20527	1213423114232344
20528	1213423114232434
20529	1213423114234234
20530	1213423121233444
20531	1213423121234344
20532	1213423121234434
20533	1213423121243344
20534	1213423121243434
20535	1213423121323444
20536	1213423121324344
20537	1213423121324434
20538	1213423121342344
20539	1213423121342434
20540	1213423121344234
20541	1213423121423344
20542	1213423121423434
20543	1213423121432344
20544	1213423121432434
20545	1213423121434234
20546	1213423123123444
20547	1213423123124344
20548	1213423123124434
20549	1213423123142344
20550	1213423123142434
20551	1213423123144234
20552	1213423123412344
20553	1213423123412434
20554	1213423123414234
20555	1213423123441234
20556	1213423124123344
20557	1213423124123434
20558	1213423124132344
20559	1213423124132434
20560	1213423124134234
20561	1213423124312344
20562	1213423124312434
20563	1213423124314234
20564	1213423124341234
20565	1213423141223344
20566	1213423141223434
20567	1213423141232344
20568	1213423141232434
20569	1213423141234234
20570	1213423142123344
20571	1213423142123434
20572	1213423142132344
20573	1213423142132434
20574	1213423142134234
20575	1213423142312344
20576	1213423142312434
20577	1213423142314234
20578	1213423142341234
20579	1213423411223344
20580	1213423411223434
20581	1213423411232344
20582	1213423411232434
20583	1213423411234234
20584	1213423412123344
20585	1213423412123434
20586	1213423412132344
20587	1213423412132434
20588	1213423412134234
20589	1213423412312344
20590	1213423412312434
20591	1213423412314234
20592	1213423412341234
20593	1231112223334444
20594	1231112223343444
20595	1231112223344344
20596	1231112223344434
20597	1231112223433444
20598	1231112223434344
20599	1231112223434434
20600	1231112223443344
20601	1231112223443434
20602	1231112224333444
20603	1231112224334344
20604	1231112224334434
20605	1231112224343344
20606	1231112224343434
20607	1231112232334444
20608	1231112232343444
20609	1231112232344344
20610	1231112232344434
20611	1231112232433444
20612	1231112232434344
20613	1231112232434434
20614	1231112232443344
20615	1231112232443434
20616	1231112233234444
20617	1231112233243444
20618	1231112233244344
20619	1231112233244434
20620	1231112233423444
20621	1231112233424344
20622	1231112233424434
20623	1231112233442344
20624	1231112233442434
20625	1231112233444234
20626	1231112234233444
20627	1231112234234344
20628	1231112234234434
20629	1231112234243344
20630	1231112234243434
20631	1231112234323444
20632	1231112234324344
20633	1231112234324434
20634	1231112234342344
20635	1231112234342434
20636	1231112234344234
20637	1231112234423344
20638	1231112234423434
20639	1231112234432344
20640	1231112234432434
20641	1231112234434234
20642	1231112242333444
20643	1231112242334344
20644	1231112242334434
20645	1231112242343344
20646	1231112242343434
20647	1231112243233444
20648	1231112243234344
20649	1231112243234434
20650	1231112243243344
20651	1231112243243434
20652	1231112243323444
20653	1231112243324344
20654	1231112243324434
20655	1231112243342344
20656	1231112243342434
20657	1231112243344234
20658	1231112243423344
20659	1231112243423434
20660	1231112243432344
20661	1231112243432434
20662	1231112243434234
20663	1231112322334444
20664	1231112322343444
20665	1231112322344344
20666	1231112322344434
20667	1231112322433444
20668	1231112322434344
20669	1231112322434434
20670	1231112322443344
20671	1231112322443434
20672	1231112323234444
20673	1231112323243444
20674	1231112323244344
20675	1231112323244434
20676	1231112323423444
20677	1231112323424344
20678	1231112323424434
20679	1231112323442344
20680	1231112323442434
20681	1231112323444234
20682	1231112324233444
20683	1231112324234344
20684	1231112324234434
20685	1231112324243344
20686	1231112324243434
20687	1231112324323444
20688	1231112324324344
20689	1231112324324434
20690	1231112324342344
20691	1231112324342434
20692	1231112324344234
20693	1231112324423344
20694	1231112324423434
20695	1231112324432344
20696	1231112324432434
20697	1231112324434234
20698	1231112342233444
20699	1231112342234344
20700	1231112342234434
20701	1231112342243344
20702	1231112342243434
20703	1231112342323444
20704	1231112342324344
20705	1231112342324434
20706	1231112342342344
20707	1231112342342434
20708	1231112342344234
20709	1231112342423344
20710	1231112342423434
20711	1231112342432344
20712	1231112342432434
20713	1231112342434234
20714	1231112344223344
20715	1231112344223434
20716	1231112344232344
20717	1231112344232434
20718	1231112344234234
20719	1231112422333444
20720	1231112422334344
20721	1231112422334434
20722	1231112422343344
20723	1231112422343434
20724	1231112423233444
20725	1231112423234344
20726	1231112423234434
20727	1231112423243344
20728	1231112423243434
20729	1231112423323444
20730	1231112423324344
20731	1231112423324434
20732	1231112423342344
20733	1231112423342434
20734	1231112423344234
20735	1231112423423344
20736	1231112423423434
20737	1231112423432344
20738	1231112423432434
20739	1231112423434234
20740	1231112432233444
20741	1231112432234344
20742	1231112432234434
20743	1231112432243344
20744	1231112432243434
20745	1231112432323444
20746	1231112432324344
20747	1231112432324434
20748	1231112432342344
20749	1231112432342434
20750	1231112432344234
20751	1231112432423344
20752	1231112432423434
20753	1231112432432344
20754	1231112432432434
20755	1231112432434234
20756	1231112434223344
20757	1231112434223434
20758	1231112434232344
20759	1231112434232434
20760	1231112434234234
20761	1231114222333444
20762	1231114222334344
20763	1231114222334434
20764	1231114222343344
20765	1231114222343434
20766	1231114223233444
20767	1231114223234344
20768	1231114223234434
20769	1231114223243344
20770	1231114223243434
20771	1231114223323444
20772	1231114223324344
20773	1231114223324434
20774	1231114223342344
20775	1231114223342434
20776	1231114223344234
20777	1231114223423344
20778	1231114223423434
20779	1231114223432344
20780	1231114223432434
20781	1231114223434234
20782	1231114232233444
20783	1231114232234344
20784	1231114232234434
20785	1231114232243344
20786	1231114232243434
20787	1231114232323444
20788	1231114232324344
20789	1231114232324434
20790	1231114232342344
20791	1231114232342434
20792	1231114232344234
20793	1231114232423344
20794	1231114232423434
20795	1231114232432344
20796	1231114232432434
20797	1231114232434234
20798	1231114234223344
20799	1231114234223434
20800	1231114234232344
20801	1231114234232434
20802	1231114234234234
20803	1231121223334444
20804	1231121223343444
20805	1231121223344344
20806	1231121223344434
20807	1231121223433444
20808	1231121223434344
20809	1231121223434434
20810	1231121223443344
20811	1231121223443434
20812	1231121224333444
20813	1231121224334344
20814	1231121224334434
20815	1231121224343344
20816	1231121224343434
20817	1231121232334444
20818	1231121232343444
20819	1231121232344344
20820	1231121232344434
20821	1231121232433444
20822	1231121232434344
20823	1231121232434434
20824	1231121232443344
20825	1231121232443434
20826	1231121233234444
20827	1231121233243444
20828	1231121233244344
20829	1231121233244434
20830	1231121233423444
20831	1231121233424344
20832	1231121233424434
20833	1231121233442344
20834	1231121233442434
20835	1231121233444234
20836	1231121234233444
20837	1231121234234344
20838	1231121234234434
20839	1231121234243344
20840	1231121234243434
20841	1231121234323444
20842	1231121234324344
20843	1231121234324434
20844	1231121234342344
20845	1231121234342434
20846	1231121234344234
20847	1231121234423344
20848	1231121234423434
20849	1231121234432344
20850	1231121234432434
20851	1231121234434234
20852	1231121242333444
20853	1231121242334344
20854	1231121242334434
20855	1231121242343344
20856	1231121242343434
20857	1231121243233444
20858	1231121243234344
20859	1231121243234434
20860	1231121243243344
20861	1231121243243434
20862	1231121243323444
20863	1231121243324344
20864	1231121243324434
20865	1231121243342344
20866	1231121243342434
20867	1231121243344234
20868	1231121243423344
20869	1231121243423434
20870	1231121243432344
20871	1231121243432434
20872	1231121243434234
20873	1231121322334444
20874	1231121322343444
20875	1231121322344344
20876	1231121322344434
20877	1231121322433444
20878	1231121322434344
20879	1231121322434434
20880	1231121322443344
20881	1231121322443434
20882	1231121323234444
20883	1231121323243444
20884	1231121323244344
20885	1231121323244434
20886	1231121323423444
20887	1231121323424344
20888	1231121323424434
20889	1231121323442344
20890	1231121323442434
20891	1231121323444234
20892	1231121324233444
20893	1231121324234344
20894	1231121324234434
20895	1231121324243344
20896	1231121324243434
20897	1231121324323444
20898	1231121324324344
20899	1231121324324434
20900	1231121324342344
20901	1231121324342434
20902	1231121324344234
20903	1231121324423344
20904	1231121324423434
20905	1231121324432344
20906	1231121324432434
20907	1231121324434234
20908	1231121342233444
20909	1231121342234344
20910	1231121342234434
20911	1231121342243344
20912	1231121342243434
20913	1231121342323444
20914	1231121342324344
20915	1231121342324434
20916	1231121342342344
20917	1231121342342434
20918	1231121342344234
20919	1231121342423344
20920	1231121342423434
20921	1231121342432344
20922	1231121342432434
20923	1231121342434234
20924	1231121344223344
20925	1231121344223434
20926	1231121344232344
20927	1231121344232434
20928	1231121344234234
20929	1231121422333444
20930	1231121422334344
20931	1231121422334434
20932	1231121422343344
20933	1231121422343434
20934	1231121423233444
20935	1231121423234344
20936	1231121423234434
20937	1231121423243344
20938	1231121423243434
20939	1231121423323444
20940	1231121423324344
20941	1231121423324434
20942	1231121423342344
20943	1231121423342434
20944	1231121423344234
20945	1231121423423344
20946	1231121423423434
20947	1231121423432344
20948	1231121423432434
20949	1231121423434234
20950	1231121432233444
20951	1231121432234344
20952	1231121432234434
20953	1231121432243344
20954	1231121432243434
20955	1231121432323444
20956	1231121432324344
20957	1231121432324434
20958	1231121432342344
20959	1231121432342434
20960	1231121432344234
20961	1231121432423344
20962	1231121432423434
20963	1231121432432344
20964	1231121432432434
20965	1231121432434234
20966	1231121434223344
20967	1231121434223434
20968	1231121434232344
20969	1231121434232434
20970	1231121434234234
20971	1231122123334444
20972	1231122123343444
20973	1231122123344344
20974	1231122123344434
20975	1231122123433444
20976	1231122123434344
20977	1231122123434434
20978	1231122123443344
20979	1231122123443434
20980	1231122124333444
20981	1231122124334344
20982	1231122124334434
20983	1231122124343344
20984	1231122124343434
20985	1231122132334444
20986	1231122132343444
20987	1231122132344344
20988	1231122132344434
20989	1231122132433444
20990	1231122132434344
20991	1231122132434434
20992	1231122132443344
20993	1231122132443434
20994	1231122133234444
20995	1231122133243444
20996	1231122133244344
20997	1231122133244434
20998	1231122133423444
20999	1231122133424344
21000	1231122133424434
21001	1231122133442344
21002	1231122133442434
21003	1231122133444234
21004	1231122134233444
21005	1231122134234344
21006	1231122134234434
21007	1231122134243344
21008	1231122134243434
21009	1231122134323444
21010	1231122134324344
21011	1231122134324434
21012	1231122134342344
21013	1231122134342434
21014	1231122134344234
21015	1231122134423344
21016	1231122134423434
21017	1231122134432344
21018	1231122134432434
21019	1231122134434234
21020	1231122142333444
21021	1231122142334344
21022	1231122142334434
21023	1231122142343344
21024	1231122142343434
21025	1231122143233444
21026	1231122143234344
21027	1231122143234434
21028	1231122143243344
21029	1231122143243434
21030	1231122143323444
21031	1231122143324344
21032	1231122143324434
21033	1231122143342344
21034	1231122143342434
21035	1231122143344234
21036	1231122143423344
21037	1231122143423434
21038	1231122143432344
21039	1231122143432434
21040	1231122143434234
21041	1231122312334444
21042	1231122312343444
21043	1231122312344344
21044	1231122312344434
21045	1231122312433444
21046	1231122312434344
21047	1231122312434434
21048	1231122312443344
21049	1231122312443434
21050	1231122313234444
21051	1231122313243444
21052	1231122313244344
21053	1231122313244434
21054	1231122313423444
21055	1231122313424344
21056	1231122313424434
21057	1231122313442344
21058	1231122313442434
21059	1231122313444234
21060	1231122314233444
21061	1231122314234344
21062	1231122314234434
21063	1231122314243344
21064	1231122314243434
21065	1231122314323444
21066	1231122314324344
21067	1231122314324434
21068	1231122314342344
21069	1231122314342434
21070	1231122314344234
21071	1231122314423344
21072	1231122314423434
21073	1231122314432344
21074	1231122314432434
21075	1231122314434234
21076	1231122331234444
21077	1231122331243444
21078	1231122331244344
21079	1231122331244434
21080	1231122331423444
21081	1231122331424344
21082	1231122331424434
21083	1231122331442344
21084	1231122331442434
21085	1231122331444234
21086	1231122334123444
21087	1231122334124344
21088	1231122334124434
21089	1231122334142344
21090	1231122334142434
21091	1231122334144234
21092	1231122334412344
21093	1231122334412434
21094	1231122334414234
21095	1231122334441234
21096	1231122341233444
21097	1231122341234344
21098	1231122341234434
21099	1231122341243344
21100	1231122341243434
21101	1231122341323444
21102	1231122341324344
21103	1231122341324434
21104	1231122341342344
21105	1231122341342434
21106	1231122341344234
21107	1231122341423344
21108	1231122341423434
21109	1231122341432344
21110	1231122341432434
21111	1231122341434234
21112	1231122343123444
21113	1231122343124344
21114	1231122343124434
21115	1231122343142344
21116	1231122343142434
21117	1231122343144234
21118	1231122343412344
21119	1231122343412434
21120	1231122343414234
21121	1231122343441234
21122	1231122344123344
21123	1231122344123434
21124	1231122344132344
21125	1231122344132434
21126	1231122344134234
21127	1231122344312344
21128	1231122344312434
21129	1231122344314234
21130	1231122344341234
21131	1231122412333444
21132	1231122412334344
21133	1231122412334434
21134	1231122412343344
21135	1231122412343434
21136	1231122413233444
21137	1231122413234344
21138	1231122413234434
21139	1231122413243344
21140	1231122413243434
21141	1231122413323444
21142	1231122413324344
21143	1231122413324434
21144	1231122413342344
21145	1231122413342434
21146	1231122413344234
21147	1231122413423344
21148	1231122413423434
21149	1231122413432344
21150	1231122413432434
21151	1231122413434234
21152	1231122431233444
21153	1231122431234344
21154	1231122431234434
21155	1231122431243344
21156	1231122431243434
21157	1231122431323444
21158	1231122431324344
21159	1231122431324434
21160	1231122431342344
21161	1231122431342434
21162	1231122431344234
21163	1231122431423344
21164	1231122431423434
21165	1231122431432344
21166	1231122431432434
21167	1231122431434234
21168	1231122433123444
21169	1231122433124344
21170	1231122433124434
21171	1231122433142344
21172	1231122433142434
21173	1231122433144234
21174	1231122433412344
21175	1231122433412434
21176	1231122433414234
21177	1231122433441234
21178	1231122434123344
21179	1231122434123434
21180	1231122434132344
21181	1231122434132434
21182	1231122434134234
21183	1231122434312344
21184	1231122434312434
21185	1231122434314234
21186	1231122434341234
21187	1231123122334444
21188	1231123122343444
21189	1231123122344344
21190	1231123122344434
21191	1231123122433444
21192	1231123122434344
21193	1231123122434434
21194	1231123122443344
21195	1231123122443434
21196	1231123123234444
21197	1231123123243444
21198	1231123123244344
21199	1231123123244434
21200	1231123123423444
21201	1231123123424344
21202	1231123123424434
21203	1231123123442344
21204	1231123123442434
21205	1231123123444234
21206	1231123124233444
21207	1231123124234344
21208	1231123124234434
21209	1231123124243344
21210	1231123124243434
21211	1231123124323444
21212	1231123124324344
21213	1231123124324434
21214	1231123124342344
21215	1231123124342434
21216	1231123124344234
21217	1231123124423344
21218	1231123124423434
21219	1231123124432344
21220	1231123124432434
21221	1231123124434234
21222	1231123142233444
21223	1231123142234344
21224	1231123142234434
21225	1231123142243344
21226	1231123142243434
21227	1231123142323444
21228	1231123142324344
21229	1231123142324434
21230	1231123142342344
21231	1231123142342434
21232	1231123142344234
21233	1231123142423344
21234	1231123142423434
21235	1231123142432344
21236	1231123142432434
21237	1231123142434234
21238	1231123144223344
21239	1231123144223434
21240	1231123144232344
21241	1231123144232434
21242	1231123144234234
21243	1231123212334444
21244	1231123212343444
21245	1231123212344344
21246	1231123212344434
21247	1231123212433444
21248	1231123212434344
21249	1231123212434434
21250	1231123212443344
21251	1231123212443434
21252	1231123213234444
21253	1231123213243444
21254	1231123213244344
21255	1231123213244434
21256	1231123213423444
21257	1231123213424344
21258	1231123213424434
21259	1231123213442344
21260	1231123213442434
21261	1231123213444234
21262	1231123214233444
21263	1231123214234344
21264	1231123214234434
21265	1231123214243344
21266	1231123214243434
21267	1231123214323444
21268	1231123214324344
21269	1231123214324434
21270	1231123214342344
21271	1231123214342434
21272	1231123214344234
21273	1231123214423344
21274	1231123214423434
21275	1231123214432344
21276	1231123214432434
21277	1231123214434234
21278	1231123231234444
21279	1231123231243444
21280	1231123231244344
21281	1231123231244434
21282	1231123231423444
21283	1231123231424344
21284	1231123231424434
21285	1231123231442344
21286	1231123231442434
21287	1231123231444234
21288	1231123234123444
21289	1231123234124344
21290	1231123234124434
21291	1231123234142344
21292	1231123234142434
21293	1231123234144234
21294	1231123234412344
21295	1231123234412434
21296	1231123234414234
21297	1231123234441234
21298	1231123241233444
21299	1231123241234344
21300	1231123241234434
21301	1231123241243344
21302	1231123241243434
21303	1231123241323444
21304	1231123241324344
21305	1231123241324434
21306	1231123241342344
21307	1231123241342434
21308	1231123241344234
21309	1231123241423344
21310	1231123241423434
21311	1231123241432344
21312	1231123241432434
21313	1231123241434234
21314	1231123243123444
21315	1231123243124344
21316	1231123243124434
21317	1231123243142344
21318	1231123243142434
21319	1231123243144234
21320	1231123243412344
21321	1231123243412434
21322	1231123243414234
21323	1231123243441234
21324	1231123244123344
21325	1231123244123434
21326	1231123244132344
21327	1231123244132434
21328	1231123244134234
21329	1231123244312344
21330	1231123244312434
21331	1231123244314234
21332	1231123244341234
21333	1231123412233444
21334	1231123412234344
21335	1231123412234434
21336	1231123412243344
21337	1231123412243434
21338	1231123412323444
21339	1231123412324344
21340	1231123412324434
21341	1231123412342344
21342	1231123412342434
21343	1231123412344234
21344	1231123412423344
21345	1231123412423434
21346	1231123412432344
21347	1231123412432434
21348	1231123412434234
21349	1231123414223344
21350	1231123414223434
21351	1231123414232344
21352	1231123414232434
21353	1231123414234234
21354	1231123421233444
21355	1231123421234344
21356	1231123421234434
21357	1231123421243344
21358	1231123421243434
21359	1231123421323444
21360	1231123421324344
21361	1231123421324434
21362	1231123421342344
21363	1231123421342434
21364	1231123421344234
21365	1231123421423344
21366	1231123421423434
21367	1231123421432344
21368	1231123421432434
21369	1231123421434234
21370	1231123423123444
21371	1231123423124344
21372	1231123423124434
21373	1231123423142344
21374	1231123423142434
21375	1231123423144234
21376	1231123423412344
21377	1231123423412434
21378	1231123423414234
21379	1231123423441234
21380	1231123424123344
21381	1231123424123434
21382	1231123424132344
21383	1231123424132434
21384	1231123424134234
21385	1231123424312344
21386	1231123424312434
21387	1231123424314234
21388	1231123424341234
21389	1231123441223344
21390	1231123441223434
21391	1231123441232344
21392	1231123441232434
21393	1231123441234234
21394	1231123442123344
21395	1231123442123434
21396	1231123442132344
21397	1231123442132434
21398	1231123442134234
21399	1231123442312344
21400	1231123442312434
21401	1231123442314234
21402	1231123442341234
21403	1231124122333444
21404	1231124122334344
21405	1231124122334434
21406	1231124122343344
21407	1231124122343434
21408	1231124123233444
21409	1231124123234344
21410	1231124123234434
21411	1231124123243344
21412	1231124123243434
21413	1231124123323444
21414	1231124123324344
21415	1231124123324434
21416	1231124123342344
21417	1231124123342434
21418	1231124123344234
21419	1231124123423344
21420	1231124123423434
21421	1231124123432344
21422	1231124123432434
21423	1231124123434234
21424	1231124132233444
21425	1231124132234344
21426	1231124132234434
21427	1231124132243344
21428	1231124132243434
21429	1231124132323444
21430	1231124132324344
21431	1231124132324434
21432	1231124132342344
21433	1231124132342434
21434	1231124132344234
21435	1231124132423344
21436	1231124132423434
21437	1231124132432344
21438	1231124132432434
21439	1231124132434234
21440	1231124134223344
21441	1231124134223434
21442	1231124134232344
21443	1231124134232434
21444	1231124134234234
21445	1231124212333444
21446	1231124212334344
21447	1231124212334434
21448	1231124212343344
21449	1231124212343434
21450	1231124213233444
21451	1231124213234344
21452	1231124213234434
21453	1231124213243344
21454	1231124213243434
21455	1231124213323444
21456	1231124213324344
21457	1231124213324434
21458	1231124213342344
21459	1231124213342434
21460	1231124213344234
21461	1231124213423344
21462	1231124213423434
21463	1231124213432344
21464	1231124213432434
21465	1231124213434234
21466	1231124231233444
21467	1231124231234344
21468	1231124231234434
21469	1231124231243344
21470	1231124231243434
21471	1231124231323444
21472	1231124231324344
21473	1231124231324434
21474	1231124231342344
21475	1231124231342434
21476	1231124231344234
21477	1231124231423344
21478	1231124231423434
21479	1231124231432344
21480	1231124231432434
21481	1231124231434234
21482	1231124233123444
21483	1231124233124344
21484	1231124233124434
21485	1231124233142344
21486	1231124233142434
21487	1231124233144234
21488	1231124233412344
21489	1231124233412434
21490	1231124233414234
21491	1231124233441234
21492	1231124234123344
21493	1231124234123434
21494	1231124234132344
21495	1231124234132434
21496	1231124234134234
21497	1231124234312344
21498	1231124234312434
21499	1231124234314234
21500	1231124234341234
21501	1231124312233444
21502	1231124312234344
21503	1231124312234434
21504	1231124312243344
21505	1231124312243434
21506	1231124312323444
21507	1231124312324344
21508	1231124312324434
21509	1231124312342344
21510	1231124312342434
21511	1231124312344234
21512	1231124312423344
21513	1231124312423434
21514	1231124312432344
21515	1231124312432434
21516	1231124312434234
21517	1231124314223344
21518	1231124314223434
21519	1231124314232344
21520	1231124314232434
21521	1231124314234234
21522	1231124321233444
21523	1231124321234344
21524	1231124321234434
21525	1231124321243344
21526	1231124321243434
21527	1231124321323444
21528	1231124321324344
21529	1231124321324434
21530	1231124321342344
21531	1231124321342434
21532	1231124321344234
21533	1231124321423344
21534	1231124321423434
21535	1231124321432344
21536	1231124321432434
21537	1231124321434234
21538	1231124323123444
21539	1231124323124344
21540	1231124323124434
21541	1231124323142344
21542	1231124323142434
21543	1231124323144234
21544	1231124323412344
21545	1231124323412434
21546	1231124323414234
21547	1231124323441234
21548	1231124324123344
21549	1231124324123434
21550	1231124324132344
21551	1231124324132434
21552	1231124324134234
21553	1231124324312344
21554	1231124324312434
21555	1231124324314234
21556	1231124324341234
21557	1231124341223344
21558	1231124341223434
21559	1231124341232344
21560	1231124341232434
21561	1231124341234234
21562	1231124342123344
21563	1231124342123434
21564	1231124342132344
21565	1231124342132434
21566	1231124342134234
21567	1231124342312344
21568	1231124342312434
21569	1231124342314234
21570	1231124342341234
21571	1231141222333444
21572	1231141222334344
21573	1231141222334434
21574	1231141222343344
21575	1231141222343434
21576	1231141223233444
21577	1231141223234344
21578	1231141223234434
21579	1231141223243344
21580	1231141223243434
21581	1231141223323444
21582	1231141223324344
21583	1231141223324434
21584	1231141223342344
21585	1231141223342434
21586	1231141223344234
21587	1231141223423344
21588	1231141223423434
21589	1231141223432344
21590	1231141223432434
21591	1231141223434234
21592	1231141232233444
21593	1231141232234344
21594	1231141232234434
21595	1231141232243344
21596	1231141232243434
21597	1231141232323444
21598	1231141232324344
21599	1231141232324434
21600	1231141232342344
21601	1231141232342434
21602	1231141232344234
21603	1231141232423344
21604	1231141232423434
21605	1231141232432344
21606	1231141232432434
21607	1231141232434234
21608	1231141234223344
21609	1231141234223434
21610	1231141234232344
21611	1231141234232434
21612	1231141234234234
21613	1231142122333444
21614	1231142122334344
21615	1231142122334434
21616	1231142122343344
21617	1231142122343434
21618	1231142123233444
21619	1231142123234344
21620	1231142123234434
21621	1231142123243344
21622	1231142123243434
21623	1231142123323444
21624	1231142123324344
21625	1231142123324434
21626	1231142123342344
21627	1231142123342434
21628	1231142123344234
21629	1231142123423344
21630	1231142123423434
21631	1231142123432344
21632	1231142123432434
21633	1231142123434234
21634	1231142132233444
21635	1231142132234344
21636	1231142132234434
21637	1231142132243344
21638	1231142132243434
21639	1231142132323444
21640	1231142132324344
21641	1231142132324434
21642	1231142132342344
21643	1231142132342434
21644	1231142132344234
21645	1231142132423344
21646	1231142132423434
21647	1231142132432344
21648	1231142132432434
21649	1231142132434234
21650	1231142134223344
21651	1231142134223434
21652	1231142134232344
21653	1231142134232434
21654	1231142134234234
21655	1231142212333444
21656	1231142212334344
21657	1231142212334434
21658	1231142212343344
21659	1231142212343434
21660	1231142213233444
21661	1231142213234344
21662	1231142213234434
21663	1231142213243344
21664	1231142213243434
21665	1231142213323444
21666	1231142213324344
21667	1231142213324434
21668	1231142213342344
21669	1231142213342434
21670	1231142213344234
21671	1231142213423344
21672	1231142213423434
21673	1231142213432344
21674	1231142213432434
21675	1231142213434234
21676	1231142231233444
21677	1231142231234344
21678	1231142231234434
21679	1231142231243344
21680	1231142231243434
21681	1231142231323444
21682	1231142231324344
21683	1231142231324434
21684	1231142231342344
21685	1231142231342434
21686	1231142231344234
21687	1231142231423344
21688	1231142231423434
21689	1231142231432344
21690	1231142231432434
21691	1231142231434234
21692	1231142233123444
21693	1231142233124344
21694	1231142233124434
21695	1231142233142344
21696	1231142233142434
21697	1231142233144234
21698	1231142233412344
21699	1231142233412434
21700	1231142233414234
21701	1231142233441234
21702	1231142234123344
21703	1231142234123434
21704	1231142234132344
21705	1231142234132434
21706	1231142234134234
21707	1231142234312344
21708	1231142234312434
21709	1231142234314234
21710	1231142234341234
21711	1231142312233444
21712	1231142312234344
21713	1231142312234434
21714	1231142312243344
21715	1231142312243434
21716	1231142312323444
21717	1231142312324344
21718	1231142312324434
21719	1231142312342344
21720	1231142312342434
21721	1231142312344234
21722	1231142312423344
21723	1231142312423434
21724	1231142312432344
21725	1231142312432434
21726	1231142312434234
21727	1231142314223344
21728	1231142314223434
21729	1231142314232344
21730	1231142314232434
21731	1231142314234234
21732	1231142321233444
21733	1231142321234344
21734	1231142321234434
21735	1231142321243344
21736	1231142321243434
21737	1231142321323444
21738	1231142321324344
21739	1231142321324434
21740	1231142321342344
21741	1231142321342434
21742	1231142321344234
21743	1231142321423344
21744	1231142321423434
21745	1231142321432344
21746	1231142321432434
21747	1231142321434234
21748	1231142323123444
21749	1231142323124344
21750	1231142323124434
21751	1231142323142344
21752	1231142323142434
21753	1231142323144234
21754	1231142323412344
21755	1231142323412434
21756	1231142323414234
21757	1231142323441234
21758	1231142324123344
21759	1231142324123434
21760	1231142324132344
21761	1231142324132434
21762	1231142324134234
21763	1231142324312344
21764	1231142324312434
21765	1231142324314234
21766	1231142324341234
21767	1231142341223344
21768	1231142341223434
21769	1231142341232344
21770	1231142341232434
21771	1231142341234234
21772	1231142342123344
21773	1231142342123434
21774	1231142342132344
21775	1231142342132434
21776	1231142342134234
21777	1231142342312344
21778	1231142342312434
21779	1231142342314234
21780	1231142342341234
21781	1231211223334444
21782	1231211223343444
21783	1231211223344344
21784	1231211223344434
21785	1231211223433444
21786	1231211223434344
21787	1231211223434434
21788	1231211223443344
21789	1231211223443434
21790	1231211224333444
21791	1231211224334344
21792	1231211224334434
21793	1231211224343344
21794	1231211224343434
21795	1231211232334444
21796	1231211232343444
21797	1231211232344344
21798	1231211232344434
21799	1231211232433444
21800	1231211232434344
21801	1231211232434434
21802	1231211232443344
21803	1231211232443434
21804	1231211233234444
21805	1231211233243444
21806	1231211233244344
21807	1231211233244434
21808	1231211233423444
21809	1231211233424344
21810	1231211233424434
21811	1231211233442344
21812	1231211233442434
21813	1231211233444234
21814	1231211234233444
21815	1231211234234344
21816	1231211234234434
21817	1231211234243344
21818	1231211234243434
21819	1231211234323444
21820	1231211234324344
21821	1231211234324434
21822	1231211234342344
21823	1231211234342434
21824	1231211234344234
21825	1231211234423344
21826	1231211234423434
21827	1231211234432344
21828	1231211234432434
21829	1231211234434234
21830	1231211242333444
21831	1231211242334344
21832	1231211242334434
21833	1231211242343344
21834	1231211242343434
21835	1231211243233444
21836	1231211243234344
21837	1231211243234434
21838	1231211243243344
21839	1231211243243434
21840	1231211243323444
21841	1231211243324344
21842	1231211243324434
21843	1231211243342344
21844	1231211243342434
21845	1231211243344234
21846	1231211243423344
21847	1231211243423434
21848	1231211243432344
21849	1231211243432434
21850	1231211243434234
21851	1231211322334444
21852	1231211322343444
21853	1231211322344344
21854	1231211322344434
21855	1231211322433444
21856	1231211322434344
21857	1231211322434434
21858	1231211322443344
21859	1231211322443434
21860	1231211323234444
21861	1231211323243444
21862	1231211323244344
21863	1231211323244434
21864	1231211323423444
21865	1231211323424344
21866	1231211323424434
21867	1231211323442344
21868	1231211323442434
21869	1231211323444234
21870	1231211324233444
21871	1231211324234344
21872	1231211324234434
21873	1231211324243344
21874	1231211324243434
21875	1231211324323444
21876	1231211324324344
21877	1231211324324434
21878	1231211324342344
21879	1231211324342434
21880	1231211324344234
21881	1231211324423344
21882	1231211324423434
21883	1231211324432344
21884	1231211324432434
21885	1231211324434234
21886	1231211342233444
21887	1231211342234344
21888	1231211342234434
21889	1231211342243344
21890	1231211342243434
21891	1231211342323444
21892	1231211342324344
21893	1231211342324434
21894	1231211342342344
21895	1231211342342434
21896	1231211342344234
21897	1231211342423344
21898	1231211342423434
21899	1231211342432344
21900	1231211342432434
21901	1231211342434234
21902	1231211344223344
21903	1231211344223434
21904	1231211344232344
21905	1231211344232434
21906	1231211344234234
21907	1231211422333444
21908	1231211422334344
21909	1231211422334434
21910	1231211422343344
21911	1231211422343434
21912	1231211423233444
21913	1231211423234344
21914	1231211423234434
21915	1231211423243344
21916	1231211423243434
21917	1231211423323444
21918	1231211423324344
21919	1231211423324434
21920	1231211423342344
21921	1231211423342434
21922	1231211423344234
21923	1231211423423344
21924	1231211423423434
21925	1231211423432344
21926	1231211423432434
21927	1231211423434234
21928	1231211432233444
21929	1231211432234344
21930	1231211432234434
21931	1231211432243344
21932	1231211432243434
21933	1231211432323444
21934	1231211432324344
21935	1231211432324434
21936	1231211432342344
21937	1231211432342434
21938	1231211432344234
21939	1231211432423344
21940	1231211432423434
21941	1231211432432344
21942	1231211432432434
21943	1231211432434234
21944	1231211434223344
21945	1231211434223434
21946	1231211434232344
21947	1231211434232434
21948	1231211434234234
21949	1231212123334444
21950	1231212123343444
21951	1231212123344344
21952	1231212123344434
21953	1231212123433444
21954	1231212123434344
21955	1231212123434434
21956	1231212123443344
21957	1231212123443434
21958	1231212124333444
21959	1231212124334344
21960	1231212124334434
21961	1231212124343344
21962	1231212124343434
21963	1231212132334444
21964	1231212132343444
21965	1231212132344344
21966	1231212132344434
21967	1231212132433444
21968	1231212132434344
21969	1231212132434434
21970	1231212132443344
21971	1231212132443434
21972	1231212133234444
21973	1231212133243444
21974	1231212133244344
21975	1231212133244434
21976	1231212133423444
21977	1231212133424344
21978	1231212133424434
21979	1231212133442344
21980	1231212133442434
21981	1231212133444234
21982	1231212134233444
21983	1231212134234344
21984	1231212134234434
21985	1231212134243344
21986	1231212134243434
21987	1231212134323444
21988	1231212134324344
21989	1231212134324434
21990	1231212134342344
21991	1231212134342434
21992	1231212134344234
21993	1231212134423344
21994	1231212134423434
21995	1231212134432344
21996	1231212134432434
21997	1231212134434234
21998	1231212142333444
21999	1231212142334344
22000	1231212142334434
22001	1231212142343344
22002	1231212142343434
22003	1231212143233444
22004	1231212143234344
22005	1231212143234434
22006	1231212143243344
22007	1231212143243434
22008	1231212143323444
22009	1231212143324344
22010	1231212143324434
22011	1231212143342344
22012	1231212143342434
22013	1231212143344234
22014	1231212143423344
22015	1231212143423434
22016	1231212143432344
22017	1231212143432434
22018	1231212143434234
22019	1231212312334444
22020	1231212312343444
22021	1231212312344344
22022	1231212312344434
22023	1231212312433444
22024	1231212312434344
22025	1231212312434434
22026	1231212312443344
22027	1231212312443434
22028	1231212313234444
22029	1231212313243444
22030	1231212313244344
22031	1231212313244434
22032	1231212313423444
22033	1231212313424344
22034	1231212313424434
22035	1231212313442344
22036	1231212313442434
22037	1231212313444234
22038	1231212314233444
22039	1231212314234344
22040	1231212314234434
22041	1231212314243344
22042	1231212314243434
22043	1231212314323444
22044	1231212314324344
22045	1231212314324434
22046	1231212314342344
22047	1231212314342434
22048	1231212314344234
22049	1231212314423344
22050	1231212314423434
22051	1231212314432344
22052	1231212314432434
22053	1231212314434234
22054	1231212331234444
22055	1231212331243444
22056	1231212331244344
22057	1231212331244434
22058	1231212331423444
22059	1231212331424344
22060	1231212331424434
22061	1231212331442344
22062	1231212331442434
22063	1231212331444234
22064	1231212334123444
22065	1231212334124344
22066	1231212334124434
22067	1231212334142344
22068	1231212334142434
22069	1231212334144234
22070	1231212334412344
22071	1231212334412434
22072	1231212334414234
22073	1231212334441234
22074	1231212341233444
22075	1231212341234344
22076	1231212341234434
22077	1231212341243344
22078	1231212341243434
22079	1231212341323444
22080	1231212341324344
22081	1231212341324434
22082	1231212341342344
22083	1231212341342434
22084	1231212341344234
22085	1231212341423344
22086	1231212341423434
22087	1231212341432344
22088	1231212341432434
22089	1231212341434234
22090	1231212343123444
22091	1231212343124344
22092	1231212343124434
22093	1231212343142344
22094	1231212343142434
22095	1231212343144234
22096	1231212343412344
22097	1231212343412434
22098	1231212343414234
22099	1231212343441234
22100	1231212344123344
22101	1231212344123434
22102	1231212344132344
22103	1231212344132434
22104	1231212344134234
22105	1231212344312344
22106	1231212344312434
22107	1231212344314234
22108	1231212344341234
22109	1231212412333444
22110	1231212412334344
22111	1231212412334434
22112	1231212412343344
22113	1231212412343434
22114	1231212413233444
22115	1231212413234344
22116	1231212413234434
22117	1231212413243344
22118	1231212413243434
22119	1231212413323444
22120	1231212413324344
22121	1231212413324434
22122	1231212413342344
22123	1231212413342434
22124	1231212413344234
22125	1231212413423344
22126	1231212413423434
22127	1231212413432344
22128	1231212413432434
22129	1231212413434234
22130	1231212431233444
22131	1231212431234344
22132	1231212431234434
22133	1231212431243344
22134	1231212431243434
22135	1231212431323444
22136	1231212431324344
22137	1231212431324434
22138	1231212431342344
22139	1231212431342434
22140	1231212431344234
22141	1231212431423344
22142	1231212431423434
22143	1231212431432344
22144	1231212431432434
22145	1231212431434234
22146	1231212433123444
22147	1231212433124344
22148	1231212433124434
22149	1231212433142344
22150	1231212433142434
22151	1231212433144234
22152	1231212433412344
22153	1231212433412434
22154	1231212433414234
22155	1231212433441234
22156	1231212434123344
22157	1231212434123434
22158	1231212434132344
22159	1231212434132434
22160	1231212434134234
22161	1231212434312344
22162	1231212434312434
22163	1231212434314234
22164	1231212434341234
22165	1231213122334444
22166	1231213122343444
22167	1231213122344344
22168	1231213122344434
22169	1231213122433444
22170	1231213122434344
22171	1231213122434434
22172	1231213122443344
22173	1231213122443434
22174	1231213123234444
22175	1231213123243444
22176	1231213123244344
22177	1231213123244434
22178	1231213123423444
22179	1231213123424344
22180	1231213123424434
22181	1231213123442344
22182	1231213123442434
22183	1231213123444234
22184	1231213124233444
22185	1231213124234344
22186	1231213124234434
22187	1231213124243344
22188	1231213124243434
22189	1231213124323444
22190	1231213124324344
22191	1231213124324434
22192	1231213124342344
22193	1231213124342434
22194	1231213124344234
22195	1231213124423344
22196	1231213124423434
22197	1231213124432344
22198	1231213124432434
22199	1231213124434234
22200	1231213142233444
22201	1231213142234344
22202	1231213142234434
22203	1231213142243344
22204	1231213142243434
22205	1231213142323444
22206	1231213142324344
22207	1231213142324434
22208	1231213142342344
22209	1231213142342434
22210	1231213142344234
22211	1231213142423344
22212	1231213142423434
22213	1231213142432344
22214	1231213142432434
22215	1231213142434234
22216	1231213144223344
22217	1231213144223434
22218	1231213144232344
22219	1231213144232434
22220	1231213144234234
22221	1231213212334444
22222	1231213212343444
22223	1231213212344344
22224	1231213212344434
22225	1231213212433444
22226	1231213212434344
22227	1231213212434434
22228	1231213212443344
22229	1231213212443434
22230	1231213213234444
22231	1231213213243444
22232	1231213213244344
22233	1231213213244434
22234	1231213213423444
22235	1231213213424344
22236	1231213213424434
22237	1231213213442344
22238	1231213213442434
22239	1231213213444234
22240	1231213214233444
22241	1231213214234344
22242	1231213214234434
22243	1231213214243344
22244	1231213214243434
22245	1231213214323444
22246	1231213214324344
22247	1231213214324434
22248	1231213214342344
22249	1231213214342434
22250	1231213214344234
22251	1231213214423344
22252	1231213214423434
22253	1231213214432344
22254	1231213214432434
22255	1231213214434234
22256	1231213231234444
22257	1231213231243444
22258	1231213231244344
22259	1231213231244434
22260	1231213231423444
22261	1231213231424344
22262	1231213231424434
22263	1231213231442344
22264	1231213231442434
22265	1231213231444234
22266	1231213234123444
22267	1231213234124344
22268	1231213234124434
22269	1231213234142344
22270	1231213234142434
22271	1231213234144234
22272	1231213234412344
22273	1231213234412434
22274	1231213234414234
22275	1231213234441234
22276	1231213241233444
22277	1231213241234344
22278	1231213241234434
22279	1231213241243344
22280	1231213241243434
22281	1231213241323444
22282	1231213241324344
22283	1231213241324434
22284	1231213241342344
22285	1231213241342434
22286	1231213241344234
22287	1231213241423344
22288	1231213241423434
22289	1231213241432344
22290	1231213241432434
22291	1231213241434234
22292	1231213243123444
22293	1231213243124344
22294	1231213243124434
22295	1231213243142344
22296	1231213243142434
22297	1231213243144234
22298	1231213243412344
22299	1231213243412434
22300	1231213243414234
22301	1231213243441234
22302	1231213244123344
22303	1231213244123434
22304	1231213244132344
22305	1231213244132434
22306	1231213244134234
22307	1231213244312344
22308	1231213244312434
22309	1231213244314234
22310	1231213244341234
22311	1231213412233444
22312	1231213412234344
22313	1231213412234434
22314	1231213412243344
22315	1231213412243434
22316	1231213412323444
22317	1231213412324344
22318	1231213412324434
22319	1231213412342344
22320	1231213412342434
22321	1231213412344234
22322	1231213412423344
22323	1231213412423434
22324	1231213412432344
22325	1231213412432434
22326	1231213412434234
22327	1231213414223344
22328	1231213414223434
22329	1231213414232344
22330	1231213414232434
22331	1231213414234234
22332	1231213421233444
22333	1231213421234344
22334	1231213421234434
22335	1231213421243344
22336	1231213421243434
22337	1231213421323444
22338	1231213421324344
22339	1231213421324434
22340	1231213421342344
22341	1231213421342434
22342	1231213421344234
22343	1231213421423344
22344	1231213421423434
22345	1231213421432344
22346	1231213421432434
22347	1231213421434234
22348	1231213423123444
22349	1231213423124344
22350	1231213423124434
22351	1231213423142344
22352	1231213423142434
22353	1231213423144234
22354	1231213423412344
22355	1231213423412434
22356	1231213423414234
22357	1231213423441234
22358	1231213424123344
22359	1231213424123434
22360	1231213424132344
22361	1231213424132434
22362	1231213424134234
22363	1231213424312344
22364	1231213424312434
22365	1231213424314234
22366	1231213424341234
22367	1231213441223344
22368	1231213441223434
22369	1231213441232344
22370	1231213441232434
22371	1231213441234234
22372	1231213442123344
22373	1231213442123434
22374	1231213442132344
22375	1231213442132434
22376	1231213442134234
22377	1231213442312344
22378	1231213442312434
22379	1231213442314234
22380	1231213442341234
22381	1231214122333444
22382	1231214122334344
22383	1231214122334434
22384	1231214122343344
22385	1231214122343434
22386	1231214123233444
22387	1231214123234344
22388	1231214123234434
22389	1231214123243344
22390	1231214123243434
22391	1231214123323444
22392	1231214123324344
22393	1231214123324434
22394	1231214123342344
22395	1231214123342434
22396	1231214123344234
22397	1231214123423344
22398	1231214123423434
22399	1231214123432344
22400	1231214123432434
22401	1231214123434234
22402	1231214132233444
22403	1231214132234344
22404	1231214132234434
22405	1231214132243344
22406	1231214132243434
22407	1231214132323444
22408	1231214132324344
22409	1231214132324434
22410	1231214132342344
22411	1231214132342434
22412	1231214132344234
22413	1231214132423344
22414	1231214132423434
22415	1231214132432344
22416	1231214132432434
22417	1231214132434234
22418	1231214134223344
22419	1231214134223434
22420	1231214134232344
22421	1231214134232434
22422	1231214134234234
22423	1231214212333444
22424	1231214212334344
22425	1231214212334434
22426	1231214212343344
22427	1231214212343434
22428	1231214213233444
22429	1231214213234344
22430	1231214213234434
22431	1231214213243344
22432	1231214213243434
22433	1231214213323444
22434	1231214213324344
22435	1231214213324434
22436	1231214213342344
22437	1231214213342434
22438	1231214213344234
22439	1231214213423344
22440	1231214213423434
22441	1231214213432344
22442	1231214213432434
22443	1231214213434234
22444	1231214231233444
22445	1231214231234344
22446	1231214231234434
22447	1231214231243344
22448	1231214231243434
22449	1231214231323444
22450	1231214231324344
22451	1231214231324434
22452	1231214231342344
22453	1231214231342434
22454	1231214231344234
22455	1231214231423344
22456	1231214231423434
22457	1231214231432344
22458	1231214231432434
22459	1231214231434234
22460	1231214233123444
22461	1231214233124344
22462	1231214233124434
22463	1231214233142344
22464	1231214233142434
22465	1231214233144234
22466	1231214233412344
22467	1231214233412434
22468	1231214233414234
22469	1231214233441234
22470	1231214234123344
22471	1231214234123434
22472	1231214234132344
22473	1231214234132434
22474	1231214234134234
22475	1231214234312344
22476	1231214234312434
22477	1231214234314234
22478	1231214234341234
22479	1231214312233444
22480	1231214312234344
22481	1231214312234434
22482	1231214312243344
22483	1231214312243434
22484	1231214312323444
22485	1231214312324344
22486	1231214312324434
22487	1231214312342344
22488	1231214312342434
22489	1231214312344234
22490	1231214312423344
22491	1231214312423434
22492	1231214312432344
22493	1231214312432434
22494	1231214312434234
22495	1231214314223344
22496	1231214314223434
22497	1231214314232344
22498	1231214314232434
22499	1231214314234234
22500	1231214321233444
22501	1231214321234344
22502	1231214321234434
22503	1231214321243344
22504	1231214321243434
22505	1231214321323444
22506	1231214321324344
22507	1231214321324434
22508	1231214321342344
22509	1231214321342434
22510	1231214321344234
22511	1231214321423344
22512	1231214321423434
22513	1231214321432344
22514	1231214321432434
22515	1231214321434234
22516	1231214323123444
22517	1231214323124344
22518	1231214323124434
22519	1231214323142344
22520	1231214323142434
22521	1231214323144234
22522	1231214323412344
22523	1231214323412434
22524	1231214323414234
22525	1231214323441234
22526	1231214324123344
22527	1231214324123434
22528	1231214324132344
22529	1231214324132434
22530	1231214324134234
22531	1231214324312344
22532	1231214324312434
22533	1231214324314234
22534	1231214324341234
22535	1231214341223344
22536	1231214341223434
22537	1231214341232344
22538	1231214341232434
22539	1231214341234234
22540	1231214342123344
22541	1231214342123434
22542	1231214342132344
22543	1231214342132434
22544	1231214342134234
22545	1231214342312344
22546	1231214342312434
22547	1231214342314234
22548	1231214342341234
22549	1231231122334444
22550	1231231122343444
22551	1231231122344344
22552	1231231122344434
22553	1231231122433444
22554	1231231122434344
22555	1231231122434434
22556	1231231122443344
22557	1231231122443434
22558	1231231123234444
22559	1231231123243444
22560	1231231123244344
22561	1231231123244434
22562	1231231123423444
22563	1231231123424344
22564	1231231123424434
22565	1231231123442344
22566	1231231123442434
22567	1231231123444234
22568	1231231124233444
22569	1231231124234344
22570	1231231124234434
22571	1231231124243344
22572	1231231124243434
22573	1231231124323444
22574	1231231124324344
22575	1231231124324434
22576	1231231124342344
22577	1231231124342434
22578	1231231124344234
22579	1231231124423344
22580	1231231124423434
22581	1231231124432344
22582	1231231124432434
22583	1231231124434234
22584	1231231142233444
22585	1231231142234344
22586	1231231142234434
22587	1231231142243344
22588	1231231142243434
22589	1231231142323444
22590	1231231142324344
22591	1231231142324434
22592	1231231142342344
22593	1231231142342434
22594	1231231142344234
22595	1231231142423344
22596	1231231142423434
22597	1231231142432344
22598	1231231142432434
22599	1231231142434234
22600	1231231144223344
22601	1231231144223434
22602	1231231144232344
22603	1231231144232434
22604	1231231144234234
22605	1231231212334444
22606	1231231212343444
22607	1231231212344344
22608	1231231212344434
22609	1231231212433444
22610	1231231212434344
22611	1231231212434434
22612	1231231212443344
22613	1231231212443434
22614	1231231213234444
22615	1231231213243444
22616	1231231213244344
22617	1231231213244434
22618	1231231213423444
22619	1231231213424344
22620	1231231213424434
22621	1231231213442344
22622	1231231213442434
22623	1231231213444234
22624	1231231214233444
22625	1231231214234344
22626	1231231214234434
22627	1231231214243344
22628	1231231214243434
22629	1231231214323444
22630	1231231214324344
22631	1231231214324434
22632	1231231214342344
22633	1231231214342434
22634	1231231214344234
22635	1231231214423344
22636	1231231214423434
22637	1231231214432344
22638	1231231214432434
22639	1231231214434234
22640	1231231231234444
22641	1231231231243444
22642	1231231231244344
22643	1231231231244434
22644	1231231231423444
22645	1231231231424344
22646	1231231231424434
22647	1231231231442344
22648	1231231231442434
22649	1231231231444234
22650	1231231234123444
22651	1231231234124344
22652	1231231234124434
22653	1231231234142344
22654	1231231234142434
22655	1231231234144234
22656	1231231234412344
22657	1231231234412434
22658	1231231234414234
22659	1231231234441234
22660	1231231241233444
22661	1231231241234344
22662	1231231241234434
22663	1231231241243344
22664	1231231241243434
22665	1231231241323444
22666	1231231241324344
22667	1231231241324434
22668	1231231241342344
22669	1231231241342434
22670	1231231241344234
22671	1231231241423344
22672	1231231241423434
22673	1231231241432344
22674	1231231241432434
22675	1231231241434234
22676	1231231243123444
22677	1231231243124344
22678	1231231243124434
22679	1231231243142344
22680	1231231243142434
22681	1231231243144234
22682	1231231243412344
22683	1231231243412434
22684	1231231243414234
22685	1231231243441234
22686	1231231244123344
22687	1231231244123434
22688	1231231244132344
22689	1231231244132434
22690	1231231244134234
22691	1231231244312344
22692	1231231244312434
22693	1231231244314234
22694	1231231244341234
22695	1231231412233444
22696	1231231412234344
22697	1231231412234434
22698	1231231412243344
22699	1231231412243434
22700	1231231412323444
22701	1231231412324344
22702	1231231412324434
22703	1231231412342344
22704	1231231412342434
22705	1231231412344234
22706	1231231412423344
22707	1231231412423434
22708	1231231412432344
22709	1231231412432434
22710	1231231412434234
22711	1231231414223344
22712	1231231414223434
22713	1231231414232344
22714	1231231414232434
22715	1231231414234234
22716	1231231421233444
22717	1231231421234344
22718	1231231421234434
22719	1231231421243344
22720	1231231421243434
22721	1231231421323444
22722	1231231421324344
22723	1231231421324434
22724	1231231421342344
22725	1231231421342434
22726	1231231421344234
22727	1231231421423344
22728	1231231421423434
22729	1231231421432344
22730	1231231421432434
22731	1231231421434234
22732	1231231423123444
22733	1231231423124344
22734	1231231423124434
22735	1231231423142344
22736	1231231423142434
22737	1231231423144234
22738	1231231423412344
22739	1231231423412434
22740	1231231423414234
22741	1231231423441234
22742	1231231424123344
22743	1231231424123434
22744	1231231424132344
22745	1231231424132434
22746	1231231424134234
22747	1231231424312344
22748	1231231424312434
22749	1231231424314234
22750	1231231424341234
22751	1231231441223344
22752	1231231441223434
22753	1231231441232344
22754	1231231441232434
22755	1231231441234234
22756	1231231442123344
22757	1231231442123434
22758	1231231442132344
22759	1231231442132434
22760	1231231442134234
22761	1231231442312344
22762	1231231442312434
22763	1231231442314234
22764	1231231442341234
22765	1231234112233444
22766	1231234112234344
22767	1231234112234434
22768	1231234112243344
22769	1231234112243434
22770	1231234112323444
22771	1231234112324344
22772	1231234112324434
22773	1231234112342344
22774	1231234112342434
22775	1231234112344234
22776	1231234112423344
22777	1231234112423434
22778	1231234112432344
22779	1231234112432434
22780	1231234112434234
22781	1231234114223344
22782	1231234114223434
22783	1231234114232344
22784	1231234114232434
22785	1231234114234234
22786	1231234121233444
22787	1231234121234344
22788	1231234121234434
22789	1231234121243344
22790	1231234121243434
22791	1231234121323444
22792	1231234121324344
22793	1231234121324434
22794	1231234121342344
22795	1231234121342434
22796	1231234121344234
22797	1231234121423344
22798	1231234121423434
22799	1231234121432344
22800	1231234121432434
22801	1231234121434234
22802	1231234123123444
22803	1231234123124344
22804	1231234123124434
22805	1231234123142344
22806	1231234123142434
22807	1231234123144234
22808	1231234123412344
22809	1231234123412434
22810	1231234123414234
22811	1231234123441234
22812	1231234124123344
22813	1231234124123434
22814	1231234124132344
22815	1231234124132434
22816	1231234124134234
22817	1231234124312344
22818	1231234124312434
22819	1231234124314234
22820	1231234124341234
22821	1231234141223344
22822	1231234141223434
22823	1231234141232344
22824	1231234141232434
22825	1231234141234234
22826	1231234142123344
22827	1231234142123434
22828	1231234142132344
22829	1231234142132434
22830	1231234142134234
22831	1231234142312344
22832	1231234142312434
22833	1231234142314234
22834	1231234142341234
22835	1231234411223344
22836	1231234411223434
22837	1231234411232344
22838	1231234411232434
22839	1231234411234234
22840	1231234412123344
22841	1231234412123434
22842	1231234412132344
22843	1231234412132434
22844	1231234412134234
22845	1231234412312344
22846	1231234412312434
22847	1231234412314234
22848	1231234412341234
22849	1231241122333444
22850	1231241122334344
22851	1231241122334434
22852	1231241122343344
22853	1231241122343434
22854	1231241123233444
22855	1231241123234344
22856	1231241123234434
22857	1231241123243344
22858	1231241123243434
22859	1231241123323444
22860	1231241123324344
22861	1231241123324434
22862	1231241123342344
22863	1231241123342434
22864	1231241123344234
22865	1231241123423344
22866	1231241123423434
22867	1231241123432344
22868	1231241123432434
22869	1231241123434234
22870	1231241132233444
22871	1231241132234344
22872	1231241132234434
22873	1231241132243344
22874	1231241132243434
22875	1231241132323444
22876	1231241132324344
22877	1231241132324434
22878	1231241132342344
22879	1231241132342434
22880	1231241132344234
22881	1231241132423344
22882	1231241132423434
22883	1231241132432344
22884	1231241132432434
22885	1231241132434234
22886	1231241134223344
22887	1231241134223434
22888	1231241134232344
22889	1231241134232434
22890	1231241134234234
22891	1231241212333444
22892	1231241212334344
22893	1231241212334434
22894	1231241212343344
22895	1231241212343434
22896	1231241213233444
22897	1231241213234344
22898	1231241213234434
22899	1231241213243344
22900	1231241213243434
22901	1231241213323444
22902	1231241213324344
22903	1231241213324434
22904	1231241213342344
22905	1231241213342434
22906	1231241213344234
22907	1231241213423344
22908	1231241213423434
22909	1231241213432344
22910	1231241213432434
22911	1231241213434234
22912	1231241231233444
22913	1231241231234344
22914	1231241231234434
22915	1231241231243344
22916	1231241231243434
22917	1231241231323444
22918	1231241231324344
22919	1231241231324434
22920	1231241231342344
22921	1231241231342434
22922	1231241231344234
22923	1231241231423344
22924	1231241231423434
22925	1231241231432344
22926	1231241231432434
22927	1231241231434234
22928	1231241233123444
22929	1231241233124344
22930	1231241233124434
22931	1231241233142344
22932	1231241233142434
22933	1231241233144234
22934	1231241233412344
22935	1231241233412434
22936	1231241233414234
22937	1231241233441234
22938	1231241234123344
22939	1231241234123434
22940	1231241234132344
22941	1231241234132434
22942	1231241234134234
22943	1231241234312344
22944	1231241234312434
22945	1231241234314234
22946	1231241234341234
22947	1231241312233444
22948	1231241312234344
22949	1231241312234434
22950	1231241312243344
22951	1231241312243434
22952	1231241312323444
22953	1231241312324344
22954	1231241312324434
22955	1231241312342344
22956	1231241312342434
22957	1231241312344234
22958	1231241312423344
22959	1231241312423434
22960	1231241312432344
22961	1231241312432434
22962	1231241312434234
22963	1231241314223344
22964	1231241314223434
22965	1231241314232344
22966	1231241314232434
22967	1231241314234234
22968	1231241321233444
22969	1231241321234344
22970	1231241321234434
22971	1231241321243344
22972	1231241321243434
22973	1231241321323444
22974	1231241321324344
22975	1231241321324434
22976	1231241321342344
22977	1231241321342434
22978	1231241321344234
22979	1231241321423344
22980	1231241321423434
22981	1231241321432344
22982	1231241321432434
22983	1231241321434234
22984	1231241323123444
22985	1231241323124344
22986	1231241323124434
22987	1231241323142344
22988	1231241323142434
22989	1231241323144234
22990	1231241323412344
22991	1231241323412434
22992	1231241323414234
22993	1231241323441234
22994	1231241324123344
22995	1231241324123434
22996	1231241324132344
22997	1231241324132434
22998	1231241324134234
22999	1231241324312344
23000	1231241324312434
23001	1231241324314234
23002	1231241324341234
23003	1231241341223344
23004	1231241341223434
23005	1231241341232344
23006	1231241341232434
23007	1231241341234234
23008	1231241342123344
23009	1231241342123434
23010	1231241342132344
23011	1231241342132434
23012	1231241342134234
23013	1231241342312344
23014	1231241342312434
23015	1231241342314234
23016	1231241342341234
23017	1231243112233444
23018	1231243112234344
23019	1231243112234434
23020	1231243112243344
23021	1231243112243434
23022	1231243112323444
23023	1231243112324344
23024	1231243112324434
23025	1231243112342344
23026	1231243112342434
23027	1231243112344234
23028	1231243112423344
23029	1231243112423434
23030	1231243112432344
23031	1231243112432434
23032	1231243112434234
23033	1231243114223344
23034	1231243114223434
23035	1231243114232344
23036	1231243114232434
23037	1231243114234234
23038	1231243121233444
23039	1231243121234344
23040	1231243121234434
23041	1231243121243344
23042	1231243121243434
23043	1231243121323444
23044	1231243121324344
23045	1231243121324434
23046	1231243121342344
23047	1231243121342434
23048	1231243121344234
23049	1231243121423344
23050	1231243121423434
23051	1231243121432344
23052	1231243121432434
23053	1231243121434234
23054	1231243123123444
23055	1231243123124344
23056	1231243123124434
23057	1231243123142344
23058	1231243123142434
23059	1231243123144234
23060	1231243123412344
23061	1231243123412434
23062	1231243123414234
23063	1231243123441234
23064	1231243124123344
23065	1231243124123434
23066	1231243124132344
23067	1231243124132434
23068	1231243124134234
23069	1231243124312344
23070	1231243124312434
23071	1231243124314234
23072	1231243124341234
23073	1231243141223344
23074	1231243141223434
23075	1231243141232344
23076	1231243141232434
23077	1231243141234234
23078	1231243142123344
23079	1231243142123434
23080	1231243142132344
23081	1231243142132434
23082	1231243142134234
23083	1231243142312344
23084	1231243142312434
23085	1231243142314234
23086	1231243142341234
23087	1231243411223344
23088	1231243411223434
23089	1231243411232344
23090	1231243411232434
23091	1231243411234234
23092	1231243412123344
23093	1231243412123434
23094	1231243412132344
23095	1231243412132434
23096	1231243412134234
23097	1231243412312344
23098	1231243412312434
23099	1231243412314234
23100	1231243412341234
23101	1231411222333444
23102	1231411222334344
23103	1231411222334434
23104	1231411222343344
23105	1231411222343434
23106	1231411223233444
23107	1231411223234344
23108	1231411223234434
23109	1231411223243344
23110	1231411223243434
23111	1231411223323444
23112	1231411223324344
23113	1231411223324434
23114	1231411223342344
23115	1231411223342434
23116	1231411223344234
23117	1231411223423344
23118	1231411223423434
23119	1231411223432344
23120	1231411223432434
23121	1231411223434234
23122	1231411232233444
23123	1231411232234344
23124	1231411232234434
23125	1231411232243344
23126	1231411232243434
23127	1231411232323444
23128	1231411232324344
23129	1231411232324434
23130	1231411232342344
23131	1231411232342434
23132	1231411232344234
23133	1231411232423344
23134	1231411232423434
23135	1231411232432344
23136	1231411232432434
23137	1231411232434234
23138	1231411234223344
23139	1231411234223434
23140	1231411234232344
23141	1231411234232434
23142	1231411234234234
23143	1231412122333444
23144	1231412122334344
23145	1231412122334434
23146	1231412122343344
23147	1231412122343434
23148	1231412123233444
23149	1231412123234344
23150	1231412123234434
23151	1231412123243344
23152	1231412123243434
23153	1231412123323444
23154	1231412123324344
23155	1231412123324434
23156	1231412123342344
23157	1231412123342434
23158	1231412123344234
23159	1231412123423344
23160	1231412123423434
23161	1231412123432344
23162	1231412123432434
23163	1231412123434234
23164	1231412132233444
23165	1231412132234344
23166	1231412132234434
23167	1231412132243344
23168	1231412132243434
23169	1231412132323444
23170	1231412132324344
23171	1231412132324434
23172	1231412132342344
23173	1231412132342434
23174	1231412132344234
23175	1231412132423344
23176	1231412132423434
23177	1231412132432344
23178	1231412132432434
23179	1231412132434234
23180	1231412134223344
23181	1231412134223434
23182	1231412134232344
23183	1231412134232434
23184	1231412134234234
23185	1231412212333444
23186	1231412212334344
23187	1231412212334434
23188	1231412212343344
23189	1231412212343434
23190	1231412213233444
23191	1231412213234344
23192	1231412213234434
23193	1231412213243344
23194	1231412213243434
23195	1231412213323444
23196	1231412213324344
23197	1231412213324434
23198	1231412213342344
23199	1231412213342434
23200	1231412213344234
23201	1231412213423344
23202	1231412213423434
23203	1231412213432344
23204	1231412213432434
23205	1231412213434234
23206	1231412231233444
23207	1231412231234344
23208	1231412231234434
23209	1231412231243344
23210	1231412231243434
23211	1231412231323444
23212	1231412231324344
23213	1231412231324434
23214	1231412231342344
23215	1231412231342434
23216	1231412231344234
23217	1231412231423344
23218	1231412231423434
23219	1231412231432344
23220	1231412231432434
23221	1231412231434234
23222	1231412233123444
23223	1231412233124344
23224	1231412233124434
23225	1231412233142344
23226	1231412233142434
23227	1231412233144234
23228	1231412233412344
23229	1231412233412434
23230	1231412233414234
23231	1231412233441234
23232	1231412234123344
23233	1231412234123434
23234	1231412234132344
23235	1231412234132434
23236	1231412234134234
23237	1231412234312344
23238	1231412234312434
23239	1231412234314234
23240	1231412234341234
23241	1231412312233444
23242	1231412312234344
23243	1231412312234434
23244	1231412312243344
23245	1231412312243434
23246	1231412312323444
23247	1231412312324344
23248	1231412312324434
23249	1231412312342344
23250	1231412312342434
23251	1231412312344234
23252	1231412312423344
23253	1231412312423434
23254	1231412312432344
23255	1231412312432434
23256	1231412312434234
23257	1231412314223344
23258	1231412314223434
23259	1231412314232344
23260	1231412314232434
23261	1231412314234234
23262	1231412321233444
23263	1231412321234344
23264	1231412321234434
23265	1231412321243344
23266	1231412321243434
23267	1231412321323444
23268	1231412321324344
23269	1231412321324434
23270	1231412321342344
23271	1231412321342434
23272	1231412321344234
23273	1231412321423344
23274	1231412321423434
23275	1231412321432344
23276	1231412321432434
23277	1231412321434234
23278	1231412323123444
23279	1231412323124344
23280	1231412323124434
23281	1231412323142344
23282	1231412323142434
23283	1231412323144234
23284	1231412323412344
23285	1231412323412434
23286	1231412323414234
23287	1231412323441234
23288	1231412324123344
23289	1231412324123434
23290	1231412324132344
23291	1231412324132434
23292	1231412324134234
23293	1231412324312344
23294	1231412324312434
23295	1231412324314234
23296	1231412324341234
23297	1231412341223344
23298	1231412341223434
23299	1231412341232344
23300	1231412341232434
23301	1231412341234234
23302	1231412342123344
23303	1231412342123434
23304	1231412342132344
23305	1231412342132434
23306	1231412342134234
23307	1231412342312344
23308	1231412342312434
23309	1231412342314234
23310	1231412342341234
23311	1231421122333444
23312	1231421122334344
23313	1231421122334434
23314	1231421122343344
23315	1231421122343434
23316	1231421123233444
23317	1231421123234344
23318	1231421123234434
23319	1231421123243344
23320	1231421123243434
23321	1231421123323444
23322	1231421123324344
23323	1231421123324434
23324	1231421123342344
23325	1231421123342434
23326	1231421123344234
23327	1231421123423344
23328	1231421123423434
23329	1231421123432344
23330	1231421123432434
23331	1231421123434234
23332	1231421132233444
23333	1231421132234344
23334	1231421132234434
23335	1231421132243344
23336	1231421132243434
23337	1231421132323444
23338	1231421132324344
23339	1231421132324434
23340	1231421132342344
23341	1231421132342434
23342	1231421132344234
23343	1231421132423344
23344	1231421132423434
23345	1231421132432344
23346	1231421132432434
23347	1231421132434234
23348	1231421134223344
23349	1231421134223434
23350	1231421134232344
23351	1231421134232434
23352	1231421134234234
23353	1231421212333444
23354	1231421212334344
23355	1231421212334434
23356	1231421212343344
23357	1231421212343434
23358	1231421213233444
23359	1231421213234344
23360	1231421213234434
23361	1231421213243344
23362	1231421213243434
23363	1231421213323444
23364	1231421213324344
23365	1231421213324434
23366	1231421213342344
23367	1231421213342434
23368	1231421213344234
23369	1231421213423344
23370	1231421213423434
23371	1231421213432344
23372	1231421213432434
23373	1231421213434234
23374	1231421231233444
23375	1231421231234344
23376	1231421231234434
23377	1231421231243344
23378	1231421231243434
23379	1231421231323444
23380	1231421231324344
23381	1231421231324434
23382	1231421231342344
23383	1231421231342434
23384	1231421231344234
23385	1231421231423344
23386	1231421231423434
23387	1231421231432344
23388	1231421231432434
23389	1231421231434234
23390	1231421233123444
23391	1231421233124344
23392	1231421233124434
23393	1231421233142344
23394	1231421233142434
23395	1231421233144234
23396	1231421233412344
23397	1231421233412434
23398	1231421233414234
23399	1231421233441234
23400	1231421234123344
23401	1231421234123434
23402	1231421234132344
23403	1231421234132434
23404	1231421234134234
23405	1231421234312344
23406	1231421234312434
23407	1231421234314234
23408	1231421234341234
23409	1231421312233444
23410	1231421312234344
23411	1231421312234434
23412	1231421312243344
23413	1231421312243434
23414	1231421312323444
23415	1231421312324344
23416	1231421312324434
23417	1231421312342344
23418	1231421312342434
23419	1231421312344234
23420	1231421312423344
23421	1231421312423434
23422	1231421312432344
23423	1231421312432434
23424	1231421312434234
23425	1231421314223344
23426	1231421314223434
23427	1231421314232344
23428	1231421314232434
23429	1231421314234234
23430	1231421321233444
23431	1231421321234344
23432	1231421321234434
23433	1231421321243344
23434	1231421321243434
23435	1231421321323444
23436	1231421321324344
23437	1231421321324434
23438	1231421321342344
23439	1231421321342434
23440	1231421321344234
23441	1231421321423344
23442	1231421321423434
23443	1231421321432344
23444	1231421321432434
23445	1231421321434234
23446	1231421323123444
23447	1231421323124344
23448	1231421323124434
23449	1231421323142344
23450	1231421323142434
23451	1231421323144234
23452	1231421323412344
23453	1231421323412434
23454	1231421323414234
23455	1231421323441234
23456	1231421324123344
23457	1231421324123434
23458	1231421324132344
23459	1231421324132434
23460	1231421324134234
23461	1231421324312344
23462	1231421324312434
23463	1231421324314234
23464	1231421324341234
23465	1231421341223344
23466	1231421341223434
23467	1231421341232344
23468	1231421341232434
23469	1231421341234234
23470	1231421342123344
23471	1231421342123434
23472	1231421342132344
23473	1231421342132434
23474	1231421342134234
23475	1231421342312344
23476	1231421342312434
23477	1231421342314234
23478	1231421342341234
23479	1231423112233444
23480	1231423112234344
23481	1231423112234434
23482	1231423112243344
23483	1231423112243434
23484	1231423112323444
23485	1231423112324344
23486	1231423112324434
23487	1231423112342344
23488	1231423112342434
23489	1231423112344234
23490	1231423112423344
23491	1231423112423434
23492	1231423112432344
23493	1231423112432434
23494	1231423112434234
23495	1231423114223344
23496	1231423114223434
23497	1231423114232344
23498	1231423114232434
23499	1231423114234234
23500	1231423121233444
23501	1231423121234344
23502	1231423121234434
23503	1231423121243344
23504	1231423121243434
23505	1231423121323444
23506	1231423121324344
23507	1231423121324434
23508	1231423121342344
23509	1231423121342434
23510	1231423121344234
23511	1231423121423344
23512	1231423121423434
23513	1231423121432344
23514	1231423121432434
23515	1231423121434234
23516	1231423123123444
23517	1231423123124344
23518	1231423123124434
23519	1231423123142344
23520	1231423123142434
23521	1231423123144234
23522	1231423123412344
23523	1231423123412434
23524	1231423123414234
23525	1231423123441234
23526	1231423124123344
23527	1231423124123434
23528	1231423124132344
23529	1231423124132434
23530	1231423124134234
23531	1231423124312344
23532	1231423124312434
23533	1231423124314234
23534	1231423124341234
23535	1231423141223344
23536	1231423141223434
23537	1231423141232344
23538	1231423141232434
23539	1231423141234234
23540	1231423142123344
23541	1231423142123434
23542	1231423142132344
23543	1231423142132434
23544	1231423142134234
23545	1231423142312344
23546	1231423142312434
23547	1231423142314234
23548	1231423142341234
23549	1231423411223344
23550	1231423411223434
23551	1231423411232344
23552	1231423411232434
23553	1231423411234234
23554	1231423412123344
23555	1231423412123434
23556	1231423412132344
23557	1231423412132434
23558	1231423412134234
23559	1231423412312344
23560	1231423412312434
23561	1231423412314234
23562	1231423412341234
23563	1234111222333444
23564	1234111222334344
23565	1234111222334434
23566	1234111222343344
23567	1234111222343434
23568	1234111223233444
23569	1234111223234344
23570	1234111223234434
23571	1234111223243344
23572	1234111223243434
23573	1234111223323444
23574	1234111223324344
23575	1234111223324434
23576	1234111223342344
23577	1234111223342434
23578	1234111223344234
23579	1234111223423344
23580	1234111223423434
23581	1234111223432344
23582	1234111223432434
23583	1234111223434234
23584	1234111232233444
23585	1234111232234344
23586	1234111232234434
23587	1234111232243344
23588	1234111232243434
23589	1234111232323444
23590	1234111232324344
23591	1234111232324434
23592	1234111232342344
23593	1234111232342434
23594	1234111232344234
23595	1234111232423344
23596	1234111232423434
23597	1234111232432344
23598	1234111232432434
23599	1234111232434234
23600	1234111234223344
23601	1234111234223434
23602	1234111234232344
23603	1234111234232434
23604	1234111234234234
23605	1234112122333444
23606	1234112122334344
23607	1234112122334434
23608	1234112122343344
23609	1234112122343434
23610	1234112123233444
23611	1234112123234344
23612	1234112123234434
23613	1234112123243344
23614	1234112123243434
23615	1234112123323444
23616	1234112123324344
23617	1234112123324434
23618	1234112123342344
23619	1234112123342434
23620	1234112123344234
23621	1234112123423344
23622	1234112123423434
23623	1234112123432344
23624	1234112123432434
23625	1234112123434234
23626	1234112132233444
23627	1234112132234344
23628	1234112132234434
23629	1234112132243344
23630	1234112132243434
23631	1234112132323444
23632	1234112132324344
23633	1234112132324434
23634	1234112132342344
23635	1234112132342434
23636	1234112132344234
23637	1234112132423344
23638	1234112132423434
23639	1234112132432344
23640	1234112132432434
23641	1234112132434234
23642	1234112134223344
23643	1234112134223434
23644	1234112134232344
23645	1234112134232434
23646	1234112134234234
23647	1234112212333444
23648	1234112212334344
23649	1234112212334434
23650	1234112212343344
23651	1234112212343434
23652	1234112213233444
23653	1234112213234344
23654	1234112213234434
23655	1234112213243344
23656	1234112213243434
23657	1234112213323444
23658	1234112213324344
23659	1234112213324434
23660	1234112213342344
23661	1234112213342434
23662	1234112213344234
23663	1234112213423344
23664	1234112213423434
23665	1234112213432344
23666	1234112213432434
23667	1234112213434234
23668	1234112231233444
23669	1234112231234344
23670	1234112231234434
23671	1234112231243344
23672	1234112231243434
23673	1234112231323444
23674	1234112231324344
23675	1234112231324434
23676	1234112231342344
23677	1234112231342434
23678	1234112231344234
23679	1234112231423344
23680	1234112231423434
23681	1234112231432344
23682	1234112231432434
23683	1234112231434234
23684	1234112233123444
23685	1234112233124344
23686	1234112233124434
23687	1234112233142344
23688	1234112233142434
23689	1234112233144234
23690	1234112233412344
23691	1234112233412434
23692	1234112233414234
23693	1234112233441234
23694	1234112234123344
23695	1234112234123434
23696	1234112234132344
23697	1234112234132434
23698	1234112234134234
23699	1234112234312344
23700	1234112234312434
23701	1234112234314234
23702	1234112234341234
23703	1234112312233444
23704	1234112312234344
23705	1234112312234434
23706	1234112312243344
23707	1234112312243434
23708	1234112312323444
23709	1234112312324344
23710	1234112312324434
23711	1234112312342344
23712	1234112312342434
23713	1234112312344234
23714	1234112312423344
23715	1234112312423434
23716	1234112312432344
23717	1234112312432434
23718	1234112312434234
23719	1234112314223344
23720	1234112314223434
23721	1234112314232344
23722	1234112314232434
23723	1234112314234234
23724	1234112321233444
23725	1234112321234344
23726	1234112321234434
23727	1234112321243344
23728	1234112321243434
23729	1234112321323444
23730	1234112321324344
23731	1234112321324434
23732	1234112321342344
23733	1234112321342434
23734	1234112321344234
23735	1234112321423344
23736	1234112321423434
23737	1234112321432344
23738	1234112321432434
23739	1234112321434234
23740	1234112323123444
23741	1234112323124344
23742	1234112323124434
23743	1234112323142344
23744	1234112323142434
23745	1234112323144234
23746	1234112323412344
23747	1234112323412434
23748	1234112323414234
23749	1234112323441234
23750	1234112324123344
23751	1234112324123434
23752	1234112324132344
23753	1234112324132434
23754	1234112324134234
23755	1234112324312344
23756	1234112324312434
23757	1234112324314234
23758	1234112324341234
23759	1234112341223344
23760	1234112341223434
23761	1234112341232344
23762	1234112341232434
23763	1234112341234234
23764	1234112342123344
23765	1234112342123434
23766	1234112342132344
23767	1234112342132434
23768	1234112342134234
23769	1234112342312344
23770	1234112342312434
23771	1234112342314234
23772	1234112342341234
23773	1234121122333444
23774	1234121122334344
23775	1234121122334434
23776	1234121122343344
23777	1234121122343434
23778	1234121123233444
23779	1234121123234344
23780	1234121123234434
23781	1234121123243344
23782	1234121123243434
23783	1234121123323444
23784	1234121123324344
23785	1234121123324434
23786	1234121123342344
23787	1234121123342434
23788	1234121123344234
23789	1234121123423344
23790	1234121123423434
23791	1234121123432344
23792	1234121123432434
23793	1234121123434234
23794	1234121132233444
23795	1234121132234344
23796	1234121132234434
23797	1234121132243344
23798	1234121132243434
23799	1234121132323444
23800	1234121132324344
23801	1234121132324434
23802	1234121132342344
23803	1234121132342434
23804	1234121132344234
23805	1234121132423344
23806	1234121132423434
23807	1234121132432344
23808	1234121132432434
23809	1234121132434234
23810	1234121134223344
23811	1234121134223434
23812	1234121134232344
23813	1234121134232434
23814	1234121134234234
23815	1234121212333444
23816	1234121212334344
23817	1234121212334434
23818	1234121212343344
23819	1234121212343434
23820	1234121213233444
23821	1234121213234344
23822	1234121213234434
23823	1234121213243344
23824	1234121213243434
23825	1234121213323444
23826	1234121213324344
23827	1234121213324434
23828	1234121213342344
23829	1234121213342434
23830	1234121213344234
23831	1234121213423344
23832	1234121213423434
23833	1234121213432344
23834	1234121213432434
23835	1234121213434234
23836	1234121231233444
23837	1234121231234344
23838	1234121231234434
23839	1234121231243344
23840	1234121231243434
23841	1234121231323444
23842	1234121231324344
23843	1234121231324434
23844	1234121231342344
23845	1234121231342434
23846	1234121231344234
23847	1234121231423344
23848	1234121231423434
23849	1234121231432344
23850	1234121231432434
23851	1234121231434234
23852	1234121233123444
23853	1234121233124344
23854	1234121233124434
23855	1234121233142344
23856	1234121233142434
23857	1234121233144234
23858	1234121233412344
23859	1234121233412434
23860	1234121233414234
23861	1234121233441234
23862	1234121234123344
23863	1234121234123434
23864	1234121234132344
23865	1234121234132434
23866	1234121234134234
23867	1234121234312344
23868	1234121234312434
23869	1234121234314234
23870	1234121234341234
23871	1234121312233444
23872	1234121312234344
23873	1234121312234434
23874	1234121312243344
23875	1234121312243434
23876	1234121312323444
23877	1234121312324344
23878	1234121312324434
23879	1234121312342344
23880	1234121312342434
23881	1234121312344234
23882	1234121312423344
23883	1234121312423434
23884	1234121312432344
23885	1234121312432434
23886	1234121312434234
23887	1234121314223344
23888	1234121314223434
23889	1234121314232344
23890	1234121314232434
23891	1234121314234234
23892	1234121321233444
23893	1234121321234344
23894	1234121321234434
23895	1234121321243344
23896	1234121321243434
23897	1234121321323444
23898	1234121321324344
23899	1234121321324434
23900	1234121321342344
23901	1234121321342434
23902	1234121321344234
23903	1234121321423344
23904	1234121321423434
23905	1234121321432344
23906	1234121321432434
23907	1234121321434234
23908	1234121323123444
23909	1234121323124344
23910	1234121323124434
23911	1234121323142344
23912	1234121323142434
23913	1234121323144234
23914	1234121323412344
23915	1234121323412434
23916	1234121323414234
23917	1234121323441234
23918	1234121324123344
23919	1234121324123434
23920	1234121324132344
23921	1234121324132434
23922	1234121324134234
23923	1234121324312344
23924	1234121324312434
23925	1234121324314234
23926	1234121324341234
23927	1234121341223344
23928	1234121341223434
23929	1234121341232344
23930	1234121341232434
23931	1234121341234234
23932	1234121342123344
23933	1234121342123434
23934	1234121342132344
23935	1234121342132434
23936	1234121342134234
23937	1234121342312344
23938	1234121342312434
23939	1234121342314234
23940	1234121342341234
23941	1234123112233444
23942	1234123112234344
23943	1234123112234434
23944	1234123112243344
23945	1234123112243434
23946	1234123112323444
23947	1234123112324344
23948	1234123112324434
23949	1234123112342344
23950	1234123112342434
23951	1234123112344234
23952	1234123112423344
23953	1234123112423434
23954	1234123112432344
23955	1234123112432434
23956	1234123112434234
23957	1234123114223344
23958	1234123114223434
23959	1234123114232344
23960	1234123114232434
23961	1234123114234234
23962	1234123121233444
23963	1234123121234344
23964	1234123121234434
23965	1234123121243344
23966	1234123121243434
23967	1234123121323444
23968	1234123121324344
23969	1234123121324434
23970	1234123121342344
23971	1234123121342434
23972	1234123121344234
23973	1234123121423344
23974	1234123121423434
23975	1234123121432344
23976	1234123121432434
23977	1234123121434234
23978	1234123123123444
23979	1234123123124344
23980	1234123123124434
23981	1234123123142344
23982	1234123123142434
23983	1234123123144234
23984	1234123123412344
23985	1234123123412434
23986	1234123123414234
23987	1234123123441234
23988	1234123124123344
23989	1234123124123434
23990	1234123124132344
23991	1234123124132434
23992	1234123124134234
23993	1234123124312344
23994	1234123124312434
23995	1234123124314234
23996	1234123124341234
23997	1234123141223344
23998	1234123141223434
23999	1234123141232344
24000	1234123141232434
24001	1234123141234234
24002	1234123142123344
24003	1234123142123434
24004	1234123142132344
24005	1234123142132434
24006	1234123142134234
24007	1234123142312344
24008	1234123142312434
24009	1234123142314234
24010	1234123142341234
24011	1234123411223344
24012	1234123411223434
24013	1234123411232344
24014	1234123411232434
24015	1234123411234234
24016	1234123412123344
24017	1234123412123434
24018	1234123412132344
24019	1234123412132434
24020	1234123412134234
24021	1234123412312344
24022	1234123412312434
24023	1234123412314234
24024	1234123412341234
