w_word	x_word
1111222233334444	1112221333244434
1111222233334444	1122113322443344
1111222233334444	1211132224333444
1111222233334444	1122113324243344
1111222233334444	1122131322443344
1111222233334444	1212113322443344
1111222233334444	1122113322443434
1111222233334444	1112221333442434
1111222233334444	1112223313244434
1111222233334444	1122121333244434
1111222233334444	1213211432243344
1111222233334444	1112221333444234
1111222233334444	1122113324432344
1111222233334444	1112223331244434
1111222233334444	1122133212443344
1111222233334444	1122112333244434
1111222233334444	1211123322443344
1111222233334444	1123211432243344
1111222233334444	1231114222333444
1111222233334444	1211132422333444
1111222233334444	1213112224333444
1111222233334444	1122133214432434
1111222233334444	1211132224343344
1111222233334444	1112221334342434
1111222233334444	1213121224333444
1111222233334444	1212121333244434
1111222233334444	1211132224343434
1111222233334444	1112221334344234
1111222233334444	1212112333244434
1111222233334444	1112221334432434
1111222233334444	1213211224333444
1111222233334444	1211122333244434
1111222233334444	1211132223344434
1111222233334444	1122113432243344
1111222233334444	1211134222333444
1111222233334444	1123211322443344
1111222233334444	1231112224333444
1111222233334444	1112223331444234
1111222233334444	1122133214432344
1111222233334444	1122113322344434
1111222233334444	1211132223443344
1111222233334444	1231121224333444
1111222233334444	1211132223443434
1111222233334444	1122113432432344
1111222233334444	1123213212443344
1111222233334444	1122123331444234
1111222233334444	1231114222343344
1111222233334444	1122113434232344
1111222233334444	1123231212443344
1111222233334444	1212123331444234
1111222233334444	1231114222343434
1111222233334444	1122131324243344
1111222233334444	1212113322443434
1111222233334444	1122131324432344
1111222233334444	1211123322443434
1111222233334444	1122131432243344
1111222233334444	1213211322443344
1111222233334444	1112223331442434
1111222233334444	1122113323244434
1111222233334444	1122131432432344
1111222233334444	1213213212443344
1111222233334444	1122123331442434
1111222233334444	1231114223243344
1111222233334444	1122131434232344
1111222233334444	1212123331442434
1111222233334444	1112223313442434
1111222233334444	1122123313244434
1111222233334444	1231121432243344
1111222233334444	1213211432432344
1111222233334444	1112223313444234
1111222233334444	1122123331244434
1111222233334444	1231112432243344
1111222233334444	1123211432432344
1111222233334444	1112223314342434
1111222233334444	1122132313244434
1111222233334444	1213121432243344
1111222233334444	1213211432432434
1111222233334444	1112223314344234
1111222233334444	1122132331244434
1111222233334444	1213112432243344
1111222233334444	1123211432432434
1111222233334444	1112223314432434
1111222233334444	1122133213244434
1111222233334444	1211132432243344
1111222233334444	1213211422333444
1111222233334444	1122133214243344
1111222233334444	1211132322443344
1111222233334444	1213114222333444
1111222233334444	1122113324432434
1111222233334444	1122131323244434
1111222233334444	1213211322443434
1111222233334444	1112223334144234
1111222233334444	1122131322344434
1111222233334444	1212113432243344
1111222233334444	1123211322443434
1111222233334444	1112223334441234
1111222233334444	1122133212344434
1111222233334444	1211123432243344
1111222233334444	1234111222333444
1111222233334444	1122133412243344
1111222233334444	1213121322443344
1111222233334444	1213214321432434
1111222233334444	1122113324342434
1111222233334444	1122133412432344
1111222233334444	1213123212443344
1111222233334444	1231124321432434
1111222233334444	1231114223342344
1111222233334444	1122133414232344
1111222233334444	1213122312443344
1111222233334444	1213124321432434
1111222233334444	1231114223342434
1111222233334444	1122133421243344
1111222233334444	1213112322443344
1111222233334444	1123214321432434
1111222233334444	1122113324344234
1111222233334444	1122133421432344
1111222233334444	1213112223443344
1111222233334444	1122134321432434
1111222233334444	1231112224343344
1111222233334444	1213121223443344
1111222233334444	1231112224343434
1111222233334444	1122133441232344
1111222233334444	1213212312443344
1111222233334444	1123124321432434
1111222233334444	1231114223344234
1111222233334444	1213211223443344
1111222233334444	1231112223344434
1111222233334444	1112223413342434
1111222233334444	1123122313244434
1111222233334444	1213122433144234
1111222233334444	1213211432342434
1111222233334444	1112223413344234
1111222233334444	1123122331244434
1111222233334444	1213212433144234
1111222233334444	1123211432342434
1111222233334444	1112223413432434
1111222233334444	1123123213244434
1111222233334444	1231122433144234
1111222233334444	1213211432342344
1111222233334444	1122134312243344
1111222233334444	1231121322443344
1111222233334444	1213214321432344
1111222233334444	1122113323442434
1111222233334444	1112223431342434
1111222233334444	1123212313244434
1111222233334444	1123122433144234
1111222233334444	1213211432344234
1111222233334444	1112223431344234
1111222233334444	1122134312432344
1111222233334444	1123212331244434
1111222233334444	1231123212443344
1111222233334444	1123212433144234
1111222233334444	1231124321432344
1111222233334444	1123211432344234
1111222233334444	1231114223432344
1111222233334444	1112223431432434
1111222233334444	1123213213244434
1111222233334444	1122132433144234
1111222233334444	1213211422343344
1111222233334444	1122134314232344
1111222233334444	1231122312443344
1111222233334444	1213124321432344
1111222233334444	1231114223432434
1111222233334444	1122134321243344
1111222233334444	1231112322443344
1111222233334444	1123214321432344
1111222233334444	1122113323444234
1111222233334444	1123211323244434
1111222233334444	1213211322344434
1111222233334444	1112223433144234
1111222233334444	1122134321432344
1111222233334444	1123211322344434
1111222233334444	1231112223443344
1111222233334444	1231121223443344
1111222233334444	1231112223443434
1111222233334444	1112223433441234
1111222233334444	1123213212344434
1111222233334444	1122123433144234
1111222233334444	1234111222343344
1111222233334444	1123231213244434
1111222233334444	1213211422343434
1111222233334444	1112223434341234
1111222233334444	1123231212344434
1111222233334444	1212123433144234
1111222233334444	1234111222343434
1111222233334444	1213112422333444
1111222233334444	1123213214432434
1111222233334444	1122133214344234
1111222233334444	1211132422343344
1111222233334444	1123231214432434
1111222233334444	1211132422343434
1111222233334444	1123211324432434
1111222233334444	1211132322344434
1111222233334444	1122131324432434
1111222233334444	1211132322443434
1111222233334444	1212123313244434
1111222233334444	1213211434232344
1111222233334444	1212123331244434
1111222233334444	1123211434232344
1111222233334444	1213121422333444
1111222233334444	1213213214432434
1111222233334444	1122133214342434
1111222233334444	1211132423243344
1111222233334444	1213211324432434
1111222233334444	1211132323244434
1111222233334444	1212113323244434
1111222233334444	1213211324243344
1111222233334444	1212113322344434
1111222233334444	1123211324243344
1111222233334444	1213122412333444
1111222233334444	1213123214432434
1111222233334444	1231142213342434
1111222233334444	1211132423342344
1111222233334444	1213122314432434
1111222233334444	1211132423342434
1111222233334444	1213212314432434
1111222233334444	1211132423344234
1111222233334444	1213124212333444
1111222233334444	1231123214432434
1111222233334444	1231142213342344
1111222233334444	1211132423432344
1111222233334444	1231122314432434
1111222233334444	1211132423432434
1111222233334444	1231121324432434
1111222233334444	1211132323442434
1111222233334444	1231112324432434
1111222233334444	1211132323444234
1111222233334444	1212113324432434
1111222233334444	1211132324243344
1111222233334444	1213122313244434
1111222233334444	1213211423342434
1111222233334444	1213122331244434
1111222233334444	1123211423342434
1111222233334444	1213123213244434
1111222233334444	1213211423342344
1111222233334444	1213212313244434
1111222233334444	1213211423344234
1111222233334444	1213212331244434
1111222233334444	1123211423344234
1111222233334444	1213213213244434
1111222233334444	1213211423243344
1111222233334444	1211123324432434
1111222233334444	1211132324432344
1111222233334444	1213211323244434
1111222233334444	1211132324432434
1111222233334444	1213213212344434
1111222233334444	1234111223243344
1111222233334444	1213121324432434
1111222233334444	1211132324342434
1111222233334444	1213112324432434
1111222233334444	1211132324344234
1111222233334444	1211123323244434
1111222233334444	1213211324432344
1111222233334444	1211123322344434
1111222233334444	1123211324432344
1111222233334444	1213212412333444
1111222233334444	1123123214432434
1111222233334444	1231142213344234
1111222233334444	1211132432342344
1111222233334444	1123122314432434
1111222233334444	1211132432342434
1111222233334444	1123212314432434
1111222233334444	1211132432344234
1111222233334444	1213214212333444
1111222233334444	1122123314432434
1111222233334444	1231142213243344
1111222233334444	1211132432432344
1111222233334444	1122132314432434
1111222233334444	1211132432432434
1111222233334444	1122121334432434
1111222233334444	1211122333442434
1111222233334444	1122112334432434
1111222233334444	1211122333444234
1111222233334444	1213112323244434
1111222233334444	1213211324344234
1111222233334444	1213112322344434
1111222233334444	1123211324344234
1111222233334444	1213112223344434
1111222233334444	1213211224343344
1111222233334444	1212123314432434
1111222233334444	1211132434232344
1111222233334444	1213121323244434
1111222233334444	1213211324342434
1111222233334444	1213121322344434
1111222233334444	1123211324342434
1111222233334444	1213123212344434
1111222233334444	1234111223342344
1111222233334444	1213121223344434
1111222233334444	1212121334432434
1111222233334444	1213211224343434
1111222233334444	1211122334342434
1111222233334444	1212112334432434
1111222233334444	1211122334344234
1111222233334444	1213122312344434
1111222233334444	1234111223342434
1111222233334444	1213211223344434
1111222233334444	1211122334432434
1111222233334444	1213212312344434
1111222233334444	1234111223344234
1111222233334444	1231122313244434
1111222233334444	1213211423432434
1111222233334444	1231122331244434
1111222233334444	1123211423432434
1111222233334444	1231123213244434
1111222233334444	1213211423432344
1111222233334444	1231112323244434
1111222233334444	1213211323444234
1111222233334444	1231112322344434
1111222233334444	1123211323444234
1111222233334444	1231121323244434
1111222233334444	1213211323442434
1111222233334444	1231121322344434
1111222233334444	1123211323442434
1111222233334444	1231123212344434
1111222233334444	1234111223432344
1111222233334444	1231121223344434
1111222233334444	1213211223443434
1111222233334444	1231122312344434
1111222233334444	1234111223432434
1111222233334444	1231112422333444
1111222233334444	1123213214432344
1111222233334444	1122133213444234
1111222233334444	1211134222343344
1111222233334444	1123231214432344
1111222233334444	1211134222343434
1111222233334444	1231121422333444
1111222233334444	1213213214432344
1111222233334444	1122133213442434
1111222233334444	1211134223243344
1111222233334444	1123213214243344
1111222233334444	1122132331444234
1111222233334444	1213114222343344
1111222233334444	1122113432432434
1111222233334444	1231122412333444
1111222233334444	1213123214432344
1111222233334444	1231142213432434
1111222233334444	1211134223342344
1111222233334444	1213122314432344
1111222233334444	1211134223342434
1111222233334444	1213212314432344
1111222233334444	1211134223344234
1111222233334444	1123213412243344
1111222233334444	1123122331444234
1111222233334444	1213214321344234
1111222233334444	1122113432342434
1111222233334444	1123213412432344
1111222233334444	1123123213444234
1111222233334444	1231124321344234
1111222233334444	1231112432342344
1111222233334444	1123213414232344
1111222233334444	1123122313444234
1111222233334444	1213124321344234
1111222233334444	1231112432342434
1111222233334444	1123213421243344
1111222233334444	1231124212333444
1111222233334444	1123212331444234
1111222233334444	1231123214432344
1111222233334444	1123214321344234
1111222233334444	1231142213432344
1111222233334444	1122113432344234
1111222233334444	1211134223432344
1111222233334444	1231122314432344
1111222233334444	1211134223432434
1111222233334444	1123213421432344
1111222233334444	1123213213444234
1111222233334444	1122134321344234
1111222233334444	1231112422343344
1111222233334444	1123231213444234
1111222233334444	1231112422343434
1111222233334444	1231121324432344
1111222233334444	1211123323442434
1111222233334444	1123213441232344
1111222233334444	1123212313444234
1111222233334444	1123124321344234
1111222233334444	1231112432344234
1111222233334444	1231112324432344
1111222233334444	1211123323444234
1111222233334444	1231141222333444
1111222233334444	1212113324432344
1111222233334444	1122133212443434
1111222233334444	1211123324243344
1111222233334444	1123214312243344
1111222233334444	1122121333444234
1111222233334444	1213214321243344
1111222233334444	1122112333442434
1111222233334444	1123214312432344
1111222233334444	1122123313444234
1111222233334444	1231124321243344
1111222233334444	1231112432432344
1111222233334444	1123214314232344
1111222233334444	1122132313444234
1111222233334444	1213124321243344
1111222233334444	1231112432432434
1111222233334444	1123214321243344
1111222233334444	1231142212333444
1111222233334444	1122112333444234
1111222233334444	1211123324432344
1111222233334444	1122131323444234
1111222233334444	1231112322443434
1111222233334444	1213121324432344
1111222233334444	1211123324342434
1111222233334444	1213112324432344
1111222233334444	1211123324344234
1111222233334444	1123231214243344
1111222233334444	1213114222343434
1111222233334444	1123231412243344
1111222233334444	1213122331444234
1111222233334444	1213214321342434
1111222233334444	1122113423342434
1111222233334444	1123231412432344
1111222233334444	1213123213444234
1111222233334444	1231124321342434
1111222233334444	1231112423342344
1111222233334444	1123231414232344
1111222233334444	1213122313444234
1111222233334444	1213124321342434
1111222233334444	1231112423342434
1111222233334444	1123231421243344
1111222233334444	1213212331444234
1111222233334444	1123214321342434
1111222233334444	1122113423344234
1111222233334444	1123231421432344
1111222233334444	1213213213444234
1111222233334444	1122134321342434
1111222233334444	1231112423243344
1111222233334444	1123231441232344
1111222233334444	1213212313444234
1111222233334444	1123124321342434
1111222233334444	1231112423344234
1111222233334444	1123234112243344
1111222233334444	1231122331444234
1111222233334444	1213214321342344
1111222233334444	1122113423432434
1111222233334444	1123234112432344
1111222233334444	1231123213444234
1111222233334444	1231124321342344
1111222233334444	1231112423432344
1111222233334444	1123234114232344
1111222233334444	1231122313444234
1111222233334444	1213124321342344
1111222233334444	1231112423432434
1111222233334444	1123234411232344
1111222233334444	1231112323444234
1111222233334444	1231121323444234
1111222233334444	1231112323442434
1111222233334444	1212121333444234
1111222233334444	1122112334342434
1111222233334444	1212123313444234
1111222233334444	1231112434232344
1111222233334444	1212112333444234
1111222233334444	1122112334344234
1111222233334444	1212113323444234
1111222233334444	1231112324243344
1111222233334444	1213112323444234
1111222233334444	1231112324344234
1111222233334444	1213121323444234
1111222233334444	1231112324342434
1111222233334444	1234112212333444
1111222233334444	1122123334441234
1111222233334444	1231142212343344
1111222233334444	1211123432432344
1111222233334444	1122132334441234
1111222233334444	1211123432432434
1111222233334444	1123122334441234
1111222233334444	1211123432342434
1111222233334444	1123212334441234
1111222233334444	1211123432344234
1111222233334444	1234121212333444
1111222233334444	1212123334441234
1111222233334444	1231142212343434
1111222233334444	1211123434232344
1111222233334444	1213122334441234
1111222233334444	1211123423342434
1111222233334444	1213212334441234
1111222233334444	1211123423344234
1111222233334444	1231122334441234
1111222233334444	1211123423432434
1111222233334444	1212113324243344
1111222233334444	1122131322443434
1111222233334444	1212113432432344
1111222233334444	1123213212443434
1111222233334444	1122123334144234
1111222233334444	1231141222343344
1111222233334444	1212113434232344
1111222233334444	1123231212443434
1111222233334444	1212123334144234
1111222233334444	1231141222343434
1111222233334444	1213213212443434
1111222233334444	1231141223243344
1111222233334444	1213121322443434
1111222233334444	1122131324342434
1111222233334444	1213123212443434
1111222233334444	1231141223342344
1111222233334444	1213122312443434
1111222233334444	1231141223342434
1111222233334444	1213112322443434
1111222233334444	1122131324344234
1111222233334444	1213112223443434
1111222233334444	1231121224343344
1111222233334444	1213121223443434
1111222233334444	1231121224343434
1111222233334444	1213212312443434
1111222233334444	1231141223344234
1111222233334444	1231121322443434
1111222233334444	1122131323442434
1111222233334444	1231123212443434
1111222233334444	1231141223432344
1111222233334444	1231122312443434
1111222233334444	1231141223432434
1111222233334444	1231121223443434
1111222233334444	1213213214243344
1111222233334444	1122132331442434
1111222233334444	1213114223243344
1111222233334444	1122131432432434
1111222233334444	1213213412243344
1111222233334444	1123122331442434
1111222233334444	1213214323144234
1111222233334444	1122131432342434
1111222233334444	1213213412432344
1111222233334444	1123123213442434
1111222233334444	1231124323144234
1111222233334444	1231121432342344
1111222233334444	1213213414232344
1111222233334444	1123122313442434
1111222233334444	1213124323144234
1111222233334444	1231121432342434
1111222233334444	1213213421243344
1111222233334444	1123212331442434
1111222233334444	1123214323144234
1111222233334444	1122131432344234
1111222233334444	1213213421432344
1111222233334444	1123213213442434
1111222233334444	1122134323144234
1111222233334444	1231121422343344
1111222233334444	1123231213442434
1111222233334444	1231121422343434
1111222233334444	1213213441232344
1111222233334444	1123212313442434
1111222233334444	1123124323144234
1111222233334444	1231121432344234
1111222233334444	1213214312243344
1111222233334444	1122121333442434
1111222233334444	1213214312432344
1111222233334444	1122123313442434
1111222233334444	1231124312243344
1111222233334444	1231121432432344
1111222233334444	1213214314232344
1111222233334444	1122132313442434
1111222233334444	1213124312243344
1111222233334444	1231121432432434
1111222233334444	1213122331442434
1111222233334444	1122131423342434
1111222233334444	1213123213442434
1111222233334444	1231121423342344
1111222233334444	1213122313442434
1111222233334444	1231121423342434
1111222233334444	1213212331442434
1111222233334444	1122131423344234
1111222233334444	1213213213442434
1111222233334444	1231121423243344
1111222233334444	1213212313442434
1111222233334444	1231121423344234
1111222233334444	1231122331442434
1111222233334444	1122131423432434
1111222233334444	1231123213442434
1111222233334444	1231121423432344
1111222233334444	1231122313442434
1111222233334444	1231121423432434
1111222233334444	1231121323442434
1111222233334444	1212121333442434
1111222233334444	1122121334342434
1111222233334444	1212123313442434
1111222233334444	1231121434232344
1111222233334444	1212112333442434
1111222233334444	1122121334344234
1111222233334444	1212113323442434
1111222233334444	1231121324243344
1111222233334444	1213112323442434
1111222233334444	1231121324344234
1111222233334444	1213121323442434
1111222233334444	1231121324342434
1111222233334444	1122123314342434
1111222233334444	1231142312243344
1111222233334444	1213121432432344
1111222233334444	1213214312432434
1111222233334444	1122123314344234
1111222233334444	1231142321243344
1111222233334444	1213112432432344
1111222233334444	1123214312432434
1111222233334444	1122123413342434
1111222233334444	1234121312243344
1111222233334444	1213122433441234
1111222233334444	1213214312342434
1111222233334444	1122123413344234
1111222233334444	1234121321243344
1111222233334444	1213212433441234
1111222233334444	1123214312342434
1111222233334444	1122123413432434
1111222233334444	1234123112243344
1111222233334444	1231122433441234
1111222233334444	1213214312342344
1111222233334444	1122123431342434
1111222233334444	1234112312243344
1111222233334444	1123122433441234
1111222233334444	1213214312344234
1111222233334444	1122123431344234
1111222233334444	1234112321243344
1111222233334444	1123212433441234
1111222233334444	1123214312344234
1111222233334444	1122123431432434
1111222233334444	1234112213243344
1111222233334444	1122132433441234
1111222233334444	1213214212343344
1111222233334444	1122123433441234
1111222233334444	1234112212343344
1111222233334444	1234121213243344
1111222233334444	1213214212343434
1111222233334444	1122123434341234
1111222233334444	1234121212343344
1111222233334444	1212123433441234
1111222233334444	1234112212343434
1111222233334444	1122132314342434
1111222233334444	1213121432432434
1111222233334444	1122132314344234
1111222233334444	1213112432432434
1111222233334444	1122132334144234
1111222233334444	1212113432432434
1111222233334444	1122132413342434
1111222233334444	1213122413243344
1111222233334444	1213122431432434
1111222233334444	1213214213342434
1111222233334444	1122132413344234
1111222233334444	1213122431243344
1111222233334444	1213212431432434
1111222233334444	1123214213342434
1111222233334444	1122132413432434
1111222233334444	1213124213243344
1111222233334444	1231122431432434
1111222233334444	1213214213342344
1111222233334444	1122132431342434
1111222233334444	1213212413243344
1111222233334444	1123122431432434
1111222233334444	1213214213344234
1111222233334444	1122132431344234
1111222233334444	1213212431243344
1111222233334444	1123212431432434
1111222233334444	1123214213344234
1111222233334444	1122132431432434
1111222233334444	1213214213243344
1111222233334444	1122132434341234
1111222233334444	1212123431432434
1111222233334444	1122133421342434
1111222233334444	1213112423243344
1111222233334444	1123231421432434
1111222233334444	1213213214344234
1111222233334444	1122133421344234
1111222233334444	1213112422343344
1111222233334444	1123213421432434
1111222233334444	1123213214344234
1111222233334444	1122133421432434
1111222233334444	1213112224343344
1111222233334444	1213121423243344
1111222233334444	1213213214342434
1111222233334444	1122133423144234
1111222233334444	1213121422343344
1111222233334444	1213213421432434
1111222233334444	1123213214342434
1111222233334444	1122133423441234
1111222233334444	1213124212343344
1111222233334444	1231123421432434
1111222233334444	1234112213342344
1111222233334444	1213121224343344
1111222233334444	1213112224343434
1111222233334444	1122133424341234
1111222233334444	1213122412343344
1111222233334444	1213123421432434
1111222233334444	1234112213342434
1111222233334444	1122133442341234
1111222233334444	1213212412343344
1111222233334444	1123123421432434
1111222233334444	1234112213344234
1111222233334444	1122134213342434
1111222233334444	1231122413243344
1111222233334444	1213122431432344
1111222233334444	1213214213432434
1111222233334444	1122134213344234
1111222233334444	1231122431243344
1111222233334444	1213212431432344
1111222233334444	1123214213432434
1111222233334444	1122134213432434
1111222233334444	1231124213243344
1111222233334444	1231122431432344
1111222233334444	1213214213432344
1111222233334444	1122134323441234
1111222233334444	1231124212343344
1111222233334444	1231123421432344
1111222233334444	1234112213432344
1111222233334444	1122134324341234
1111222233334444	1231122412343344
1111222233334444	1213123421432344
1111222233334444	1234112213432434
1111222233334444	1122133412342434
1111222233334444	1213123412243344
1111222233334444	1234121321432434
1111222233334444	1213214324341234
1111222233334444	1122133412344234
1111222233334444	1213123421243344
1111222233334444	1234112321432434
1111222233334444	1123214324341234
1111222233334444	1122133412432434
1111222233334444	1213123214243344
1111222233334444	1231142321432434
1111222233334444	1213114223342344
1111222233334444	1213121324243344
1111222233334444	1212113324342434
1111222233334444	1213122314243344
1111222233334444	1213114223342434
1111222233334444	1213112324243344
1111222233334444	1212113324344234
1111222233334444	1213212314243344
1111222233334444	1213114223344234
1111222233334444	1122134312342434
1111222233334444	1231123412243344
1111222233334444	1234121321432344
1111222233334444	1213214323441234
1111222233334444	1122134312344234
1111222233334444	1231123421243344
1111222233334444	1234112321432344
1111222233334444	1123214323441234
1111222233334444	1122134312432434
1111222233334444	1231123214243344
1111222233334444	1231142321432344
1111222233334444	1213114223432344
1111222233334444	1231122314243344
1111222233334444	1213114223432434
1111222233334444	1213121434232344
1111222233334444	1212123314342434
1111222233334444	1213123412432344
1111222233334444	1234123112432434
1111222233334444	1231124324341234
1111222233334444	1231142312342344
1111222233334444	1213123414232344
1111222233334444	1234121312432434
1111222233334444	1213124324341234
1111222233334444	1231142312342434
1111222233334444	1234121213432434
1111222233334444	1231122412343434
1111222233334444	1213123441232344
1111222233334444	1234112312432434
1111222233334444	1123124324341234
1111222233334444	1231142312344234
1111222233334444	1213124312432344
1111222233334444	1231124312432434
1111222233334444	1231124314232344
1111222233334444	1231142312432344
1111222233334444	1213124314232344
1111222233334444	1231142312432434
1111222233334444	1213122413432344
1111222233334444	1213124213432434
1111222233334444	1231124213342434
1111222233334444	1231122413342344
1111222233334444	1213122413342344
1111222233334444	1213122413432434
1111222233334444	1213124213342434
1111222233334444	1231122413342434
1111222233334444	1213122431342344
1111222233334444	1213212413432434
1111222233334444	1123124213342434
1111222233334444	1231122413344234
1111222233334444	1213124213432344
1111222233334444	1231124213432434
1111222233334444	1231124213342344
1111222233334444	1231122413432344
1111222233334444	1213124213342344
1111222233334444	1231122413432434
1111222233334444	1213124312432434
1111222233334444	1231142314232344
1111222233334444	1213112423432434
1111222233334444	1231122314344234
1111222233334444	1213121423432434
1111222233334444	1231122314342434
1111222233334444	1213112434232344
1111222233334444	1212123314344234
1111222233334444	1213112423432344
1111222233334444	1123234112432434
1111222233334444	1231123214344234
1111222233334444	1231142321342344
1111222233334444	1213112423342344
1111222233334444	1123231412432434
1111222233334444	1213123214344234
1111222233334444	1231142321342434
1111222233334444	1213112432342344
1111222233334444	1123213412432434
1111222233334444	1123123214344234
1111222233334444	1231142321344234
1111222233334444	1213121423432344
1111222233334444	1231123214342434
1111222233334444	1213121423342344
1111222233334444	1213123214342434
1111222233334444	1213121432342344
1111222233334444	1213213412432434
1111222233334444	1123123214342434
1111222233334444	1231142323144234
1111222233334444	1213124312342344
1111222233334444	1231123412432434
1111222233334444	1234123114232344
1111222233334444	1231142323441234
1111222233334444	1213123412432434
1111222233334444	1231142324341234
1111222233334444	1213212413432344
1111222233334444	1123124213432434
1111222233334444	1231124213344234
1111222233334444	1231122431342344
1111222233334444	1213212413342344
1111222233334444	1123122413432434
1111222233334444	1213124213344234
1111222233334444	1231122431342434
1111222233334444	1213212431342344
1111222233334444	1123212413432434
1111222233334444	1123124213344234
1111222233334444	1231122431344234
1111222233334444	1212113423432434
1111222233334444	1231122334144234
1111222233334444	1212123413432434
1111222233334444	1231122434341234
1111222233334444	1123122314342434
1111222233334444	1213121432342434
1111222233334444	1123122314344234
1111222233334444	1213112432342434
1111222233334444	1123122334144234
1111222233334444	1212113432342434
1111222233334444	1123122413342434
1111222233334444	1213122413344234
1111222233334444	1213122431342434
1111222233334444	1213212413342434
1111222233334444	1123122413344234
1111222233334444	1213122431344234
1111222233334444	1213212431342434
1111222233334444	1123212413342434
1111222233334444	1123122431342434
1111222233334444	1213212413344234
1111222233334444	1123122431344234
1111222233334444	1213212431344234
1111222233334444	1123212431342434
1111222233334444	1123212413344234
1111222233334444	1123122434341234
1111222233334444	1212123431342434
1111222233334444	1123123421342434
1111222233334444	1234112323144234
1111222233334444	1123231442341234
1111222233334444	1213213412344234
1111222233334444	1123123421344234
1111222233334444	1234112321344234
1111222233334444	1123213442341234
1111222233334444	1123213412344234
1111222233334444	1234121323144234
1111222233334444	1213213412342434
1111222233334444	1123123423144234
1111222233334444	1234121321344234
1111222233334444	1213213442341234
1111222233334444	1123213412342434
1111222233334444	1123123423441234
1111222233334444	1234123112344234
1111222233334444	1231123442341234
1111222233334444	1234112312342344
1111222233334444	1234121213344234
1111222233334444	1213212412343434
1111222233334444	1123123424341234
1111222233334444	1234121312344234
1111222233334444	1213123442341234
1111222233334444	1234112312342434
1111222233334444	1123123442341234
1111222233334444	1234112312344234
1111222233334444	1123124323441234
1111222233334444	1231124312344234
1111222233334444	1231123441232344
1111222233334444	1234112312432344
1111222233334444	1213112423344234
1111222233334444	1213212314344234
1111222233334444	1213112432344234
1111222233334444	1123212314344234
1111222233334444	1213121423344234
1111222233334444	1213212314342434
1111222233334444	1213121432344234
1111222233334444	1123212314342434
1111222233334444	1213124312344234
1111222233334444	1234112314232344
1111222233334444	1123212334144234
1111222233334444	1212113432344234
1111222233334444	1231123412432344
1111222233334444	1234123112432344
1111222233334444	1231124323441234
1111222233334444	1231124312342344
1111222233334444	1231123414232344
1111222233334444	1234121312432344
1111222233334444	1213124323441234
1111222233334444	1231124312342434
1111222233334444	1234121213432344
1111222233334444	1231124212343434
1111222233334444	1123212431344234
1111222233334444	1231124312432344
1111222233334444	1123212434341234
1111222233334444	1212123431344234
1111222233334444	1123213421342434
1111222233334444	1123213423144234
1111222233334444	1123231421344234
1111222233334444	1213213421344234
1111222233334444	1123213421344234
1111222233334444	1231124213432344
1111222233334444	1123231423144234
1111222233334444	1213213421342434
1111222233334444	1123213423441234
1111222233334444	1123234112344234
1111222233334444	1231123421344234
1111222233334444	1234112321342344
1111222233334444	1123231214344234
1111222233334444	1213112422343434
1111222233334444	1123213424341234
1111222233334444	1123231412344234
1111222233334444	1213123421344234
1111222233334444	1234112321342434
1111222233334444	1123231214342434
1111222233334444	1213121422343434
1111222233334444	1123231421342434
1111222233334444	1213213423144234
1111222233334444	1123231423441234
1111222233334444	1231123421342434
1111222233334444	1123231424341234
1111222233334444	1213123421342434
1111222233334444	1123231412342434
1111222233334444	1213123423144234
1111222233334444	1234121321342434
1111222233334444	1213213424341234
1111222233334444	1213122334144234
1111222233334444	1212113423342434
1111222233334444	1213122314344234
1111222233334444	1213112423342434
1111222233334444	1213212334144234
1111222233334444	1212113423344234
1111222233334444	1123234112342434
1111222233334444	1231123423144234
1111222233334444	1234121321342344
1111222233334444	1213213423441234
1111222233334444	1123234412341234
1111222233334444	1231123412344234
1111222233334444	1234123411232344
1111222233334444	1234112323441234
1111222233334444	1212123413344234
1111222233334444	1213212434341234
1111222233334444	1212121334344234
1111222233334444	1212112334342434
1111222233334444	1212112334344234
1111222233334444	1213121324344234
1111222233334444	1213112324342434
1111222233334444	1213123412344234
1111222233334444	1234112324341234
1111222233334444	1213112324344234
1111222233334444	1234121314232344
1111222233334444	1213124312342434
1111222233334444	1234121323441234
1111222233334444	1231123412342434
1111222233334444	1234121213342344
1111222233334444	1213124212343434
1111222233334444	1234121312342344
1111222233334444	1213123423441234
1111222233334444	1234123112342434
1111222233334444	1231123424341234
1111222233334444	1234123112342344
1111222233334444	1231123423441234
1111222233334444	1212121334342434
1111222233334444	1213121224343434
1111222233334444	1212123413342434
1111222233334444	1213122434341234
1111222233334444	1212123434341234
1111222233334444	1234121212343434
1111222233334444	1213122314342434
1111222233334444	1213121423342434
1111222233334444	1213121324342434
1111222233334444	1213122412343434
1111222233334444	1234121213342434
1111222233334444	1213122413342434
1111222233334444	1234121324341234
1111222233334444	1213123412342434
1111222233334444	1234121312342434
1111222233334444	1213123424341234
1111222233334444	1234123412341234
1111222233343444	1122113322443344
1111222233343444	1112221333424434
1111222233343444	1122131322443344
1111222233343444	1212113322443344
1111222233343444	1211132224334344
1111222233343444	1122113324423344
1111222233343444	1211132224334434
1111222233343444	1112221333444234
1111222233343444	1211123322443344
1111222233343444	1112221334324434
1111222233343444	1122113322434434
1111222233343444	1231114222334344
1111222233343444	1112221334434234
1111222233343444	1231114222334434
1111222233343444	1123211322443344
1111222233343444	1211132223443344
1111222233343444	1122113432423344
1111222233343444	1122113434223344
1111222233343444	1211132223434434
1111222233343444	1122131324423344
1111222233343444	1213211432423344
1111222233343444	1123211432423344
1111222233343444	1122133214434234
1111222233343444	1213211322443344
1111222233343444	1122133214423344
1111222233343444	1122131432423344
1111222233343444	1213211432324434
1111222233343444	1123211432324434
1111222233343444	1122131434223344
1111222233343444	1213211432324344
1111222233343444	1112223313424434
1111222233343444	1112223314324434
1111222233343444	1122133214324434
1111222233343444	1122113324324434
1111222233343444	1231114223324344
1111222233343444	1112223314434234
1111222233343444	1231114223324434
1111222233343444	1112223331424434
1111222233343444	1211132322443344
1111222233343444	1231142213324434
1111222233343444	1122113324434234
1111222233343444	1231112224334344
1111222233343444	1231112224334434
1111222233343444	1213121322443344
1111222233343444	1122133412423344
1111222233343444	1213211432434234
1111222233343444	1123211432434234
1111222233343444	1122133414223344
1111222233343444	1213211422334344
1111222233343444	1213112322443344
1111222233343444	1231142213324344
1111222233343444	1213211322434434
1111222233343444	1213112223443344
1111222233343444	1123211322434434
1111222233343444	1213121223443344
1111222233343444	1234111222334344
1111222233343444	1213211422334434
1111222233343444	1213211223443344
1111222233343444	1234111222334434
1111222233343444	1112223413324434
1111222233343444	1122113323424434
1111222233343444	1231114223423344
1111222233343444	1112223413434234
1111222233343444	1112223431324434
1111222233343444	1231121322443344
1111222233343444	1122134312423344
1111222233343444	1122134314223344
1111222233343444	1112223431434234
1111222233343444	1231112322443344
1111222233343444	1122113323444234
1111222233343444	1231112223443344
1111222233343444	1231121223443344
1111222233343444	1231114223434234
1111222233343444	1231112223434434
1111222233343444	1212113322434434
1111222233343444	1211132422334344
1111222233343444	1213211434223344
1111222233343444	1211132422334434
1111222233343444	1211123322434434
1111222233343444	1123211434223344
1111222233343444	1213211423324434
1111222233343444	1122123331424434
1111222233343444	1123211423324434
1111222233343444	1213211423324344
1111222233343444	1211132322434434
1111222233343444	1212123331424434
1111222233343444	1213114222334344
1111222233343444	1211132423324344
1111222233343444	1211132423324434
1111222233343444	1211134222334344
1111222233343444	1213214321434234
1111222233343444	1211132423423344
1111222233343444	1231124321434234
1111222233343444	1211132323424434
1111222233343444	1213124321434234
1111222233343444	1123214321434234
1111222233343444	1122134321434234
1111222233343444	1211132423434234
1111222233343444	1123124321434234
1111222233343444	1211132324423344
1111222233343444	1211132324324434
1111222233343444	1211132324434234
1111222233343444	1213114222334434
1111222233343444	1211132432324344
1111222233343444	1213211324423344
1111222233343444	1211132432324434
1111222233343444	1211134222334434
1111222233343444	1123211324423344
1111222233343444	1213214321324434
1111222233343444	1211132432423344
1111222233343444	1213211324434234
1111222233343444	1231124321324434
1111222233343444	1123211324434234
1111222233343444	1213211224334344
1111222233343444	1211122333424434
1111222233343444	1213124321324434
1111222233343444	1123214321324434
1111222233343444	1213211324324434
1111222233343444	1122134321324434
1111222233343444	1123211324324434
1111222233343444	1211132432434234
1111222233343444	1234111223324344
1111222233343444	1213211224334434
1111222233343444	1123124321324434
1111222233343444	1211122333444234
1111222233343444	1234111223324434
1111222233343444	1211132434223344
1111222233343444	1211122334324434
1111222233343444	1211122334434234
1111222233343444	1213211423434234
1111222233343444	1123211423434234
1111222233343444	1213211423423344
1111222233343444	1213211323424434
1111222233343444	1123211323424434
1111222233343444	1234111223423344
1111222233343444	1213211223434434
1111222233343444	1234111223434234
1111222233343444	1122113432324434
1111222233343444	1231112432324344
1111222233343444	1231112432324434
1111222233343444	1211134223324344
1111222233343444	1123213214423344
1111222233343444	1211134223324434
1111222233343444	1122113432434234
1111222233343444	1231112422334344
1111222233343444	1231112422334434
1111222233343444	1211134223423344
1111222233343444	1123213412423344
1111222233343444	1123213414223344
1111222233343444	1211123323424434
1111222233343444	1211134223434234
1111222233343444	1122112333424434
1111222233343444	1231112432423344
1111222233343444	1122121333444234
1111222233343444	1211123324423344
1111222233343444	1123214312423344
1111222233343444	1123214314223344
1111222233343444	1211123324324434
1111222233343444	1122112333444234
1111222233343444	1211123324434234
1111222233343444	1122131323444234
1111222233343444	1231112432434234
1111222233343444	1231112322434434
1111222233343444	1122133213424434
1111222233343444	1122113423324434
1111222233343444	1231112423324344
1111222233343444	1231112423324434
1111222233343444	1123231214423344
1111222233343444	1231142213434234
1111222233343444	1123231412423344
1111222233343444	1123231414223344
1111222233343444	1231142213423344
1111222233343444	1123234112423344
1111222233343444	1123234114223344
1111222233343444	1122113423434234
1111222233343444	1231112423423344
1111222233343444	1231112423434234
1111222233343444	1231112323424434
1111222233343444	1122112334324434
1111222233343444	1231112434223344
1111222233343444	1212121333444234
1111222233343444	1212112333444234
1111222233343444	1212113323444234
1111222233343444	1122112334434234
1111222233343444	1231112324423344
1111222233343444	1231112324434234
1111222233343444	1231112324324434
1111222233343444	1213121323444234
1111222233343444	1211123432423344
1111222233343444	1211123432324434
1111222233343444	1211123432434234
1111222233343444	1211123434223344
1111222233343444	1211123423324434
1111222233343444	1211123423434234
1111222233343444	1212113324423344
1111222233343444	1122121333424434
1111222233343444	1213112224334344
1111222233343444	1122131322434434
1111222233343444	1213121224334344
1111222233343444	1212121333424434
1111222233343444	1212112333424434
1111222233343444	1231141222334344
1111222233343444	1231141222334434
1111222233343444	1212113432423344
1111222233343444	1231121224334344
1111222233343444	1212113434223344
1111222233343444	1213122413324434
1111222233343444	1213122431324434
1111222233343444	1213124213324434
1111222233343444	1213212413324434
1111222233343444	1213212431324434
1111222233343444	1231121432423344
1111222233343444	1213214213324434
1111222233343444	1122131324324434
1111222233343444	1213121432423344
1111222233343444	1213112432423344
1111222233343444	1231141223324344
1111222233343444	1231141223324434
1111222233343444	1122131324434234
1111222233343444	1213214312324434
1111222233343444	1231121224334434
1111222233343444	1122131323424434
1111222233343444	1213122433414234
1111222233343444	1213212433414234
1111222233343444	1231141223423344
1111222233343444	1231122433414234
1111222233343444	1231141223434234
1111222233343444	1231121223434434
1111222233343444	1231122413324434
1111222233343444	1231122431324434
1111222233343444	1231124213324434
1111222233343444	1123213214434234
1111222233343444	1123231214434234
1111222233343444	1231142321324434
1111222233343444	1213213214434234
1111222233343444	1213123214434234
1111222233343444	1213122314434234
1111222233343444	1213212314434234
1111222233343444	1231123214434234
1111222233343444	1231122314434234
1111222233343444	1231121324434234
1111222233343444	1212113324434234
1111222233343444	1213121324434234
1111222233343444	1213112324434234
1111222233343444	1231121423324434
1111222233343444	1231121432324434
1111222233343444	1123123214434234
1111222233343444	1123122314434234
1111222233343444	1231124312324434
1111222233343444	1123212314434234
1111222233343444	1122123314434234
1111222233343444	1122132314434234
1111222233343444	1231142312324434
1111222233343444	1122121334434234
1111222233343444	1212123314434234
1111222233343444	1212121334434234
1111222233343444	1212112334434234
1111222233343444	1234112213324434
1111222233343444	1234112321324434
1111222233343444	1234121213324434
1111222233343444	1234121321324434
1111222233343444	1234121312324434
1111222233343444	1234112312324434
1111222233343444	1213213214423344
1111222233343444	1122131432324434
1111222233343444	1213121432324434
1111222233343444	1213112432324434
1111222233343444	1231121432324344
1111222233343444	1213123214423344
1111222233343444	1122131432434234
1111222233343444	1213122314423344
1111222233343444	1212113432324434
1111222233343444	1231121422334344
1111222233343444	1213212314423344
1111222233343444	1231121422334434
1111222233343444	1213213412423344
1111222233343444	1213213414223344
1111222233343444	1231123214423344
1111222233343444	1231122314423344
1111222233343444	1231121324423344
1111222233343444	1213214312423344
1111222233343444	1123122431324434
1111222233343444	1123212431324434
1111222233343444	1213214314223344
1111222233343444	1122132431324434
1111222233343444	1122123431324434
1111222233343444	1213121324423344
1111222233343444	1231121432434234
1111222233343444	1213112324423344
1111222233343444	1231121322434434
1111222233343444	1212123431324434
1111222233343444	1213112423324434
1111222233343444	1213114223324434
1111222233343444	1122131423324434
1111222233343444	1213121432324344
1111222233343444	1213112432324344
1111222233343444	1231121423324344
1111222233343444	1213121423324434
1111222233343444	1213124312324434
1111222233343444	1123231442314234
1111222233343444	1123213442314234
1111222233343444	1122133442314234
1111222233343444	1122131423434234
1111222233343444	1213213442314234
1111222233343444	1231121423423344
1111222233343444	1231123442314234
1111222233343444	1231121423434234
1111222233343444	1231121323424434
1111222233343444	1213123442314234
1111222233343444	1213112224334434
1111222233343444	1122121334324434
1111222233343444	1231121434223344
1111222233343444	1213112422334434
1111222233343444	1213121224334434
1111222233343444	1213121422334434
1111222233343444	1213122412334434
1111222233343444	1213212412334434
1111222233343444	1231121324324434
1111222233343444	1231122412334434
1111222233343444	1123122413324434
1111222233343444	1123124213324434
1111222233343444	1123214312324434
1111222233343444	1213214312324344
1111222233343444	1122123313424434
1111222233343444	1123212413324434
1111222233343444	1122123314324434
1111222233343444	1123214213324434
1111222233343444	1122123413324434
1111222233343444	1122123413434234
1111222233343444	1122123431434234
1111222233343444	1122132413324434
1111222233343444	1212113324324434
1111222233343444	1122134213324434
1111222233343444	1123213214324434
1111222233343444	1123231214324434
1111222233343444	1122133421324434
1111222233343444	1213214213324344
1111222233343444	1212123314324434
1111222233343444	1122132313424434
1111222233343444	1122132314324434
1111222233343444	1213213214324434
1111222233343444	1122132331424434
1111222233343444	1213114223324344
1111222233343444	1213123214324434
1111222233343444	1213122314324434
1111222233343444	1213212314324434
1111222233343444	1213214324314234
1111222233343444	1231124324314234
1111222233343444	1213124324314234
1111222233343444	1231123214324434
1111222233343444	1123214324314234
1111222233343444	1231122314324434
1111222233343444	1122134324314234
1111222233343444	1122132413434234
1111222233343444	1231124314223344
1111222233343444	1122132431434234
1111222233343444	1213124314223344
1111222233343444	1213121324324434
1111222233343444	1213112324324434
1111222233343444	1123123214324434
1111222233343444	1123122314324434
1111222233343444	1122134312324434
1111222233343444	1123212314324434
1111222233343444	1122133412324434
1111222233343444	1234112213324344
1111222233343444	1231124213324344
1111222233343444	1122133421434234
1111222233343444	1213124213324344
1111222233343444	1212121334324434
1111222233343444	1212112334324434
1111222233343444	1122133424314234
1111222233343444	1123213421324434
1111222233343444	1122134213434234
1111222233343444	1213214213434234
1111222233343444	1123214213434234
1111222233343444	1123231421324434
1111222233343444	1213214213423344
1111222233343444	1213213213424434
1111222233343444	1123213213424434
1111222233343444	1123231412324434
1111222233343444	1234112213423344
1111222233343444	1123213412324434
1111222233343444	1213112223434434
1111222233343444	1234112213434234
1111222233343444	1122133412434234
1111222233343444	1212113423324434
1111222233343444	1212123413324434
1111222233343444	1234123114223344
1111222233343444	1123123421324434
1111222233343444	1213214323414234
1111222233343444	1123122331424434
1111222233343444	1213114223423344
1111222233343444	1212113323424434
1111222233343444	1123122313424434
1111222233343444	1123123213424434
1111222233343444	1123212331424434
1111222233343444	1123212313424434
1111222233343444	1213114223434234
1111222233343444	1123231213424434
1111222233343444	1213121434223344
1111222233343444	1213121432434234
1111222233343444	1213112432434234
1111222233343444	1231142312324344
1111222233343444	1212113432434234
1111222233343444	1231122412334344
1111222233343444	1213123412423344
1111222233343444	1213123414223344
1111222233343444	1213122431434234
1111222233343444	1213212431434234
1111222233343444	1231142312423344
1111222233343444	1231122431434234
1111222233343444	1213124312423344
1111222233343444	1123122431434234
1111222233343444	1123212431434234
1111222233343444	1212123431434234
1111222233343444	1213121422334344
1111222233343444	1213112422334344
1111222233343444	1231122413324344
1111222233343444	1213122413423344
1111222233343444	1213122413324344
1111222233343444	1213124213423344
1111222233343444	1123231421434234
1111222233343444	1123213421434234
1111222233343444	1213213421434234
1111222233343444	1231122413423344
1111222233343444	1231123421434234
1111222233343444	1231122413434234
1111222233343444	1231122313424434
1111222233343444	1213123421434234
1111222233343444	1123123421434234
1111222233343444	1231142314223344
1111222233343444	1213213421324434
1111222233343444	1213213412324434
1111222233343444	1234121213324344
1111222233343444	1213112434223344
1111222233343444	1213121322434434
1111222233343444	1213112322434434
1111222233343444	1213212413324344
1111222233343444	1213112423423344
1111222233343444	1213112423324344
1111222233343444	1213122331424434
1111222233343444	1213212331424434
1111222233343444	1231122331424434
1111222233343444	1213121423324344
1111222233343444	1231142321434234
1111222233343444	1212123313424434
1111222233343444	1213121423423344
1111222233343444	1213122412334344
1111222233343444	1234121321434234
1111222233343444	1234112321434234
1111222233343444	1231142323414234
1111222233343444	1213124312324344
1111222233343444	1213123421324434
1111222233343444	1213122313424434
1111222233343444	1213123213424434
1111222233343444	1213212313424434
1111222233343444	1231142324314234
1111222233343444	1234121314223344
1111222233343444	1234112314223344
1111222233343444	1213212413423344
1111222233343444	1231123421324434
1111222233343444	1213212412334344
1111222233343444	1231123414223344
1111222233343444	1213123412324434
1111222233343444	1213112323424434
1111222233343444	1231122434314234
1111222233343444	1213121323424434
1111222233343444	1213121223434434
1111222233343444	1234121324314234
1111222233343444	1234112324314234
1111222233343444	1213122434314234
1111222233343444	1213212434314234
1111222233343444	1123231424314234
1111222233343444	1231123213424434
1111222233343444	1123213424314234
1111222233343444	1213213424314234
1111222233343444	1213123424314234
1111222233343444	1231123424314234
1111222233343444	1231123412324434
1111222233343444	1231124323414234
1111222233343444	1213124323414234
1111222233343444	1123122413434234
1111222233343444	1231124312423344
1111222233343444	1213213412434234
1111222233343444	1123213412434234
1111222233343444	1234112312324344
1111222233343444	1123124213434234
1111222233343444	1213212413434234
1111222233343444	1123212413434234
1111222233343444	1234112312423344
1111222233343444	1231124312324344
1111222233343444	1123234412314234
1111222233343444	1231123412423344
1111222233343444	1231124213423344
1111222233343444	1231124213434234
1111222233343444	1213124213434234
1111222233343444	1123231412434234
1111222233343444	1234123112423344
1111222233343444	1234112323414234
1111222233343444	1212113423434234
1111222233343444	1213112423434234
1111222233343444	1234121312423344
1111222233343444	1231123412434234
1111222233343444	1234121213423344
1111222233343444	1234121312324344
1111222233343444	1212123413434234
1111222233343444	1213121423434234
1111222233343444	1234121213434234
1111222233343444	1213122413434234
1111222233343444	1213123412434234
1111222233343444	1234121323414234
1111222233343444	1234123412314234
1111222233344344	1211132224333444
1111222233344344	1122113322443434
1111222233344344	1211132224334434
1111222233344344	1231114222333444
1111222233344344	1211132422333444
1111222233344344	1213112224333444
1111222233344344	1122133214432434
1111222233344344	1213121224333444
1111222233344344	1211132423323444
1111222233344344	1213211224333444
1111222233344344	1211132432323444
1111222233344344	1211134222333444
1111222233344344	1231112224333444
1111222233344344	1231121224333444
1111222233344344	1211132223443434
1111222233344344	1211134223323444
1111222233344344	1212113322443434
1111222233344344	1211123322443434
1111222233344344	1213211432423434
1111222233344344	1123211432423434
1111222233344344	1213211432323444
1111222233344344	1122113324423434
1111222233344344	1231114223323444
1111222233344344	1213211432432434
1111222233344344	1123211432432434
1111222233344344	1213211422333444
1111222233344344	1231114223324434
1111222233344344	1213114222333444
1111222233344344	1122113324432434
1111222233344344	1231142213324434
1111222233344344	1213211322443434
1111222233344344	1123211322443434
1111222233344344	1231112224334434
1111222233344344	1234111222333444
1111222233344344	1213214321432434
1111222233344344	1231124321432434
1111222233344344	1213124321432434
1111222233344344	1123214321432434
1111222233344344	1122134321432434
1111222233344344	1122133214423434
1111222233344344	1231114223423434
1111222233344344	1231114223432434
1111222233344344	1231142213323444
1111222233344344	1231112223443434
1111222233344344	1213112422333444
1111222233344344	1123213214432434
1111222233344344	1123231214432434
1111222233344344	1213211434223434
1111222233344344	1213112423323444
1111222233344344	1123211434223434
1111222233344344	1123211324432434
1111222233344344	1213211423323444
1111222233344344	1213112432323444
1111222233344344	1122131324432434
1111222233344344	1213211423324434
1111222233344344	1211132322443434
1111222233344344	1213114223323444
1111222233344344	1213121422333444
1111222233344344	1213213214432434
1111222233344344	1213121423323444
1111222233344344	1213211324432434
1111222233344344	1213121432323444
1111222233344344	1211132423324434
1111222233344344	1213122412333444
1111222233344344	1213123214432434
1111222233344344	1213122314432434
1111222233344344	1213122413323444
1111222233344344	1213212314432434
1111222233344344	1211132423423434
1111222233344344	1231123214432434
1111222233344344	1231122314432434
1111222233344344	1211132423432434
1111222233344344	1213124213323444
1111222233344344	1231121324432434
1111222233344344	1213124312323444
1111222233344344	1231112324432434
1111222233344344	1212113324432434
1111222233344344	1211132324423434
1111222233344344	1211123324432434
1111222233344344	1211132324432434
1111222233344344	1213121324432434
1111222233344344	1213112324432434
1111222233344344	1213212412333444
1111222233344344	1213211324423434
1111222233344344	1213212413323444
1111222233344344	1123211324423434
1111222233344344	1234111223323444
1111222233344344	1211132432423434
1111222233344344	1213214213323444
1111222233344344	1213211224334434
1111222233344344	1213214312323444
1111222233344344	1234111223324434
1111222233344344	1211132434223434
1111222233344344	1213211423432434
1111222233344344	1213211423423434
1111222233344344	1234111223423434
1111222233344344	1213211223443434
1111222233344344	1234111223432434
1111222233344344	1231112422333444
1111222233344344	1231112423323444
1111222233344344	1231112432323444
1111222233344344	1122113432423434
1111222233344344	1231121422333444
1111222233344344	1231121423323444
1111222233344344	1231121432323444
1111222233344344	1122113432432434
1111222233344344	1211134223324434
1111222233344344	1231122412333444
1111222233344344	1231142213432434
1111222233344344	1231122413323444
1111222233344344	1211134223423434
1111222233344344	1211134223432434
1111222233344344	1231124213323444
1111222233344344	1231124312323444
1111222233344344	1231141222333444
1111222233344344	1231141223323444
1111222233344344	1231112432423434
1111222233344344	1211123324423434
1111222233344344	1231112322443434
1111222233344344	1231142312323444
1111222233344344	1122113434223434
1111222233344344	1231112423324434
1111222233344344	1231112423432434
1111222233344344	1231142213423434
1111222233344344	1231112423423434
1111222233344344	1231112434223434
1111222233344344	1231112324423434
1111222233344344	1211123432423434
1111222233344344	1211123432432434
1111222233344344	1234112213323444
1111222233344344	1234112312323444
1111222233344344	1211123434223434
1111222233344344	1234121213323444
1111222233344344	1234121312323444
1111222233344344	1234123112323444
1111222233344344	1122131322443434
1111222233344344	1213122413324434
1111222233344344	1213124213324434
1111222233344344	1213212413324434
1111222233344344	1122131324423434
1111222233344344	1213214213324434
1111222233344344	1231141223324434
1111222233344344	1231121224334434
1111222233344344	1213121322443434
1111222233344344	1213112322443434
1111222233344344	1213112223443434
1111222233344344	1213121223443434
1111222233344344	1231141223423434
1111222233344344	1231121322443434
1111222233344344	1231141223432434
1111222233344344	1231121223443434
1111222233344344	1231122413324434
1111222233344344	1231124213324434
1111222233344344	1231121432423434
1111222233344344	1213121432423434
1111222233344344	1213112432423434
1111222233344344	1122131432423434
1111222233344344	1212113432423434
1111222233344344	1213122433412434
1111222233344344	1213212433412434
1111222233344344	1231122433412434
1111222233344344	1231121423324434
1111222233344344	1123231442312434
1111222233344344	1123213442312434
1111222233344344	1122133442312434
1111222233344344	1213213442312434
1111222233344344	1231123442312434
1111222233344344	1213123442312434
1111222233344344	1234112213324434
1111222233344344	1234121213324434
1111222233344344	1122131432432434
1111222233344344	1231121432432434
1111222233344344	1213112423324434
1111222233344344	1122131434223434
1111222233344344	1213114223324434
1111222233344344	1213121423324434
1111222233344344	1231121423432434
1111222233344344	1231121423423434
1111222233344344	1213112224334434
1111222233344344	1231121434223434
1111222233344344	1213121224334434
1111222233344344	1231121324423434
1111222233344344	1212113324423434
1111222233344344	1213214312423434
1111222233344344	1123214312423434
1111222233344344	1213214324312434
1111222233344344	1231124324312434
1111222233344344	1213124324312434
1111222233344344	1123214324312434
1111222233344344	1122134324312434
1111222233344344	1213214314223434
1111222233344344	1123214314223434
1111222233344344	1213121432432434
1111222233344344	1212113432432434
1111222233344344	1213122431432434
1111222233344344	1213212431432434
1111222233344344	1231122431432434
1111222233344344	1213213214423434
1111222233344344	1123213214423434
1111222233344344	1123231421432434
1111222233344344	1123213421432434
1111222233344344	1122133421432434
1111222233344344	1213213421432434
1111222233344344	1231123421432434
1111222233344344	1122133424312434
1111222233344344	1213123421432434
1111222233344344	1213214213432434
1111222233344344	1231124314223434
1111222233344344	1213124314223434
1111222233344344	1122134314223434
1111222233344344	1213214213423434
1111222233344344	1234112213423434
1111222233344344	1234112213432434
1111222233344344	1123234114223434
1111222233344344	1234121321432434
1111222233344344	1234112321432434
1111222233344344	1122133412432434
1111222233344344	1231142321432434
1111222233344344	1122133412423434
1111222233344344	1122133414223434
1111222233344344	1213214323412434
1111222233344344	1231123214423434
1111222233344344	1213123214423434
1111222233344344	1213114223423434
1111222233344344	1122134312423434
1111222233344344	1213114223432434
1111222233344344	1234123114223434
1111222233344344	1234121213432434
1111222233344344	1231142312423434
1111222233344344	1213124213432434
1111222233344344	1213122413432434
1111222233344344	1213212413432434
1111222233344344	1231124213432434
1111222233344344	1231122413432434
1111222233344344	1231122413423434
1111222233344344	1231142314223434
1111222233344344	1231122314423434
1111222233344344	1213112423432434
1111222233344344	1213121423432434
1111222233344344	1123231412432434
1111222233344344	1123213412432434
1111222233344344	1213213412432434
1111222233344344	1231142323412434
1111222233344344	1231123412432434
1111222233344344	1231142324312434
1111222233344344	1213123412432434
1111222233344344	1231122434312434
1111222233344344	1123231214423434
1111222233344344	1213213414223434
1111222233344344	1123213414223434
1111222233344344	1213122314423434
1111222233344344	1213212314423434
1111222233344344	1213121324423434
1111222233344344	1213112324423434
1111222233344344	1213213412423434
1111222233344344	1123213412423434
1111222233344344	1231124323412434
1111222233344344	1213124323412434
1111222233344344	1231124312423434
1111222233344344	1213124312423434
1111222233344344	1213212413423434
1111222233344344	1234112312423434
1111222233344344	1123234412312434
1111222233344344	1234112314223434
1111222233344344	1231124213423434
1111222233344344	1123213424312434
1111222233344344	1234121314223434
1111222233344344	1213121434223434
1111222233344344	1123231424312434
1111222233344344	1213112434223434
1111222233344344	1213213424312434
1111222233344344	1123231414223434
1111222233344344	1212113434223434
1111222233344344	1231123414223434
1111222233344344	1123231412423434
1111222233344344	1213123414223434
1111222233344344	1213124213423434
1111222233344344	1213112423423434
1111222233344344	1234112323412434
1111222233344344	1123234112423434
1111222233344344	1234123112423434
1111222233344344	1234121324312434
1111222233344344	1234112324312434
1111222233344344	1213122434312434
1111222233344344	1213212434312434
1111222233344344	1213123424312434
1111222233344344	1231123424312434
1111222233344344	1231123412423434
1111222233344344	1213121423423434
1111222233344344	1234121213423434
1111222233344344	1213122413423434
1111222233344344	1234121312423434
1111222233344344	1213123412423434
1111222233344344	1234123412312434
1111222233344344	1234121323412434
1111222233344434	1122113322443344
1111222233344434	1211132224333444
1111222233344434	1122131322443344
1111222233344434	1122113324423344
1111222233344434	1122113324432344
1111222233344434	1231114222333444
1111222233344434	1211132422333444
1111222233344434	1213112224333444
1111222233344434	1213121224333444
1111222233344434	1211132423323444
1111222233344434	1213211224333444
1111222233344434	1211132432323444
1111222233344434	1211134222333444
1111222233344434	1123211322443344
1111222233344434	1231112224333444
1111222233344434	1122133214432344
1111222233344434	1122113432423344
1111222233344434	1231121224333444
1111222233344434	1122113432432344
1111222233344434	1211134223323444
1111222233344434	1122113434223344
1111222233344434	1122131324423344
1111222233344434	1213211432423344
1111222233344434	1122131324432344
1111222233344434	1123211432423344
1111222233344434	1213211432323444
1111222233344434	1122133214423344
1111222233344434	1122131432423344
1111222233344434	1122131432432344
1111222233344434	1122131434223344
1111222233344434	1213211432432344
1111222233344434	1123211432432344
1111222233344434	1231114223323444
1111222233344434	1231114223324344
1111222233344434	1213211422333444
1111222233344434	1213114222333444
1111222233344434	1234111222333444
1111222233344434	1122133412423344
1111222233344434	1122133412432344
1111222233344434	1122133414223344
1111222233344434	1231142213324344
1111222233344434	1122133421432344
1111222233344434	1122133424312344
1111222233344434	1122133442312344
1111222233344434	1231114223423344
1111222233344434	1213214321432344
1111222233344434	1122134312423344
1111222233344434	1231124321432344
1111222233344434	1231114223432344
1111222233344434	1122134314223344
1111222233344434	1213124321432344
1111222233344434	1123214321432344
1111222233344434	1231142213323444
1111222233344434	1122134321432344
1111222233344434	1122134324312344
1111222233344434	1213211434223344
1111222233344434	1123211434223344
1111222233344434	1213112422333444
1111222233344434	1213112423323444
1111222233344434	1213211423323444
1111222233344434	1213112432323444
1111222233344434	1213114223323444
1111222233344434	1213211423324344
1111222233344434	1213121422333444
1111222233344434	1213121423323444
1111222233344434	1213121432323444
1111222233344434	1213122412333444
1111222233344434	1213122413323444
1111222233344434	1211132423423344
1111222233344434	1213124213323444
1111222233344434	1213124312323444
1111222233344434	1211132324423344
1111222233344434	1213211324432344
1111222233344434	1123211324432344
1111222233344434	1123211324423344
1111222233344434	1213212412333444
1111222233344434	1213212413323444
1111222233344434	1234111223323444
1111222233344434	1211132432423344
1111222233344434	1213214213323444
1111222233344434	1234111223324344
1111222233344434	1213214312323444
1111222233344434	1211132434223344
1111222233344434	1213211423432344
1111222233344434	1234111223423344
1111222233344434	1234111223432344
1111222233344434	1231112422333444
1111222233344434	1123213214432344
1111222233344434	1123231214432344
1111222233344434	1231112423323444
1111222233344434	1231112432323444
1111222233344434	1231121422333444
1111222233344434	1213213214432344
1111222233344434	1231121423323444
1111222233344434	1231121432323444
1111222233344434	1123213214423344
1111222233344434	1231122412333444
1111222233344434	1213123214432344
1111222233344434	1213122314432344
1111222233344434	1231122413323444
1111222233344434	1213212314432344
1111222233344434	1211134223423344
1111222233344434	1123213412423344
1111222233344434	1123213412432344
1111222233344434	1123213414223344
1111222233344434	1231123214432344
1111222233344434	1231142213432344
1111222233344434	1231122314432344
1111222233344434	1123213421432344
1111222233344434	1231124213323444
1111222233344434	1123213424312344
1111222233344434	1231121324432344
1111222233344434	1231124312323444
1111222233344434	1231112324432344
1111222233344434	1123213442312344
1111222233344434	1231141222333444
1111222233344434	1231141223323444
1111222233344434	1231112432423344
1111222233344434	1211123324423344
1111222233344434	1123214312423344
1111222233344434	1231112432432344
1111222233344434	1123214314223344
1111222233344434	1123214324312344
1111222233344434	1231142312323444
1111222233344434	1231112423324344
1111222233344434	1123231214423344
1111222233344434	1123231412423344
1111222233344434	1123231412432344
1111222233344434	1123231414223344
1111222233344434	1231142213423344
1111222233344434	1123231421432344
1111222233344434	1123231424312344
1111222233344434	1123231442312344
1111222233344434	1123234112423344
1111222233344434	1231112423432344
1111222233344434	1123234114223344
1111222233344434	1123234412312344
1111222233344434	1231112434223344
1111222233344434	1211123432423344
1111222233344434	1234112213323444
1111222233344434	1234112312323444
1111222233344434	1211123434223344
1111222233344434	1234121213323444
1111222233344434	1234121312323444
1111222233344434	1234123112323444
1111222233344434	1212113324423344
1111222233344434	1212113432423344
1111222233344434	1212113434223344
1111222233344434	1231121432423344
1111222233344434	1213121432423344
1111222233344434	1213112432423344
1111222233344434	1231141223324344
1111222233344434	1231141223423344
1111222233344434	1231141223432344
1111222233344434	1213122433412344
1111222233344434	1213212433412344
1111222233344434	1231122433412344
1111222233344434	1213213442312344
1111222233344434	1231123442312344
1111222233344434	1213123442312344
1111222233344434	1213213412432344
1111222233344434	1213213414223344
1111222233344434	1213213421432344
1111222233344434	1213213424312344
1111222233344434	1213214312423344
1111222233344434	1231121432432344
1111222233344434	1213214314223344
1111222233344434	1213214324312344
1111222233344434	1213121324423344
1111222233344434	1213112324423344
1111222233344434	1231121423324344
1111222233344434	1231121423432344
1111222233344434	1231121434223344
1111222233344434	1231124324312344
1111222233344434	1213124324312344
1111222233344434	1213214213324344
1111222233344434	1231124314223344
1111222233344434	1213124314223344
1111222233344434	1234112213324344
1111222233344434	1231124213324344
1111222233344434	1213124213324344
1111222233344434	1213122431432344
1111222233344434	1213212431432344
1111222233344434	1231122431432344
1111222233344434	1213214213432344
1111222233344434	1234112213423344
1111222233344434	1231123421432344
1111222233344434	1234112213432344
1111222233344434	1213123421432344
1111222233344434	1234123114223344
1111222233344434	1213214323412344
1111222233344434	1213114223423344
1111222233344434	1234121321432344
1111222233344434	1234112321432344
1111222233344434	1231142321432344
1111222233344434	1213121434223344
1111222233344434	1213123412423344
1111222233344434	1213123414223344
1111222233344434	1213123424312344
1111222233344434	1231142312423344
1111222233344434	1213124312423344
1111222233344434	1231122413324344
1111222233344434	1213122413432344
1111222233344434	1213122413324344
1111222233344434	1213122434312344
1111222233344434	1213124213423344
1111222233344434	1213124213432344
1111222233344434	1231122413432344
1111222233344434	1213124323412344
1111222233344434	1231142314223344
1111222233344434	1234121213324344
1111222233344434	1213112434223344
1111222233344434	1213212413324344
1111222233344434	1213112423423344
1111222233344434	1213121423423344
1111222233344434	1231142323412344
1111222233344434	1231142324312344
1111222233344434	1234121314223344
1111222233344434	1234112314223344
1111222233344434	1213212413432344
1111222233344434	1213212434312344
1111222233344434	1231123414223344
1111222233344434	1231122434312344
1111222233344434	1231124312423344
1111222233344434	1231124323412344
1111222233344434	1234112312423344
1111222233344434	1231123412432344
1111222233344434	1234121213432344
1111222233344434	1231123424312344
1111222233344434	1231124213432344
1111222233344434	1234123112423344
1111222233344434	1234112323412344
1111222233344434	1234112324312344
1111222233344434	1234121312423344
1111222233344434	1234121324312344
1111222233344434	1234123412312344
1111222233344434	1234121213423344
1111222233344434	1234121323412344
1111222233433444	1112221333244434
1111222233433444	1122113324243344
1111222233433444	1211132224334344
1111222233433444	1112223313244434
1111222233433444	1122121333244434
1111222233433444	1213211432243344
1111222233433444	1211132224334434
1111222233433444	1122112333244434
1111222233433444	1123211432243344
1111222233433444	1112221334324434
1111222233433444	1211132224343344
1111222233433444	1212121333244434
1111222233433444	1112221334344234
1111222233433444	1212112333244434
1111222233433444	1211122333244434
1111222233433444	1211132223344434
1111222233433444	1112221334434234
1111222233433444	1122113432243344
1111222233433444	1213211432234434
1111222233433444	1123211432234434
1111222233433444	1213211432234344
1111222233433444	1122131324243344
1111222233433444	1122113324234434
1111222233433444	1231114223234344
1111222233433444	1231114223234434
1111222233433444	1122131432243344
1111222233433444	1122113323244434
1111222233433444	1122123313244434
1111222233433444	1231121432243344
1111222233433444	1122132313244434
1111222233433444	1213121432243344
1111222233433444	1231114223324434
1111222233433444	1112223334124434
1111222233433444	1122113324434234
1111222233433444	1122131323244434
1111222233433444	1212113432243344
1111222233433444	1231112224334344
1111222233433444	1231112224334434
1111222233433444	1211123432243344
1111222233433444	1122133412243344
1111222233433444	1122113324344234
1111222233433444	1231112224343344
1111222233433444	1231114223344234
1111222233433444	1231112223344434
1111222233433444	1112223413324434
1111222233433444	1123122313244434
1111222233433444	1213122433144234
1111222233433444	1112223413344234
1111222233433444	1213212433144234
1111222233433444	1231122433144234
1111222233433444	1122134312243344
1111222233433444	1123212313244434
1111222233433444	1112223433124434
1111222233433444	1123211323244434
1111222233433444	1112223434134234
1111222233433444	1213211423324434
1111222233433444	1211132423234344
1111222233433444	1212123313244434
1111222233433444	1211132423234434
1111222233433444	1211132323244434
1111222233433444	1212113323244434
1111222233433444	1213211324243344
1111222233433444	1211132423324434
1111222233433444	1123211324243344
1111222233433444	1211132423344234
1111222233433444	1213211434234234
1111222233433444	1123211434234234
1111222233433444	1213211423234344
1111222233433444	1213211324234434
1111222233433444	1123211324234434
1111222233433444	1234111223234344
1111222233433444	1213211423234434
1111222233433444	1234111223234434
1111222233433444	1211132324243344
1111222233433444	1213122313244434
1111222233433444	1211132324234434
1111222233433444	1213212313244434
1111222233433444	1213211423344234
1111222233433444	1123211423344234
1111222233433444	1213211323244434
1111222233433444	1211132432234344
1111222233433444	1211123323244434
1111222233433444	1211132432234434
1111222233433444	1213211324434234
1111222233433444	1123211324434234
1111222233433444	1213211224334344
1111222233433444	1213211224334434
1111222233433444	1234111223324434
1111222233433444	1213112323244434
1111222233433444	1213112223344434
1111222233433444	1213211224343344
1111222233433444	1213121323244434
1111222233433444	1211132434234234
1111222233433444	1213121223344434
1111222233433444	1211122334344234
1111222233433444	1213211223344434
1111222233433444	1234111223344234
1111222233433444	1231122313244434
1111222233433444	1231112323244434
1111222233433444	1231121323244434
1111222233433444	1231121223344434
1111222233433444	1122113432234434
1111222233433444	1231112432234344
1111222233433444	1231112432234434
1111222233433444	1211134223234344
1111222233433444	1231121432234434
1111222233433444	1211134223234434
1111222233433444	1213121432234434
1111222233433444	1213112432234434
1111222233433444	1122131432234434
1111222233433444	1211134223324434
1111222233433444	1212113432234434
1111222233433444	1211134223344234
1111222233433444	1211123432234434
1111222233433444	1123213412243344
1111222233433444	1211123324243344
1111222233433444	1213122433124434
1111222233433444	1213212433124434
1111222233433444	1231122433124434
1111222233433444	1211123324234434
1111222233433444	1123214312243344
1111222233433444	1123122433124434
1111222233433444	1123212433124434
1111222233433444	1122132433124434
1111222233433444	1122123433124434
1111222233433444	1212123433124434
1111222233433444	1231121432234344
1111222233433444	1213121432234344
1111222233433444	1213112432234344
1111222233433444	1231112423324434
1111222233433444	1122113434234234
1111222233433444	1231112423234344
1111222233433444	1231112423234434
1111222233433444	1123231412243344
1111222233433444	1122113423344234
1111222233433444	1231112423344234
1111222233433444	1123231442134234
1111222233433444	1123213442134234
1111222233433444	1122133442134234
1111222233433444	1213213442134234
1111222233433444	1231123442134234
1111222233433444	1213123442134234
1111222233433444	1123123442134234
1111222233433444	1122112334324434
1111222233433444	1122112334344234
1111222233433444	1231112324243344
1111222233433444	1231112434234234
1111222233433444	1231112324234434
1111222233433444	1211123434234234
1111222233433444	1211123423344234
1111222233433444	1212113324243344
1111222233433444	1213112224334344
1111222233433444	1213121224334344
1111222233433444	1231121224334344
1111222233433444	1213122413324434
1111222233433444	1122131324234434
1111222233433444	1231141223234344
1111222233433444	1213124323124434
1111222233433444	1231141223234434
1111222233433444	1213212413324434
1111222233433444	1213214323124434
1111222233433444	1231141223324434
1111222233433444	1122131324434234
1111222233433444	1213214312234434
1111222233433444	1231121224334434
1111222233433444	1122131324344234
1111222233433444	1231121224343344
1111222233433444	1231141223344234
1111222233433444	1231122413324434
1111222233433444	1212113324234434
1111222233433444	1231124323124434
1111222233433444	1122123334124434
1111222233433444	1231142323124434
1111222233433444	1212123334124434
1111222233433444	1213114223234344
1111222233433444	1213214324134234
1111222233433444	1231124324134234
1111222233433444	1213124324134234
1111222233433444	1123214324134234
1111222233433444	1122134324134234
1111222233433444	1231121324434234
1111222233433444	1123124324134234
1111222233433444	1212113324434234
1111222233433444	1213121324434234
1111222233433444	1231121423324434
1111222233433444	1213114223234434
1111222233433444	1231124312234434
1111222233433444	1123214323124434
1111222233433444	1122134323124434
1111222233433444	1231142312234434
1111222233433444	1122121334434234
1111222233433444	1123124323124434
1111222233433444	1212121334434234
1111222233433444	1234112323124434
1111222233433444	1234121323124434
1111222233433444	1234121312234434
1111222233433444	1234112312234434
1111222233433444	1213213412243344
1111222233433444	1213214323144234
1111222233433444	1231124323144234
1111222233433444	1213124323144234
1111222233433444	1213214312243344
1111222233433444	1231124312243344
1111222233433444	1213124312243344
1111222233433444	1213112423324434
1111222233433444	1213114223324434
1111222233433444	1213121423324434
1111222233433444	1122131434234234
1111222233433444	1231121423234344
1111222233433444	1213124312234434
1111222233433444	1231121423234434
1111222233433444	1122131423344234
1111222233433444	1231121423344234
1111222233433444	1213112224334434
1111222233433444	1122121334324434
1111222233433444	1213112423234434
1111222233433444	1213121224334434
1111222233433444	1213121423234434
1111222233433444	1122121334344234
1111222233433444	1231121324243344
1111222233433444	1213122413234434
1111222233433444	1231121434234234
1111222233433444	1231121324234434
1111222233433444	1213212413234434
1111222233433444	1123214312234434
1111222233433444	1122134312234434
1111222233433444	1231122413234434
1111222233433444	1213214312234344
1111222233433444	1231124312234344
1111222233433444	1213124312234344
1111222233433444	1123234412134234
1111222233433444	1123122413324434
1111222233433444	1123212413324434
1111222233433444	1231142312243344
1111222233433444	1122123413324434
1111222233433444	1234121312243344
1111222233433444	1122123413344234
1111222233433444	1234112312243344
1111222233433444	1122123434134234
1111222233433444	1122132413324434
1111222233433444	1122133423124434
1111222233433444	1122132334124434
1111222233433444	1213122413243344
1111222233433444	1122132413344234
1111222233433444	1213212413243344
1111222233433444	1122132434134234
1111222233433444	1122133412234434
1111222233433444	1213112224343344
1111222233433444	1213121224343344
1111222233433444	1212121334324434
1111222233433444	1122133424134234
1111222233433444	1212112334324434
1111222233433444	1231122413243344
1111222233433444	1123213423124434
1111222233433444	1123231423124434
1111222233433444	1123231412234434
1111222233433444	1123213412234434
1111222233433444	1213123412243344
1111222233433444	1213121324243344
1111222233433444	1122133414234234
1111222233433444	1213112324243344
1111222233433444	1212113324344234
1111222233433444	1212123413324434
1111222233433444	1213114223344234
1111222233433444	1123123423124434
1111222233433444	1123122334124434
1111222233433444	1231123412243344
1111222233433444	1123212334124434
1111222233433444	1231142312234344
1111222233433444	1231122413234344
1111222233433444	1231122413344234
1111222233433444	1213213423124434
1111222233433444	1213213412234434
1111222233433444	1213112423234344
1111222233433444	1213121423234344
1111222233433444	1231142323144234
1111222233433444	1213122413234344
1111222233433444	1213123423124434
1111222233433444	1213122334124434
1111222233433444	1231142324134234
1111222233433444	1213212334124434
1111222233433444	1213212413234344
1111222233433444	1213121324234434
1111222233433444	1213123412234434
1111222233433444	1231122434134234
1111222233433444	1231122334124434
1111222233433444	1213112324234434
1111222233433444	1231123423124434
1111222233433444	1231123412234434
1111222233433444	1213213414234234
1111222233433444	1123213414234234
1111222233433444	1234112312234344
1111222233433444	1213122413344234
1111222233433444	1123122413344234
1111222233433444	1213212413344234
1111222233433444	1123212413344234
1111222233433444	1123122434134234
1111222233433444	1234112323144234
1111222233433444	1234121323144234
1111222233433444	1123123424134234
1111222233433444	1213112423344234
1111222233433444	1213121423344234
1111222233433444	1123212434134234
1111222233433444	1123213424134234
1111222233433444	1213213424134234
1111222233433444	1123231424134234
1111222233433444	1212113434234234
1111222233433444	1123231414234234
1111222233433444	1212113423344234
1111222233433444	1213212434134234
1111222233433444	1234112324134234
1111222233433444	1212123413344234
1111222233433444	1212121334344234
1111222233433444	1212112334344234
1111222233433444	1213112434234234
1111222233433444	1213121324344234
1111222233433444	1231123414234234
1111222233433444	1231123424134234
1111222233433444	1234121312234344
1111222233433444	1212123434134234
1111222233433444	1213121434234234
1111222233433444	1213122434134234
1111222233433444	1213123424134234
1111222233433444	1234121324134234
1111222233433444	1213123414234234
1111222233433444	1234123412134234
1111222233434344	1211132224333444
1111222233434344	1213112224333444
1111222233434344	1211132423233444
1111222233434344	1213121224333444
1111222233434344	1213211432243434
1111222233434344	1211132224343434
1111222233434344	1123211432243434
1111222233434344	1211132432233444
1111222233434344	1213211224333444
1111222233434344	1213211432233444
1111222233434344	1231112224333444
1111222233434344	1211134223233444
1111222233434344	1231121224333444
1111222233434344	1122113324243434
1111222233434344	1231114223233444
1111222233434344	1231114223243434
1111222233434344	1122113324432434
1111222233434344	1231114223342434
1111222233434344	1231112224343434
1111222233434344	1213112423233444
1111222233434344	1213112432233444
1111222233434344	1123211324432434
1111222233434344	1213114223233444
1111222233434344	1122131324432434
1111222233434344	1231121432243434
1111222233434344	1231112432243434
1111222233434344	1213121423233444
1111222233434344	1213121432243434
1111222233434344	1213211434232434
1111222233434344	1211132423243434
1111222233434344	1213112432243434
1111222233434344	1123211434232434
1111222233434344	1213121432233444
1111222233434344	1213211324432434
1111222233434344	1211132432243434
1111222233434344	1213211423233444
1111222233434344	1122131432243434
1111222233434344	1122113432243434
1111222233434344	1213122413233444
1111222233434344	1213211324243434
1111222233434344	1211132423342434
1111222233434344	1212113432243434
1111222233434344	1123211324243434
1111222233434344	1211123432243434
1111222233434344	1234111223233444
1111222233434344	1213124312233444
1111222233434344	1231121324432434
1111222233434344	1212113324432434
1111222233434344	1213122433142434
1111222233434344	1213211423342434
1111222233434344	1211132324243434
1111222233434344	1213212433142434
1111222233434344	1231122433142434
1111222233434344	1213121324432434
1111222233434344	1213211423243434
1111222233434344	1234111223243434
1111222233434344	1231121432233444
1111222233434344	1231112432233444
1111222233434344	1213212413233444
1111222233434344	1213214312233444
1111222233434344	1123231442132434
1111222233434344	1123213442132434
1111222233434344	1122133442132434
1111222233434344	1211132434232434
1111222233434344	1213213442132434
1111222233434344	1231123442132434
1111222233434344	1213211224343434
1111222233434344	1213123442132434
1111222233434344	1234111223342434
1111222233434344	1231112423233444
1111222233434344	1231121423233444
1111222233434344	1211134223243434
1111222233434344	1231122413233444
1111222233434344	1211134223342434
1111222233434344	1231124312233444
1111222233434344	1231141223233444
1111222233434344	1211123324243434
1111222233434344	1231142312233444
1111222233434344	1122113434232434
1111222233434344	1231112423342434
1111222233434344	1231112423243434
1111222233434344	1231112434232434
1111222233434344	1231112324243434
1111222233434344	1234112312233444
1111222233434344	1211123434232434
1111222233434344	1234121312233444
1111222233434344	1212113324243434
1111222233434344	1122131324243434
1111222233434344	1231141223243434
1111222233434344	1213214324132434
1111222233434344	1231124324132434
1111222233434344	1213124324132434
1111222233434344	1231141223342434
1111222233434344	1123214324132434
1111222233434344	1122134324132434
1111222233434344	1231121224343434
1111222233434344	1213114223243434
1111222233434344	1122131434232434
1111222233434344	1213214323142434
1111222233434344	1231124323142434
1111222233434344	1213124323142434
1111222233434344	1231121423342434
1111222233434344	1231121423243434
1111222233434344	1213214312243434
1111222233434344	1231124312243434
1111222233434344	1213124312243434
1111222233434344	1231121434232434
1111222233434344	1123214312243434
1111222233434344	1122134312243434
1111222233434344	1231121324243434
1111222233434344	1123234412132434
1111222233434344	1122133424132434
1111222233434344	1213112224343434
1111222233434344	1122133412243434
1111222233434344	1122133414232434
1111222233434344	1213114223342434
1111222233434344	1231142312243434
1111222233434344	1231122413342434
1111222233434344	1231122413243434
1111222233434344	1231142323142434
1111222233434344	1231142324132434
1111222233434344	1231122434132434
1111222233434344	1213213414232434
1111222233434344	1123213414232434
1111222233434344	1213213412243434
1111222233434344	1123213412243434
1111222233434344	1213212413342434
1111222233434344	1213212413243434
1111222233434344	1234112312243434
1111222233434344	1123213424132434
1111222233434344	1213213424132434
1111222233434344	1123231424132434
1111222233434344	1213112423243434
1111222233434344	1234112323142434
1111222233434344	1212113434232434
1111222233434344	1123231412243434
1111222233434344	1123231414232434
1111222233434344	1213112423342434
1111222233434344	1213212434132434
1111222233434344	1213112324243434
1111222233434344	1234112324132434
1111222233434344	1213112434232434
1111222233434344	1231123414232434
1111222233434344	1231123412243434
1111222233434344	1231123424132434
1111222233434344	1213121224343434
1111222233434344	1234121312243434
1111222233434344	1213121434232434
1111222233434344	1213121423243434
1111222233434344	1213121423342434
1111222233434344	1213122413243434
1111222233434344	1213122434132434
1111222233434344	1213121324243434
1111222233434344	1213123424132434
1111222233434344	1213122413342434
1111222233434344	1213123412243434
1111222233434344	1234121324132434
1111222233434344	1234123412132434
1111222233434344	1213123414232434
1111222233434344	1234121323142434
1111222233434434	1211132224333444
1111222233434434	1122113324243344
1111222233434434	1213211432243344
1111222233434434	1122113324432344
1111222233434434	1123211432243344
1111222233434434	1213112224333444
1111222233434434	1211132423233444
1111222233434434	1213121224333444
1111222233434434	1211132432233444
1111222233434434	1213211224333444
1111222233434434	1213211432233444
1111222233434434	1122113432243344
1111222233434434	1231112224333444
1111222233434434	1211134223233444
1111222233434434	1231121224333444
1111222233434434	1122113434232344
1111222233434434	1122131324243344
1111222233434434	1122131324432344
1111222233434434	1231114223233444
1111222233434434	1122131432243344
1111222233434434	1231114223243344
1111222233434434	1122131434232344
1111222233434434	1231121432243344
1111222233434434	1231112432243344
1111222233434434	1213121432243344
1111222233434434	1213112432243344
1111222233434434	1211132432243344
1111222233434434	1122133412243344
1111222233434434	1231114223342344
1111222233434434	1122133414232344
1111222233434434	1122133424132344
1111222233434434	1122133442132344
1111222233434434	1122134312243344
1111222233434434	1122134324132344
1111222233434434	1213112423233444
1111222233434434	1213112432233444
1111222233434434	1213114223233444
1111222233434434	1213211434232344
1111222233434434	1123211434232344
1111222233434434	1211132423243344
1111222233434434	1213121423233444
1111222233434434	1213121432233444
1111222233434434	1213211423233444
1111222233434434	1123211324243344
1111222233434434	1234111223233444
1111222233434434	1213211423342344
1111222233434434	1234111223243344
1111222233434434	1231121432233444
1111222233434434	1213211324432344
1111222233434434	1231112432233444
1111222233434434	1123211324432344
1111222233434434	1234111223342344
1111222233434434	1213122433142344
1111222233434434	1213212433142344
1111222233434434	1231122433142344
1111222233434434	1123231442132344
1111222233434434	1123213442132344
1111222233434434	1213213442132344
1111222233434434	1231123442132344
1111222233434434	1213123442132344
1111222233434434	1231112423233444
1111222233434434	1211134223243344
1111222233434434	1231121423233444
1111222233434434	1123213412243344
1111222233434434	1123213414232344
1111222233434434	1123213424132344
1111222233434434	1231121324432344
1111222233434434	1231141223233444
1111222233434434	1123214312243344
1111222233434434	1123214324132344
1111222233434434	1123231412243344
1111222233434434	1231112423342344
1111222233434434	1123231414232344
1111222233434434	1123231424132344
1111222233434434	1123234412132344
1111222233434434	1231112434232344
1111222233434434	1231141223243344
1111222233434434	1231141223342344
1111222233434434	1213214324132344
1111222233434434	1231124324132344
1111222233434434	1213124324132344
1111222233434434	1213114223243344
1111222233434434	1213213414232344
1111222233434434	1213213424132344
1111222233434434	1213214312243344
1111222233434434	1231124312243344
1111222233434434	1213124312243344
1111222233434434	1231121423342344
1111222233434434	1213214323142344
1111222233434434	1231124323142344
1111222233434434	1213124323142344
1111222233434434	1231121434232344
1111222233434434	1231142312243344
1111222233434434	1234121312243344
1111222233434434	1234112312243344
1111222233434434	1213112423243344
1111222233434434	1213121423243344
1111222233434434	1213123424132344
1111222233434434	1231122413342344
1111222233434434	1213122413342344
1111222233434434	1213122434132344
1111222233434434	1231142323142344
1111222233434434	1231142324132344
1111222233434434	1213212413342344
1111222233434434	1213212434132344
1111222233434434	1231122434132344
1111222233434434	1231123414232344
1111222233434434	1231123424132344
1111222233434434	1234112323142344
1111222233434434	1234112324132344
1111222233434434	1234121324132344
1111222233434434	1234123412132344
1111222233434434	1234121323142344
1111222233443344	1211132224333444
1111222233443344	1211132224334434
1111222233443344	1213112224333444
1111222233443344	1211132423233444
1111222233443344	1213121224333444
1111222233443344	1213211432243434
1111222233443344	1211132423323444
1111222233443344	1123211432243434
1111222233443344	1211132432233444
1111222233443344	1213211224333444
1111222233443344	1213211432233444
1111222233443344	1231112224333444
1111222233443344	1211134223233444
1111222233443344	1231121224333444
1111222233443344	1213211432234434
1111222233443344	1211134223323444
1111222233443344	1122113324243434
1111222233443344	1231114223233444
1111222233443344	1231114223234434
1111222233443344	1122113324423434
1111222233443344	1231114223323444
1111222233443344	1231114223324434
1111222233443344	1231112224334434
1111222233443344	1213112423233444
1111222233443344	1213211434223434
1111222233443344	1213112423323444
1111222233443344	1123211434223434
1111222233443344	1213112432233444
1111222233443344	1213211423323444
1111222233443344	1213114223233444
1111222233443344	1213211423324434
1111222233443344	1213114223323444
1111222233443344	1231121432243434
1111222233443344	1211132423234434
1111222233443344	1231112432243434
1111222233443344	1213121423233444
1111222233443344	1213121432243434
1111222233443344	1213121423323444
1111222233443344	1213112432243434
1111222233443344	1213121432233444
1111222233443344	1211132432243434
1111222233443344	1213211423233444
1111222233443344	1122131432243434
1111222233443344	1211132423324434
1111222233443344	1122113432243434
1111222233443344	1213211324243434
1111222233443344	1213122413323444
1111222233443344	1212113432243434
1111222233443344	1123211324243434
1111222233443344	1213122433123444
1111222233443344	1211123432243434
1111222233443344	1234111223233444
1111222233443344	1213211423234434
1111222233443344	1213124323123444
1111222233443344	1234111223234434
1111222233443344	1211132324243434
1111222233443344	1231121432233444
1111222233443344	1211132432234434
1111222233443344	1231112432233444
1111222233443344	1213211324423434
1111222233443344	1213212413323444
1111222233443344	1123211324423434
1111222233443344	1213212433123444
1111222233443344	1234111223323444
1111222233443344	1213211224334434
1111222233443344	1213214323123444
1111222233443344	1234111223324434
1111222233443344	1211132434223434
1111222233443344	1231112423233444
1111222233443344	1231112423323444
1111222233443344	1231112432234434
1111222233443344	1231121432234434
1111222233443344	1211134223234434
1111222233443344	1231121423233444
1111222233443344	1213121432234434
1111222233443344	1231121423323444
1111222233443344	1213112432234434
1111222233443344	1211134223324434
1111222233443344	1231122413323444
1111222233443344	1231122433123444
1111222233443344	1231124323123444
1111222233443344	1231141223233444
1111222233443344	1213122433124434
1111222233443344	1211123324243434
1111222233443344	1231141223323444
1111222233443344	1213212433124434
1111222233443344	1231122433124434
1111222233443344	1231142323123444
1111222233443344	1122113434223434
1111222233443344	1231112423324434
1111222233443344	1231112423234434
1111222233443344	1231112434223434
1111222233443344	1231112324243434
1111222233443344	1234112323123444
1111222233443344	1123231442123434
1111222233443344	1211123434223434
1111222233443344	1123213442123434
1111222233443344	1122133442123434
1111222233443344	1213213442123434
1111222233443344	1231123442123434
1111222233443344	1234121323123444
1111222233443344	1213123442123434
1111222233443344	1213122413324434
1111222233443344	1212113324243434
1111222233443344	1122131324243434
1111222233443344	1213124323124434
1111222233443344	1231141223234434
1111222233443344	1213212413324434
1111222233443344	1122131324423434
1111222233443344	1213214323124434
1111222233443344	1231141223324434
1111222233443344	1231121224334434
1111222233443344	1231122413324434
1111222233443344	1231124323124434
1111222233443344	1231142323124434
1111222233443344	1231121423324434
1111222233443344	1213114223234434
1111222233443344	1234112323124434
1111222233443344	1213214324123434
1111222233443344	1231124324123434
1111222233443344	1234121323124434
1111222233443344	1213124324123434
1111222233443344	1123214324123434
1111222233443344	1122134324123434
1111222233443344	1123234412123434
1111222233443344	1213112423324434
1111222233443344	1122131434223434
1111222233443344	1213114223324434
1111222233443344	1213121423324434
1111222233443344	1231121423234434
1111222233443344	1213112224334434
1111222233443344	1213112423234434
1111222233443344	1231121434223434
1111222233443344	1213121224334434
1111222233443344	1213121423234434
1111222233443344	1231121324243434
1111222233443344	1231121324423434
1111222233443344	1212113324423434
1111222233443344	1122133414223434
1111222233443344	1122133424123434
1111222233443344	1231142324123434
1111222233443344	1231122434123434
1111222233443344	1213213414223434
1111222233443344	1123213414223434
1111222233443344	1213121324423434
1111222233443344	1123213424123434
1111222233443344	1213213424123434
1111222233443344	1213121434223434
1111222233443344	1213112434223434
1111222233443344	1123231414223434
1111222233443344	1212113434223434
1111222233443344	1231123414223434
1111222233443344	1123231424123434
1111222233443344	1213123414223434
1111222233443344	1213212434123434
1111222233443344	1234112324123434
1111222233443344	1213112324243434
1111222233443344	1231123424123434
1111222233443344	1213121324243434
1111222233443344	1213122434123434
1111222233443344	1234123412123434
1111222233443344	1234121324123434
1111222233443344	1213123424123434
1111222233443434	1122113324243344
1111222233443434	1122113324423344
1111222233443434	1213211432243344
1111222233443434	1123211432243344
1111222233443434	1122113432243344
1111222233443434	1122113434223344
1111222233443434	1213211432234344
1111222233443434	1122131324243344
1111222233443434	1122131324423344
1111222233443434	1231114223234344
1111222233443434	1122131432243344
1111222233443434	1122131434223344
1111222233443434	1231121432243344
1111222233443434	1231112432243344
1111222233443434	1213121432243344
1111222233443434	1213112432243344
1111222233443434	1231114223324344
1111222233443434	1211132432243344
1111222233443434	1122133414223344
1111222233443434	1122133424123344
1111222233443434	1122133442123344
1111222233443434	1122134324123344
1111222233443434	1213211434223344
1111222233443434	1123211434223344
1111222233443434	1213211423324344
1111222233443434	1211132423234344
1111222233443434	1123211324243344
1111222233443434	1234111223234344
1111222233443434	1123211324423344
1111222233443434	1234111223324344
1111222233443434	1211132434223344
1111222233443434	1231112432234344
1111222233443434	1211134223234344
1111222233443434	1123213414223344
1111222233443434	1123213424123344
1111222233443434	1123213442123344
1111222233443434	1123214324123344
1111222233443434	1231121432234344
1111222233443434	1231112423324344
1111222233443434	1123231414223344
1111222233443434	1123231424123344
1111222233443434	1123231442123344
1111222233443434	1123234412123344
1111222233443434	1213122433124344
1111222233443434	1213212433124344
1111222233443434	1231112434223344
1111222233443434	1231122433124344
1111222233443434	1213213442123344
1111222233443434	1231123442123344
1111222233443434	1213123442123344
1111222233443434	1211123434223344
1111222233443434	1212113324423344
1111222233443434	1212113434223344
1111222233443434	1231141223234344
1111222233443434	1231141223324344
1111222233443434	1213114223234344
1111222233443434	1213214324123344
1111222233443434	1231124324123344
1111222233443434	1213124324123344
1111222233443434	1213214323124344
1111222233443434	1231124323124344
1111222233443434	1213124323124344
1111222233443434	1213213414223344
1111222233443434	1213121324423344
1111222233443434	1231121423324344
1111222233443434	1231121434223344
1111222233443434	1213121434223344
1111222233443434	1213123414223344
1111222233443434	1231122413324344
1111222233443434	1213122413324344
1111222233443434	1213112434223344
1111222233443434	1213212413324344
1111222233443434	1213112423234344
1111222233443434	1231142323124344
1111222233443434	1213121423234344
1111222233443434	1231142324123344
1111222233443434	1231123414223344
1111222233443434	1234112323124344
1111222233443434	1234112324123344
1111222233443434	1234121324123344
1111222233443434	1234123412123344
1111222233443434	1234121323124344
1111222234333444	1112221333244434
1111222234333444	1122113322443344
1111222234333444	1212113322443344
1111222234333444	1122121333244434
1111222234333444	1213211432243344
1111222234333444	1112223331244434
1111222234333444	1122112333244434
1111222234333444	1211123322443344
1111222234333444	1123211432243344
1111222234333444	1122113322434434
1111222234333444	1212121333244434
1111222234333444	1212112333244434
1111222234333444	1231114222334344
1111222234333444	1211122333244434
1111222234333444	1231114222334434
1111222234333444	1122113432243344
1111222234333444	1122113322344434
1111222234333444	1213211432234434
1111222234333444	1123211432234434
1111222234333444	1231114222343344
1111222234333444	1213211432234344
1111222234333444	1122131432243344
1111222234333444	1231121432243344
1111222234333444	1122123331244434
1111222234333444	1231112432243344
1111222234333444	1213121432243344
1111222234333444	1122132331244434
1111222234333444	1213112432243344
1111222234333444	1211132432243344
1111222234333444	1112223331424434
1111222234333444	1212113432243344
1111222234333444	1211123432243344
1111222234333444	1122133421243344
1111222234333444	1213122433144234
1111222234333444	1123122331244434
1111222234333444	1213212433144234
1111222234333444	1231122433144234
1111222234333444	1112223431324434
1111222234333444	1112223431344234
1111222234333444	1123212331244434
1111222234333444	1112223431434234
1111222234333444	1112223433124434
1111222234333444	1122134321243344
1111222234333444	1212113322434434
1111222234333444	1211132422334344
1111222234333444	1211132422334434
1111222234333444	1211123322434434
1111222234333444	1211132422343344
1111222234333444	1211132322344434
1111222234333444	1122123331424434
1111222234333444	1212123331424434
1111222234333444	1212123331244434
1111222234333444	1213114222334344
1111222234333444	1212113322344434
1111222234333444	1211134222334344
1111222234333444	1213214321434234
1111222234333444	1231124321434234
1111222234333444	1213124321434234
1111222234333444	1123214321434234
1111222234333444	1122134321434234
1111222234333444	1123124321434234
1111222234333444	1213122331244434
1111222234333444	1213212331244434
1111222234333444	1211132432234344
1111222234333444	1211132432234434
1111222234333444	1211123322344434
1111222234333444	1213114222334434
1111222234333444	1211132432324434
1111222234333444	1211134222334434
1111222234333444	1211132432344234
1111222234333444	1213214321324434
1111222234333444	1231124321324434
1111222234333444	1213124321324434
1111222234333444	1123214321324434
1111222234333444	1122134321324434
1111222234333444	1123124321324434
1111222234333444	1213112322344434
1111222234333444	1231122331244434
1111222234333444	1231112322344434
1111222234333444	1122113432234434
1111222234333444	1211134222343344
1111222234333444	1231112432234344
1111222234333444	1231112432234434
1111222234333444	1231121432234434
1111222234333444	1213121432234434
1111222234333444	1213112432234434
1111222234333444	1231112432324434
1111222234333444	1213114222343344
1111222234333444	1122131432234434
1111222234333444	1122113432434234
1111222234333444	1212113432234434
1111222234333444	1231112422334344
1111222234333444	1231112422334434
1111222234333444	1211123432234434
1111222234333444	1213214321344234
1111222234333444	1231124321344234
1111222234333444	1213124321344234
1111222234333444	1123213421243344
1111222234333444	1122113432344234
1111222234333444	1231112422343344
1111222234333444	1231112432344234
1111222234333444	1213122433124434
1111222234333444	1213212433124434
1111222234333444	1231122433124434
1111222234333444	1213214321243344
1111222234333444	1123122433124434
1111222234333444	1123212433124434
1111222234333444	1231124321243344
1111222234333444	1122132433124434
1111222234333444	1213124321243344
1111222234333444	1123214321243344
1111222234333444	1122123433124434
1111222234333444	1212123433124434
1111222234333444	1231121432234344
1111222234333444	1213121432234344
1111222234333444	1213112432234344
1111222234333444	1123231421243344
1111222234333444	1123231442134234
1111222234333444	1123213442134234
1111222234333444	1122133442134234
1111222234333444	1213213442134234
1111222234333444	1231123442134234
1111222234333444	1213123442134234
1111222234333444	1123123442134234
1111222234333444	1213214321234434
1111222234333444	1231124321234434
1111222234333444	1213124321234434
1111222234333444	1123214321234434
1111222234333444	1122134321234434
1111222234333444	1211123432434234
1111222234333444	1211123432344234
1111222234333444	1213214321234344
1111222234333444	1231124321234344
1111222234333444	1213124321234344
1111222234333444	1123234411234234
1111222234333444	1213122431324434
1111222234333444	1213212431324434
1111222234333444	1231122431324434
1111222234333444	1231142321324434
1111222234333444	1231142321234434
1111222234333444	1234112321324434
1111222234333444	1234121321324434
1111222234333444	1234121321234434
1111222234333444	1234112321234434
1111222234333444	1213112432324434
1111222234333444	1213213421243344
1111222234333444	1123122431324434
1111222234333444	1123212431324434
1111222234333444	1122132431324434
1111222234333444	1122123431324434
1111222234333444	1212123431324434
1111222234333444	1213112422334434
1111222234333444	1213122431234434
1111222234333444	1213212431234434
1111222234333444	1231122431234434
1111222234333444	1231142321243344
1111222234333444	1234121321243344
1111222234333444	1122123431344234
1111222234333444	1234112321243344
1111222234333444	1122123431434234
1111222234333444	1122133421324434
1111222234333444	1213122431243344
1111222234333444	1122132431344234
1111222234333444	1213212431243344
1111222234333444	1122133421234434
1111222234333444	1213112422343344
1111222234333444	1122133421434234
1111222234333444	1231122431243344
1111222234333444	1123213421324434
1111222234333444	1123231421324434
1111222234333444	1123231421234434
1111222234333444	1123213421234434
1111222234333444	1213123421243344
1111222234333444	1122133441234234
1111222234333444	1123123421324434
1111222234333444	1231123421243344
1111222234333444	1212113432434234
1111222234333444	1212123431434234
1111222234333444	1213112422334344
1111222234333444	1123231421434234
1111222234333444	1123213421434234
1111222234333444	1213213421434234
1111222234333444	1231123421434234
1111222234333444	1213123421434234
1111222234333444	1123123421434234
1111222234333444	1213213421324434
1111222234333444	1213213421234434
1111222234333444	1231142321234344
1111222234333444	1231142321344234
1111222234333444	1213122431234344
1111222234333444	1234121321434234
1111222234333444	1213123421324434
1111222234333444	1231122431234344
1111222234333444	1231122431344234
1111222234333444	1231123421324434
1111222234333444	1213212431234344
1111222234333444	1213123421234434
1111222234333444	1231123421234434
1111222234333444	1213122431344234
1111222234333444	1123122431344234
1111222234333444	1213212431344234
1111222234333444	1234112321344234
1111222234333444	1213112432344234
1111222234333444	1212113432344234
1111222234333444	1213213441234234
1111222234333444	1123213441234234
1111222234333444	1234112321234344
1111222234333444	1123212431344234
1111222234333444	1212123431344234
1111222234333444	1123231441234234
1111222234333444	1231123441234234
1111222234333444	1213123441234234
1111222234333444	1234121321234344
1111222234333444	1234123411234234
1111222234334344	1122113322443434
1111222234334344	1231114222333444
1111222234334344	1211132422333444
1111222234334344	1213211432243434
1111222234334344	1123211432243434
1111222234334344	1211132432233444
1111222234334344	1213211432233444
1111222234334344	1211134222333444
1111222234334344	1231114222343434
1111222234334344	1212113322443434
1111222234334344	1211123322443434
1111222234334344	1213114222333444
1111222234334344	1213214321432434
1111222234334344	1231124321432434
1111222234334344	1213124321432434
1111222234334344	1123214321432434
1111222234334344	1122134321432434
1111222234334344	1213112422333444
1111222234334344	1211132422343434
1111222234334344	1213112432233444
1111222234334344	1231121432243434
1111222234334344	1231112432243434
1111222234334344	1213121432243434
1111222234334344	1213112432243434
1111222234334344	1213121432233444
1111222234334344	1211132432243434
1111222234334344	1122131432243434
1111222234334344	1122113432243434
1111222234334344	1212113432243434
1111222234334344	1213122431233444
1111222234334344	1211123432243434
1111222234334344	1213124321233444
1111222234334344	1231121432233444
1111222234334344	1231112432233444
1111222234334344	1211132432342434
1111222234334344	1213212431233444
1111222234334344	1213214321233444
1111222234334344	1231112422333444
1111222234334344	1211134222343434
1111222234334344	1122113432432434
1111222234334344	1231122431233444
1111222234334344	1231112432342434
1111222234334344	1231112422343434
1111222234334344	1231124321233444
1111222234334344	1231142321233444
1111222234334344	1213114222343434
1111222234334344	1213214321342434
1111222234334344	1231124321342434
1111222234334344	1213124321342434
1111222234334344	1213214321243434
1111222234334344	1231124321243434
1111222234334344	1213124321243434
1111222234334344	1123214321243434
1111222234334344	1122134321243434
1111222234334344	1123234411232434
1111222234334344	1211123432432434
1111222234334344	1234112321233444
1111222234334344	1234121321233444
1111222234334344	1212113432432434
1111222234334344	1123231421432434
1111222234334344	1123213421432434
1111222234334344	1122133421432434
1111222234334344	1213213421432434
1111222234334344	1231123421432434
1111222234334344	1213123421432434
1111222234334344	1234121321432434
1111222234334344	1122133421243434
1111222234334344	1122133441232434
1111222234334344	1231142321243434
1111222234334344	1231142321342434
1111222234334344	1231122431342434
1111222234334344	1231122431243434
1111222234334344	1213112432342434
1111222234334344	1213122431342434
1111222234334344	1213212431342434
1111222234334344	1123231441232434
1111222234334344	1123213441232434
1111222234334344	1213213441232434
1111222234334344	1231123441232434
1111222234334344	1213123441232434
1111222234334344	1213213421243434
1111222234334344	1123213421243434
1111222234334344	1213212431243434
1111222234334344	1234112321243434
1111222234334344	1213112422343434
1111222234334344	1234112321342434
1111222234334344	1123231421243434
1111222234334344	1213122431243434
1111222234334344	1231123421243434
1111222234334344	1213123421243434
1111222234334344	1234121321243434
1111222234334344	1234123411232434
1111222234334434	1122113322443344
1111222234334434	1213211432243344
1111222234334434	1123211432243344
1111222234334434	1231114222333444
1111222234334434	1211132422333444
1111222234334434	1122113432243344
1111222234334434	1211134222333444
1111222234334434	1122113432432344
1111222234334434	1231114222343344
1111222234334434	1122131432243344
1111222234334434	1231121432243344
1111222234334434	1231112432243344
1111222234334434	1213121432243344
1111222234334434	1213112432243344
1111222234334434	1211132432243344
1111222234334434	1213114222333444
1111222234334434	1122133421243344
1111222234334434	1122133421432344
1111222234334434	1122133441232344
1111222234334434	1213214321432344
1111222234334434	1231124321432344
1111222234334434	1213124321432344
1111222234334434	1122134321243344
1111222234334434	1123214321432344
1111222234334434	1122134321432344
1111222234334434	1213112422333444
1111222234334434	1211132422343344
1111222234334434	1231112422333444
1111222234334434	1211134222343344
1111222234334434	1213114222343344
1111222234334434	1231112432342344
1111222234334434	1123213421243344
1111222234334434	1123213421432344
1111222234334434	1123213441232344
1111222234334434	1213214321243344
1111222234334434	1231124321243344
1111222234334434	1213124321243344
1111222234334434	1123214321243344
1111222234334434	1123231421243344
1111222234334434	1123231421432344
1111222234334434	1123231441232344
1111222234334434	1213214321342344
1111222234334434	1231124321342344
1111222234334434	1213124321342344
1111222234334434	1123234411232344
1111222234334434	1213213421432344
1111222234334434	1213213441232344
1111222234334434	1231142321243344
1111222234334434	1234121321243344
1111222234334434	1234112321243344
1111222234334434	1213112422343344
1111222234334434	1231123421432344
1111222234334434	1213123421432344
1111222234334434	1234121321432344
1111222234334434	1213122431342344
1111222234334434	1231142321342344
1111222234334434	1231122431342344
1111222234334434	1213212431342344
1111222234334434	1231123441232344
1111222234334434	1234112321342344
1111222234334434	1234123411232344
1111222234343344	1122113322443434
1111222234343344	1231114222333444
1111222234343344	1211132422333444
1111222234343344	1211132432323444
1111222234343344	1231114222334434
1111222234343344	1211134222333444
1111222234343344	1212113322443434
1111222234343344	1211123322443434
1111222234343344	1213114222333444
1111222234343344	1211132422334434
1111222234343344	1213112422333444
1111222234343344	1213112432323444
1111222234343344	1213122431323444
1111222234343344	1213124321323444
1111222234343344	1213114222334434
1111222234343344	1211132432324434
1111222234343344	1211134222334434
1111222234343344	1213212431323444
1111222234343344	1213214321324434
1111222234343344	1231124321324434
1111222234343344	1213124321324434
1111222234343344	1213214321323444
1111222234343344	1213214321423434
1111222234343344	1231124321423434
1111222234343344	1213124321423434
1111222234343344	1123214321423434
1111222234343344	1122134321423434
1111222234343344	1231124321323444
1111222234343344	1123234411223434
1111222234343344	1231112422333444
1111222234343344	1231112432323444
1111222234343344	1122113432423434
1111222234343344	1231112432324434
1111222234343344	1231122431323444
1111222234343344	1231112422334434
1111222234343344	1231142321323444
1111222234343344	1211123432423434
1111222234343344	1234112321323444
1111222234343344	1234121321323444
1111222234343344	1213122431324434
1111222234343344	1213212431324434
1111222234343344	1231122431324434
1111222234343344	1231142321324434
1111222234343344	1212113432423434
1111222234343344	1234112321324434
1111222234343344	1234121321324434
1111222234343344	1213112432324434
1111222234343344	1213112422334434
1111222234343344	1123231441223434
1111222234343344	1123213441223434
1111222234343344	1122133441223434
1111222234343344	1213213441223434
1111222234343344	1231123441223434
1111222234343344	1213123441223434
1111222234343344	1122133421423434
1111222234343344	1123231421423434
1111222234343344	1123213421423434
1111222234343344	1213213421423434
1111222234343344	1231123421423434
1111222234343344	1213123421423434
1111222234343344	1234121321423434
1111222234343344	1234123411223434
1111222234343434	1122113322443344
1111222234343434	1231114222334344
1111222234343434	1122113432423344
1111222234343434	1122133421423344
1111222234343434	1122133441223344
1111222234343434	1122134321423344
1111222234343434	1211132422334344
1111222234343434	1213114222334344
1111222234343434	1211134222334344
1111222234343434	1213214321423344
1111222234343434	1231124321423344
1111222234343434	1213124321423344
1111222234343434	1123214321423344
1111222234343434	1213214321324344
1111222234343434	1231124321324344
1111222234343434	1213124321324344
1111222234343434	1123234411223344
1111222234343434	1231112432324344
1111222234343434	1123213421423344
1111222234343434	1123213441223344
1111222234343434	1123231421423344
1111222234343434	1123231441223344
1111222234343434	1211123432423344
1111222234343434	1212113432423344
1111222234343434	1213213441223344
1111222234343434	1213122431324344
1111222234343434	1213212431324344
1111222234343434	1231122431324344
1111222234343434	1231123441223344
1111222234343434	1213123441223344
1111222234343434	1213112422334344
1111222234343434	1231142321324344
1111222234343434	1234121321423344
1111222234343434	1234121321324344
1111222234343434	1234112321324344
1111222234343434	1234123411223344
1111222323343444	1122113322443344
1111222323343444	1212113322443344
1111222323343444	1122133122443344
1111222323343444	1122113322434434
1111222323343444	1122113342423344
1111222323343444	1231114222334344
1111222323343444	1122113344223344
1111222323343444	1231114222334434
1111222323343444	1123213122443344
1111222323343444	1123231122443344
1111222323343444	1112223133424434
1111222323343444	1213122143324434
1111222323343444	1211132242334344
1111222323343444	1213212143324434
1111222323343444	1211132242334434
1111222323343444	1112223133444234
1111222323343444	1231122143324434
1111222323343444	1231112243324434
1111222323343444	1112223143324434
1111222323343444	1211132243324434
1111222323343444	1213213122443344
1111222323343444	1213112243324434
1111222323343444	1112223143434234
1111222323343444	1123122143324434
1111222323343444	1123212143324434
1111222323343444	1122132143324434
1111222323343444	1122133142423344
1111222323343444	1122133144223344
1111222323343444	1122113243324434
1111222323343444	1211132243324344
1111222323343444	1122123143324434
1111222323343444	1112223341324434
1111222323343444	1211132243423344
1111222323343444	1213123122443344
1111222323343444	1213122132443344
1111222323343444	1211132233424434
1111222323343444	1112223341434234
1111222323343444	1212123143324434
1111222323343444	1211132243434234
1111222323343444	1213212132443344
1111222323343444	1211123243324434
1111222323343444	1122134132423344
1111222323343444	1231123122443344
1111222323343444	1231122132443344
1111222323343444	1213122143324344
1111222323343444	1212113322434434
1111222323343444	1213212143324344
1111222323343444	1231122143324344
1111222323343444	1231112243324344
1111222323343444	1213112243324344
1111222323343444	1122113342324434
1111222323343444	1231114232324344
1111222323343444	1231114232324434
1111222323343444	1213114222334344
1111222323343444	1122113342434234
1111222323343444	1231112242334344
1111222323343444	1231112242334434
1111222323343444	1122113233424434
1111222323343444	1231114232423344
1111222323343444	1123231144223344
1111222323343444	1123213144223344
1111222323343444	1213114222334434
1111222323343444	1213213144223344
1111222323343444	1231123144223344
1111222323343444	1213123144223344
1111222323343444	1211123344223344
1111222323343444	1122113243434234
1111222323343444	1231112243423344
1111222323343444	1231112243434234
1111222323343444	1231112233424434
1111222323343444	1122133244314234
1111222323343444	1123213244314234
1111222323343444	1213123244314234
1111222323343444	1231123244314234
1111222323343444	1123213142423344
1111222323343444	1123214132423344
1111222323343444	1122123133444234
1111222323343444	1122132133444234
1111222323343444	1123231142423344
1111222323343444	1211123342423344
1111222323343444	1212123133444234
1111222323343444	1211123342324434
1111222323343444	1211123342434234
1111222323343444	1211123243434234
1111222323343444	1213214132423344
1111222323343444	1122133241434234
1111222323343444	1213124231324434
1111222323343444	1213214132324434
1111222323343444	1123214132324434
1111222323343444	1213214132324344
1111222323343444	1122133241324434
1111222323343444	1231142231324434
1111222323343444	1213214132434234
1111222323343444	1123214132434234
1111222323343444	1213214122334344
1111222323343444	1213213122434434
1111222323343444	1123213122434434
1111222323343444	1234112122334344
1111222323343444	1213214122334434
1111222323343444	1234112122334434
1111222323343444	1231124132324434
1111222323343444	1231142132324434
1111222323343444	1231142122334434
1111222323343444	1234112231324434
1111222323343444	1234121132324434
1111222323343444	1234112132324434
1111222323343444	1234121122334434
1111222323343444	1213213142423344
1111222323343444	1213114232324434
1111222323343444	1213124132324434
1111222323343444	1213213142434234
1111222323343444	1123213142434234
1111222323343444	1213212142334344
1111222323343444	1213213142324434
1111222323343444	1123213142324434
1111222323343444	1234112132324344
1111222323343444	1213212142334434
1111222323343444	1122133122434434
1111222323343444	1213112242334434
1111222323343444	1213212143434234
1111222323343444	1123212143434234
1111222323343444	1213212143423344
1111222323343444	1231142122334344
1111222323343444	1213122142334434
1111222323343444	1213212133424434
1111222323343444	1123212133424434
1111222323343444	1234112132423344
1111222323343444	1213124122334434
1111222323343444	1213212132434434
1111222323343444	1234112132434234
1111222323343444	1231122142334434
1111222323343444	1231124122334434
1111222323343444	1122123133424434
1111222323343444	1123124231324434
1111222323343444	1122123143434234
1111222323343444	1123214231324434
1111222323343444	1122123341324434
1111222323343444	1122123341434234
1111222323343444	1122132133424434
1111222323343444	1122132143434234
1111222323343444	1122133142324434
1111222323343444	1231142132324344
1111222323343444	1122133142434234
1111222323343444	1231122142334344
1111222323343444	1231142132423344
1111222323343444	1231142132434234
1111222323343444	1231122132434434
1111222323343444	1122134132324434
1111222323343444	1231122143423344
1111222323343444	1231122143434234
1111222323343444	1231122133424434
1111222323343444	1123213241324434
1111222323343444	1123231142324434
1111222323343444	1123231122434434
1111222323343444	1231142233414234
1111222323343444	1123123241324434
1111222323343444	1122134132434234
1111222323343444	1123122133424434
1111222323343444	1213123142423344
1111222323343444	1213124132423344
1111222323343444	1213122143423344
1111222323343444	1123213241434234
1111222323343444	1213112242334344
1111222323343444	1213112243423344
1111222323343444	1213114232423344
1111222323343444	1213114232324344
1111222323343444	1212123341324434
1111222323343444	1212123133424434
1111222323343444	1213122143434234
1111222323343444	1123122143434234
1111222323343444	1123214342314234
1111222323343444	1213122142334344
1111222323343444	1212113233424434
1111222323343444	1213122133424434
1111222323343444	1234121132423344
1111222323343444	1213124122334344
1111222323343444	1213124132324344
1111222323343444	1213123241324434
1111222323343444	1123231142434234
1111222323343444	1234121132324344
1111222323343444	1213123142324434
1111222323343444	1213123122434434
1111222323343444	1213122132434434
1111222323343444	1213112233424434
1111222323343444	1234112233414234
1111222323343444	1234121132434234
1111222323343444	1213112243434234
1111222323343444	1234121122334344
1111222323343444	1231123241324434
1111222323343444	1231123142324434
1111222323343444	1231123122434434
1111222323343444	1231124132324344
1111222323343444	1231124122334344
1111222323343444	1231124132423344
1111222323343444	1231124132434234
1111222323343444	1123123241434234
1111222323343444	1231123142423344
1111222323343444	1231123142434234
1111222323343444	1123234142314234
1111222323343444	1231123241434234
1111222323343444	1231124342314234
1111222323343444	1212123143434234
1111222323343444	1212123341434234
1111222323343444	1213124342314234
1111222323343444	1213123241434234
1111222323343444	1213124233414234
1111222323343444	1213124132434234
1111222323343444	1213123142434234
1111222323343444	1234123142314234
1111222323344344	1211132242333444
1111222323344344	1122113322443434
1111222323344344	1211132243323444
1111222323344344	1231114222333444
1111222323344344	1213122143324434
1111222323344344	1212113322443434
1111222323344344	1213212143324434
1111222323344344	1231122143324434
1111222323344344	1231112243324434
1111222323344344	1211132243324434
1111222323344344	1213112243324434
1111222323344344	1213114222333444
1111222323344344	1211132243423434
1111222323344344	1211132243432434
1111222323344344	1213112242333444
1111222323344344	1213112243323444
1111222323344344	1213114232323444
1111222323344344	1122113342423434
1111222323344344	1231114232323444
1111222323344344	1213122142333444
1111222323344344	1122113342432434
1111222323344344	1213122143323444
1111222323344344	1231112242333444
1111222323344344	1213124122333444
1111222323344344	1213124132323444
1111222323344344	1231114232423434
1111222323344344	1122113344223434
1111222323344344	1231112243323444
1111222323344344	1213212142333444
1111222323344344	1213212143323444
1111222323344344	1213214122333444
1111222323344344	1213214132323444
1111222323344344	1231112243432434
1111222323344344	1231112243423434
1111222323344344	1231122143323444
1111222323344344	1231122142333444
1111222323344344	1231124122333444
1111222323344344	1231124132323444
1111222323344344	1231142122333444
1111222323344344	1231142132323444
1111222323344344	1123231144223434
1111222323344344	1123213144223434
1111222323344344	1122133144223434
1111222323344344	1213213144223434
1111222323344344	1231123144223434
1111222323344344	1213123144223434
1111222323344344	1211123344223434
1111222323344344	1122133244312434
1111222323344344	1123213244312434
1111222323344344	1211123342423434
1111222323344344	1211123342432434
1111222323344344	1213123244312434
1111222323344344	1231123244312434
1111222323344344	1234112122333444
1111222323344344	1234112132323444
1111222323344344	1234121122333444
1111222323344344	1234121132323444
1111222323344344	1122133122443434
1111222323344344	1122133241432434
1111222323344344	1123213122443434
1111222323344344	1123231122443434
1111222323344344	1213214132423434
1111222323344344	1123214132423434
1111222323344344	1213213122443434
1111222323344344	1213214132432434
1111222323344344	1123214132432434
1111222323344344	1213123122443434
1111222323344344	1213122132443434
1111222323344344	1213212132443434
1111222323344344	1231123122443434
1111222323344344	1231122132443434
1111222323344344	1213213142432434
1111222323344344	1123213142432434
1111222323344344	1213213142423434
1111222323344344	1123213142423434
1111222323344344	1213212143432434
1111222323344344	1213212143423434
1111222323344344	1234112132423434
1111222323344344	1234112132432434
1111222323344344	1122133142423434
1111222323344344	1122133142432434
1111222323344344	1231142132423434
1111222323344344	1231142132432434
1111222323344344	1231122143432434
1111222323344344	1231122143423434
1111222323344344	1231142233412434
1111222323344344	1122134132432434
1111222323344344	1122134132423434
1111222323344344	1234121132432434
1111222323344344	1231124132432434
1111222323344344	1123213241432434
1111222323344344	1213122143432434
1111222323344344	1213124132432434
1111222323344344	1213112243432434
1111222323344344	1123231142432434
1111222323344344	1123214342312434
1111222323344344	1213123241432434
1111222323344344	1213122143423434
1111222323344344	1123231142423434
1111222323344344	1231123241432434
1111222323344344	1234121132423434
1111222323344344	1231123142432434
1111222323344344	1213114232423434
1111222323344344	1213123142432434
1111222323344344	1213112243423434
1111222323344344	1234112233412434
1111222323344344	1231124132423434
1111222323344344	1231123142423434
1111222323344344	1123234142312434
1111222323344344	1231124342312434
1111222323344344	1213124342312434
1111222323344344	1213124233412434
1111222323344344	1213124132423434
1111222323344344	1213123142423434
1111222323344344	1234123142312434
1111222323344434	1122113322443344
1111222323344434	1211132242333444
1111222323344434	1122133122443344
1111222323344434	1211132243323444
1111222323344434	1231114222333444
1111222323344434	1122113342423344
1111222323344434	1122113342432344
1111222323344434	1122113344223344
1111222323344434	1123213122443344
1111222323344434	1123231122443344
1111222323344434	1122133142423344
1111222323344434	1122133142432344
1111222323344434	1122133144223344
1111222323344434	1213114222333444
1111222323344434	1122133241432344
1111222323344434	1122133244312344
1111222323344434	1211132243423344
1111222323344434	1122134132423344
1111222323344434	1122134132432344
1111222323344434	1213112242333444
1111222323344434	1213122143324344
1111222323344434	1213212143324344
1111222323344434	1213112243323444
1111222323344434	1231122143324344
1111222323344434	1231112243324344
1111222323344434	1213114232323444
1111222323344434	1231114232323444
1111222323344434	1213122142333444
1111222323344434	1213122143323444
1111222323344434	1231112242333444
1111222323344434	1213124122333444
1111222323344434	1213124132323444
1111222323344434	1231114232423344
1111222323344434	1123231144223344
1111222323344434	1123213144223344
1111222323344434	1231112243323444
1111222323344434	1213212142333444
1111222323344434	1213213144223344
1111222323344434	1213212143323444
1111222323344434	1231123144223344
1111222323344434	1213214122333444
1111222323344434	1213214132323444
1111222323344434	1213123144223344
1111222323344434	1211123344223344
1111222323344434	1231112243432344
1111222323344434	1231122143323444
1111222323344434	1123213142423344
1111222323344434	1123213142432344
1111222323344434	1231122142333444
1111222323344434	1123213241432344
1111222323344434	1123213244312344
1111222323344434	1231124122333444
1111222323344434	1231124132323444
1111222323344434	1123214132423344
1111222323344434	1123214132432344
1111222323344434	1231142122333444
1111222323344434	1231142132323444
1111222323344434	1123214342312344
1111222323344434	1123231142423344
1111222323344434	1123231142432344
1111222323344434	1123234142312344
1111222323344434	1211123342423344
1111222323344434	1234112122333444
1111222323344434	1234112132323444
1111222323344434	1213123244312344
1111222323344434	1231123244312344
1111222323344434	1234121122333444
1111222323344434	1234121132323444
1111222323344434	1213214132423344
1111222323344434	1213214132432344
1111222323344434	1213213142432344
1111222323344434	1213212143432344
1111222323344434	1234112132423344
1111222323344434	1234112132432344
1111222323344434	1231142132423344
1111222323344434	1231142132432344
1111222323344434	1231122143432344
1111222323344434	1231142233412344
1111222323344434	1213123142423344
1111222323344434	1213123241432344
1111222323344434	1213124132423344
1111222323344434	1213124342312344
1111222323344434	1213122143432344
1111222323344434	1213124233412344
1111222323344434	1213112243423344
1111222323344434	1213114232423344
1111222323344434	1234121132423344
1111222323344434	1234121132432344
1111222323344434	1234112233412344
1111222323344434	1231124132423344
1111222323344434	1231124132432344
1111222323344434	1231123142432344
1111222323344434	1231123241432344
1111222323344434	1231124342312344
1111222323344434	1234123142312344
1111222323433444	1112223133244434
1111222323433444	1122113342243344
1111222323433444	1213122143324434
1111222323433444	1213212143324434
1111222323433444	1231122143324434
1111222323433444	1231112243324434
1111222323433444	1112223143324434
1111222323433444	1211132243324434
1111222323433444	1112223143344234
1111222323433444	1213112243324434
1111222323433444	1122123133244434
1111222323433444	1123122143324434
1111222323433444	1211132243234344
1111222323433444	1123212143324434
1111222323433444	1211132243234434
1111222323433444	1122133142243344
1111222323433444	1122132133244434
1111222323433444	1122132143324434
1111222323433444	1211132233244434
1111222323433444	1122113233244434
1111222323433444	1122123143324434
1111222323433444	1211132243344234
1111222323433444	1112223343124434
1111222323433444	1212123143324434
1111222323433444	1112223344134234
1111222323433444	1122134132243344
1111222323433444	1123122133244434
1111222323433444	1123212133244434
1111222323433444	1122113342234434
1111222323433444	1231114232234344
1111222323433444	1231114232234434
1111222323433444	1212123133244434
1111222323433444	1212113233244434
1111222323433444	1213122133244434
1111222323433444	1213212133244434
1111222323433444	1122113344234234
1111222323433444	1231112243234344
1111222323433444	1231112243234434
1111222323433444	1122113243344234
1111222323433444	1231112243344234
1111222323433444	1231112233244434
1111222323433444	1213112233244434
1111222323433444	1231122133244434
1111222323433444	1123213142243344
1111222323433444	1123214132243344
1111222323433444	1123231142243344
1111222323433444	1211123342243344
1111222323433444	1211123342234434
1111222323433444	1211123344234234
1111222323433444	1211123243344234
1111222323433444	1213214132243344
1111222323433444	1213214132234434
1111222323433444	1123214132234434
1111222323433444	1213214132234344
1111222323433444	1213124233124434
1111222323433444	1231142233124434
1111222323433444	1231124132234434
1111222323433444	1231142132234434
1111222323433444	1234112233124434
1111222323433444	1234121132234434
1111222323433444	1234112132234434
1111222323433444	1213213142243344
1111222323433444	1213213144234234
1111222323433444	1123213144234234
1111222323433444	1213212143234344
1111222323433444	1213213142234434
1111222323433444	1123213142234434
1111222323433444	1234112132234344
1111222323433444	1213212143234434
1111222323433444	1213212143344234
1111222323433444	1123212143344234
1111222323433444	1213212143243344
1111222323433444	1234112132243344
1111222323433444	1213114232234434
1111222323433444	1213124132234434
1111222323433444	1213112243234434
1111222323433444	1213122143234434
1111222323433444	1231122143234434
1111222323433444	1213122143344234
1111222323433444	1231122143344234
1111222323433444	1122133244134234
1111222323433444	1123124233124434
1111222323433444	1122123143344234
1111222323433444	1213112243344234
1111222323433444	1231124132243344
1111222323433444	1123122143344234
1111222323433444	1231142132243344
1111222323433444	1122132143344234
1111222323433444	1122133243124434
1111222323433444	1123214233124434
1111222323433444	1122123343124434
1111222323433444	1212123143344234
1111222323433444	1122123344134234
1111222323433444	1234121132243344
1111222323433444	1213122143243344
1111222323433444	1231122143243344
1111222323433444	1122133142234434
1111222323433444	1231142132234344
1111222323433444	1213124132243344
1111222323433444	1231142233144234
1111222323433444	1122133144234234
1111222323433444	1122134132234434
1111222323433444	1231122143234344
1111222323433444	1231123142243344
1111222323433444	1213123142243344
1111222323433444	1123213243124434
1111222323433444	1123231142234434
1111222323433444	1123123243124434
1111222323433444	1234112233144234
1111222323433444	1213122143234344
1111222323433444	1213124233144234
1111222323433444	1123231144234234
1111222323433444	1234121132234344
1111222323433444	1213112243234344
1111222323433444	1123214342134234
1111222323433444	1213114232234344
1111222323433444	1212123343124434
1111222323433444	1213124132234344
1111222323433444	1213123243124434
1111222323433444	1123213244134234
1111222323433444	1213123142234434
1111222323433444	1231123243124434
1111222323433444	1231123142234434
1111222323433444	1231124132234344
1111222323433444	1231123144234234
1111222323433444	1213123144234234
1111222323433444	1123123244134234
1111222323433444	1213123244134234
1111222323433444	1231123244134234
1111222323433444	1123124342134234
1111222323433444	1212123344134234
1111222323433444	1234123142134234
1111222323433444	1231124342134234
1111222323433444	1123234142134234
1111222323433444	1213124342134234
1111222323434344	1211132243233444
1111222323434344	1211132243243434
1111222323434344	1211132243342434
1111222323434344	1122113342243434
1111222323434344	1213112243233444
1111222323434344	1231114232233444
1111222323434344	1213114232233444
1111222323434344	1231114232243434
1111222323434344	1213122143233444
1111222323434344	1213124132233444
1111222323434344	1122113344232434
1111222323434344	1213212143233444
1111222323434344	1231112243233444
1111222323434344	1213214132233444
1111222323434344	1231112243342434
1111222323434344	1231112243243434
1111222323434344	1231122143233444
1111222323434344	1231124132233444
1111222323434344	1231142132233444
1111222323434344	1211123342243434
1111222323434344	1211123344232434
1111222323434344	1234112132233444
1111222323434344	1234121132233444
1111222323434344	1213214132243434
1111222323434344	1123214132243434
1111222323434344	1213122143342434
1111222323434344	1213212143342434
1111222323434344	1231122143342434
1111222323434344	1213112243342434
1111222323434344	1213213144232434
1111222323434344	1123213144232434
1111222323434344	1213213142243434
1111222323434344	1123213142243434
1111222323434344	1213212143243434
1111222323434344	1234112132243434
1111222323434344	1123231144232434
1111222323434344	1122133144232434
1111222323434344	1231123144232434
1111222323434344	1213123144232434
1111222323434344	1122133244132434
1111222323434344	1123213244132434
1111222323434344	1213123244132434
1111222323434344	1231123244132434
1111222323434344	1122133142243434
1111222323434344	1231142132243434
1111222323434344	1231142233142434
1111222323434344	1231122143243434
1111222323434344	1213122143243434
1111222323434344	1123231142243434
1111222323434344	1234121132243434
1111222323434344	1122134132243434
1111222323434344	1213112243243434
1111222323434344	1231123142243434
1111222323434344	1213123142243434
1111222323434344	1123214342132434
1111222323434344	1213114232243434
1111222323434344	1231124132243434
1111222323434344	1213124132243434
1111222323434344	1234112233142434
1111222323434344	1213124233142434
1111222323434344	1234123142132434
1111222323434344	1231124342132434
1111222323434344	1213124342132434
1111222323434344	1123234142132434
1111222323434434	1211132243233444
1111222323434434	1122113342243344
1111222323434434	1122113344232344
1111222323434434	1122133142243344
1111222323434434	1211132243243344
1111222323434434	1122133144232344
1111222323434434	1122133244132344
1111222323434434	1122134132243344
1111222323434434	1213112243233444
1111222323434434	1231114232233444
1111222323434434	1231114232243344
1111222323434434	1213114232233444
1111222323434434	1213122143233444
1111222323434434	1213124132233444
1111222323434434	1213212143233444
1111222323434434	1231112243233444
1111222323434434	1231112243342344
1111222323434434	1213214132233444
1111222323434434	1123213142243344
1111222323434434	1123213144232344
1111222323434434	1231122143233444
1111222323434434	1123213244132344
1111222323434434	1231124132233444
1111222323434434	1123214132243344
1111222323434434	1231142132233444
1111222323434434	1123214342132344
1111222323434434	1123231142243344
1111222323434434	1123231144232344
1111222323434434	1123234142132344
1111222323434434	1234112132233444
1111222323434434	1234121132233444
1111222323434434	1213214132243344
1111222323434434	1213122143342344
1111222323434434	1213212143342344
1111222323434434	1231122143342344
1111222323434434	1213213144232344
1111222323434434	1231123144232344
1111222323434434	1234112132243344
1111222323434434	1213123244132344
1111222323434434	1231123244132344
1111222323434434	1231124132243344
1111222323434434	1231142132243344
1111222323434434	1234121132243344
1111222323434434	1213112243243344
1111222323434434	1213124132243344
1111222323434434	1213114232243344
1111222323434434	1231142233142344
1111222323434434	1213124342132344
1111222323434434	1213124233142344
1111222323434434	1234112233142344
1111222323434434	1234123142132344
1111222323434434	1231124342132344
1111222323443344	1211132243233444
1111222323443344	1211132243323444
1111222323443344	1213122143324434
1111222323443344	1213212143324434
1111222323443344	1231122143324434
1111222323443344	1231112243324434
1111222323443344	1211132243324434
1111222323443344	1213112243324434
1111222323443344	1211132243234434
1111222323443344	1122113342243434
1111222323443344	1213112243233444
1111222323443344	1213112243323444
1111222323443344	1231114232233444
1111222323443344	1231114232234434
1111222323443344	1213114232233444
1111222323443344	1213122143323444
1111222323443344	1213124233123444
1111222323443344	1122113344223434
1111222323443344	1231112243323444
1111222323443344	1213212143323444
1111222323443344	1231112243233444
1111222323443344	1231112243234434
1111222323443344	1231122143323444
1111222323443344	1231142233123444
1111222323443344	1123231144223434
1111222323443344	1123213144223434
1111222323443344	1122133144223434
1111222323443344	1213213144223434
1111222323443344	1231123144223434
1111222323443344	1213123144223434
1111222323443344	1211123344223434
1111222323443344	1211123342243434
1111222323443344	1234112233123444
1111222323443344	1213124233124434
1111222323443344	1231142233124434
1111222323443344	1234112233124434
1111222323443344	1213114232234434
1111222323443344	1213112243234434
1111222323443344	1122133244123434
1111222323443344	1123214342123434
1111222323443344	1123213244123434
1111222323443344	1123234142123434
1111222323443344	1231124342123434
1111222323443344	1231123244123434
1111222323443344	1213123244123434
1111222323443344	1234123142123434
1111222323443344	1213124342123434
1111222323443434	1122113342243344
1111222323443434	1122113344223344
1111222323443434	1211132243234344
1111222323443434	1122133144223344
1111222323443434	1122133244123344
1111222323443434	1213122143324344
1111222323443434	1213212143324344
1111222323443434	1231122143324344
1111222323443434	1231114232234344
1111222323443434	1231112243324344
1111222323443434	1123231144223344
1111222323443434	1123213144223344
1111222323443434	1213213144223344
1111222323443434	1231123144223344
1111222323443434	1213123144223344
1111222323443434	1211123344223344
1111222323443434	1123213244123344
1111222323443434	1123214342123344
1111222323443434	1123234142123344
1111222323443434	1231142233124344
1111222323443434	1213124342123344
1111222323443434	1213124233124344
1111222323443434	1213112243234344
1111222323443434	1234112233124344
1111222323443434	1231124342123344
1111222323443434	1234123142123344
1111222324333444	1122113322443344
1111222324333444	1112223133244434
1111222324333444	1212113322443344
1111222324333444	1112223331244434
1111222324333444	1211123322443344
1111222324333444	1122113342243344
1111222324333444	1122113322434434
1111222324333444	1231114222334344
1111222324333444	1231114222334434
1111222324333444	1122113322344434
1111222324333444	1231114222343344
1111222324333444	1211132242334344
1111222324333444	1211132242334434
1111222324333444	1211132242343344
1111222324333444	1231112243324434
1111222324333444	1211132232344434
1111222324333444	1211132243324434
1111222324333444	1213112243324434
1111222324333444	1122123133244434
1111222324333444	1211132243234344
1111222324333444	1211132243234434
1111222324333444	1122123331244434
1111222324333444	1211132243243344
1111222324333444	1211132233244434
1111222324333444	1122133231244434
1111222324333444	1112223331424434
1111222324333444	1122113233244434
1111222324333444	1122133241243344
1111222324333444	1211132243344234
1111222324333444	1112223341324434
1111222324333444	1112223341344234
1111222324333444	1112223341434234
1111222324333444	1112223343124434
1111222324333444	1122134132243344
1111222324333444	1123123231244434
1111222324333444	1123213231244434
1111222324333444	1212113322434434
1111222324333444	1211123322434434
1111222324333444	1122113342234434
1111222324333444	1231114232234344
1111222324333444	1231114232234434
1111222324333444	1122123331424434
1111222324333444	1231114232243344
1111222324333444	1212123331424434
1111222324333444	1212123133244434
1111222324333444	1212123331244434
1111222324333444	1231114232324434
1111222324333444	1212113233244434
1111222324333444	1213114222334344
1111222324333444	1212113322344434
1111222324333444	1122113342434234
1111222324333444	1231112242334344
1111222324333444	1231112242334434
1111222324333444	1231124321434234
1111222324333444	1213124321434234
1111222324333444	1123214321434234
1111222324333444	1122113342344234
1111222324333444	1231112242343344
1111222324333444	1123124321434234
1111222324333444	1231114232344234
1111222324333444	1231112232344434
1111222324333444	1213123231244434
1111222324333444	1211123322344434
1111222324333444	1213114222334434
1111222324333444	1122113344234234
1111222324333444	1231112243234344
1111222324333444	1231112243234434
1111222324333444	1231124321324434
1111222324333444	1213124321324434
1111222324333444	1123214321324434
1111222324333444	1122113243344234
1111222324333444	1231112243243344
1111222324333444	1123124321324434
1111222324333444	1231112243344234
1111222324333444	1231112233244434
1111222324333444	1213112233244434
1111222324333444	1213112232344434
1111222324333444	1213114222343344
1111222324333444	1123213241243344
1111222324333444	1231124321344234
1111222324333444	1213124321344234
1111222324333444	1123214132243344
1111222324333444	1231124321243344
1111222324333444	1213124321243344
1111222324333444	1123214321243344
1111222324333444	1123234121243344
1111222324333444	1211123342243344
1111222324333444	1211123342234434
1111222324333444	1211123342434234
1111222324333444	1211123342344234
1111222324333444	1231124321234434
1111222324333444	1213124321234434
1111222324333444	1123214321234434
1111222324333444	1231124321234344
1111222324333444	1213124321234344
1111222324333444	1123234411234234
1111222324333444	1213214132243344
1111222324333444	1213214132234434
1111222324333444	1123214132234434
1111222324333444	1213214132234344
1111222324333444	1122133241434234
1111222324333444	1213124231324434
1111222324333444	1213124233124434
1111222324333444	1122133241324434
1111222324333444	1231142231324434
1111222324333444	1231142233124434
1111222324333444	1231142231344234
1111222324333444	1231124132234434
1111222324333444	1231142231243344
1111222324333444	1231142231234434
1111222324333444	1122133241234434
1111222324333444	1234112231324434
1111222324333444	1234112233124434
1111222324333444	1231142231234344
1111222324333444	1234123121234434
1111222324333444	1234112231234434
1111222324333444	1213114232324434
1111222324333444	1213114232234434
1111222324333444	1213124132234434
1111222324333444	1213112242334434
1111222324333444	1213112243234434
1111222324333444	1213124231234434
1111222324333444	1122133244134234
1111222324333444	1123124231324434
1111222324333444	1123124233124434
1111222324333444	1213112243344234
1111222324333444	1231124132243344
1111222324333444	1122133243124434
1111222324333444	1123214231324434
1111222324333444	1123214233124434
1111222324333444	1122123341324434
1111222324333444	1122123341344234
1111222324333444	1122123341434234
1111222324333444	1122123343124434
1111222324333444	1234123121243344
1111222324333444	1234112231243344
1111222324333444	1213112243243344
1111222324333444	1213124132243344
1111222324333444	1213114232243344
1111222324333444	1213124231243344
1111222324333444	1231142233144234
1111222324333444	1122134132234434
1111222324333444	1213112242343344
1111222324333444	1123213241324434
1111222324333444	1123213243124434
1111222324333444	1123234121234434
1111222324333444	1123213241234434
1111222324333444	1213123241243344
1111222324333444	1123123241324434
1111222324333444	1234112233144234
1111222324333444	1213124233144234
1111222324333444	1231123241243344
1111222324333444	1123214341234234
1111222324333444	1234112231234344
1111222324333444	1123214231344234
1111222324333444	1123213241434234
1111222324333444	1213112242334344
1111222324333444	1234112231344234
1111222324333444	1213112243234344
1111222324333444	1123214342134234
1111222324333444	1213114232234344
1111222324333444	1212123341324434
1111222324333444	1212123343124434
1111222324333444	1213124132234344
1111222324333444	1213124231234344
1111222324333444	1213114232344234
1111222324333444	1213123241324434
1111222324333444	1123213244134234
1111222324333444	1213123241234434
1111222324333444	1231123241324434
1111222324333444	1231123241234434
1111222324333444	1231124132234344
1111222324333444	1213124231344234
1111222324333444	1123123241434234
1111222324333444	1123124231344234
1111222324333444	1123124342134234
1111222324333444	1231124342134234
1111222324333444	1123234142134234
1111222324333444	1213124342134234
1111222324333444	1123234141234234
1111222324333444	1231124341234234
1111222324333444	1231123241434234
1111222324333444	1212123341344234
1111222324333444	1234123121234344
1111222324333444	1212123341434234
1111222324333444	1213123241434234
1111222324333444	1213124341234234
1111222324333444	1234123141234234
1111222324334344	1211132242333444
1111222324334344	1122113322443434
1111222324334344	1211132243233444
1111222324334344	1231114222333444
1111222324334344	1231114222343434
1111222324334344	1212113322443434
1111222324334344	1211123322443434
1111222324334344	1211132242343434
1111222324334344	1213114222333444
1111222324334344	1211132243342434
1111222324334344	1231124321432434
1111222324334344	1213124321432434
1111222324334344	1123214321432434
1111222324334344	1213112242333444
1111222324334344	1122113342243434
1111222324334344	1213112243233444
1111222324334344	1231114232233444
1111222324334344	1213114232233444
1111222324334344	1122113342432434
1111222324334344	1231112242333444
1111222324334344	1213124132233444
1111222324334344	1231114232342434
1111222324334344	1213124231233444
1111222324334344	1231112242343434
1111222324334344	1213124321233444
1111222324334344	1122113344232434
1111222324334344	1231112243233444
1111222324334344	1213214132233444
1111222324334344	1231112243342434
1111222324334344	1231124132233444
1111222324334344	1231124321233444
1111222324334344	1231142231233444
1111222324334344	1213114222343434
1111222324334344	1231124321342434
1111222324334344	1213124321342434
1111222324334344	1211123342243434
1111222324334344	1231124321243434
1111222324334344	1213124321243434
1111222324334344	1123214321243434
1111222324334344	1211123342432434
1111222324334344	1123234411232434
1111222324334344	1234112231233444
1111222324334344	1234123121233444
1111222324334344	1122133241432434
1111222324334344	1213214132243434
1111222324334344	1123214132243434
1111222324334344	1213112243342434
1111222324334344	1231142231342434
1111222324334344	1122133241243434
1111222324334344	1231142231243434
1111222324334344	1122134132243434
1111222324334344	1123214341232434
1111222324334344	1123213241243434
1111222324334344	1234112231243434
1111222324334344	1123213241432434
1111222324334344	1213112242343434
1111222324334344	1234112231342434
1111222324334344	1231124132243434
1111222324334344	1213124132243434
1111222324334344	1213123241432434
1111222324334344	1213114232342434
1111222324334344	1231123241432434
1111222324334344	1123234121243434
1111222324334344	1123234141232434
1111222324334344	1231124341232434
1111222324334344	1231123241243434
1111222324334344	1234123121243434
1111222324334344	1213124231243434
1111222324334344	1213124231342434
1111222324334344	1213123241243434
1111222324334344	1213124341232434
1111222324334344	1234123141232434
1111222324334434	1122113322443344
1111222324334434	1211132242333444
1111222324334434	1231114222333444
1111222324334434	1122113342243344
1111222324334434	1122113342432344
1111222324334434	1122113344232344
1111222324334434	1231114222343344
1111222324334434	1211132242343344
1111222324334434	1213114222333444
1111222324334434	1122133241243344
1111222324334434	1122133241432344
1111222324334434	1122134132243344
1111222324334434	1213112242333444
1111222324334434	1231112242333444
1111222324334434	1231114232342344
1111222324334434	1231112243342344
1111222324334434	1213114222343344
1111222324334434	1123213241243344
1111222324334434	1123213241432344
1111222324334434	1123214132243344
1111222324334434	1231124321243344
1111222324334434	1213124321243344
1111222324334434	1123214321243344
1111222324334434	1123214341232344
1111222324334434	1231124321342344
1111222324334434	1213124321342344
1111222324334434	1123234121243344
1111222324334434	1123234141232344
1111222324334434	1123234411232344
1111222324334434	1213214132243344
1111222324334434	1231142231342344
1111222324334434	1231142231243344
1111222324334434	1231124132243344
1111222324334434	1234123121243344
1111222324334434	1234112231243344
1111222324334434	1213124132243344
1111222324334434	1213124231243344
1111222324334434	1213112242343344
1111222324334434	1213123241432344
1111222324334434	1234112231342344
1111222324334434	1213124231342344
1111222324334434	1231123241432344
1111222324334434	1231124341232344
1111222324334434	1234123141232344
1111222324343344	1211132242333444
1111222324343344	1122113322443434
1111222324343344	1211132243323444
1111222324343344	1231114222333444
1111222324343344	1231114222334434
1111222324343344	1212113322443434
1111222324343344	1211132242334434
1111222324343344	1231112243324434
1111222324343344	1211132243324434
1111222324343344	1213112243324434
1111222324343344	1213114222333444
1111222324343344	1213112242333444
1111222324343344	1213112243323444
1111222324343344	1213114232323444
1111222324343344	1122113342423434
1111222324343344	1231114232323444
1111222324343344	1231114232324434
1111222324343344	1231112242333444
1111222324343344	1231112242334434
1111222324343344	1213124231323444
1111222324343344	1122113344223434
1111222324343344	1231112243323444
1111222324343344	1213114222334434
1111222324343344	1231142231323444
1111222324343344	1211123342423434
1111222324343344	1234112231323444
1111222324343344	1213124231324434
1111222324343344	1231142231324434
1111222324343344	1122133241423434
1111222324343344	1234112231324434
1111222324343344	1213114232324434
1111222324343344	1213112242334434
1111222324343344	1123214341223434
1111222324343344	1123213241423434
1111222324343344	1123234141223434
1111222324343344	1231124341223434
1111222324343344	1231123241423434
1111222324343344	1213124341223434
1111222324343344	1213123241423434
1111222324343344	1234123141223434
1111222324343434	1122113322443344
1111222324343434	1122113342423344
1111222324343434	1231114222334344
1111222324343434	1122113344223344
1111222324343434	1211132242334344
1111222324343434	1122133241423344
1111222324343434	1231112243324344
1111222324343434	1231114232324344
1111222324343434	1213114222334344
1111222324343434	1123213241423344
1111222324343434	1123214341223344
1111222324343434	1123234141223344
1111222324343434	1211123342423344
1111222324343434	1231142231324344
1111222324343434	1213124341223344
1111222324343434	1213112242334344
1111222324343434	1234112231324344
1111222324343434	1213124231324344
1111222324343434	1231124341223344
1111222324343434	1234123141223344
1111222332343444	1211132224334344
1111222332343444	1122113324423344
1111222332343444	1211132224334434
1111222332343444	1122113344223344
1111222332343444	1213122143324434
1111222332343444	1213212143324434
1111222332343444	1112223134324434
1111222332343444	1231122143324434
1111222332343444	1122133214434234
1111222332343444	1231112243324434
1111222332343444	1112223134434234
1111222332343444	1112223143324434
1111222332343444	1211132243324434
1111222332343444	1122133214423344
1111222332343444	1213112243324434
1111222332343444	1123122143324434
1111222332343444	1122133124423344
1111222332343444	1123212143324434
1111222332343444	1112223314324434
1111222332343444	1122132143324434
1111222332343444	1122133214324434
1111222332343444	1122113324324434
1111222332343444	1231114223324344
1111222332343444	1122133144223344
1111222332343444	1122113243324434
1111222332343444	1112223314434234
1111222332343444	1231114223324434
1111222332343444	1211132243324344
1111222332343444	1231142213324434
1111222332343444	1122113324434234
1111222332343444	1231112224334344
1111222332343444	1122123143324434
1111222332343444	1231112224334434
1111222332343444	1231142213324344
1111222332343444	1212123143324434
1111222332343444	1211123243324434
1111222332343444	1122134134223344
1111222332343444	1211132234423344
1111222332343444	1211132234324434
1111222332343444	1211132234434234
1111222332343444	1213122143324344
1111222332343444	1213212143324344
1111222332343444	1231122143324344
1111222332343444	1231112243324344
1111222332343444	1213112243324344
1111222332343444	1123231144223344
1111222332343444	1123213144223344
1111222332343444	1213213144223344
1111222332343444	1231123144223344
1111222332343444	1213123144223344
1111222332343444	1211123344223344
1111222332343444	1122133244314234
1111222332343444	1122113234324434
1111222332343444	1231114234223344
1111222332343444	1123213244314234
1111222332343444	1213123244314234
1111222332343444	1231123244314234
1111222332343444	1122113234434234
1111222332343444	1231112234423344
1111222332343444	1231112234434234
1111222332343444	1231112234324434
1111222332343444	1123213124423344
1111222332343444	1123213214423344
1111222332343444	1123214134223344
1111222332343444	1211123324423344
1111222332343444	1123214314223344
1111222332343444	1211123324324434
1111222332343444	1211123324434234
1111222332343444	1123231124423344
1111222332343444	1123234114223344
1111222332343444	1212113324423344
1111222332343444	1213112224334344
1111222332343444	1213122124334344
1111222332343444	1213212124334344
1111222332343444	1231122124334344
1111222332343444	1213124213324434
1111222332343444	1213214123324434
1111222332343444	1213214134223344
1111222332343444	1123213214434234
1111222332343444	1123231124434234
1111222332343444	1123213124434234
1111222332343444	1122133124434234
1111222332343444	1123214123324434
1111222332343444	1213214123324344
1111222332343444	1213213124434234
1111222332343444	1213123214434234
1111222332343444	1213122134434234
1111222332343444	1213212134434234
1111222332343444	1231123214434234
1111222332343444	1231122134434234
1111222332343444	1231123124434234
1111222332343444	1212113324434234
1111222332343444	1213123124434234
1111222332343444	1213112234434234
1111222332343444	1213213124423344
1111222332343444	1231124123324434
1111222332343444	1123123214434234
1111222332343444	1123122134434234
1111222332343444	1123212134434234
1111222332343444	1231142123324434
1111222332343444	1122123314434234
1111222332343444	1213213124324434
1111222332343444	1122132134434234
1111222332343444	1123213124324434
1111222332343444	1234112123324344
1111222332343444	1213212124334434
1111222332343444	1122123134434234
1111222332343444	1234112123324434
1111222332343444	1212123314434234
1111222332343444	1212123134434234
1111222332343444	1234112213324434
1111222332343444	1234121123324434
1111222332343444	1213123214423344
1111222332343444	1213122134423344
1111222332343444	1213212134423344
1111222332343444	1231123214423344
1111222332343444	1231122134423344
1111222332343444	1231123124423344
1111222332343444	1213123124423344
1111222332343444	1213112234423344
1111222332343444	1213114223324434
1111222332343444	1213124123324434
1111222332343444	1213112224334434
1111222332343444	1213122124334434
1111222332343444	1231122124334434
1111222332343444	1213212134324434
1111222332343444	1123212134324434
1111222332343444	1234112134223344
1111222332343444	1122123134324434
1111222332343444	1123124213324434
1111222332343444	1122123314324434
1111222332343444	1123214213324434
1111222332343444	1122133124324434
1111222332343444	1231142123324344
1111222332343444	1212113324324434
1111222332343444	1122132134324434
1111222332343444	1123213214324434
1111222332343444	1123231124324434
1111222332343444	1212123314324434
1111222332343444	1213114223324344
1111222332343444	1213123214324434
1111222332343444	1213122134324434
1111222332343444	1231124324314234
1111222332343444	1213124324314234
1111222332343444	1231123214324434
1111222332343444	1123214324314234
1111222332343444	1231122134324434
1111222332343444	1231123124324434
1111222332343444	1231124314223344
1111222332343444	1213124314223344
1111222332343444	1213123124324434
1111222332343444	1213112234324434
1111222332343444	1122134123324434
1111222332343444	1123123214324434
1111222332343444	1123122134324434
1111222332343444	1234112213324344
1111222332343444	1213124213324344
1111222332343444	1212123134324434
1111222332343444	1212113234324434
1111222332343444	1231142134223344
1111222332343444	1234123114223344
1111222332343444	1231142234314234
1111222332343444	1213124134223344
1111222332343444	1234121123324344
1111222332343444	1231124123324344
1111222332343444	1213114234223344
1111222332343444	1213124123324344
1111222332343444	1234121134223344
1111222332343444	1231124134223344
1111222332343444	1234123124314234
1111222332343444	1234112234314234
1111222332343444	1213124234314234
1111222332343444	1123234124314234
1111222332344344	1211132224333444
1111222332344344	1211132243323444
1111222332344344	1213112224333444
1111222332344344	1122133214432434
1111222332344344	1213122124333444
1111222332344344	1213212124333444
1111222332344344	1231112224333444
1111222332344344	1231122124333444
1111222332344344	1213122143324434
1111222332344344	1213212143324434
1111222332344344	1231122143324434
1111222332344344	1231112243324434
1111222332344344	1211132243324434
1111222332344344	1213112243324434
1111222332344344	1122113324423434
1111222332344344	1231114223323444
1111222332344344	1122113324432434
1111222332344344	1211132234423434
1111222332344344	1211132234432434
1111222332344344	1213112243323444
1111222332344344	1123213214432434
1111222332344344	1123231124432434
1111222332344344	1123213124432434
1111222332344344	1213114223323444
1111222332344344	1122133124432434
1111222332344344	1213213124432434
1111222332344344	1213122143323444
1111222332344344	1213123214432434
1111222332344344	1213122134432434
1111222332344344	1213212134432434
1111222332344344	1213124123323444
1111222332344344	1231123214432434
1111222332344344	1231122134432434
1111222332344344	1231123124432434
1111222332344344	1231112234432434
1111222332344344	1212113324432434
1111222332344344	1211123324432434
1111222332344344	1213123124432434
1111222332344344	1213112234432434
1111222332344344	1122113344223434
1111222332344344	1231112243323444
1111222332344344	1213212143323444
1111222332344344	1213214123323444
1111222332344344	1231114234223434
1111222332344344	1231112234423434
1111222332344344	1231122143323444
1111222332344344	1231124123323444
1111222332344344	1211123324423434
1111222332344344	1231142123323444
1111222332344344	1123231144223434
1111222332344344	1123213144223434
1111222332344344	1122133144223434
1111222332344344	1213213144223434
1111222332344344	1231123144223434
1111222332344344	1213123144223434
1111222332344344	1211123344223434
1111222332344344	1122133244312434
1111222332344344	1123213244312434
1111222332344344	1213123244312434
1111222332344344	1231123244312434
1111222332344344	1234112123323444
1111222332344344	1234121123323444
1111222332344344	1213214134223434
1111222332344344	1123214134223434
1111222332344344	1213213124423434
1111222332344344	1123213124423434
1111222332344344	1213212134423434
1111222332344344	1234112134223434
1111222332344344	1212113324423434
1111222332344344	1122133124423434
1111222332344344	1231124324312434
1111222332344344	1213124324312434
1111222332344344	1123214324312434
1111222332344344	1231142134223434
1111222332344344	1231122134423434
1111222332344344	1122134134223434
1111222332344344	1231142234312434
1111222332344344	1213114234223434
1111222332344344	1213112234423434
1111222332344344	1234112234312434
1111222332344344	1123231124423434
1111222332344344	1213122134423434
1111222332344344	1231123124423434
1111222332344344	1213123124423434
1111222332344344	1231124134223434
1111222332344344	1234121134223434
1111222332344344	1213124134223434
1111222332344344	1123234124312434
1111222332344344	1234123124312434
1111222332344344	1213124234312434
1111222332344434	1211132224333444
1111222332344434	1122113324423344
1111222332344434	1122113324432344
1111222332344434	1211132243323444
1111222332344434	1213112224333444
1111222332344434	1213122124333444
1111222332344434	1122113344223344
1111222332344434	1213212124333444
1111222332344434	1231112224333444
1111222332344434	1122133214432344
1111222332344434	1231122124333444
1111222332344434	1122133124423344
1111222332344434	1122133124432344
1111222332344434	1231114223323444
1111222332344434	1122133144223344
1111222332344434	1122133244312344
1111222332344434	1122134134223344
1111222332344434	1211132234423344
1111222332344434	1213122143324344
1111222332344434	1213212143324344
1111222332344434	1213112243323444
1111222332344434	1231122143324344
1111222332344434	1231112243324344
1111222332344434	1213114223323444
1111222332344434	1213122143323444
1111222332344434	1213124123323444
1111222332344434	1123231144223344
1111222332344434	1123213144223344
1111222332344434	1231112243323444
1111222332344434	1213213144223344
1111222332344434	1213212143323444
1111222332344434	1231123144223344
1111222332344434	1213214123323444
1111222332344434	1213123144223344
1111222332344434	1211123344223344
1111222332344434	1231114234223344
1111222332344434	1231112234432344
1111222332344434	1123213214432344
1111222332344434	1231122143323444
1111222332344434	1123231124432344
1111222332344434	1123213124432344
1111222332344434	1123213124423344
1111222332344434	1213213124432344
1111222332344434	1213123214432344
1111222332344434	1213122134432344
1111222332344434	1213212134432344
1111222332344434	1123213244312344
1111222332344434	1231124123323444
1111222332344434	1231123214432344
1111222332344434	1231122134432344
1111222332344434	1231123124432344
1111222332344434	1123214134223344
1111222332344434	1211123324423344
1111222332344434	1231142123323444
1111222332344434	1123214324312344
1111222332344434	1123231124423344
1111222332344434	1123234124312344
1111222332344434	1234112123323444
1111222332344434	1213123244312344
1111222332344434	1231123244312344
1111222332344434	1234121123323444
1111222332344434	1212113324423344
1111222332344434	1213214134223344
1111222332344434	1213123124423344
1111222332344434	1213112234423344
1111222332344434	1234112134223344
1111222332344434	1231124324312344
1111222332344434	1213124324312344
1111222332344434	1231142134223344
1111222332344434	1231142234312344
1111222332344434	1213124134223344
1111222332344434	1213124234312344
1111222332344434	1213114234223344
1111222332344434	1234121134223344
1111222332344434	1231124134223344
1111222332344434	1234112234312344
1111222332344434	1234123124312344
1111222332433444	1122113324243344
1111222332433444	1112223133244434
1111222332433444	1211132224334344
1111222332433444	1122113342243344
1111222332433444	1213122143324434
1111222332433444	1213212143324434
1111222332433444	1112223134324434
1111222332433444	1231122143324434
1111222332433444	1122133214434234
1111222332433444	1122113324234434
1111222332433444	1112223134344234
1111222332433444	1231114223234344
1111222332433444	1231112243324434
1111222332433444	1231114223234434
1111222332433444	1112223143324434
1111222332433444	1211132243324434
1111222332433444	1112223143344234
1111222332433444	1213112243324434
1111222332433444	1122133124243344
1111222332433444	1122123133244434
1111222332433444	1123122143324434
1111222332433444	1211132243234344
1111222332433444	1123212143324434
1111222332433444	1211132243234434
1111222332433444	1112223314324434
1111222332433444	1122133142243344
1111222332433444	1122132133244434
1111222332433444	1122132143324434
1111222332433444	1122133214324434
1111222332433444	1211132233244434
1111222332433444	1112223314434234
1111222332433444	1122113233244434
1111222332433444	1112223334124434
1111222332433444	1231142213324434
1111222332433444	1122113324434234
1111222332433444	1231112224334344
1111222332433444	1122123143324434
1111222332433444	1112223343124434
1111222332433444	1212123143324434
1111222332433444	1112223344134234
1111222332433444	1122134132243344
1111222332433444	1123122133244434
1111222332433444	1211132234243344
1111222332433444	1211132234234434
1111222332433444	1123212133244434
1111222332433444	1211132234434234
1111222332433444	1211132234344234
1111222332433444	1122113342234434
1111222332433444	1231114232234344
1111222332433444	1231114232234434
1111222332433444	1212123133244434
1111222332433444	1212113233244434
1111222332433444	1213122133244434
1111222332433444	1213212133244434
1111222332433444	1122113344234234
1111222332433444	1231112243234344
1111222332433444	1231112243234434
1111222332433444	1122113243344234
1111222332433444	1231112233244434
1111222332433444	1213112233244434
1111222332433444	1231122133244434
1111222332433444	1122113234324434
1111222332433444	1122113234344234
1111222332433444	1231112234243344
1111222332433444	1231114234234234
1111222332433444	1231112234234434
1111222332433444	1122113234434234
1111222332433444	1231112234434234
1111222332433444	1123213124243344
1111222332433444	1123213142243344
1111222332433444	1123214132243344
1111222332433444	1211123324243344
1111222332433444	1211123324234434
1111222332433444	1211123324434234
1111222332433444	1123231124243344
1111222332433444	1123231142243344
1111222332433444	1211123342243344
1111222332433444	1211123342234434
1111222332433444	1211123344234234
1111222332433444	1212113324243344
1111222332433444	1213214132243344
1111222332433444	1213112224334344
1111222332433444	1213214132234434
1111222332433444	1123214132234434
1111222332433444	1213214132234344
1111222332433444	1213124213324434
1111222332433444	1213124233124434
1111222332433444	1213124323124434
1111222332433444	1212113324234434
1111222332433444	1123213214434234
1111222332433444	1231124323124434
1111222332433444	1231142233124434
1111222332433444	1122123334124434
1111222332433444	1212123334124434
1111222332433444	1213114223234344
1111222332433444	1213213124243344
1111222332433444	1213123214434234
1111222332433444	1213122134434234
1111222332433444	1213212134434234
1111222332433444	1213214134234234
1111222332433444	1231124324134234
1111222332433444	1123214134234234
1111222332433444	1213214123234344
1111222332433444	1213124324134234
1111222332433444	1231123214434234
1111222332433444	1123214324134234
1111222332433444	1213213124234434
1111222332433444	1231122134434234
1111222332433444	1123213124234434
1111222332433444	1234112123234344
1111222332433444	1213214123234434
1111222332433444	1123124324134234
1111222332433444	1234112123234434
1111222332433444	1212113324434234
1111222332433444	1213112234434234
1111222332433444	1213114223234434
1111222332433444	1123123214434234
1111222332433444	1231124132234434
1111222332433444	1123122134434234
1111222332433444	1123212134434234
1111222332433444	1122123314434234
1111222332433444	1123214323124434
1111222332433444	1231142132234434
1111222332433444	1122132134434234
1111222332433444	1231142123234434
1111222332433444	1123124323124434
1111222332433444	1212123314434234
1111222332433444	1234112213324434
1111222332433444	1234112233124434
1111222332433444	1234121132234434
1111222332433444	1234123123124434
1111222332433444	1234112132234434
1111222332433444	1234121123234434
1111222332433444	1213213142243344
1111222332433444	1213213144234234
1111222332433444	1123213144234234
1111222332433444	1213212143234344
1111222332433444	1213213142234434
1111222332433444	1123213142234434
1111222332433444	1234112132234344
1111222332433444	1213212143234434
1111222332433444	1213212143344234
1111222332433444	1123212143344234
1111222332433444	1213212143243344
1111222332433444	1234112132243344
1111222332433444	1213114232234434
1111222332433444	1213124132234434
1111222332433444	1213112243234434
1111222332433444	1213122143234434
1111222332433444	1213124123234434
1111222332433444	1213212134324434
1111222332433444	1231122143234434
1111222332433444	1123212134324434
1111222332433444	1231124123234434
1111222332433444	1213212134243344
1111222332433444	1213212134234434
1111222332433444	1234112134234234
1111222332433444	1213122143344234
1111222332433444	1122123134324434
1111222332433444	1123124213324434
1111222332433444	1231122143344234
1111222332433444	1122133244134234
1111222332433444	1122133124234434
1111222332433444	1122123134344234
1111222332433444	1123124233124434
1111222332433444	1231142123234344
1111222332433444	1122123143344234
1111222332433444	1231124132243344
1111222332433444	1123122143344234
1111222332433444	1122123314324434
1111222332433444	1123214213324434
1111222332433444	1231142132243344
1111222332433444	1122132143344234
1111222332433444	1122133243124434
1111222332433444	1123214233124434
1111222332433444	1122123343124434
1111222332433444	1212123143344234
1111222332433444	1122123344134234
1111222332433444	1234121132243344
1111222332433444	1213122143243344
1111222332433444	1122132134324434
1111222332433444	1123213214324434
1111222332433444	1231122143243344
1111222332433444	1122133142234434
1111222332433444	1122132134344234
1111222332433444	1231142132234344
1111222332433444	1212123314324434
1111222332433444	1213124132243344
1111222332433444	1213123214324434
1111222332433444	1213122134324434
1111222332433444	1231123214324434
1111222332433444	1231122134324434
1111222332433444	1122133234124434
1111222332433444	1123123214324434
1111222332433444	1122133144234234
1111222332433444	1122134132234434
1111222332433444	1123122134324434
1111222332433444	1231122143234344
1111222332433444	1231123142243344
1111222332433444	1213123142243344
1111222332433444	1212123134324434
1111222332433444	1212113234324434
1111222332433444	1123213243124434
1111222332433444	1123231142234434
1111222332433444	1231122134243344
1111222332433444	1123234123124434
1111222332433444	1231142134234234
1111222332433444	1231122134234434
1111222332433444	1123231124234434
1111222332433444	1213123124243344
1111222332433444	1213122134243344
1111222332433444	1213112234243344
1111222332433444	1123123243124434
1111222332433444	1213122143234344
1111222332433444	1122134134234234
1111222332433444	1123123234124434
1111222332433444	1231142234134234
1111222332433444	1123231144234234
1111222332433444	1231123124243344
1111222332433444	1123213234124434
1111222332433444	1234121132234344
1111222332433444	1213112243234344
1111222332433444	1123214342134234
1111222332433444	1213114232234344
1111222332433444	1212123343124434
1111222332433444	1213124123234344
1111222332433444	1213124132234344
1111222332433444	1213123243124434
1111222332433444	1213123234124434
1111222332433444	1123213244134234
1111222332433444	1213123142234434
1111222332433444	1213123124234434
1111222332433444	1213122134234434
1111222332433444	1213112234234434
1111222332433444	1123214234134234
1111222332433444	1234112234134234
1111222332433444	1231123243124434
1111222332433444	1212113234344234
1111222332433444	1213114234234234
1111222332433444	1231123142234434
1111222332433444	1231123124234434
1111222332433444	1213112234344234
1111222332433444	1231124132234344
1111222332433444	1231124123234344
1111222332433444	1231123144234234
1111222332433444	1213123144234234
1111222332433444	1123123244134234
1111222332433444	1213123244134234
1111222332433444	1123124234134234
1111222332433444	1231124134234234
1111222332433444	1231123244134234
1111222332433444	1123124342134234
1111222332433444	1212123344134234
1111222332433444	1234123142134234
1111222332433444	1123234124134234
1111222332433444	1231124342134234
1111222332433444	1123234142134234
1111222332433444	1213124342134234
1111222332433444	1234121134234234
1111222332433444	1234121123234344
1111222332433444	1212123134344234
1111222332433444	1213124134234234
1111222332433444	1213124234134234
1111222332433444	1234123124134234
1111222332434344	1211132224333444
1111222332434344	1211132243233444
1111222332434344	1213112224333444
1111222332434344	1122133214432434
1111222332434344	1231112224333444
1111222332434344	1122113324243434
1111222332434344	1231114223233444
1111222332434344	1122113324432434
1111222332434344	1211132243342434
1111222332434344	1211132234243434
1111222332434344	1211132234432434
1111222332434344	1122113342243434
1111222332434344	1213112243233444
1111222332434344	1231114232233444
1111222332434344	1123213214432434
1111222332434344	1213114223233444
1111222332434344	1213114232233444
1111222332434344	1213122143233444
1111222332434344	1213123214432434
1111222332434344	1213122134432434
1111222332434344	1213212134432434
1111222332434344	1213124123233444
1111222332434344	1213124132233444
1111222332434344	1231123214432434
1111222332434344	1231122134432434
1111222332434344	1231112234432434
1111222332434344	1212113324432434
1111222332434344	1211123324432434
1111222332434344	1213112234432434
1111222332434344	1122113344232434
1111222332434344	1213212143233444
1111222332434344	1231112243233444
1111222332434344	1213214123233444
1111222332434344	1213214132233444
1111222332434344	1231112243342434
1111222332434344	1231114234232434
1111222332434344	1231112234243434
1111222332434344	1231122143233444
1111222332434344	1231124123233444
1111222332434344	1231124132233444
1111222332434344	1211123324243434
1111222332434344	1231142123233444
1111222332434344	1231142132233444
1111222332434344	1211123342243434
1111222332434344	1211123344232434
1111222332434344	1234112123233444
1111222332434344	1234112132233444
1111222332434344	1234121123233444
1111222332434344	1234121132233444
1111222332434344	1213214132243434
1111222332434344	1123214132243434
1111222332434344	1213122143342434
1111222332434344	1212113324243434
1111222332434344	1213212143342434
1111222332434344	1231122143342434
1111222332434344	1213112243342434
1111222332434344	1231124324132434
1111222332434344	1213124324132434
1111222332434344	1123214324132434
1111222332434344	1213214134232434
1111222332434344	1123214134232434
1111222332434344	1213213124243434
1111222332434344	1123213124243434
1111222332434344	1213213144232434
1111222332434344	1123213144232434
1111222332434344	1213213142243434
1111222332434344	1123213142243434
1111222332434344	1213212143243434
1111222332434344	1234112132243434
1111222332434344	1123231144232434
1111222332434344	1122133144232434
1111222332434344	1231123144232434
1111222332434344	1213123144232434
1111222332434344	1122133244132434
1111222332434344	1123213244132434
1111222332434344	1213123244132434
1111222332434344	1231123244132434
1111222332434344	1213212134243434
1111222332434344	1234112134232434
1111222332434344	1122133124243434
1111222332434344	1122133142243434
1111222332434344	1231142132243434
1111222332434344	1231122143243434
1111222332434344	1231142134232434
1111222332434344	1231122134243434
1111222332434344	1213122143243434
1111222332434344	1123231142243434
1111222332434344	1234121132243434
1111222332434344	1231142234132434
1111222332434344	1122134132243434
1111222332434344	1122134134232434
1111222332434344	1231123142243434
1111222332434344	1213123142243434
1111222332434344	1231124132243434
1111222332434344	1213124132243434
1111222332434344	1213112234243434
1111222332434344	1234112234132434
1111222332434344	1213114234232434
1111222332434344	1231124134232434
1111222332434344	1231123124243434
1111222332434344	1123231124243434
1111222332434344	1213122134243434
1111222332434344	1234121134232434
1111222332434344	1123234124132434
1111222332434344	1213124234132434
1111222332434344	1213123124243434
1111222332434344	1213124134232434
1111222332434344	1234123124132434
1111222332434434	1211132224333444
1111222332434434	1122113324243344
1111222332434434	1211132243233444
1111222332434434	1122113324432344
1111222332434434	1122113342243344
1111222332434434	1213112224333444
1111222332434434	1122113344232344
1111222332434434	1231112224333444
1111222332434434	1122133214432344
1111222332434434	1231114223233444
1111222332434434	1122133124243344
1111222332434434	1122133142243344
1111222332434434	1122133144232344
1111222332434434	1122133244132344
1111222332434434	1122134132243344
1111222332434434	1122134134232344
1111222332434434	1213112243233444
1111222332434434	1231114232233444
1111222332434434	1213114223233444
1111222332434434	1213114232233444
1111222332434434	1213122143233444
1111222332434434	1213124123233444
1111222332434434	1213124132233444
1111222332434434	1213212143233444
1111222332434434	1231112243233444
1111222332434434	1213214123233444
1111222332434434	1231112243342344
1111222332434434	1213214132233444
1111222332434434	1231114234232344
1111222332434434	1231112234432344
1111222332434434	1123213214432344
1111222332434434	1123213124243344
1111222332434434	1123213142243344
1111222332434434	1123213144232344
1111222332434434	1231122143233444
1111222332434434	1213123214432344
1111222332434434	1213122134432344
1111222332434434	1123213244132344
1111222332434434	1213212134432344
1111222332434434	1231124123233444
1111222332434434	1231124132233444
1111222332434434	1231123214432344
1111222332434434	1231122134432344
1111222332434434	1123214132243344
1111222332434434	1123214134232344
1111222332434434	1231142123233444
1111222332434434	1231142132233444
1111222332434434	1123214324132344
1111222332434434	1123231124243344
1111222332434434	1123231142243344
1111222332434434	1123231144232344
1111222332434434	1123234124132344
1111222332434434	1234112123233444
1111222332434434	1234112132233444
1111222332434434	1234121123233444
1111222332434434	1234121132233444
1111222332434434	1213214132243344
1111222332434434	1231124324132344
1111222332434434	1213124324132344
1111222332434434	1213122143342344
1111222332434434	1213212143342344
1111222332434434	1231122143342344
1111222332434434	1213214134232344
1111222332434434	1213213144232344
1111222332434434	1231123144232344
1111222332434434	1234112132243344
1111222332434434	1213123244132344
1111222332434434	1231123244132344
1111222332434434	1234112134232344
1111222332434434	1231124132243344
1111222332434434	1231142132243344
1111222332434434	1234121132243344
1111222332434434	1213124132243344
1111222332434434	1231142134232344
1111222332434434	1231142234132344
1111222332434434	1213124234132344
1111222332434434	1234112234132344
1111222332434434	1231124134232344
1111222332434434	1234121134232344
1111222332434434	1234123124132344
1111222332443344	1211132224333444
1111222332443344	1211132243233444
1111222332443344	1211132224334434
1111222332443344	1211132243323444
1111222332443344	1213112224333444
1111222332443344	1231112224333444
1111222332443344	1213122143324434
1111222332443344	1122113324243434
1111222332443344	1213212143324434
1111222332443344	1231114223233444
1111222332443344	1231122143324434
1111222332443344	1231112243324434
1111222332443344	1231114223234434
1111222332443344	1211132243324434
1111222332443344	1213112243324434
1111222332443344	1122113324423434
1111222332443344	1211132243234434
1111222332443344	1231114223323444
1111222332443344	1211132243243434
1111222332443344	1231114223324434
1111222332443344	1231142213324434
1111222332443344	1231112224334434
1111222332443344	1122133214423434
1111222332443344	1211132234243434
1111222332443344	1211132234423434
1111222332443344	1231142213323444
1111222332443344	1122113342243434
1111222332443344	1213112243233444
1111222332443344	1213112243323444
1111222332443344	1231114232233444
1111222332443344	1231114232234434
1111222332443344	1213114223233444
1111222332443344	1213114223323444
1111222332443344	1213114232233444
1111222332443344	1231114232243434
1111222332443344	1213122143233444
1111222332443344	1213122143323444
1111222332443344	1213124123233444
1111222332443344	1213124123323444
1111222332443344	1213124132233444
1111222332443344	1213124213323444
1111222332443344	1213124233123444
1111222332443344	1213124323123444
1111222332443344	1122113344223434
1111222332443344	1231112243323444
1111222332443344	1213212143233444
1111222332443344	1213212143323444
1111222332443344	1231112243233444
1111222332443344	1231112243234434
1111222332443344	1213214123233444
1111222332443344	1213214123323444
1111222332443344	1213214132233444
1111222332443344	1231112243243434
1111222332443344	1231114234223434
1111222332443344	1231112234243434
1111222332443344	1231112234423434
1111222332443344	1231122143323444
1111222332443344	1231122143233444
1111222332443344	1231124123233444
1111222332443344	1231124123323444
1111222332443344	1231124132233444
1111222332443344	1231124323123444
1111222332443344	1211123324243434
1111222332443344	1231142123233444
1111222332443344	1211123324423434
1111222332443344	1231142132233444
1111222332443344	1231142233123444
1111222332443344	1123231144223434
1111222332443344	1123213144223434
1111222332443344	1122133144223434
1111222332443344	1213213144223434
1111222332443344	1231123144223434
1111222332443344	1213123144223434
1111222332443344	1211123344223434
1111222332443344	1211123342243434
1111222332443344	1234112123233444
1111222332443344	1234112132233444
1111222332443344	1234112213323444
1111222332443344	1234112233123444
1111222332443344	1234121123233444
1111222332443344	1234121132233444
1111222332443344	1234123123123444
1111222332443344	1213214132243434
1111222332443344	1123214132243434
1111222332443344	1213214132234434
1111222332443344	1212113324243434
1111222332443344	1213124213324434
1111222332443344	1213124233124434
1111222332443344	1213124323124434
1111222332443344	1213214123324434
1111222332443344	1213214134223434
1111222332443344	1123214134223434
1111222332443344	1231124323124434
1111222332443344	1231142233124434
1111222332443344	1213213124243434
1111222332443344	1123213124243434
1111222332443344	1213214123234434
1111222332443344	1234112123234434
1111222332443344	1213114223234434
1111222332443344	1231124123324434
1111222332443344	1231124132234434
1111222332443344	1231142132234434
1111222332443344	1231142123234434
1111222332443344	1234112213324434
1111222332443344	1234112233124434
1111222332443344	1231124324123434
1111222332443344	1213124324123434
1111222332443344	1123214324123434
1111222332443344	1234121132234434
1111222332443344	1234123123124434
1111222332443344	1234112132234434
1111222332443344	1234121123234434
1111222332443344	1123234412123434
1111222332443344	1213213142243434
1111222332443344	1123213142243434
1111222332443344	1213212143234434
1111222332443344	1213212143243434
1111222332443344	1234112132243434
1111222332443344	1213114223324434
1111222332443344	1213114232234434
1111222332443344	1213124123324434
1111222332443344	1213124132234434
1111222332443344	1213112224334434
1111222332443344	1213112243234434
1111222332443344	1213122143234434
1111222332443344	1213124123234434
1111222332443344	1231122143234434
1111222332443344	1213212134423434
1111222332443344	1231124123234434
1111222332443344	1234112134223434
1111222332443344	1213212134243434
1111222332443344	1212113324423434
1111222332443344	1122133124243434
1111222332443344	1122133244123434
1111222332443344	1122133142243434
1111222332443344	1123214314223434
1111222332443344	1231142132243434
1111222332443344	1123213214423434
1111222332443344	1231122143243434
1111222332443344	1231142134223434
1111222332443344	1231124314223434
1111222332443344	1213124314223434
1111222332443344	1231122134243434
1111222332443344	1231122134423434
1111222332443344	1123234114223434
1111222332443344	1213122143243434
1111222332443344	1123231142243434
1111222332443344	1234121132243434
1111222332443344	1231142234123434
1111222332443344	1231123214423434
1111222332443344	1213123214423434
1111222332443344	1122134132243434
1111222332443344	1122134134223434
1111222332443344	1234123114223434
1111222332443344	1213112243243434
1111222332443344	1231123142243434
1111222332443344	1213123142243434
1111222332443344	1123214342123434
1111222332443344	1213114232243434
1111222332443344	1231124132243434
1111222332443344	1213124132243434
1111222332443344	1123213244123434
1111222332443344	1234112234123434
1111222332443344	1213112234243434
1111222332443344	1213114234223434
1111222332443344	1213112234423434
1111222332443344	1213122134423434
1111222332443344	1231124134223434
1111222332443344	1231123124243434
1111222332443344	1234121134223434
1111222332443344	1213124134223434
1111222332443344	1123231124243434
1111222332443344	1213122134243434
1111222332443344	1123234124123434
1111222332443344	1123234142123434
1111222332443344	1231124342123434
1111222332443344	1231123244123434
1111222332443344	1213123244123434
1111222332443344	1234123142123434
1111222332443344	1213124342123434
1111222332443344	1213123124243434
1111222332443344	1213124234123434
1111222332443344	1234123124123434
1111222332443434	1122113324243344
1111222332443434	1122113324423344
1111222332443434	1122113342243344
1111222332443434	1122113344223344
1111222332443434	1231114223234344
1111222332443434	1122133214423344
1111222332443434	1122133124243344
1111222332443434	1211132243234344
1111222332443434	1122133142243344
1111222332443434	1211132243243344
1111222332443434	1231114223324344
1111222332443434	1122133144223344
1111222332443434	1122133244123344
1111222332443434	1231142213324344
1111222332443434	1122134132243344
1111222332443434	1122134134223344
1111222332443434	1211132234423344
1111222332443434	1213122143324344
1111222332443434	1213212143324344
1111222332443434	1231122143324344
1111222332443434	1231112243324344
1111222332443434	1231114232243344
1111222332443434	1123231144223344
1111222332443434	1123213144223344
1111222332443434	1213213144223344
1111222332443434	1231123144223344
1111222332443434	1213123144223344
1111222332443434	1211123344223344
1111222332443434	1231114234223344
1111222332443434	1123213124243344
1111222332443434	1123213142243344
1111222332443434	1123213214423344
1111222332443434	1123213244123344
1111222332443434	1123214132243344
1111222332443434	1123214134223344
1111222332443434	1211123324423344
1111222332443434	1123214314223344
1111222332443434	1123214324123344
1111222332443434	1123214342123344
1111222332443434	1123231124243344
1111222332443434	1123231142243344
1111222332443434	1123234114223344
1111222332443434	1123234124123344
1111222332443434	1123234142123344
1111222332443434	1123234412123344
1111222332443434	1212113324423344
1111222332443434	1213214132243344
1111222332443434	1213214134223344
1111222332443434	1213214123324344
1111222332443434	1213114223234344
1111222332443434	1234112123234344
1111222332443434	1231124324123344
1111222332443434	1213124324123344
1111222332443434	1231124323124344
1111222332443434	1213124323124344
1111222332443434	1234112132243344
1111222332443434	1213112234423344
1111222332443434	1234112134223344
1111222332443434	1231142123234344
1111222332443434	1231124132243344
1111222332443434	1231142132243344
1111222332443434	1231142233124344
1111222332443434	1234121132243344
1111222332443434	1213112243243344
1111222332443434	1213124132243344
1111222332443434	1213114232243344
1111222332443434	1231124314223344
1111222332443434	1213124314223344
1111222332443434	1234112213324344
1111222332443434	1213124213324344
1111222332443434	1231142134223344
1111222332443434	1234123114223344
1111222332443434	1231142234123344
1111222332443434	1213124134223344
1111222332443434	1213124342123344
1111222332443434	1213124234123344
1111222332443434	1213124233124344
1111222332443434	1213112243234344
1111222332443434	1231124123324344
1111222332443434	1213114234223344
1111222332443434	1213124123234344
1111222332443434	1234121134223344
1111222332443434	1234112233124344
1111222332443434	1231124134223344
1111222332443434	1234112234123344
1111222332443434	1231124342123344
1111222332443434	1234121123234344
1111222332443434	1234123142123344
1111222332443434	1234123124123344
1111222332443434	1234123123124344
1111222333243444	1122113322443344
1111222333243444	1212113322443344
1111222333243444	1211132224334344
1111222333243444	1122113324423344
1111222333243444	1122133122443344
1111222333243444	1122133212443344
1111222333243444	1211123322443344
1111222333243444	1122113342423344
1111222333243444	1122113344223344
1111222333243444	1112223331444234
1111222333243444	1211132223443344
1111222333243444	1123213122443344
1111222333243444	1123213212443344
1111222333243444	1122123331444234
1111222333243444	1123231122443344
1111222333243444	1212123331444234
1111222333243444	1112223133424434
1111222333243444	1213122143324434
1111222333243444	1213212143324434
1111222333243444	1112223134324434
1111222333243444	1231122143324434
1111222333243444	1122133214434234
1111222333243444	1112223143324434
1111222333243444	1122133214423344
1111222333243444	1211132232443344
1111222333243444	1213213122443344
1111222333243444	1112223313424434
1111222333243444	1123122143324434
1111222333243444	1122133124423344
1111222333243444	1123212143324434
1111222333243444	1112223314324434
1111222333243444	1122132143324434
1111222333243444	1122133214324434
1111222333243444	1122133142423344
1111222333243444	1122133144223344
1111222333243444	1231142213324434
1111222333243444	1122113324434234
1111222333243444	1231112224334344
1111222333243444	1122123143324434
1111222333243444	1112223334414234
1111222333243444	1213123122443344
1111222333243444	1213123212443344
1111222333243444	1213122132443344
1111222333243444	1231142213324344
1111222333243444	1213112232443344
1111222333243444	1213112223443344
1111222333243444	1112223343414234
1111222333243444	1213122123443344
1111222333243444	1213212132443344
1111222333243444	1213212123443344
1111222333243444	1122113323424434
1111222333243444	1122134132423344
1111222333243444	1231114223423344
1111222333243444	1122134134223344
1111222333243444	1231123122443344
1111222333243444	1231123212443344
1111222333243444	1231122132443344
1111222333243444	1231112232443344
1111222333243444	1231112223443344
1111222333243444	1231122123443344
1111222333243444	1231114223434234
1111222333243444	1213122143324344
1111222333243444	1213212143324344
1111222333243444	1231122143324344
1111222333243444	1122113233424434
1111222333243444	1231114232423344
1111222333243444	1123231144223344
1111222333243444	1123213144223344
1111222333243444	1213213144223344
1111222333243444	1231123144223344
1111222333243444	1231112243423344
1111222333243444	1231112243434234
1111222333243444	1231112233444234
1111222333243444	1122113234324434
1111222333243444	1231114234223344
1111222333243444	1231112234423344
1111222333243444	1231112234434234
1111222333243444	1122133213444234
1111222333243444	1123213124423344
1111222333243444	1123213142423344
1111222333243444	1123213214423344
1111222333243444	1122133231444234
1111222333243444	1123123231444234
1111222333243444	1123123213444234
1111222333243444	1123122133444234
1111222333243444	1123213231444234
1111222333243444	1123213213444234
1111222333243444	1123231123444234
1111222333243444	1123212133444234
1111222333243444	1123213123444234
1111222333243444	1123214132423344
1111222333243444	1123214134223344
1111222333243444	1123214312423344
1111222333243444	1123214314223344
1111222333243444	1123231124423344
1111222333243444	1122133213424434
1111222333243444	1123231142423344
1111222333243444	1231142213434234
1111222333243444	1213123231444234
1111222333243444	1213123213444234
1111222333243444	1213122133444234
1111222333243444	1231142213423344
1111222333243444	1213212133444234
1111222333243444	1213213123444234
1111222333243444	1123234112423344
1111222333243444	1123234114223344
1111222333243444	1231122133444234
1111222333243444	1231123123444234
1111222333243444	1213112224334344
1111222333243444	1213122124334344
1111222333243444	1213212124334344
1111222333243444	1231122124334344
1111222333243444	1213214132423344
1111222333243444	1213124213324434
1111222333243444	1213214134223344
1111222333243444	1123213214434234
1111222333243444	1123231124434234
1111222333243444	1123213124434234
1111222333243444	1122133124434234
1111222333243444	1213213124434234
1111222333243444	1213123214434234
1111222333243444	1213122134434234
1111222333243444	1213212134434234
1111222333243444	1231123214434234
1111222333243444	1231122134434234
1111222333243444	1231123124434234
1111222333243444	1213213124423344
1111222333243444	1234112213324434
1111222333243444	1213214123434234
1111222333243444	1213214123423344
1111222333243444	1123213123424434
1111222333243444	1234112123423344
1111222333243444	1234112123434234
1111222333243444	1213213142423344
1111222333243444	1213123214423344
1111222333243444	1213122134423344
1111222333243444	1213212134423344
1111222333243444	1231123214423344
1111222333243444	1231122134423344
1111222333243444	1231123124423344
1111222333243444	1213212143434234
1111222333243444	1213212143423344
1111222333243444	1123212133424434
1111222333243444	1234112132423344
1111222333243444	1122123334414234
1111222333243444	1122133234414234
1111222333243444	1123212134324434
1111222333243444	1234112134223344
1111222333243444	1123123234414234
1111222333243444	1123213234414234
1111222333243444	1212123334414234
1111222333243444	1213123234414234
1111222333243444	1122123133424434
1111222333243444	1122123134324434
1111222333243444	1123124213324434
1111222333243444	1122123313424434
1111222333243444	1122123314324434
1111222333243444	1123214213324434
1111222333243444	1122123343414234
1111222333243444	1122133123424434
1111222333243444	1231142123423344
1111222333243444	1231142123434234
1111222333243444	1122132133424434
1111222333243444	1122132134324434
1111222333243444	1123213214324434
1111222333243444	1231142132423344
1111222333243444	1231124314223344
1111222333243444	1123123214324434
1111222333243444	1123122134324434
1111222333243444	1122133243414234
1111222333243444	1234112213324344
1111222333243444	1213124213324344
1111222333243444	1231122143423344
1111222333243444	1231122143434234
1111222333243444	1231142134223344
1111222333243444	1123213213424434
1111222333243444	1234112213423344
1111222333243444	1234112213434234
1111222333243444	1231142233414234
1111222333243444	1234123114223344
1111222333243444	1123214323414234
1111222333243444	1123122133424434
1111222333243444	1123123213424434
1111222333243444	1123231123424434
1111222333243444	1213122143423344
1111222333243444	1213122143434234
1111222333243444	1234121132423344
1111222333243444	1123214233414234
1111222333243444	1234121134223344
1111222333243444	1231124134223344
1111222333243444	1123213243414234
1111222333243444	1234112233414234
1111222333243444	1231124323414234
1111222333243444	1213124323414234
1111222333243444	1123124323414234
1111222333243444	1231124132423344
1111222333243444	1231124312423344
1111222333243444	1123123243414234
1111222333243444	1231124123423344
1111222333243444	1231124123434234
1111222333243444	1123124233414234
1111222333243444	1231123142423344
1111222333243444	1213124213434234
1111222333243444	1234123112423344
1111222333243444	1123234123414234
1111222333243444	1231123243414234
1111222333243444	1234121123423344
1111222333243444	1234121123434234
1111222333243444	1212123343414234
1111222333243444	1213123243414234
1111222333243444	1213124233414234
1111222333243444	1234123123414234
1111222333423444	1122113324243344
1111222333423444	1112223133244434
1111222333423444	1112223313244434
1111222333423444	1122113342243344
1111222333423444	1211132224343344
1111222333423444	1122113323244434
1111222333423444	1231114223243344
1111222333423444	1122133124243344
1111222333423444	1122123133244434
1111222333423444	1122123313244434
1111222333423444	1122133142243344
1111222333423444	1122132133244434
1111222333423444	1122133213244434
1111222333423444	1122133214243344
1111222333423444	1122113233244434
1111222333423444	1112223334144234
1111222333423444	1122133123244434
1111222333423444	1112223343144234
1111222333423444	1231112224343344
1111222333423444	1231114223344234
1111222333423444	1122134132243344
1111222333423444	1123122133244434
1111222333423444	1211132234243344
1111222333423444	1123123213244434
1111222333423444	1123212133244434
1111222333423444	1123213213244434
1111222333423444	1123213123244434
1111222333423444	1122133214344234
1111222333423444	1231114232243344
1111222333423444	1231142213344234
1111222333423444	1231142213243344
1111222333423444	1231112243243344
1111222333423444	1231112243344234
1111222333423444	1231112234243344
1111222333423444	1231112234344234
1111222333423444	1123213124243344
1111222333423444	1123213142243344
1111222333423444	1123213214243344
1111222333423444	1123214132243344
1111222333423444	1211123324243344
1111222333423444	1123214312243344
1111222333423444	1123231124243344
1111222333423444	1123231142243344
1111222333423444	1123234112243344
1111222333423444	1211123342243344
1111222333423444	1212113324243344
1111222333423444	1213214132243344
1111222333423444	1122123334144234
1111222333423444	1212123334144234
1111222333423444	1213213124243344
1111222333423444	1213214123344234
1111222333423444	1213214123243344
1111222333423444	1234112123243344
1111222333423444	1213213142243344
1111222333423444	1231124323144234
1111222333423444	1213124323144234
1111222333423444	1123214323144234
1111222333423444	1123124323144234
1111222333423444	1213212143344234
1111222333423444	1231124312243344
1111222333423444	1213212143243344
1111222333423444	1234112132243344
1111222333423444	1213212134344234
1111222333423444	1123212134344234
1111222333423444	1213212134243344
1111222333423444	1213122143344234
1111222333423444	1231122143344234
1111222333423444	1231142123243344
1111222333423444	1231124132243344
1111222333423444	1231142132243344
1111222333423444	1122123343144234
1111222333423444	1234121132243344
1111222333423444	1234123112243344
1111222333423444	1234112213243344
1111222333423444	1213122143243344
1111222333423444	1231122143243344
1111222333423444	1122133243144234
1111222333423444	1231142233144234
1111222333423444	1122133234144234
1111222333423444	1231123142243344
1111222333423444	1213123142243344
1111222333423444	1123213214344234
1111222333423444	1213112224343344
1111222333423444	1234112213344234
1111222333423444	1123213243144234
1111222333423444	1231122134243344
1111222333423444	1213123243144234
1111222333423444	1231123243144234
1111222333423444	1231124123243344
1111222333423444	1123123243144234
1111222333423444	1231122134344234
1111222333423444	1212123343144234
1111222333423444	1213123214243344
1111222333423444	1213123124243344
1111222333423444	1213122134243344
1111222333423444	1213112234243344
1111222333423444	1234112233144234
1111222333423444	1213124233144234
1111222333423444	1231123214243344
1111222333423444	1123214233144234
1111222333423444	1231123124243344
1111222333423444	1123124233144234
1111222333423444	1231123214344234
1111222333423444	1213123214344234
1111222333423444	1123123214344234
1111222333423444	1213124213344234
1111222333423444	1123213234144234
1111222333423444	1123122134344234
1111222333423444	1123123234144234
1111222333423444	1231124123344234
1111222333423444	1234123123144234
1111222333423444	1123234123144234
1111222333423444	1213122134344234
1111222333423444	1213123234144234
1111222333424344	1122133214432434
1111222333424344	1231114223243434
1111222333424344	1231114223342434
1111222333424344	1123213214432434
1111222333424344	1231114232243434
1111222333424344	1213123214432434
1111222333424344	1231142213342434
1111222333424344	1213122134432434
1111222333424344	1213212134432434
1111222333424344	1231123214432434
1111222333424344	1231122134432434
1111222333424344	1231112243342434
1111222333424344	1213214132243434
1111222333424344	1213122143342434
1111222333424344	1213212143342434
1111222333424344	1231122143342434
1111222333424344	1231124324132434
1111222333424344	1213124324132434
1111222333424344	1123214324132434
1111222333424344	1213214123342434
1111222333424344	1234112123243434
1111222333424344	1234112132243434
1111222333424344	1231124323142434
1111222333424344	1213124323142434
1111222333424344	1122133244132434
1111222333424344	1123213244132434
1111222333424344	1213123244132434
1111222333424344	1231123244132434
1111222333424344	1231142123243434
1111222333424344	1231142132243434
1111222333424344	1231142233142434
1111222333424344	1234112213342434
1111222333424344	1234121132243434
1111222333424344	1231142234132434
1111222333424344	1213124213342434
1111222333424344	1123214342132434
1111222333424344	1231124132243434
1111222333424344	1234112233142434
1111222333424344	1213124233142434
1111222333424344	1234123142132434
1111222333424344	1231124342132434
1111222333424344	1213124342132434
1111222333424344	1123234142132434
1111222333424344	1234112234132434
1111222333424344	1231124123342434
1111222333424344	1123234124132434
1111222333424344	1213124234132434
1111222333424344	1234123124132434
1111222333424344	1234123123142434
1111222333424434	1211132224333444
1111222333424434	1122113324243344
1111222333424434	1211132243233444
1111222333424434	1122113324432344
1111222333424434	1122113342243344
1111222333424434	1213112224333444
1111222333424434	1122113344232344
1111222333424434	1231112224333444
1111222333424434	1231114223233444
1111222333424434	1231114223243344
1111222333424434	1122133124243344
1111222333424434	1122133142243344
1111222333424434	1211132243243344
1111222333424434	1122133144232344
1111222333424434	1122133214243344
1111222333424434	1231114223342344
1111222333424434	1122134132243344
1111222333424434	1122134134232344
1111222333424434	1213112243233444
1111222333424434	1231114232233444
1111222333424434	1213114223233444
1111222333424434	1231114232243344
1111222333424434	1213114232233444
1111222333424434	1213122143233444
1111222333424434	1213124123233444
1111222333424434	1213124132233444
1111222333424434	1231142213342344
1111222333424434	1213212143233444
1111222333424434	1231112243233444
1111222333424434	1213214123233444
1111222333424434	1231112243342344
1111222333424434	1213214132233444
1111222333424434	1231142213243344
1111222333424434	1231114234232344
1111222333424434	1231112234432344
1111222333424434	1123213124243344
1111222333424434	1123213142243344
1111222333424434	1123213144232344
1111222333424434	1123213214243344
1111222333424434	1231122143233444
1111222333424434	1231124123233444
1111222333424434	1231124132233444
1111222333424434	1123214132243344
1111222333424434	1123214134232344
1111222333424434	1123214312243344
1111222333424434	1231142123233444
1111222333424434	1231142132233444
1111222333424434	1123214314232344
1111222333424434	1123231124243344
1111222333424434	1123231142243344
1111222333424434	1123231144232344
1111222333424434	1123234112243344
1111222333424434	1123234114232344
1111222333424434	1234112123233444
1111222333424434	1234112132233444
1111222333424434	1234121123233444
1111222333424434	1234121132233444
1111222333424434	1213214132243344
1111222333424434	1213122143342344
1111222333424434	1213212143342344
1111222333424434	1231122143342344
1111222333424434	1213214134232344
1111222333424434	1213214123342344
1111222333424434	1234112123243344
1111222333424434	1213213144232344
1111222333424434	1231123144232344
1111222333424434	1213114223243344
1111222333424434	1231124312243344
1111222333424434	1213124312243344
1111222333424434	1234112132243344
1111222333424434	1231124323142344
1111222333424434	1213124323142344
1111222333424434	1234112134232344
1111222333424434	1231142123243344
1111222333424434	1231124132243344
1111222333424434	1231142132243344
1111222333424434	1234121132243344
1111222333424434	1234123112243344
1111222333424434	1234112213243344
1111222333424434	1213112243243344
1111222333424434	1213124132243344
1111222333424434	1213114232243344
1111222333424434	1231142233142344
1111222333424434	1213124213243344
1111222333424434	1213124123243344
1111222333424434	1234112213342344
1111222333424434	1231142134232344
1111222333424434	1231124314232344
1111222333424434	1213124213342344
1111222333424434	1213124233142344
1111222333424434	1234123114232344
1111222333424434	1234112233142344
1111222333424434	1231124123342344
1111222333424434	1231124134232344
1111222333424434	1234121134232344
1111222333424434	1234123123142344
1111222333442344	1213122143324434
1111222333442344	1213212143324434
1111222333442344	1231122143324434
1111222333442344	1231112243324434
1111222333442344	1231114223234434
1111222333442344	1231114223324434
1111222333442344	1231142213324434
1111222333442344	1231114232234434
1111222333442344	1213214132234434
1111222333442344	1213124213324434
1111222333442344	1213124233124434
1111222333442344	1213124323124434
1111222333442344	1213214123324434
1111222333442344	1231124323124434
1111222333442344	1231142233124434
1111222333442344	1234112123234434
1111222333442344	1231124123324434
1111222333442344	1231124132234434
1111222333442344	1231142132234434
1111222333442344	1231142123234434
1111222333442344	1234112213324434
1111222333442344	1234112233124434
1111222333442344	1234121132234434
1111222333442344	1234123123124434
1111222333442344	1234112132234434
1111222333442344	1234121123234434
1111222333442434	1231114223234344
1111222333442434	1211132243234344
1111222333442434	1231114223324344
1111222333442434	1231142213324344
1111222333442434	1213122143324344
1111222333442434	1213212143324344
1111222333442434	1231122143324344
1111222333442434	1231114232234344
1111222333442434	1231112243324344
1111222333442434	1213214132234344
1111222333442434	1213214123324344
1111222333442434	1213114223234344
1111222333442434	1234112123234344
1111222333442434	1231124323124344
1111222333442434	1213124323124344
1111222333442434	1234112132234344
1111222333442434	1231142123234344
1111222333442434	1231142233124344
1111222333442434	1231142132234344
1111222333442434	1234112213324344
1111222333442434	1213124213324344
1111222333442434	1234121132234344
1111222333442434	1213124233124344
1111222333442434	1213112243234344
1111222333442434	1231124123324344
1111222333442434	1213124123234344
1111222333442434	1234112233124344
1111222333442434	1231124132234344
1111222333442434	1234121123234344
1111222333442434	1234123123124344
1111222333444234	1211132224333444
1111222333444234	1211132243233444
1111222333444234	1211132243323444
1111222333444234	1213112224333444
1111222333444234	1231112224333444
1111222333444234	1231114223233444
1111222333444234	1231114223323444
1111222333444234	1231142213323444
1111222333444234	1213112243233444
1111222333444234	1213112243323444
1111222333444234	1231114232233444
1111222333444234	1213114223233444
1111222333444234	1213114223323444
1111222333444234	1213114232233444
1111222333444234	1213122143233444
1111222333444234	1213122143323444
1111222333444234	1213124123233444
1111222333444234	1213124123323444
1111222333444234	1213124132233444
1111222333444234	1213124213323444
1111222333444234	1213124233123444
1111222333444234	1213124323123444
1111222333444234	1231112243323444
1111222333444234	1213212143233444
1111222333444234	1213212143323444
1111222333444234	1231112243233444
1111222333444234	1213214123233444
1111222333444234	1213214123323444
1111222333444234	1213214132233444
1111222333444234	1231122143323444
1111222333444234	1231122143233444
1111222333444234	1231124123233444
1111222333444234	1231124123323444
1111222333444234	1231124132233444
1111222333444234	1231124323123444
1111222333444234	1231142123233444
1111222333444234	1231142132233444
1111222333444234	1231142233123444
1111222333444234	1234112123233444
1111222333444234	1234112132233444
1111222333444234	1234112213323444
1111222333444234	1234112233123444
1111222333444234	1234121123233444
1111222333444234	1234121132233444
1111222333444234	1234123123123444
1111222334233444	1122113322443344
1111222334233444	1212113322443344
1111222334233444	1122133122443344
1111222334233444	1211123322443344
1111222334233444	1122113322434434
1111222334233444	1231114222334344
1111222334233444	1123213122443344
1111222334233444	1112223133424434
1111222334233444	1211132242334344
1111222334233444	1112223133444234
1111222334233444	1211132232443344
1111222334233444	1213213122443344
1111222334233444	1211132232434434
1111222334233444	1112223331424434
1111222334233444	1112223341324434
1111222334233444	1213123122443344
1111222334233444	1112223341434234
1111222334233444	1213112232443344
1111222334233444	1211132243434234
1111222334233444	1211132233444234
1111222334233444	1231123122443344
1111222334233444	1231112232443344
1111222334233444	1212113322434434
1111222334233444	1211123322434434
1111222334233444	1122123331424434
1111222334233444	1212123331424434
1111222334233444	1213114222334344
1111222334233444	1122113342434234
1111222334233444	1231112242334344
1111222334233444	1231124321434234
1111222334233444	1213124321434234
1111222334233444	1123214321434234
1111222334233444	1123124321434234
1111222334233444	1122113233424434
1111222334233444	1122113233444234
1111222334233444	1231114232434234
1111222334233444	1231112232434434
1111222334233444	1231124321324434
1111222334233444	1213124321324434
1111222334233444	1123214321324434
1111222334233444	1123124321324434
1111222334233444	1122113243434234
1111222334233444	1231112243434234
1111222334233444	1122123133444234
1111222334233444	1212123133444234
1111222334233444	1212113233444234
1111222334233444	1211123342434234
1111222334233444	1213112233444234
1111222334233444	1122133241434234
1111222334233444	1213124231324434
1111222334233444	1122133241324434
1111222334233444	1231142231324434
1111222334233444	1213214132434234
1111222334233444	1123214132434234
1111222334233444	1213214122334344
1111222334233444	1213213122434434
1111222334233444	1123213122434434
1111222334233444	1234112122334344
1111222334233444	1234112231324434
1111222334233444	1234123121324434
1111222334233444	1122133231424434
1111222334233444	1231142231434234
1111222334233444	1122133122434434
1111222334233444	1231142122334344
1111222334233444	1122123133424434
1111222334233444	1123124231324434
1111222334233444	1123214231324434
1111222334233444	1122123341324434
1111222334233444	1122123341434234
1111222334233444	1123213241324434
1111222334233444	1123234121324434
1111222334233444	1123123241324434
1111222334233444	1122134132434234
1111222334233444	1123123231424434
1111222334233444	1123213231424434
1111222334233444	1123213241434234
1111222334233444	1213112242334344
1111222334233444	1123214231434234
1111222334233444	1213112232434434
1111222334233444	1234112231434234
1111222334233444	1212123341324434
1111222334233444	1212123133424434
1111222334233444	1212113233424434
1111222334233444	1213124122334344
1111222334233444	1213123241324434
1111222334233444	1213123231424434
1111222334233444	1213114232434234
1111222334233444	1213123122434434
1111222334233444	1213112243434234
1111222334233444	1231123241324434
1111222334233444	1231123122434434
1111222334233444	1231124122334344
1111222334233444	1231124132434234
1111222334233444	1123123241434234
1111222334233444	1123124231434234
1111222334233444	1123234121434234
1111222334233444	1231123241434234
1111222334233444	1212123341434234
1111222334233444	1213123241434234
1111222334233444	1234123121434234
1111222334233444	1213124231434234
1111222334233444	1213124132434234
1111222334234344	1211132242333444
1111222334234344	1122113322443434
1111222334234344	1231114222333444
1111222334234344	1212113322443434
1111222334234344	1211123322443434
1111222334234344	1211132232443434
1111222334234344	1213114222333444
1111222334234344	1231124321432434
1111222334234344	1213124321432434
1111222334234344	1123214321432434
1111222334234344	1211132243432434
1111222334234344	1213112242333444
1111222334234344	1122113342432434
1111222334234344	1231112242333444
1111222334234344	1213124122333444
1111222334234344	1231114232432434
1111222334234344	1231112232443434
1111222334234344	1213214122333444
1111222334234344	1231112243432434
1111222334234344	1231124122333444
1111222334234344	1231142122333444
1111222334234344	1211123342432434
1111222334234344	1234112122333444
1111222334234344	1122133122443434
1111222334234344	1122133241432434
1111222334234344	1123213122443434
1111222334234344	1213213122443434
1111222334234344	1213214132432434
1111222334234344	1123214132432434
1111222334234344	1213123122443434
1111222334234344	1213112232443434
1111222334234344	1231123122443434
1111222334234344	1231142231432434
1111222334234344	1122134132432434
1111222334234344	1234123121432434
1111222334234344	1234112231432434
1111222334234344	1231124132432434
1111222334234344	1123213241432434
1111222334234344	1213124231432434
1111222334234344	1213124132432434
1111222334234344	1213114232432434
1111222334234344	1213112243432434
1111222334234344	1123234121432434
1111222334234344	1213123241432434
1111222334234344	1231123241432434
1111222334234434	1122113322443344
1111222334234434	1211132242333444
1111222334234434	1122133122443344
1111222334234434	1231114222333444
1111222334234434	1122113342432344
1111222334234434	1123213122443344
1111222334234434	1213114222333444
1111222334234434	1122133241432344
1111222334234434	1122134132432344
1111222334234434	1231124321432344
1111222334234434	1213124321432344
1111222334234434	1123214321432344
1111222334234434	1213112242333444
1111222334234434	1231112242333444
1111222334234434	1213124122333444
1111222334234434	1231114232432344
1111222334234434	1213214122333444
1111222334234434	1231112243432344
1111222334234434	1123213241432344
1111222334234434	1231124122333444
1111222334234434	1123214132432344
1111222334234434	1231142122333444
1111222334234434	1123234121432344
1111222334234434	1234112122333444
1111222334234434	1213214132432344
1111222334234434	1231142231432344
1111222334234434	1213123241432344
1111222334234434	1213124231432344
1111222334234434	1234112231432344
1111222334234434	1231124132432344
1111222334234434	1231123241432344
1111222334234434	1234123121432344
1111222334243344	1211132242333444
1111222334243344	1122113322443434
1111222334243344	1211132243323444
1111222334243344	1231114222333444
1111222334243344	1231114222334434
1111222334243344	1212113322443434
1111222334243344	1211132242334434
1111222334243344	1211123322443434
1111222334243344	1211132232443434
1111222334243344	1213114222333444
1111222334243344	1211132243423434
1111222334243344	1213112242333444
1111222334243344	1213112243323444
1111222334243344	1213114232323444
1111222334243344	1122113342423434
1111222334243344	1231114232323444
1111222334243344	1231112242333444
1111222334243344	1231112242334434
1111222334243344	1213124122333444
1111222334243344	1213124132323444
1111222334243344	1213124231323444
1111222334243344	1213124321323444
1111222334243344	1231114232423434
1111222334243344	1231112232443434
1111222334243344	1122113344223434
1111222334243344	1231112243323444
1111222334243344	1213114222334434
1111222334243344	1213214122333444
1111222334243344	1231124321324434
1111222334243344	1213214132323444
1111222334243344	1213124321324434
1111222334243344	1231112243423434
1111222334243344	1231124321423434
1111222334243344	1213124321423434
1111222334243344	1123214321423434
1111222334243344	1231124321323444
1111222334243344	1123234411223434
1111222334243344	1231124122333444
1111222334243344	1231124132323444
1111222334243344	1231142122333444
1111222334243344	1231142231323444
1111222334243344	1211123342423434
1111222334243344	1234112122333444
1111222334243344	1234112231323444
1111222334243344	1234123121323444
1111222334243344	1122133122443434
1111222334243344	1123213122443434
1111222334243344	1213124231324434
1111222334243344	1213214132423434
1111222334243344	1123214132423434
1111222334243344	1213213122443434
1111222334243344	1231142231324434
1111222334243344	1213123122443434
1111222334243344	1213112232443434
1111222334243344	1122133241423434
1111222334243344	1231123122443434
1111222334243344	1234112231324434
1111222334243344	1231142231423434
1111222334243344	1213112242334434
1111222334243344	1122134132423434
1111222334243344	1123214341223434
1111222334243344	1123213241423434
1111222334243344	1234112231423434
1111222334243344	1213114232423434
1111222334243344	1213112243423434
1111222334243344	1231124132423434
1111222334243344	1123234121423434
1111222334243344	1123234141223434
1111222334243344	1231124341223434
1111222334243344	1231123241423434
1111222334243344	1213124341223434
1111222334243344	1213123241423434
1111222334243344	1234123141223434
1111222334243344	1213124132423434
1111222334243344	1213124231423434
1111222334243344	1234123121423434
1111222334243434	1122113322443344
1111222334243434	1122133122443344
1111222334243434	1122113342423344
1111222334243434	1231114222334344
1111222334243434	1122113344223344
1111222334243434	1123213122443344
1111222334243434	1211132242334344
1111222334243434	1122133241423344
1111222334243434	1211132243423344
1111222334243434	1122134132423344
1111222334243434	1213114222334344
1111222334243434	1231114232423344
1111222334243434	1231124321423344
1111222334243434	1213124321423344
1111222334243434	1123214321423344
1111222334243434	1231124321324344
1111222334243434	1213124321324344
1111222334243434	1123234411223344
1111222334243434	1123213241423344
1111222334243434	1123214132423344
1111222334243434	1123214341223344
1111222334243434	1123234121423344
1111222334243434	1123234141223344
1111222334243434	1211123342423344
1111222334243434	1213214132423344
1111222334243434	1231142231324344
1111222334243434	1231142231423344
1111222334243434	1213124132423344
1111222334243434	1213124341223344
1111222334243434	1213112242334344
1111222334243434	1234112231324344
1111222334243434	1213124231423344
1111222334243434	1213124231324344
1111222334243434	1234112231423344
1111222334243434	1213112243423344
1111222334243434	1213114232423344
1111222334243434	1231124132423344
1111222334243434	1231124341223344
1111222334243434	1234123121423344
1111222334243434	1234123141223344
1111222334323444	1122113322443344
1111222334323444	1112223133244434
1111222334323444	1212113322443344
1111222334323444	1122133122443344
1111222334323444	1112223331244434
1111222334323444	1211123322443344
1111222334323444	1112223331444234
1111222334323444	1122113322344434
1111222334323444	1123213122443344
1111222334323444	1122123331444234
1111222334323444	1231114222343344
1111222334323444	1212123331444234
1111222334323444	1211132232443344
1111222334323444	1213213122443344
1111222334323444	1122123133244434
1111222334323444	1122123331244434
1111222334323444	1122133231244434
1111222334323444	1122113233244434
1111222334323444	1122133122344434
1111222334323444	1213123122443344
1111222334323444	1213112232443344
1111222334323444	1123123231244434
1111222334323444	1231123122443344
1111222334323444	1123213231244434
1111222334323444	1231112232443344
1111222334323444	1123213122344434
1111222334323444	1231114232243344
1111222334323444	1231112242343344
1111222334323444	1231114232344234
1111222334323444	1231112243243344
1111222334323444	1231112243344234
1111222334323444	1231112233444234
1111222334323444	1122133231444234
1111222334323444	1123123231444234
1111222334323444	1231124321344234
1111222334323444	1213124321344234
1111222334323444	1123214321344234
1111222334323444	1123213231444234
1111222334323444	1123124321344234
1111222334323444	1213123231444234
1111222334323444	1213214132344234
1111222334323444	1213214122343344
1111222334323444	1234112122343344
1111222334323444	1122133241344234
1111222334323444	1231142231344234
1111222334323444	1231142122343344
1111222334323444	1231124122343344
1111222334323444	1123213241344234
1111222334323444	1234112231344234
1111222334323444	1231124132344234
1111222334323444	1213124231344234
1111222334323444	1123123241344234
1111222334323444	1234123121344234
1111222334323444	1123234121344234
1111222334323444	1213123241344234
1111222334323444	1231123241344234
1111222334324344	1231114222343434
1111222334324344	1231124321432434
1111222334324344	1213124321432434
1111222334324344	1123214321432434
1111222334324344	1231114232342434
1111222334324344	1231112243342434
1111222334324344	1231124321342434
1111222334324344	1213124321342434
1111222334324344	1122133241432434
1111222334324344	1213214132342434
1111222334324344	1234112122343434
1111222334324344	1231142231342434
1111222334324344	1231142231432434
1111222334324344	1231142122343434
1111222334324344	1234123121432434
1111222334324344	1234112231432434
1111222334324344	1123213241432434
1111222334324344	1213124231432434
1111222334324344	1234112231342434
1111222334324344	1123234121432434
1111222334324344	1213123241432434
1111222334324344	1231123241432434
1111222334324344	1231124132342434
1111222334324344	1213124231342434
1111222334324344	1234123121342434
1111222334324434	1122113322443344
1111222334324434	1211132242333444
1111222334324434	1122133122443344
1111222334324434	1231114222333444
1111222334324434	1122113342243344
1111222334324434	1122113342432344
1111222334324434	1122113344232344
1111222334324434	1123213122443344
1111222334324434	1231114222343344
1111222334324434	1211132242343344
1111222334324434	1213114222333444
1111222334324434	1122133241243344
1111222334324434	1122134132243344
1111222334324434	1122134132432344
1111222334324434	1213112242333444
1111222334324434	1231112242333444
1111222334324434	1213124122333444
1111222334324434	1231114232342344
1111222334324434	1231114232432344
1111222334324434	1213214122333444
1111222334324434	1231112243342344
1111222334324434	1231112243432344
1111222334324434	1213114222343344
1111222334324434	1123213241243344
1111222334324434	1231124122333444
1111222334324434	1123214132243344
1111222334324434	1123214132432344
1111222334324434	1231142122333444
1111222334324434	1231124321243344
1111222334324434	1213124321243344
1111222334324434	1123214321243344
1111222334324434	1123214341232344
1111222334324434	1231124321342344
1111222334324434	1213124321342344
1111222334324434	1123234121243344
1111222334324434	1123234141232344
1111222334324434	1123234411232344
1111222334324434	1234112122333444
1111222334324434	1213214132243344
1111222334324434	1213214132432344
1111222334324434	1213214132342344
1111222334324434	1234112122343344
1111222334324434	1231142231342344
1111222334324434	1231142231243344
1111222334324434	1231142122343344
1111222334324434	1231124132243344
1111222334324434	1234123121243344
1111222334324434	1234112231243344
1111222334324434	1213124132243344
1111222334324434	1213124231243344
1111222334324434	1213112242343344
1111222334324434	1213124122343344
1111222334324434	1234112231342344
1111222334324434	1213124231342344
1111222334324434	1231124132342344
1111222334324434	1231124132432344
1111222334324434	1231124341232344
1111222334324434	1234123141232344
1111222334324434	1234123121342344
1111222334342344	1231114222334434
1111222334342344	1231112243324434
1111222334342344	1231114232324434
1111222334342344	1231124321324434
1111222334342344	1213124321324434
1111222334342344	1213124231324434
1111222334342344	1213214132324434
1111222334342344	1231142231324434
1111222334342344	1234112122334434
1111222334342344	1231124132324434
1111222334342344	1231142122334434
1111222334342344	1234112231324434
1111222334342344	1234123121324434
1111222334342434	1231114222334344
1111222334342434	1211132242334344
1111222334342434	1231112243324344
1111222334342434	1231114232324344
1111222334342434	1213114222334344
1111222334342434	1231124321324344
1111222334342434	1213124321324344
1111222334342434	1213214132324344
1111222334342434	1231142231324344
1111222334342434	1234112122334344
1111222334342434	1231142122334344
1111222334342434	1213112242334344
1111222334342434	1234112231324344
1111222334342434	1213124231324344
1111222334342434	1213124122334344
1111222334342434	1231124132324344
1111222334342434	1234123121324344
1111222334344234	1211132242333444
1111222334344234	1211132243323444
1111222334344234	1231114222333444
1111222334344234	1213114222333444
1111222334344234	1213112242333444
1111222334344234	1213112243323444
1111222334344234	1213114232323444
1111222334344234	1231114232323444
1111222334344234	1231112242333444
1111222334344234	1213124122333444
1111222334344234	1213124132323444
1111222334344234	1213124231323444
1111222334344234	1213124321323444
1111222334344234	1231112243323444
1111222334344234	1213214122333444
1111222334344234	1213214132323444
1111222334344234	1231124321323444
1111222334344234	1231124122333444
1111222334344234	1231124132323444
1111222334344234	1231142122333444
1111222334344234	1231142231323444
1111222334344234	1234112122333444
1111222334344234	1234112231323444
1111222334344234	1234123121323444
1111222334423344	1231114222343434
1111222334423344	1211132242343434
1111222334423344	1211132243243434
1111222334423344	1231114232243434
1111222334423344	1231112242343434
1111222334423344	1231112243243434
1111222334423344	1213114222343434
1111222334423344	1231124321243434
1111222334423344	1213124321243434
1111222334423344	1213214132243434
1111222334423344	1231142231243434
1111222334423344	1213112243243434
1111222334423344	1234112231243434
1111222334423344	1213112242343434
1111222334423344	1213114232243434
1111222334423344	1231124132243434
1111222334423344	1213124132243434
1111222334423344	1234123121243434
1111222334423344	1213124231243434
1111222334423434	1122113322443344
1111222334423434	1122113342243344
1111222334423434	1231114222343344
1111222334423434	1211132242343344
1111222334423434	1211132243243344
1111222334423434	1122133241243344
1111222334423434	1122134132243344
1111222334423434	1231114232243344
1111222334423434	1213114222343344
1111222334423434	1123213241243344
1111222334423434	1123214132243344
1111222334423434	1231124321243344
1111222334423434	1213124321243344
1111222334423434	1123214321243344
1111222334423434	1123234121243344
1111222334423434	1213214132243344
1111222334423434	1231142231243344
1111222334423434	1231124132243344
1111222334423434	1234123121243344
1111222334423434	1234112231243344
1111222334423434	1213112243243344
1111222334423434	1213124132243344
1111222334423434	1213114232243344
1111222334423434	1213124231243344
1111222334423434	1213112242343344
1111222334432344	1231114222334434
1111222334432344	1231114232234434
1111222334432344	1231124321234434
1111222334432344	1213214132234434
1111222334432344	1231124132234434
1111222334432344	1231142231234434
1111222334432344	1234123121234434
1111222334432344	1234112231234434
1111222334432434	1231114222334344
1111222334432434	1211132242334344
1111222334432434	1211132243234344
1111222334432434	1231114232234344
1111222334432434	1213114222334344
1111222334432434	1231124321234344
1111222334432434	1213214132234344
1111222334432434	1231142231234344
1111222334432434	1234112231234344
1111222334432434	1213112242334344
1111222334432434	1213112243234344
1111222334432434	1213124231234344
1111222334432434	1231124132234344
1111222334432434	1234123121234344
1111222334434234	1211132242333444
1111222334434234	1211132243233444
1111222334434234	1231114222333444
1111222334434234	1213114222333444
1111222334434234	1213112242333444
1111222334434234	1213112243233444
1111222334434234	1231114232233444
1111222334434234	1213114232233444
1111222334434234	1231112242333444
1111222334434234	1213124132233444
1111222334434234	1213124231233444
1111222334434234	1213124321233444
1111222334434234	1231112243233444
1111222334434234	1213214132233444
1111222334434234	1231124132233444
1111222334434234	1231124321233444
1111222334434234	1231142231233444
1111222334434234	1234112231233444
1111222334434234	1234123121233444
1111222342333444	1122113324243344
1111222342333444	1211132224334344
1111222342333444	1112223313244434
1111222342333444	1211132224334434
1111222342333444	1211132224343344
1111222342333444	1211132223344434
1111222342333444	1122133214434234
1111222342333444	1122113324234434
1111222342333444	1231114223234344
1111222342333444	1122113323244434
1111222342333444	1122123313244434
1111222342333444	1112223314324434
1111222342333444	1122133214324434
1111222342333444	1112223314344234
1111222342333444	1122133213244434
1111222342333444	1112223314434234
1111222342333444	1231114223324434
1111222342333444	1122133214243344
1111222342333444	1112223334124434
1111222342333444	1231142213324434
1111222342333444	1122113324434234
1111222342333444	1231112224334344
1111222342333444	1231112224334434
1111222342333444	1122113324344234
1111222342333444	1231112224343344
1111222342333444	1231114223344234
1111222342333444	1231112223344434
1111222342333444	1123123213244434
1111222342333444	1123213213244434
1111222342333444	1212123313244434
1111222342333444	1212113323244434
1111222342333444	1213123213244434
1111222342333444	1211123323244434
1111222342333444	1231142213344234
1111222342333444	1231142213243344
1111222342333444	1213112223344434
1111222342333444	1122133214234434
1111222342333444	1231142213234344
1111222342333444	1231142213234434
1111222342333444	1123213214243344
1111222342333444	1211123324243344
1111222342333444	1211123324234434
1111222342333444	1123214312243344
1111222342333444	1211123324434234
1111222342333444	1211123324344234
1111222342333444	1123234112243344
1111222342333444	1212113324243344
1111222342333444	1213112224334344
1111222342333444	1213124213324434
1111222342333444	1212113324234434
1111222342333444	1123213214434234
1111222342333444	1122123334124434
1111222342333444	1212123334124434
1111222342333444	1213114223234344
1111222342333444	1213123214434234
1111222342333444	1231124324134234
1111222342333444	1213124324134234
1111222342333444	1231123214434234
1111222342333444	1123214324134234
1111222342333444	1123124324134234
1111222342333444	1212113324434234
1111222342333444	1123123214434234
1111222342333444	1231124312234434
1111222342333444	1122123314434234
1111222342333444	1212123314434234
1111222342333444	1234112213324434
1111222342333444	1234123112234434
1111222342333444	1234112213234434
1111222342333444	1231124323144234
1111222342333444	1213124323144234
1111222342333444	1231124312243344
1111222342333444	1213124312243344
1111222342333444	1213114223324434
1111222342333444	1213124312234434
1111222342333444	1213112224334434
1111222342333444	1213124213234434
1111222342333444	1123214312234434
1111222342333444	1231124312234344
1111222342333444	1213124312234344
1111222342333444	1123234412134234
1111222342333444	1123124213324434
1111222342333444	1122123314324434
1111222342333444	1123214213324434
1111222342333444	1122123314344234
1111222342333444	1234123112243344
1111222342333444	1234112213243344
1111222342333444	1123213214324434
1111222342333444	1212123314324434
1111222342333444	1213123214324434
1111222342333444	1123214314234234
1111222342333444	1231123214324434
1111222342333444	1123213214234434
1111222342333444	1234112213234344
1111222342333444	1213124213243344
1111222342333444	1123214213344234
1111222342333444	1123123214324434
1111222342333444	1213112224343344
1111222342333444	1234112213344234
1111222342333444	1123234112234434
1111222342333444	1213123214243344
1111222342333444	1212113324344234
1111222342333444	1213114223344234
1111222342333444	1231123214243344
1111222342333444	1212123314344234
1111222342333444	1213124213234344
1111222342333444	1213124213344234
1111222342333444	1123124213344234
1111222342333444	1213123214234434
1111222342333444	1231124314234234
1111222342333444	1213124314234234
1111222342333444	1123234114234234
1111222342333444	1231123214234434
1111222342333444	1234123114234234
1111222342333444	1234123112234344
1111222342334344	1211132224333444
1111222342334344	1213112224333444
1111222342334344	1122133214432434
1111222342334344	1211132224343434
1111222342334344	1231112224333444
1111222342334344	1122113324243434
1111222342334344	1231114223233444
1111222342334344	1122113324432434
1111222342334344	1231114223342434
1111222342334344	1231112224343434
1111222342334344	1123213214432434
1111222342334344	1213114223233444
1111222342334344	1213123214432434
1111222342334344	1231142213342434
1111222342334344	1231123214432434
1111222342334344	1213124213233444
1111222342334344	1213124312233444
1111222342334344	1212113324432434
1111222342334344	1122133214243434
1111222342334344	1211123324432434
1111222342334344	1231142213233444
1111222342334344	1231142213243434
1111222342334344	1231124312233444
1111222342334344	1211123324243434
1111222342334344	1234112213233444
1111222342334344	1234123112233444
1111222342334344	1212113324243434
1111222342334344	1231124312243434
1111222342334344	1213124312243434
1111222342334344	1123214312243434
1111222342334344	1123214314232434
1111222342334344	1123213214243434
1111222342334344	1234112213243434
1111222342334344	1213112224343434
1111222342334344	1234112213342434
1111222342334344	1213114223342434
1111222342334344	1213124213342434
1111222342334344	1231124314232434
1111222342334344	1213124314232434
1111222342334344	1123234114232434
1111222342334344	1231123214243434
1111222342334344	1213123214243434
1111222342334344	1234123114232434
1111222342334344	1213124213243434
1111222342334344	1123234112243434
1111222342334344	1234123112243434
1111222342334434	1211132224333444
1111222342334434	1122113324243344
1111222342334434	1122113324432344
1111222342334434	1213112224333444
1111222342334434	1231112224333444
1111222342334434	1122133214432344
1111222342334434	1122133214243344
1111222342334434	1231114223342344
1111222342334434	1231142213342344
1111222342334434	1231142213243344
1111222342334434	1123213214432344
1111222342334434	1123213214243344
1111222342334434	1213123214432344
1111222342334434	1231123214432344
1111222342334434	1123214312243344
1111222342334434	1123214314232344
1111222342334434	1123234112243344
1111222342334434	1123234114232344
1111222342334434	1231124312243344
1111222342334434	1213124312243344
1111222342334434	1234123112243344
1111222342334434	1234112213243344
1111222342334434	1213124213243344
1111222342334434	1234112213342344
1111222342334434	1231124314232344
1111222342334434	1213124213342344
1111222342334434	1234123114232344
1111222342343344	1211132224333444
1111222342343344	1211132224334434
1111222342343344	1213112224333444
1111222342343344	1231112224333444
1111222342343344	1122113324423434
1111222342343344	1231114223323444
1111222342343344	1231114223324434
1111222342343344	1231142213324434
1111222342343344	1231112224334434
1111222342343344	1122133214423434
1111222342343344	1231142213323444
1111222342343344	1213114223323444
1111222342343344	1213124213323444
1111222342343344	1211123324423434
1111222342343344	1234112213323444
1111222342343344	1213124213324434
1111222342343344	1234112213324434
1111222342343344	1213114223324434
1111222342343344	1213112224334434
1111222342343344	1212113324423434
1111222342343344	1123214314223434
1111222342343344	1123213214423434
1111222342343344	1231124314223434
1111222342343344	1213124314223434
1111222342343344	1123234114223434
1111222342343344	1231123214423434
1111222342343344	1213123214423434
1111222342343344	1234123114223434
1111222342343434	1122113324423344
1111222342343434	1122133214423344
1111222342343434	1231114223324344
1111222342343434	1231142213324344
1111222342343434	1123213214423344
1111222342343434	1211123324423344
1111222342343434	1123214314223344
1111222342343434	1123234114223344
1111222342343434	1212113324423344
1111222342343434	1231124314223344
1111222342343434	1213124314223344
1111222342343434	1234112213324344
1111222342343434	1213124213324344
1111222342343434	1234123114223344
1111222343233444	1122113322443344
1111222343233444	1212113322443344
1111222343233444	1211132224334344
1111222343233444	1122133212443344
1111222343233444	1211123322443344
1111222343233444	1122113322434434
1111222343233444	1231114222334344
1111222343233444	1211132223443344
1111222343233444	1123213212443344
1111222343233444	1211132223434434
1111222343233444	1122133214434234
1111222343233444	1112223313424434
1111222343233444	1112223313444234
1111222343233444	1122133214324434
1111222343233444	1112223331424434
1111222343233444	1231142213324434
1111222343233444	1213123212443344
1111222343233444	1231123212443344
1111222343233444	1212113322434434
1111222343233444	1211123322434434
1111222343233444	1122123331424434
1111222343233444	1212123331424434
1111222343233444	1213114222334344
1111222343233444	1231124321434234
1111222343233444	1213124321434234
1111222343233444	1123214321434234
1111222343233444	1123124321434234
1111222343233444	1231124321324434
1111222343233444	1213124321324434
1111222343233444	1123214321324434
1111222343233444	1123124321324434
1111222343233444	1211123323444234
1111222343233444	1122123313444234
1111222343233444	1122133213424434
1111222343233444	1231142213434234
1111222343233444	1122133212434434
1111222343233444	1212123313444234
1111222343233444	1231142212334344
1111222343233444	1213124213324434
1111222343233444	1123213214434234
1111222343233444	1234112213324434
1111222343233444	1123124213324434
1111222343233444	1122123313424434
1111222343233444	1123214213324434
1111222343233444	1123214312434234
1111222343233444	1123213212434434
1111222343233444	1234112212334344
1111222343233444	1123213214324434
1111222343233444	1123123213424434
1111222343233444	1212123313424434
1111222343233444	1213124212334344
1111222343233444	1213123213424434
1111222343233444	1213123212434434
1111222343233444	1231123212434434
1111222343233444	1123124213434234
1111222343233444	1231124312434234
1111222343233444	1213124213434234
1111222343233444	1123234112434234
1111222343233444	1213124312434234
1111222343233444	1234123112434234
1111222343234344	1211132224333444
1111222343234344	1122113322443434
1111222343234344	1231114222333444
1111222343234344	1122133214432434
1111222343234344	1211132223443434
1111222343234344	1212113322443434
1111222343234344	1211123322443434
1111222343234344	1213114222333444
1111222343234344	1231124321432434
1111222343234344	1213124321432434
1111222343234344	1123214321432434
1111222343234344	1123213214432434
1111222343234344	1213124212333444
1111222343234344	1231142213432434
1111222343234344	1122133212443434
1111222343234344	1231142212333444
1111222343234344	1234112212333444
1111222343234344	1123213212443434
1111222343234344	1213123212443434
1111222343234344	1231123212443434
1111222343234344	1123214312432434
1111222343234344	1234123112432434
1111222343234344	1231124312432434
1111222343234344	1213124213432434
1111222343234344	1213124312432434
1111222343234344	1123234112432434
1111222343234434	1122113322443344
1111222343234434	1211132224333444
1111222343234434	1122133212443344
1111222343234434	1122133214432344
1111222343234434	1123213212443344
1111222343234434	1123213214432344
1111222343234434	1231142213432344
1111222343234434	1123214312432344
1111222343234434	1123234112432344
1111222343234434	1213124213432344
1111222343234434	1234123112432344
1111222343234434	1231124312432344
1111222343243344	1211132224333444
1111222343243344	1122113322443434
1111222343243344	1211132223443434
1111222343243344	1212113322443434
1111222343243344	1211123322443434
1111222343243344	1231142213324434
1111222343243344	1122133214423434
1111222343243344	1231142213323444
1111222343243344	1213124213323444
1111222343243344	1213124312323444
1111222343243344	1231124312323444
1111222343243344	1122133212443434
1111222343243344	1231142213423434
1111222343243344	1234112213323444
1111222343243344	1234123112323444
1111222343243344	1123213212443434
1111222343243344	1213124213324434
1111222343243344	1213123212443434
1111222343243344	1231123212443434
1111222343243344	1234112213324434
1111222343243344	1123214312423434
1111222343243344	1123214314223434
1111222343243344	1123213214423434
1111222343243344	1123234114223434
1111222343243344	1231124312423434
1111222343243344	1213124312423434
1111222343243344	1213124213423434
1111222343243344	1123234112423434
1111222343243344	1234123112423434
1111222343243434	1122113322443344
1111222343243434	1122133212443344
1111222343243434	1123213212443344
1111222343243434	1122133214423344
1111222343243434	1231142213324344
1111222343243434	1123213214423344
1111222343243434	1123214312423344
1111222343243434	1123214314223344
1111222343243434	1231142213423344
1111222343243434	1123234112423344
1111222343243434	1123234114223344
1111222343243434	1234112213324344
1111222343243434	1213124213324344
1111222343243434	1213124312423344
1111222343243434	1213124213423344
1111222343243434	1231124312423344
1111222343243434	1234123112423344
1111222343323444	1122113322443344
1111222343323444	1212113322443344
1111222343323444	1112223313244434
1111222343323444	1112223331244434
1111222343323444	1122133212443344
1111222343323444	1211123322443344
1111222343323444	1211132224343344
1111222343323444	1112223331444234
1111222343323444	1122113322344434
1111222343323444	1211132223443344
1111222343323444	1123213212443344
1111222343323444	1122123331444234
1111222343323444	1231114222343344
1111222343323444	1212123331444234
1111222343323444	1122123313244434
1111222343323444	1122123331244434
1111222343323444	1122133213244434
1111222343323444	1122133212344434
1111222343323444	1213123212443344
1111222343323444	1123123213244434
1111222343323444	1231123212443344
1111222343323444	1123213213244434
1111222343323444	1123213212344434
1111222343323444	1122133214344234
1111222343323444	1231142213344234
1111222343323444	1122133213444234
1111222343323444	1123123213444234
1111222343323444	1231124321344234
1111222343323444	1213124321344234
1111222343323444	1123214321344234
1111222343323444	1123124321344234
1111222343323444	1213123213444234
1111222343323444	1231142212343344
1111222343323444	1234112212343344
1111222343323444	1123213214344234
1111222343323444	1234112213344234
1111222343323444	1213124213344234
1111222343323444	1234123112344234
1111222343323444	1231124312344234
1111222343323444	1123234112344234
1111222343324344	1122133214432434
1111222343324344	1231114222343434
1111222343324344	1231124321432434
1111222343324344	1213124321432434
1111222343324344	1123214321432434
1111222343324344	1123213214432434
1111222343324344	1231142213342434
1111222343324344	1231142213432434
1111222343324344	1231124321342434
1111222343324344	1213124321342434
1111222343324344	1231142212343434
1111222343324344	1234112212343434
1111222343324344	1234112213342434
1111222343324344	1213124213432434
1111222343324344	1213124213342434
1111222343324344	1231124312342434
1111222343324344	1234123112342434
1111222343324434	1122113322443344
1111222343324434	1211132224333444
1111222343324434	1122133212443344
1111222343324434	1231114222333444
1111222343324434	1123213212443344
1111222343324434	1231114222343344
1111222343324434	1122133214243344
1111222343324434	1213114222333444
1111222343324434	1213124212333444
1111222343324434	1231142213342344
1111222343324434	1231142213243344
1111222343324434	1123213214243344
1111222343324434	1213114222343344
1111222343324434	1123214312243344
1111222343324434	1123214312432344
1111222343324434	1231124321243344
1111222343324434	1123214314232344
1111222343324434	1213124321243344
1111222343324434	1123214321243344
1111222343324434	1231142212333444
1111222343324434	1123234112243344
1111222343324434	1123234112432344
1111222343324434	1231124321342344
1111222343324434	1123234114232344
1111222343324434	1213124321342344
1111222343324434	1123234411232344
1111222343324434	1234112212333444
1111222343324434	1231142212343344
1111222343324434	1231124312243344
1111222343324434	1213124312243344
1111222343324434	1234123112243344
1111222343324434	1234112213243344
1111222343324434	1234112212343344
1111222343324434	1213124213243344
1111222343324434	1213124212343344
1111222343324434	1234112213342344
1111222343324434	1213124213342344
1111222343324434	1234123112432344
1111222343324434	1231124312342344
1111222343324434	1231124312432344
1111222343324434	1234123112342344
1111222343342344	1231114222334434
1111222343342344	1231142213324434
1111222343342344	1231124321324434
1111222343342344	1213124321324434
1111222343342344	1231142212334434
1111222343342344	1213124213324434
1111222343342344	1231124312324434
1111222343342344	1234112213324434
1111222343342344	1234123112324434
1111222343342344	1234112212334434
1111222343342434	1231114222334344
1111222343342434	1231142213324344
1111222343342434	1213114222334344
1111222343342434	1231142212334344
1111222343342434	1234112212334344
1111222343342434	1234112213324344
1111222343342434	1213124213324344
1111222343342434	1213124212334344
1111222343342434	1231124312324344
1111222343342434	1234123112324344
1111222343344234	1211132224333444
1111222343344234	1231114222333444
1111222343344234	1213114222333444
1111222343344234	1231142213323444
1111222343344234	1213124212333444
1111222343344234	1213124213323444
1111222343344234	1213124312323444
1111222343344234	1231124312323444
1111222343344234	1231142212333444
1111222343344234	1234112212333444
1111222343344234	1234112213323444
1111222343344234	1234123112323444
1111222343423344	1211132224343434
1111222343423344	1231142213243434
1111222343423344	1231124312243434
1111222343423344	1213124312243434
1111222343423344	1234112213243434
1111222343423344	1213124213243434
1111222343423344	1234123112243434
1111222343423434	1122133214243344
1111222343423434	1231142213243344
1111222343423434	1123213214243344
1111222343423434	1123214312243344
1111222343423434	1123234112243344
1111222343423434	1231124312243344
1111222343423434	1213124312243344
1111222343423434	1234123112243344
1111222343423434	1234112213243344
1111222343423434	1213124213243344
1111222343432344	1231142213234434
1111222343432344	1231124312234434
1111222343432344	1234123112234434
1111222343432344	1234112213234434
1111222343432434	1231142213234344
1111222343432434	1231124312234344
1111222343432434	1234112213234344
1111222343432434	1213124213234344
1111222343432434	1234123112234344
1111222343434234	1211132224333444
1111222343434234	1213124213233444
1111222343434234	1213124312233444
1111222343434234	1231142213233444
1111222343434234	1231124312233444
1111222343434234	1234112213233444
1111222343434234	1234123112233444
1111223223343444	1112221333424434
1111223223343444	1122131322443344
1111223223343444	1112221333444234
1111223223343444	1112221343324434
1111223223343444	1123211322443344
1111223223343444	1123231122443344
1111223223343444	1112221343434234
1111223223343444	1213122143324434
1111223223343444	1213211432423344
1111223223343444	1213211243324434
1111223223343444	1123211432423344
1111223223343444	1122131342423344
1111223223343444	1122131344223344
1111223223343444	1231121243324434
1111223223343444	1213211322443344
1111223223343444	1122131432423344
1111223223343444	1213211432324434
1111223223343444	1123211432324434
1111223223343444	1213211432324344
1111223223343444	1213121243324434
1111223223343444	1123122143324434
1111223223343444	1123211243324434
1111223223343444	1122131243324434
1111223223343444	1122121343324434
1111223223343444	1213121322443344
1111223223343444	1213211432434234
1111223223343444	1123211432434234
1111223223343444	1213122132443344
1111223223343444	1213211422334344
1111223223343444	1213211322434434
1111223223343444	1123211322434434
1111223223343444	1212121343324434
1111223223343444	1234111222334344
1111223223343444	1213211422334434
1111223223343444	1234111222334434
1111223223343444	1231121322443344
1111223223343444	1213122143324344
1111223223343444	1213211243324344
1111223223343444	1231121243324344
1111223223343444	1213121243324344
1111223223343444	1123231144223344
1111223223343444	1123211344223344
1111223223343444	1213211344223344
1111223223343444	1231121344223344
1111223223343444	1213121344223344
1111223223343444	1123231244314234
1111223223343444	1213122344314234
1111223223343444	1123211342423344
1111223223343444	1122121333444234
1111223223343444	1123231142423344
1111223223343444	1213211342423344
1111223223343444	1213211342434234
1111223223343444	1123211342434234
1111223223343444	1213211242334344
1111223223343444	1213211342324434
1111223223343444	1123211342324434
1111223223343444	1234111232324344
1111223223343444	1213211242334434
1111223223343444	1234111232324434
1111223223343444	1212121333444234
1111223223343444	1213211243434234
1111223223343444	1123211243434234
1111223223343444	1213211243423344
1111223223343444	1213211233424434
1111223223343444	1123211233424434
1111223223343444	1234111232423344
1111223223343444	1122121333424434
1111223223343444	1122131322434434
1111223223343444	1212121333424434
1111223223343444	1231141222334344
1111223223343444	1231141222334434
1111223223343444	1213122431324434
1111223223343444	1231121432423344
1111223223343444	1213121432423344
1111223223343444	1213122433414234
1111223223343444	1122131342324434
1111223223343444	1231141232324344
1111223223343444	1231141232324434
1111223223343444	1122131342434234
1111223223343444	1231121242334344
1111223223343444	1231121242334434
1111223223343444	1122131233424434
1111223223343444	1231141232423344
1111223223343444	1231121432324434
1111223223343444	1122131243434234
1111223223343444	1231121243423344
1111223223343444	1231121243434234
1111223223343444	1231121233424434
1111223223343444	1234121231324434
1111223223343444	1234121132324434
1111223223343444	1234121122334434
1111223223343444	1122131432324434
1111223223343444	1213121432324434
1111223223343444	1231121432324344
1111223223343444	1122131432434234
1111223223343444	1231121422334344
1111223223343444	1231121422334434
1111223223343444	1123122431324434
1111223223343444	1231121432434234
1111223223343444	1231121322434434
1111223223343444	1213121432324344
1111223223343444	1123231442314234
1111223223343444	1213121242334434
1111223223343444	1213121422334434
1111223223343444	1213122142334434
1111223223343444	1122121343434234
1111223223343444	1231121342423344
1111223223343444	1231121342434234
1111223223343444	1231121342324434
1111223223343444	1123231241324434
1111223223343444	1123231142324434
1111223223343444	1123231122434434
1111223223343444	1123122341324434
1111223223343444	1123122133424434
1111223223343444	1213121342423344
1111223223343444	1213121432434234
1111223223343444	1213122143423344
1111223223343444	1213121422334344
1111223223343444	1213121322434434
1111223223343444	1213121243423344
1111223223343444	1213121242334344
1111223223343444	1213122143434234
1111223223343444	1123122143434234
1111223223343444	1213122142334344
1111223223343444	1213122133424434
1111223223343444	1234121132423344
1111223223343444	1213122341324434
1111223223343444	1123231142434234
1111223223343444	1234121132324344
1111223223343444	1213121342324434
1111223223343444	1213122132434434
1111223223343444	1213121233424434
1111223223343444	1234121132434234
1111223223343444	1234121122334344
1111223223343444	1123122341434234
1111223223343444	1123231241434234
1111223223343444	1212121343434234
1111223223343444	1213121243434234
1111223223343444	1213121342434234
1111223223343444	1234121233414234
1111223223343444	1213122341434234
1111223223343444	1234121342314234
1111223223344344	1213122143324434
1111223223344344	1213211243324434
1111223223344344	1213211432423434
1111223223344344	1123211432423434
1111223223344344	1213211432323444
1111223223344344	1231121243324434
1111223223344344	1213121243324434
1111223223344344	1213211432432434
1111223223344344	1123211432432434
1111223223344344	1213211422333444
1111223223344344	1213211322443434
1111223223344344	1123211322443434
1111223223344344	1234111222333444
1111223223344344	1213121242333444
1111223223344344	1213121243323444
1111223223344344	1213121422333444
1111223223344344	1213121432323444
1111223223344344	1213122142333444
1111223223344344	1213122143323444
1111223223344344	1213211242333444
1111223223344344	1213211243323444
1111223223344344	1213211344223434
1111223223344344	1123211344223434
1111223223344344	1231121243323444
1111223223344344	1231121242333444
1111223223344344	1231121422333444
1111223223344344	1231121432323444
1111223223344344	1231141222333444
1111223223344344	1231141232323444
1111223223344344	1123231144223434
1111223223344344	1213211342432434
1111223223344344	1123211342432434
1111223223344344	1122131344223434
1111223223344344	1213211342423434
1111223223344344	1123211342423434
1111223223344344	1231121344223434
1111223223344344	1234111232323444
1111223223344344	1213121344223434
1111223223344344	1213211243432434
1111223223344344	1123231244312434
1111223223344344	1213122344312434
1111223223344344	1213211243423434
1111223223344344	1234111232423434
1111223223344344	1234121122333444
1111223223344344	1234121132323444
1111223223344344	1122131322443434
1111223223344344	1123231122443434
1111223223344344	1213121322443434
1111223223344344	1213122132443434
1111223223344344	1231121322443434
1111223223344344	1122131342423434
1111223223344344	1231121432423434
1111223223344344	1213121432423434
1111223223344344	1122131342432434
1111223223344344	1122131432423434
1111223223344344	1213122433412434
1111223223344344	1231141232423434
1111223223344344	1123231442312434
1111223223344344	1231121243432434
1111223223344344	1231121243423434
1111223223344344	1122131432432434
1111223223344344	1231121432432434
1111223223344344	1231121342432434
1111223223344344	1231121342423434
1111223223344344	1213121432432434
1111223223344344	1234121132432434
1111223223344344	1213122143432434
1111223223344344	1213121243432434
1111223223344344	1123231142432434
1111223223344344	1123231241432434
1111223223344344	1213122341432434
1111223223344344	1213122143423434
1111223223344344	1123231142423434
1111223223344344	1234121132423434
1111223223344344	1213121342432434
1111223223344344	1213121243423434
1111223223344344	1213121342423434
1111223223344344	1234121233412434
1111223223344344	1234121342312434
1111223223344434	1122131322443344
1111223223344434	1123211322443344
1111223223344434	1123231122443344
1111223223344434	1213211432423344
1111223223344434	1123211432423344
1111223223344434	1122131342423344
1111223223344434	1122131342432344
1111223223344434	1122131344223344
1111223223344434	1213211432323444
1111223223344434	1122131432423344
1111223223344434	1122131432432344
1111223223344434	1213211432432344
1111223223344434	1123211432432344
1111223223344434	1213211422333444
1111223223344434	1234111222333444
1111223223344434	1213122143324344
1111223223344434	1213211243324344
1111223223344434	1231121243324344
1111223223344434	1213121242333444
1111223223344434	1213121243323444
1111223223344434	1213121422333444
1111223223344434	1213121432323444
1111223223344434	1213122142333444
1111223223344434	1213122143323444
1111223223344434	1213211242333444
1111223223344434	1123231144223344
1111223223344434	1213211243323444
1111223223344434	1123211344223344
1111223223344434	1213211344223344
1111223223344434	1231121344223344
1111223223344434	1213121344223344
1111223223344434	1123211342423344
1111223223344434	1123211342432344
1111223223344434	1231121243323444
1111223223344434	1231121242333444
1111223223344434	1231121422333444
1111223223344434	1231121432323444
1111223223344434	1231141222333444
1111223223344434	1231141232323444
1111223223344434	1213211342432344
1111223223344434	1123231142423344
1111223223344434	1123231142432344
1111223223344434	1123231241432344
1111223223344434	1123231244312344
1111223223344434	1234111232323444
1111223223344434	1123231442312344
1111223223344434	1213211243432344
1111223223344434	1234111232423344
1111223223344434	1213122344312344
1111223223344434	1234121122333444
1111223223344434	1234121132323444
1111223223344434	1231121432423344
1111223223344434	1213121432423344
1111223223344434	1231141232423344
1111223223344434	1231121243432344
1111223223344434	1213122433412344
1111223223344434	1231121432432344
1111223223344434	1231121342432344
1111223223344434	1213121342423344
1111223223344434	1213122143432344
1111223223344434	1213122341432344
1111223223344434	1213121243423344
1111223223344434	1234121132423344
1111223223344434	1234121132432344
1111223223344434	1234121342312344
1111223223344434	1234121233412344
1111223223433444	1112221333244434
1111223223433444	1122121333244434
1111223223433444	1213211432243344
1111223223433444	1123211432243344
1111223223433444	1212121333244434
1111223223433444	1112221343324434
1111223223433444	1213211432234434
1111223223433444	1112221343344234
1111223223433444	1123211432234434
1111223223433444	1213211432234344
1111223223433444	1213122143324434
1111223223433444	1213211243324434
1111223223433444	1122131342243344
1111223223433444	1231121243324434
1111223223433444	1122131432243344
1111223223433444	1213121243324434
1111223223433444	1123122143324434
1111223223433444	1231121432243344
1111223223433444	1213121432243344
1111223223433444	1122121343324434
1111223223433444	1212121343324434
1111223223433444	1213122433144234
1111223223433444	1123211342243344
1111223223433444	1231121432234434
1111223223433444	1213121432234434
1111223223433444	1122131432234434
1111223223433444	1213211342243344
1111223223433444	1213211344234234
1111223223433444	1123211344234234
1111223223433444	1213211243234344
1111223223433444	1213211342234434
1111223223433444	1123211342234434
1111223223433444	1234111232234344
1111223223433444	1213211243234434
1111223223433444	1234111232234434
1111223223433444	1213122433124434
1111223223433444	1123122433124434
1111223223433444	1231121432234344
1111223223433444	1213121432234344
1111223223433444	1123231442134234
1111223223433444	1122131342234434
1111223223433444	1231141232234344
1111223223433444	1231141232234434
1111223223433444	1122131344234234
1111223223433444	1231121243234344
1111223223433444	1231121243234434
1111223223433444	1234121233124434
1111223223433444	1213121243234434
1111223223433444	1122121343344234
1111223223433444	1231121342243344
1111223223433444	1231121344234234
1111223223433444	1231121342234434
1111223223433444	1212121343344234
1111223223433444	1213121342243344
1111223223433444	1123231243124434
1111223223433444	1123122343124434
1111223223433444	1213121243234344
1111223223433444	1213122343124434
1111223223433444	1213121342234434
1111223223433444	1123122344134234
1111223223433444	1213121344234234
1111223223433444	1123231244134234
1111223223433444	1213122344134234
1111223223433444	1234121342134234
1111223223434344	1213211432243434
1111223223434344	1123211432243434
1111223223434344	1213211432233444
1111223223434344	1213121243233444
1111223223434344	1231121432243434
1111223223434344	1213121432243434
1111223223434344	1213121432233444
1111223223434344	1122131432243434
1111223223434344	1213122433142434
1111223223434344	1213211243233444
1111223223434344	1231121432233444
1111223223434344	1123231442132434
1111223223434344	1231121243233444
1111223223434344	1213211344232434
1111223223434344	1123211344232434
1111223223434344	1213211342243434
1111223223434344	1123211342243434
1111223223434344	1234111232233444
1111223223434344	1231141232233444
1111223223434344	1122131342243434
1111223223434344	1122131344232434
1111223223434344	1231121344232434
1111223223434344	1213121344232434
1111223223434344	1123231244132434
1111223223434344	1213122344132434
1111223223434344	1231121342243434
1111223223434344	1213121342243434
1111223223434344	1234121342132434
1111223223434434	1213211432243344
1111223223434434	1123211432243344
1111223223434434	1213211432233444
1111223223434434	1122131342243344
1111223223434434	1122131344232344
1111223223434434	1122131432243344
1111223223434434	1231121432243344
1111223223434434	1213121432243344
1111223223434434	1213121243233444
1111223223434434	1213121432233444
1111223223434434	1213211243233444
1111223223434434	1231121432233444
1111223223434434	1213122433142344
1111223223434434	1123231442132344
1111223223434434	1123211342243344
1111223223434434	1123211344232344
1111223223434434	1231121243233444
1111223223434434	1213211344232344
1111223223434434	1234111232233444
1111223223434434	1231141232233444
1111223223434434	1123231244132344
1111223223434434	1231121344232344
1111223223434434	1213122344132344
1111223223434434	1234121342132344
1111223223443344	1213211432243434
1111223223443344	1123211432243434
1111223223443344	1213211432233444
1111223223443344	1213211432234434
1111223223443344	1213122143324434
1111223223443344	1213211243324434
1111223223443344	1231121243324434
1111223223443344	1213121243324434
1111223223443344	1213121243233444
1111223223443344	1231121432243434
1111223223443344	1213121243323444
1111223223443344	1213121432243434
1111223223443344	1213121432233444
1111223223443344	1122131432243434
1111223223443344	1213122143323444
1111223223443344	1213122433123444
1111223223443344	1213211243233444
1111223223443344	1231121432233444
1111223223443344	1213211243323444
1111223223443344	1213211344223434
1111223223443344	1123211344223434
1111223223443344	1231121243323444
1111223223443344	1231121243233444
1111223223443344	1231121432234434
1111223223443344	1213121432234434
1111223223443344	1213211342243434
1111223223443344	1123211342243434
1111223223443344	1234111232233444
1111223223443344	1213211243234434
1111223223443344	1234111232234434
1111223223443344	1213122433124434
1111223223443344	1231141232233444
1111223223443344	1123231144223434
1111223223443344	1122131344223434
1111223223443344	1231121344223434
1111223223443344	1213121344223434
1111223223443344	1123231442123434
1111223223443344	1234121233123444
1111223223443344	1122131342243434
1111223223443344	1231141232234434
1111223223443344	1231121243234434
1111223223443344	1234121233124434
1111223223443344	1213121243234434
1111223223443344	1231121342243434
1111223223443344	1213121342243434
1111223223443344	1123231244123434
1111223223443344	1213122344123434
1111223223443344	1234121342123434
1111223223443434	1213211432243344
1111223223443434	1123211432243344
1111223223443434	1213211432234344
1111223223443434	1122131342243344
1111223223443434	1122131344223344
1111223223443434	1122131432243344
1111223223443434	1231121432243344
1111223223443434	1213121432243344
1111223223443434	1213122143324344
1111223223443434	1213211243324344
1111223223443434	1231121243324344
1111223223443434	1123231144223344
1111223223443434	1123211344223344
1111223223443434	1213211344223344
1111223223443434	1231121344223344
1111223223443434	1213121344223344
1111223223443434	1123211342243344
1111223223443434	1234111232234344
1111223223443434	1231121432234344
1111223223443434	1123231244123344
1111223223443434	1123231442123344
1111223223443434	1213122433124344
1111223223443434	1231141232234344
1111223223443434	1213121243234344
1111223223443434	1234121233124344
1111223223443434	1234121342123344
1111223224334344	1213211432243434
1111223224334344	1123211432243434
1111223224334344	1213211432233444
1111223224334344	1213211432432434
1111223224334344	1123211432432434
1111223224334344	1213211422333444
1111223224334344	1213211322443434
1111223224334344	1123211322443434
1111223224334344	1234111222333444
1111223224334344	1213211432342434
1111223224334344	1213211422343434
1111223224334344	1234111222343434
1111223224334344	1213121242333444
1111223224334344	1231121432243434
1111223224334344	1213121422333444
1111223224334344	1213121432243434
1111223224334344	1213121432233444
1111223224334344	1213122143233444
1111223224334344	1122131432243434
1111223224334344	1213122431233444
1111223224334344	1213211242333444
1111223224334344	1231121432233444
1111223224334344	1231121242333444
1111223224334344	1231121422333444
1111223224334344	1213211344232434
1111223224334344	1123211344232434
1111223224334344	1213211342243434
1111223224334344	1123211342243434
1111223224334344	1234111232233444
1111223224334344	1231141222333444
1111223224334344	1231141232233444
1111223224334344	1213211342432434
1111223224334344	1123211342432434
1111223224334344	1213211242343434
1111223224334344	1234111232342434
1111223224334344	1234121132233444
1111223224334344	1234121231233444
1111223224334344	1234121321233444
1111223224334344	1122131322443434
1111223224334344	1231141222343434
1111223224334344	1213122143342434
1111223224334344	1213121322443434
1111223224334344	1231121322443434
1111223224334344	1122131342243434
1111223224334344	1122131342432434
1111223224334344	1231141232342434
1111223224334344	1231121242343434
1111223224334344	1122131432432434
1111223224334344	1231121432342434
1111223224334344	1231121422343434
1111223224334344	1231121432432434
1111223224334344	1123231144232434
1111223224334344	1231121344232434
1111223224334344	1213121344232434
1111223224334344	1231121342243434
1111223224334344	1231121342432434
1111223224334344	1213121432432434
1111223224334344	1213122431432434
1111223224334344	1213122143243434
1111223224334344	1123231142243434
1111223224334344	1234121132243434
1111223224334344	1213121342243434
1111223224334344	1123231241432434
1111223224334344	1213122341432434
1111223224334344	1213121342432434
1111223224334344	1213121432342434
1111223224334344	1213122431342434
1111223224334344	1123231441232434
1111223224334344	1213121422343434
1111223224334344	1123231241243434
1111223224334344	1234121321342434
1111223224334344	1123231421243434
1111223224334344	1213122431243434
1111223224334344	1234121321243434
1111223224334344	1213121242343434
1111223224334344	1234121231243434
1111223224334344	1213122341243434
1111223224334344	1234121231342434
1111223224334344	1234121341232434
1111223224334434	1122131322443344
1111223224334434	1213211432243344
1111223224334434	1123211432243344
1111223224334434	1123211322443344
1111223224334434	1122131342243344
1111223224334434	1122131342432344
1111223224334434	1122131432243344
1111223224334434	1122131432432344
1111223224334434	1231121432243344
1111223224334434	1213211432432344
1111223224334434	1123211432432344
1111223224334434	1213121432243344
1111223224334434	1213211422333444
1111223224334434	1234111222333444
1111223224334434	1213211432342344
1111223224334434	1234111222343344
1111223224334434	1213121242333444
1111223224334434	1213121422333444
1111223224334434	1213211242333444
1111223224334434	1123211342243344
1111223224334434	1123211342432344
1111223224334434	1123211344232344
1111223224334434	1231121242333444
1111223224334434	1213211344232344
1111223224334434	1231121422333444
1111223224334434	1231141222333444
1111223224334434	1213211342432344
1111223224334434	1123231142243344
1111223224334434	1123231144232344
1111223224334434	1123231241243344
1111223224334434	1123231241432344
1111223224334434	1123231421243344
1111223224334434	1123231441232344
1111223224334434	1234111232342344
1111223224334434	1231141222343344
1111223224334434	1213122143342344
1111223224334434	1231141232342344
1111223224334434	1231121344232344
1111223224334434	1231121432342344
1111223224334434	1231121432432344
1111223224334434	1231121342432344
1111223224334434	1234121132243344
1111223224334434	1234121321243344
1111223224334434	1234121231243344
1111223224334434	1213121422343344
1111223224334434	1213121242343344
1111223224334434	1213122341432344
1111223224334434	1213122431342344
1111223224334434	1234121321342344
1111223224334434	1234121341232344
1111223224334434	1234121231342344
1111223224343344	1213122143324434
1111223224343344	1213211432423434
1111223224343344	1123211432423434
1111223224343344	1213211432323444
1111223224343344	1213211432324434
1111223224343344	1213211422333444
1111223224343344	1213211322443434
1111223224343344	1123211322443434
1111223224343344	1234111222333444
1111223224343344	1213211422334434
1111223224343344	1234111222334434
1111223224343344	1213121242333444
1111223224343344	1213121422333444
1111223224343344	1213121432323444
1111223224343344	1213122143323444
1111223224343344	1213122431323444
1111223224343344	1213211242333444
1111223224343344	1213211344223434
1111223224343344	1123211344223434
1111223224343344	1231121242333444
1111223224343344	1231121422333444
1111223224343344	1231121432323444
1111223224343344	1231141222333444
1111223224343344	1231141232323444
1111223224343344	1123231144223434
1111223224343344	1213211342423434
1111223224343344	1123211342423434
1111223224343344	1231121344223434
1111223224343344	1234111232323444
1111223224343344	1213121344223434
1111223224343344	1213211242334434
1111223224343344	1234111232324434
1111223224343344	1234121231323444
1111223224343344	1122131322443434
1111223224343344	1231141222334434
1111223224343344	1213122431324434
1111223224343344	1213121322443434
1111223224343344	1231121322443434
1111223224343344	1122131342423434
1111223224343344	1231121432423434
1111223224343344	1213121432423434
1111223224343344	1231141232324434
1111223224343344	1122131432423434
1111223224343344	1231121242334434
1111223224343344	1231121432324434
1111223224343344	1234121231324434
1111223224343344	1213121432324434
1111223224343344	1231121422334434
1111223224343344	1213121242334434
1111223224343344	1213121422334434
1111223224343344	1123231441223434
1111223224343344	1231121342423434
1111223224343344	1123231241423434
1111223224343344	1213121342423434
1111223224343344	1213122341423434
1111223224343344	1234121341223434
1111223224343434	1122131322443344
1111223224343434	1123211322443344
1111223224343434	1213211432423344
1111223224343434	1123211432423344
1111223224343434	1122131342423344
1111223224343434	1122131432423344
1111223224343434	1213211432324344
1111223224343434	1234111222334344
1111223224343434	1213122143324344
1111223224343434	1123231144223344
1111223224343434	1123211344223344
1111223224343434	1213211344223344
1111223224343434	1231121344223344
1111223224343434	1213121344223344
1111223224343434	1123211342423344
1111223224343434	1123231241423344
1111223224343434	1234111232324344
1111223224343434	1123231441223344
1111223224343434	1231141222334344
1111223224343434	1231121432423344
1111223224343434	1213121432423344
1111223224343434	1231141232324344
1111223224343434	1231121432324344
1111223224343434	1213122431324344
1111223224343434	1213121342423344
1111223224343434	1213121422334344
1111223224343434	1213121242334344
1111223224343434	1234121341223344
1111223224343434	1234121231324344
1111223232343444	1112221334324434
1111223232343444	1112221334434234
1111223232343444	1122131324423344
1111223232343444	1122131434223344
1111223232343444	1213211434223344
1111223232343444	1123211434223344
1111223232343444	1213211423324434
1111223232343444	1123211423324434
1111223232343444	1213211423324344
1111223232343444	1213211324423344
1111223232343444	1123211324423344
1111223232343444	1213211324434234
1111223232343444	1123211324434234
1111223232343444	1213211224334344
1111223232343444	1213211324324434
1111223232343444	1123211324324434
1111223232343444	1234111223324344
1111223232343444	1213211224334434
1111223232343444	1234111223324434
1111223232343444	1123231214423344
1111223232343444	1123231414223344
1111223232343444	1213121224334344
1111223232343444	1231121224334344
1111223232343444	1213122413324434
1111223232343444	1122131324324434
1111223232343444	1231141223324344
1111223232343444	1231141223324434
1111223232343444	1122131324434234
1111223232343444	1231121224334434
1111223232343444	1123231214434234
1111223232343444	1213122314434234
1111223232343444	1231121324434234
1111223232343444	1213121324434234
1111223232343444	1231121423324434
1111223232343444	1123122314434234
1111223232343444	1122121334434234
1111223232343444	1212121334434234
1111223232343444	1234121213324434
1111223232343444	1213122314423344
1111223232343444	1231121324423344
1111223232343444	1213121324423344
1111223232343444	1122131423324434
1111223232343444	1231121423324344
1111223232343444	1213121423324434
1111223232343444	1122121334324434
1111223232343444	1231121434223344
1111223232343444	1213121224334434
1111223232343444	1231121324324434
1111223232343444	1123122413324434
1111223232343444	1123231214324434
1111223232343444	1213122314324434
1111223232343444	1213121324324434
1111223232343444	1123122314324434
1111223232343444	1212121334324434
1111223232343444	1213121434223344
1111223232343444	1213122413324344
1111223232343444	1234121213324344
1111223232343444	1213121423324344
1111223232343444	1234121314223344
1111223232343444	1234121324314234
1111223232343444	1213122434314234
1111223232343444	1123231424314234
1111223232344344	1213121224333444
1111223232344344	1213211224333444
1111223232344344	1231121224333444
1111223232344344	1123231214432434
1111223232344344	1213211434223434
1111223232344344	1123211434223434
1111223232344344	1123211324432434
1111223232344344	1213211423323444
1111223232344344	1122131324432434
1111223232344344	1213121423323444
1111223232344344	1213211324432434
1111223232344344	1213122314432434
1111223232344344	1231121324432434
1111223232344344	1213121324432434
1111223232344344	1213211324423434
1111223232344344	1123211324423434
1111223232344344	1234111223323444
1111223232344344	1231121423323444
1111223232344344	1231141223323444
1111223232344344	1122131324423434
1111223232344344	1122131434223434
1111223232344344	1231121434223434
1111223232344344	1231121324423434
1111223232344344	1213121324423434
1111223232344344	1213121434223434
1111223232344344	1123231424312434
1111223232344344	1234121324312434
1111223232344344	1213122434312434
1111223232344434	1213121224333444
1111223232344434	1213211224333444
1111223232344434	1231121224333444
1111223232344434	1122131324423344
1111223232344434	1122131324432344
1111223232344434	1122131434223344
1111223232344434	1213211434223344
1111223232344434	1123211434223344
1111223232344434	1213211423323444
1111223232344434	1213121423323444
1111223232344434	1213211324432344
1111223232344434	1123211324432344
1111223232344434	1123211324423344
1111223232344434	1234111223323444
1111223232344434	1123231214432344
1111223232344434	1231121423323444
1111223232344434	1213122314432344
1111223232344434	1231121324432344
1111223232344434	1231141223323444
1111223232344434	1123231424312344
1111223232344434	1213121324423344
1111223232344434	1231121434223344
1111223232344434	1213121434223344
1111223232344434	1213122434312344
1111223232344434	1234121324312344
1111223232433444	1112221333244434
1111223232433444	1122121333244434
1111223232433444	1213211432243344
1111223232433444	1123211432243344
1111223232433444	1112221334324434
1111223232433444	1212121333244434
1111223232433444	1112221334344234
1111223232433444	1112221334434234
1111223232433444	1213211432234434
1111223232433444	1123211432234434
1111223232433444	1213211432234344
1111223232433444	1122131324243344
1111223232433444	1122131432243344
1111223232433444	1231121432243344
1111223232433444	1213121432243344
1111223232433444	1213211324243344
1111223232433444	1123211324243344
1111223232433444	1213211434234234
1111223232433444	1123211434234234
1111223232433444	1213211423234344
1111223232433444	1213211324234434
1111223232433444	1123211324234434
1111223232433444	1234111223234344
1111223232433444	1213211423234434
1111223232433444	1234111223234434
1111223232433444	1213211324434234
1111223232433444	1123211324434234
1111223232433444	1213211224334344
1111223232433444	1231121432234434
1111223232433444	1213121432234434
1111223232433444	1122131432234434
1111223232433444	1213122433124434
1111223232433444	1123122433124434
1111223232433444	1231121432234344
1111223232433444	1213121432234344
1111223232433444	1123231442134234
1111223232433444	1213121224334344
1111223232433444	1231121224334344
1111223232433444	1213122413324434
1111223232433444	1122131324234434
1111223232433444	1231141223234344
1111223232433444	1231141223234434
1111223232433444	1122131324434234
1111223232433444	1231121324434234
1111223232433444	1213121324434234
1111223232433444	1122121334434234
1111223232433444	1212121334434234
1111223232433444	1234121323124434
1111223232433444	1122131434234234
1111223232433444	1231121423234344
1111223232433444	1231121423234434
1111223232433444	1122121334324434
1111223232433444	1213121423234434
1111223232433444	1122121334344234
1111223232433444	1231121324243344
1111223232433444	1231121434234234
1111223232433444	1231121324234434
1111223232433444	1123122413324434
1111223232433444	1212121334324434
1111223232433444	1123231423124434
1111223232433444	1213121324243344
1111223232433444	1123122334124434
1111223232433444	1213121423234344
1111223232433444	1213122334124434
1111223232433444	1213121324234434
1111223232433444	1123122434134234
1111223232433444	1123231424134234
1111223232433444	1212121334344234
1111223232433444	1213121434234234
1111223232433444	1213122434134234
1111223232433444	1234121324134234
1111223232434344	1213121224333444
1111223232434344	1213211432243434
1111223232434344	1123211432243434
1111223232434344	1213211224333444
1111223232434344	1213211432233444
1111223232434344	1231121224333444
1111223232434344	1123211324432434
1111223232434344	1122131324432434
1111223232434344	1231121432243434
1111223232434344	1213121423233444
1111223232434344	1213121432243434
1111223232434344	1213211434232434
1111223232434344	1123211434232434
1111223232434344	1213121432233444
1111223232434344	1213211324432434
1111223232434344	1213211423233444
1111223232434344	1122131432243434
1111223232434344	1213211324243434
1111223232434344	1123211324243434
1111223232434344	1234111223233444
1111223232434344	1231121324432434
1111223232434344	1213121324432434
1111223232434344	1231121432233444
1111223232434344	1231121423233444
1111223232434344	1231141223233444
1111223232434344	1122131324243434
1111223232434344	1122131434232434
1111223232434344	1231121434232434
1111223232434344	1231121324243434
1111223232434344	1123231424132434
1111223232434344	1213121434232434
1111223232434344	1213122434132434
1111223232434344	1213121324243434
1111223232434344	1234121324132434
1111223232434434	1213211432243344
1111223232434434	1123211432243344
1111223232434434	1213121224333444
1111223232434434	1213211224333444
1111223232434434	1213211432233444
1111223232434434	1231121224333444
1111223232434434	1122131324243344
1111223232434434	1122131324432344
1111223232434434	1122131432243344
1111223232434434	1122131434232344
1111223232434434	1231121432243344
1111223232434434	1213121432243344
1111223232434434	1213211434232344
1111223232434434	1123211434232344
1111223232434434	1213121423233444
1111223232434434	1213121432233444
1111223232434434	1213211423233444
1111223232434434	1123211324243344
1111223232434434	1234111223233444
1111223232434434	1231121432233444
1111223232434434	1213211324432344
1111223232434434	1123211324432344
1111223232434434	1231121423233444
1111223232434434	1231121324432344
1111223232434434	1231141223233444
1111223232434434	1123231424132344
1111223232434434	1231121434232344
1111223232434434	1213122434132344
1111223232434434	1234121324132344
1111223232443344	1213121224333444
1111223232443344	1213211432243434
1111223232443344	1123211432243434
1111223232443344	1213211224333444
1111223232443344	1213211432233444
1111223232443344	1231121224333444
1111223232443344	1213211432234434
1111223232443344	1213211434223434
1111223232443344	1123211434223434
1111223232443344	1213211423323444
1111223232443344	1213211423324434
1111223232443344	1231121432243434
1111223232443344	1213121423233444
1111223232443344	1213121432243434
1111223232443344	1213121423323444
1111223232443344	1213121432233444
1111223232443344	1213211423233444
1111223232443344	1122131432243434
1111223232443344	1213211324243434
1111223232443344	1213122413323444
1111223232443344	1123211324243434
1111223232443344	1213122433123444
1111223232443344	1234111223233444
1111223232443344	1213211423234434
1111223232443344	1234111223234434
1111223232443344	1231121432233444
1111223232443344	1213211324423434
1111223232443344	1123211324423434
1111223232443344	1234111223323444
1111223232443344	1213211224334434
1111223232443344	1234111223324434
1111223232443344	1231121432234434
1111223232443344	1231121423233444
1111223232443344	1213121432234434
1111223232443344	1231121423323444
1111223232443344	1231141223233444
1111223232443344	1213122433124434
1111223232443344	1231141223323444
1111223232443344	1123231442123434
1111223232443344	1234121323123444
1111223232443344	1213122413324434
1111223232443344	1122131324243434
1111223232443344	1231141223234434
1111223232443344	1122131324423434
1111223232443344	1231141223324434
1111223232443344	1231121224334434
1111223232443344	1231121423324434
1111223232443344	1234121323124434
1111223232443344	1122131434223434
1111223232443344	1213121423324434
1111223232443344	1231121423234434
1111223232443344	1231121434223434
1111223232443344	1213121224334434
1111223232443344	1213121423234434
1111223232443344	1231121324243434
1111223232443344	1231121324423434
1111223232443344	1213121324423434
1111223232443344	1213121434223434
1111223232443344	1123231414223434
1111223232443344	1123231424123434
1111223232443344	1213121324243434
1111223232443344	1213122434123434
1111223232443344	1234121324123434
1111223232443434	1213211432243344
1111223232443434	1123211432243344
1111223232443434	1122131324243344
1111223232443434	1122131324423344
1111223232443434	1122131432243344
1111223232443434	1122131434223344
1111223232443434	1231121432243344
1111223232443434	1213121432243344
1111223232443434	1213211434223344
1111223232443434	1123211434223344
1111223232443434	1213211423324344
1111223232443434	1123211324243344
1111223232443434	1234111223234344
1111223232443434	1123211324423344
1111223232443434	1234111223324344
1111223232443434	1123231414223344
1111223232443434	1123231424123344
1111223232443434	1123231442123344
1111223232443434	1213122433124344
1111223232443434	1231141223234344
1111223232443434	1231141223324344
1111223232443434	1213121324423344
1111223232443434	1231121423324344
1111223232443434	1231121434223344
1111223232443434	1213121434223344
1111223232443434	1213122413324344
1111223232443434	1213121423234344
1111223232443434	1234121324123344
1111223232443434	1234121323124344
1111223233243444	1112221333424434
1111223233243444	1122131322443344
1111223233243444	1112221334324434
1111223233243444	1123211322443344
1111223233243444	1122131324423344
1111223233243444	1213211432423344
1111223233243444	1123211432423344
1111223233243444	1213211322443344
1111223233243444	1122131432423344
1111223233243444	1122131434223344
1111223233243444	1213121322443344
1111223233243444	1213121223443344
1111223233243444	1213211223443344
1111223233243444	1231121322443344
1111223233243444	1231121223443344
1111223233243444	1213211434223344
1111223233243444	1123211434223344
1111223233243444	1213211324423344
1111223233243444	1123211324423344
1111223233243444	1213211324434234
1111223233243444	1123211324434234
1111223233243444	1213211224334344
1111223233243444	1213211423434234
1111223233243444	1213211423423344
1111223233243444	1123211323424434
1111223233243444	1234111223423344
1111223233243444	1213211323444234
1111223233243444	1123211323444234
1111223233243444	1234111223434234
1111223233243444	1123122331444234
1111223233243444	1123231213444234
1111223233243444	1123231214423344
1111223233243444	1213122331444234
1111223233243444	1123231412423344
1111223233243444	1123231414223344
1111223233243444	1231121323444234
1111223233243444	1122121333424434
1111223233243444	1213121224334344
1111223233243444	1231121224334344
1111223233243444	1213122413324434
1111223233243444	1231121432423344
1111223233243444	1122131324434234
1111223233243444	1122131323424434
1111223233243444	1213122433414234
1111223233243444	1231141223423344
1111223233243444	1123122433414234
1111223233243444	1231141223434234
1111223233243444	1123231214434234
1111223233243444	1213122314434234
1111223233243444	1231121324434234
1111223233243444	1234121213324434
1111223233243444	1213122314423344
1111223233243444	1231121324423344
1111223233243444	1231121423423344
1111223233243444	1231121423434234
1111223233243444	1122121334324434
1111223233243444	1231121434223344
1111223233243444	1123122334414234
1111223233243444	1213122334414234
1111223233243444	1123122413324434
1111223233243444	1123231214324434
1111223233243444	1123122314324434
1111223233243444	1123122313424434
1111223233243444	1123231213424434
1111223233243444	1213122413423344
1111223233243444	1213122413324344
1111223233243444	1234121213324344
1111223233243444	1234121314223344
1111223233243444	1123231423414234
1111223233243444	1234121312423344
1111223233243444	1234121213423344
1111223233243444	1234121213434234
1111223233243444	1213122413434234
1111223233243444	1234121323414234
1111223233244344	1213121224333444
1111223233244344	1213211224333444
1111223233244344	1231121224333444
1111223233244344	1213211432423434
1111223233244344	1123211432423434
1111223233244344	1213211432323444
1111223233244344	1213211432432434
1111223233244344	1123211432432434
1111223233244344	1213211422333444
1111223233244344	1123211322443434
1111223233244344	1234111222333444
1111223233244344	1123231214432434
1111223233244344	1123211324432434
1111223233244344	1213211423323444
1111223233244344	1122131324432434
1111223233244344	1213211423324434
1111223233244344	1213121422333444
1111223233244344	1213121423323444
1111223233244344	1213211324432434
1111223233244344	1213121432323444
1111223233244344	1213122412333444
1111223233244344	1213122314432434
1111223233244344	1231121324432434
1111223233244344	1123211324423434
1111223233244344	1234111223323444
1111223233244344	1234111223324434
1111223233244344	1213211423432434
1111223233244344	1234111223423434
1111223233244344	1234111223432434
1111223233244344	1231121422333444
1111223233244344	1231121423323444
1111223233244344	1231121432323444
1111223233244344	1231141222333444
1111223233244344	1231141223323444
1111223233244344	1234121312323444
1111223233244344	1122131322443434
1111223233244344	1213122413324434
1111223233244344	1122131324423434
1111223233244344	1231141223324434
1111223233244344	1231141223423434
1111223233244344	1231141223432434
1111223233244344	1231121432423434
1111223233244344	1122131432423434
1111223233244344	1213122433412434
1111223233244344	1231121423324434
1111223233244344	1123231442312434
1111223233244344	1234121213324434
1111223233244344	1122131432432434
1111223233244344	1231121432432434
1111223233244344	1231121423432434
1111223233244344	1213122431432434
1111223233244344	1123231421432434
1111223233244344	1234121321432434
1111223233244344	1234121213432434
1111223233244344	1213122413432434
1111223233244344	1123231412432434
1111223233244344	1123231214423434
1111223233244344	1123231424312434
1111223233244344	1123231412423434
1111223233244344	1234121324312434
1111223233244344	1213122434312434
1111223233244344	1234121213423434
1111223233244344	1234121312423434
1111223233244344	1234121323412434
1111223233244434	1122131322443344
1111223233244434	1213121224333444
1111223233244434	1213211224333444
1111223233244434	1123211322443344
1111223233244434	1231121224333444
1111223233244434	1122131324423344
1111223233244434	1213211432423344
1111223233244434	1122131324432344
1111223233244434	1123211432423344
1111223233244434	1213211432323444
1111223233244434	1122131432423344
1111223233244434	1122131432432344
1111223233244434	1122131434223344
1111223233244434	1213211432432344
1111223233244434	1123211432432344
1111223233244434	1213211422333444
1111223233244434	1234111222333444
1111223233244434	1213211434223344
1111223233244434	1123211434223344
1111223233244434	1213211423323444
1111223233244434	1213211423324344
1111223233244434	1213121422333444
1111223233244434	1213121423323444
1111223233244434	1213121432323444
1111223233244434	1213122412333444
1111223233244434	1213122413323444
1111223233244434	1213211324432344
1111223233244434	1123211324432344
1111223233244434	1123211324423344
1111223233244434	1234111223323444
1111223233244434	1234111223324344
1111223233244434	1213211423432344
1111223233244434	1234111223423344
1111223233244434	1234111223432344
1111223233244434	1123231214432344
1111223233244434	1231121422333444
1111223233244434	1231121423323444
1111223233244434	1231121432323444
1111223233244434	1213122314432344
1111223233244434	1231121324432344
1111223233244434	1231141222333444
1111223233244434	1231141223323444
1111223233244434	1123231214423344
1111223233244434	1123231412423344
1111223233244434	1123231412432344
1111223233244434	1123231414223344
1111223233244434	1123231421432344
1111223233244434	1123231424312344
1111223233244434	1123231442312344
1111223233244434	1234121213323444
1111223233244434	1234121312323444
1111223233244434	1231121432423344
1111223233244434	1213121432423344
1111223233244434	1231141223324344
1111223233244434	1231141223423344
1111223233244434	1231141223432344
1111223233244434	1213122433412344
1111223233244434	1231121432432344
1111223233244434	1213121324423344
1111223233244434	1231121423324344
1111223233244434	1231121423432344
1111223233244434	1231121434223344
1111223233244434	1213122431432344
1111223233244434	1234121321432344
1111223233244434	1213121434223344
1111223233244434	1213122413432344
1111223233244434	1213122413324344
1111223233244434	1213122434312344
1111223233244434	1234121213324344
1111223233244434	1213121423423344
1111223233244434	1234121314223344
1111223233244434	1234121213432344
1111223233244434	1234121312423344
1111223233244434	1234121324312344
1111223233244434	1234121213423344
1111223233244434	1234121323412344
1111223233423444	1112221333244434
1111223233423444	1122121333244434
1111223233423444	1213211432243344
1111223233423444	1123211432243344
1111223233423444	1122131324243344
1111223233423444	1122131432243344
1111223233423444	1231121432243344
1111223233423444	1122131323244434
1111223233423444	1123122313244434
1111223233423444	1213122433144234
1111223233423444	1123122433144234
1111223233423444	1123211323244434
1111223233423444	1213211324243344
1111223233423444	1123211324243344
1111223233423444	1213211423344234
1111223233423444	1213211423243344
1111223233423444	1234111223243344
1111223233423444	1213211324344234
1111223233423444	1123211324344234
1111223233423444	1213211224343344
1111223233423444	1234111223344234
1111223233423444	1123231412243344
1111223233423444	1231141223243344
1111223233423444	1231121224343344
1111223233423444	1231141223344234
1111223233423444	1231121423243344
1111223233423444	1231121423344234
1111223233423444	1231121324243344
1111223233423444	1231121324344234
1111223233423444	1234121312243344
1111223233423444	1213122413243344
1111223233423444	1213121224343344
1111223233423444	1213121324243344
1111223233423444	1123122334144234
1111223233423444	1213122413344234
1111223233423444	1234121323144234
1111223233423444	1123231423144234
1111223233423444	1213122334144234
1111223233424344	1213211432243434
1111223233424344	1231121432243434
1111223233424344	1213122433142434
1111223233424344	1213211423342434
1111223233424344	1234111223243434
1111223233424344	1123231442132434
1111223233424344	1234111223342434
1111223233424344	1231141223243434
1111223233424344	1231141223342434
1111223233424344	1231121423342434
1111223233424344	1123231424132434
1111223233424344	1213122434132434
1111223233424344	1213122413342434
1111223233424344	1234121324132434
1111223233424344	1234121323142434
1111223233424434	1213211432243344
1111223233424434	1123211432243344
1111223233424434	1213121224333444
1111223233424434	1213211224333444
1111223233424434	1213211432233444
1111223233424434	1231121224333444
1111223233424434	1122131324243344
1111223233424434	1122131324432344
1111223233424434	1122131432243344
1111223233424434	1122131434232344
1111223233424434	1231121432243344
1111223233424434	1213121432243344
1111223233424434	1213211434232344
1111223233424434	1123211434232344
1111223233424434	1213121423233444
1111223233424434	1213121432233444
1111223233424434	1213211423233444
1111223233424434	1123211324243344
1111223233424434	1234111223233444
1111223233424434	1213211423342344
1111223233424434	1234111223243344
1111223233424434	1231121432233444
1111223233424434	1213211324432344
1111223233424434	1123211324432344
1111223233424434	1234111223342344
1111223233424434	1213122433142344
1111223233424434	1231121423233444
1111223233424434	1231121324432344
1111223233424434	1231141223233444
1111223233424434	1123231412243344
1111223233424434	1123231414232344
1111223233424434	1231141223243344
1111223233424434	1231141223342344
1111223233424434	1231121423342344
1111223233424434	1231121434232344
1111223233424434	1234121312243344
1111223233424434	1213121423243344
1111223233424434	1213122413342344
1111223233424434	1234121323142344
1111223233442344	1213211432234434
1111223233442344	1213211423324434
1111223233442344	1234111223234434
1111223233442344	1234111223324434
1111223233442344	1231121432234434
1111223233442344	1213122433124434
1111223233442344	1213122413324434
1111223233442344	1231141223234434
1111223233442344	1231141223324434
1111223233442344	1231121423324434
1111223233442344	1234121323124434
1111223233442434	1213211432234344
1111223233442434	1213211423324344
1111223233442434	1234111223234344
1111223233442434	1234111223324344
1111223233442434	1231121432234344
1111223233442434	1213122433124344
1111223233442434	1231141223234344
1111223233442434	1231141223324344
1111223233442434	1231121423324344
1111223233442434	1213122413324344
1111223233442434	1213121423234344
1111223233442434	1234121323124344
1111223233444234	1213121224333444
1111223233444234	1213211224333444
1111223233444234	1213211432233444
1111223233444234	1231121224333444
1111223233444234	1213211423323444
1111223233444234	1213121423233444
1111223233444234	1213121423323444
1111223233444234	1213121432233444
1111223233444234	1213211423233444
1111223233444234	1213122413323444
1111223233444234	1213122433123444
1111223233444234	1234111223233444
1111223233444234	1231121432233444
1111223233444234	1234111223323444
1111223233444234	1231121423233444
1111223233444234	1231121423323444
1111223233444234	1231141223233444
1111223233444234	1231141223323444
1111223233444234	1234121323123444
1111223234233444	1112221333424434
1111223234233444	1122131322443344
1111223234233444	1112221333444234
1111223234233444	1123211322443344
1111223234233444	1213211322443344
1111223234233444	1213121322443344
1111223234233444	1213211432434234
1111223234233444	1123211432434234
1111223234233444	1213211422334344
1111223234233444	1213211322434434
1111223234233444	1123211322434434
1111223234233444	1234111222334344
1111223234233444	1231121322443344
1111223234233444	1122121333444234
1111223234233444	1212121333444234
1111223234233444	1122121333424434
1111223234233444	1122131322434434
1111223234233444	1212121333424434
1111223234233444	1231141222334344
1111223234233444	1213122431324434
1111223234233444	1234121321324434
1111223234233444	1122131432434234
1111223234233444	1231121422334344
1111223234233444	1123122431324434
1111223234233444	1231121432434234
1111223234233444	1231121322434434
1111223234233444	1123231421324434
1111223234233444	1123122331424434
1111223234233444	1213121432434234
1111223234233444	1213122431434234
1111223234233444	1123122431434234
1111223234233444	1213121422334344
1111223234233444	1123231421434234
1111223234233444	1213121322434434
1111223234233444	1213122331424434
1111223234233444	1234121321434234
1111223234234344	1213211432432434
1111223234234344	1123211432432434
1111223234234344	1213211422333444
1111223234234344	1213211322443434
1111223234234344	1123211322443434
1111223234234344	1234111222333444
1111223234234344	1213121422333444
1111223234234344	1231121422333444
1111223234234344	1231141222333444
1111223234234344	1122131322443434
1111223234234344	1213121322443434
1111223234234344	1231121322443434
1111223234234344	1122131432432434
1111223234234344	1231121432432434
1111223234234344	1213121432432434
1111223234234344	1213122431432434
1111223234234344	1123231421432434
1111223234234344	1234121321432434
1111223234234434	1122131322443344
1111223234234434	1123211322443344
1111223234234434	1122131432432344
1111223234234434	1213211432432344
1111223234234434	1123211432432344
1111223234234434	1213211422333444
1111223234234434	1234111222333444
1111223234234434	1213121422333444
1111223234234434	1231121422333444
1111223234234434	1231141222333444
1111223234234434	1123231421432344
1111223234234434	1231121432432344
1111223234234434	1213122431432344
1111223234234434	1234121321432344
1111223234243344	1213211432423434
1111223234243344	1123211432423434
1111223234243344	1213211432323444
1111223234243344	1213211422333444
1111223234243344	1213211322443434
1111223234243344	1123211322443434
1111223234243344	1234111222333444
1111223234243344	1213211422334434
1111223234243344	1234111222334434
1111223234243344	1213121422333444
1111223234243344	1213121432323444
1111223234243344	1213122431323444
1111223234243344	1231121422333444
1111223234243344	1231121432323444
1111223234243344	1231141222333444
1111223234243344	1234121321323444
1111223234243344	1122131322443434
1111223234243344	1231141222334434
1111223234243344	1213122431324434
1111223234243344	1213121322443434
1111223234243344	1231121322443434
1111223234243344	1231121432423434
1111223234243344	1213121432423434
1111223234243344	1122131432423434
1111223234243344	1234121321324434
1111223234243344	1231121422334434
1111223234243344	1213121422334434
1111223234243344	1123231441223434
1111223234243344	1213122431423434
1111223234243344	1123231421423434
1111223234243344	1234121321423434
1111223234243434	1122131322443344
1111223234243434	1123211322443344
1111223234243434	1213211432423344
1111223234243434	1123211432423344
1111223234243434	1122131432423344
1111223234243434	1234111222334344
1111223234243434	1123231421423344
1111223234243434	1123231441223344
1111223234243434	1231141222334344
1111223234243434	1231121432423344
1111223234243434	1213121432423344
1111223234243434	1213122431324344
1111223234243434	1213121422334344
1111223234243434	1234121321423344
1111223234243434	1234121321324344
1111223234323444	1112221333244434
1111223234323444	1122131322443344
1111223234323444	1122121333244434
1111223234323444	1123211322443344
1111223234323444	1213211322443344
1111223234323444	1122131322344434
1111223234323444	1213121322443344
1111223234323444	1123122331244434
1111223234323444	1231121322443344
1111223234323444	1213211432344234
1111223234323444	1213211422343344
1111223234323444	1123211322344434
1111223234323444	1234111222343344
1111223234323444	1123122331444234
1111223234323444	1213122331444234
1111223234323444	1231141222343344
1111223234323444	1231121422343344
1111223234323444	1231121432344234
1111223234323444	1213122431344234
1111223234323444	1234121321344234
1111223234323444	1123231421344234
1111223234324344	1213211432342434
1111223234324344	1234111222343434
1111223234324344	1231141222343434
1111223234324344	1231121432342434
1111223234324344	1213122431432434
1111223234324344	1123231421432434
1111223234324344	1234121321432434
1111223234324344	1213122431342434
1111223234324344	1234121321342434
1111223234324434	1122131322443344
1111223234324434	1213211432243344
1111223234324434	1123211432243344
1111223234324434	1123211322443344
1111223234324434	1122131432243344
1111223234324434	1122131432432344
1111223234324434	1231121432243344
1111223234324434	1213211432432344
1111223234324434	1123211432432344
1111223234324434	1213121432243344
1111223234324434	1213211422333444
1111223234324434	1234111222333444
1111223234324434	1213211432342344
1111223234324434	1234111222343344
1111223234324434	1213121422333444
1111223234324434	1231121422333444
1111223234324434	1231141222333444
1111223234324434	1123231421243344
1111223234324434	1123231441232344
1111223234324434	1231141222343344
1111223234324434	1231121432342344
1111223234324434	1231121432432344
1111223234324434	1234121321243344
1111223234324434	1213121422343344
1111223234324434	1213122431342344
1111223234324434	1234121321342344
1111223234342344	1213211432324434
1111223234342344	1234111222334434
1111223234342344	1231141222334434
1111223234342344	1213122431324434
1111223234342344	1231121432324434
1111223234342344	1234121321324434
1111223234342434	1213211432324344
1111223234342434	1234111222334344
1111223234342434	1231141222334344
1111223234342434	1231121432324344
1111223234342434	1213122431324344
1111223234342434	1213121422334344
1111223234342434	1234121321324344
1111223234344234	1213211432323444
1111223234344234	1213211422333444
1111223234344234	1234111222333444
1111223234344234	1213121422333444
1111223234344234	1213121432323444
1111223234344234	1213122431323444
1111223234344234	1231121422333444
1111223234344234	1231121432323444
1111223234344234	1231141222333444
1111223234344234	1234121321323444
1111223234423344	1213211432243434
1111223234423344	1231121432243434
1111223234423344	1213121432243434
1111223234423344	1213122431243434
1111223234423344	1234121321243434
1111223234423434	1213211432243344
1111223234423434	1123211432243344
1111223234423434	1122131432243344
1111223234423434	1231121432243344
1111223234423434	1213121432243344
1111223234423434	1123231421243344
1111223234423434	1234121321243344
1111223234432344	1213211432234434
1111223234432344	1231121432234434
1111223234432344	1234121321234434
1111223234432434	1213211432234344
1111223234432434	1231121432234344
1111223234432434	1234121321234344
1111223234434234	1213211432233444
1111223234434234	1213121432233444
1111223234434234	1213122431233444
1111223234434234	1231121432233444
1111223234434234	1234121321233444
1111223242333444	1123122313244434
1111223242333444	1213122433144234
1111223242333444	1123231213244434
1111223242333444	1213122313244434
1111223242333444	1213121223344434
1111223242333444	1123231214243344
1111223242333444	1123231412243344
1111223242333444	1213121224334344
1111223242333444	1213122413324434
1111223242333444	1123231214434234
1111223242333444	1213122314434234
1111223242333444	1123122314434234
1111223242333444	1234121213324434
1111223242333444	1234121312234434
1111223242333444	1234121213234434
1111223242333444	1213121224334434
1111223242333444	1213122413234434
1111223242333444	1123122413324434
1111223242333444	1234121312243344
1111223242333444	1234121213243344
1111223242333444	1123231214324434
1111223242333444	1213122314324434
1111223242333444	1213122413243344
1111223242333444	1123122314324434
1111223242333444	1213121224343344
1111223242333444	1123231412234434
1111223242333444	1123231214234434
1111223242333444	1213122314243344
1111223242333444	1123122334124434
1111223242333444	1213122413234344
1111223242333444	1213122334124434
1111223242333444	1213122314234434
1111223242333444	1213122413344234
1111223242333444	1123122413344234
1111223242333444	1123122434134234
1111223242333444	1234121213344234
1111223242333444	1123231414234234
1111223242333444	1234121213234344
1111223242333444	1234121312234344
1111223242333444	1213122434134234
1111223242333444	1234121314234234
1111223242334344	1213121224333444
1111223242334344	1123231214432434
1111223242334344	1213122413233444
1111223242334344	1213122314432434
1111223242334344	1234121213233444
1111223242334344	1234121312233444
1111223242334344	1123231214243434
1111223242334344	1123231412243434
1111223242334344	1123231414232434
1111223242334344	1213121224343434
1111223242334344	1234121312243434
1111223242334344	1234121213243434
1111223242334344	1213122413243434
1111223242334344	1234121213342434
1111223242334344	1213122413342434
1111223242334344	1213122314243434
1111223242334344	1234121314232434
1111223242334434	1213121224333444
1111223242334434	1123231214432344
1111223242334434	1213122314432344
1111223242334434	1123231214243344
1111223242334434	1123231412243344
1111223242334434	1123231414232344
1111223242334434	1234121312243344
1111223242334434	1234121213243344
1111223242334434	1213122413342344
1111223242334434	1234121314232344
1111223242334434	1234121213342344
1111223242343344	1213121224333444
1111223242343344	1213122413323444
1111223242343344	1234121213323444
1111223242343344	1213122413324434
1111223242343344	1234121213324434
1111223242343344	1213121224334434
1111223242343344	1123231214423434
1111223242343344	1213122314423434
1111223242343344	1234121314223434
1111223242343344	1123231414223434
1111223242343434	1123231214423344
1111223242343434	1123231414223344
1111223242343434	1213122413324344
1111223242343434	1234121213324344
1111223242343434	1234121314223344
1111223243233444	1123231212443344
1111223243233444	1213122312443344
1111223243233444	1213122413324434
1111223243233444	1213122431324434
1111223243233444	1123122431324434
1111223243233444	1123122413324434
1111223243233444	1123231212434434
1111223243233444	1123122331424434
1111223243233444	1123122313424434
1111223243233444	1213122431434234
1111223243233444	1123122431434234
1111223243233444	1213122331424434
1111223243233444	1213122412334344
1111223243233444	1213122313424434
1111223243233444	1213122312434434
1111223243233444	1123122413434234
1111223243233444	1123231412434234
1111223243233444	1234121212334344
1111223243233444	1213122413434234
1111223243233444	1234121312434234
1111223243234344	1213122412333444
1111223243234344	1234121212333444
1111223243234344	1123231212443434
1111223243234344	1213122312443434
1111223243234344	1213122431432434
1111223243234344	1234121312432434
1111223243234344	1213122413432434
1111223243234344	1123231412432434
1111223243234434	1123231212443344
1111223243234434	1123231412432344
1111223243234434	1213122413432344
1111223243234434	1234121312432344
1111223243243344	1213122413323444
1111223243243344	1234121312323444
1111223243243344	1123231212443434
1111223243243344	1213122413324434
1111223243243344	1213122312443434
1111223243243344	1123231414223434
1111223243243344	1123231412423434
1111223243243344	1213122413423434
1111223243243344	1234121312423434
1111223243243434	1123231212443344
1111223243243434	1123231412423344
1111223243243434	1123231414223344
1111223243243434	1213122413324344
1111223243243434	1234121312423344
1111223243323444	1123231212443344
1111223243323444	1213122312443344
1111223243323444	1123122313244434
1111223243323444	1123122331244434
1111223243323444	1123231212344434
1111223243323444	1123122331444234
1111223243323444	1123122313444234
1111223243323444	1213122331444234
1111223243323444	1213122313444234
1111223243323444	1234121212343344
1111223243323444	1213122412343344
1111223243323444	1213122413344234
1111223243323444	1213122431344234
1111223243323444	1234121312344234
1111223243323444	1123231412344234
1111223243324344	1213122431432434
1111223243324344	1213122413432434
1111223243324344	1213122431342434
1111223243324344	1234121212343434
1111223243324344	1213122413342434
1111223243324344	1234121312342434
1111223243342344	1213122413324434
1111223243342344	1213122431324434
1111223243342344	1234121312324434
1111223243342344	1234121212334434
1111223243342434	1213122413324344
1111223243342434	1234121212334344
1111223243342434	1234121312324344
1111223243344234	1213122412333444
1111223243344234	1213122413323444
1111223243344234	1234121212333444
1111223243344234	1234121312323444
1111223243423344	1234121312243434
1111223243423344	1213122413243434
1111223243423434	1123231412243344
1111223243423434	1234121312243344
1111223243432344	1234121312234434
1111223243432434	1234121312234344
1111223243434234	1213122413233444
1111223243434234	1234121312233444
1111223322343444	1112221334324434
1111223322343444	1112221343324434
1111223322343444	1213122143324434
1111223322343444	1122131324423344
1111223322343444	1213211243324434
1111223322343444	1122131344223344
1111223322343444	1231121243324434
1111223322343444	1122131434223344
1111223322343444	1123122143324434
1111223322343444	1123211243324434
1111223322343444	1122131243324434
1111223322343444	1122121343324434
1111223322343444	1213122143324344
1111223322343444	1213211434223344
1111223322343444	1213211243324344
1111223322343444	1123211434223344
1111223322343444	1231121243324344
1111223322343444	1213121243324344
1111223322343444	1123231144223344
1111223322343444	1123211344223344
1111223322343444	1213211324423344
1111223322343444	1213211344223344
1111223322343444	1123211324423344
1111223322343444	1231121344223344
1111223322343444	1123231244314234
1111223322343444	1213122344314234
1111223322343444	1123122344314234
1111223322343444	1123231124423344
1111223322343444	1213211234434234
1111223322343444	1213211234423344
1111223322343444	1123211234324434
1111223322343444	1234111234223344
1111223322343444	1213122134434234
1111223322343444	1231121234434234
1111223322343444	1122131234324434
1111223322343444	1231141234223344
1111223322343444	1231121234423344
1111223322343444	1213122134423344
1111223322343444	1231121324423344
1111223322343444	1122121334324434
1111223322343444	1231121434223344
1111223322343444	1123122334414234
1111223322343444	1123231234414234
1111223322343444	1213122334414234
1111223322343444	1123122134324434
1111223322343444	1234121134223344
1111223322343444	1234121234314234
1111223322343444	1213122434314234
1111223322343444	1123122434314234
1111223322344344	1213121224333444
1111223322344344	1213122124333444
1111223322344344	1213211224333444
1111223322344344	1231121224333444
1111223322344344	1213122143324434
1111223322344344	1213211243324434
1111223322344344	1231121243324434
1111223322344344	1123231214432434
1111223322344344	1213211434223434
1111223322344344	1123231124432434
1111223322344344	1123211434223434
1111223322344344	1123211324432434
1111223322344344	1213211423323444
1111223322344344	1122131324432434
1111223322344344	1213121243323444
1111223322344344	1213121423323444
1111223322344344	1213211324432434
1111223322344344	1213122143323444
1111223322344344	1213122314432434
1111223322344344	1213122134432434
1111223322344344	1213211234432434
1111223322344344	1231121324432434
1111223322344344	1231121234432434
1111223322344344	1213211243323444
1111223322344344	1123211324423434
1111223322344344	1234111223323444
1111223322344344	1213211344223434
1111223322344344	1123211344223434
1111223322344344	1231121243323444
1111223322344344	1231121423323444
1111223322344344	1231141223323444
1111223322344344	1123231144223434
1111223322344344	1122131344223434
1111223322344344	1231121344223434
1111223322344344	1123231244312434
1111223322344344	1213122344312434
1111223322344344	1234111234223434
1111223322344344	1234121123323444
1111223322344344	1122131324423434
1111223322344344	1231141234223434
1111223322344344	1122131434223434
1111223322344344	1231121434223434
1111223322344344	1123231124423434
1111223322344344	1234121134223434
1111223322344344	1123231424312434
1111223322344344	1234121324312434
1111223322344344	1234121234312434
1111223322344344	1213122434312434
1111223322344434	1213121224333444
1111223322344434	1213122124333444
1111223322344434	1213211224333444
1111223322344434	1231121224333444
1111223322344434	1122131324423344
1111223322344434	1122131324432344
1111223322344434	1122131344223344
1111223322344434	1122131434223344
1111223322344434	1213122143324344
1111223322344434	1213211434223344
1111223322344434	1213211243324344
1111223322344434	1123211434223344
1111223322344434	1213211423323444
1111223322344434	1231121243324344
1111223322344434	1213121243323444
1111223322344434	1213121423323444
1111223322344434	1213122143323444
1111223322344434	1123231144223344
1111223322344434	1213211324432344
1111223322344434	1213211243323444
1111223322344434	1123211344223344
1111223322344434	1123211324432344
1111223322344434	1213211344223344
1111223322344434	1123211324423344
1111223322344434	1231121344223344
1111223322344434	1234111223323444
1111223322344434	1213121344223344
1111223322344434	1123231214432344
1111223322344434	1123231124432344
1111223322344434	1231121243323444
1111223322344434	1231121423323444
1111223322344434	1213122314432344
1111223322344434	1213122134432344
1111223322344434	1213211234432344
1111223322344434	1231121324432344
1111223322344434	1231121234432344
1111223322344434	1231141223323444
1111223322344434	1123231124423344
1111223322344434	1123231244312344
1111223322344434	1123231424312344
1111223322344434	1213122344312344
1111223322344434	1234111234223344
1111223322344434	1234121123323444
1111223322344434	1231141234223344
1111223322344434	1213121324423344
1111223322344434	1213121234423344
1111223322344434	1231121434223344
1111223322344434	1213121434223344
1111223322344434	1213122434312344
1111223322344434	1234121134223344
1111223322344434	1234121324312344
1111223322344434	1234121234312344
1111223323243444	1112221333424434
1111223323243444	1122131322443344
1111223323243444	1112221343324434
1111223323243444	1123211322443344
1111223323243444	1123231122443344
1111223323243444	1213122143324434
1111223323243444	1213211432423344
1111223323243444	1123211432423344
1111223323243444	1122131342423344
1111223323243444	1122131344223344
1111223323243444	1213211322443344
1111223323243444	1122131432423344
1111223323243444	1123122143324434
1111223323243444	1122121343324434
1111223323243444	1213121322443344
1111223323243444	1213122132443344
1111223323243444	1231121322443344
1111223323243444	1213122143324344
1111223323243444	1123231144223344
1111223323243444	1123211344223344
1111223323243444	1213211344223344
1111223323243444	1231121344223344
1111223323243444	1123211342423344
1111223323243444	1123122133444234
1111223323243444	1123231142423344
1111223323243444	1213211342423344
1111223323243444	1213122133444234
1111223323243444	1213211243434234
1111223323243444	1213211243423344
1111223323243444	1123211233424434
1111223323243444	1234111232423344
1111223323243444	1122121333424434
1111223323243444	1231121432423344
1111223323243444	1213122433414234
1111223323243444	1123122433414234
1111223323243444	1122131233424434
1111223323243444	1231141232423344
1111223323243444	1231121243423344
1111223323243444	1231121243434234
1111223323243444	1231121342423344
1111223323243444	1123122133424434
1111223323243444	1213122143423344
1111223323243444	1213122143434234
1111223323243444	1234121132423344
1111223323243444	1123122343414234
1111223323243444	1123231243414234
1111223323243444	1213122343414234
1111223323243444	1234121233414234
1111223323244344	1213122143324434
1111223323244344	1213211243324434
1111223323244344	1213211432423434
1111223323244344	1123211432423434
1111223323244344	1213211432323444
1111223323244344	1231121243324434
1111223323244344	1213211432432434
1111223323244344	1123211432432434
1111223323244344	1213211422333444
1111223323244344	1123211322443434
1111223323244344	1234111222333444
1111223323244344	1213121242333444
1111223323244344	1213121243323444
1111223323244344	1213121422333444
1111223323244344	1213121432323444
1111223323244344	1213122142333444
1111223323244344	1213211242333444
1111223323244344	1213211243323444
1111223323244344	1231121243323444
1111223323244344	1231121242333444
1111223323244344	1231121422333444
1111223323244344	1231121432323444
1111223323244344	1231141222333444
1111223323244344	1231141232323444
1111223323244344	1213211342432434
1111223323244344	1123211342432434
1111223323244344	1123211342423434
1111223323244344	1234111232323444
1111223323244344	1213211243432434
1111223323244344	1123231244312434
1111223323244344	1213122344312434
1111223323244344	1234111232423434
1111223323244344	1234121122333444
1111223323244344	1234121132323444
1111223323244344	1122131322443434
1111223323244344	1123231122443434
1111223323244344	1122131342423434
1111223323244344	1231121432423434
1111223323244344	1122131342432434
1111223323244344	1122131432423434
1111223323244344	1213122433412434
1111223323244344	1231141232423434
1111223323244344	1123231442312434
1111223323244344	1231121243432434
1111223323244344	1122131432432434
1111223323244344	1231121432432434
1111223323244344	1231121342432434
1111223323244344	1234121132432434
1111223323244344	1213122143432434
1111223323244344	1123231142432434
1111223323244344	1123231241432434
1111223323244344	1213122341432434
1111223323244344	1123231142423434
1111223323244344	1234121132423434
1111223323244344	1234121233412434
1111223323244344	1234121342312434
1111223323244434	1122131322443344
1111223323244434	1123211322443344
1111223323244434	1123231122443344
1111223323244434	1213211432423344
1111223323244434	1123211432423344
1111223323244434	1122131342423344
1111223323244434	1122131342432344
1111223323244434	1122131344223344
1111223323244434	1213211432323444
1111223323244434	1122131432423344
1111223323244434	1122131432432344
1111223323244434	1213211432432344
1111223323244434	1123211432432344
1111223323244434	1213211422333444
1111223323244434	1234111222333444
1111223323244434	1213122143324344
1111223323244434	1213211243324344
1111223323244434	1231121243324344
1111223323244434	1213121242333444
1111223323244434	1213121243323444
1111223323244434	1213121422333444
1111223323244434	1213121432323444
1111223323244434	1213122142333444
1111223323244434	1213122143323444
1111223323244434	1213211242333444
1111223323244434	1123231144223344
1111223323244434	1213211243323444
1111223323244434	1123211344223344
1111223323244434	1213211344223344
1111223323244434	1231121344223344
1111223323244434	1213121344223344
1111223323244434	1123211342423344
1111223323244434	1123211342432344
1111223323244434	1231121243323444
1111223323244434	1231121242333444
1111223323244434	1231121422333444
1111223323244434	1231121432323444
1111223323244434	1231141222333444
1111223323244434	1231141232323444
1111223323244434	1213211342432344
1111223323244434	1123231142423344
1111223323244434	1123231142432344
1111223323244434	1123231241432344
1111223323244434	1123231244312344
1111223323244434	1234111232323444
1111223323244434	1123231442312344
1111223323244434	1213211243432344
1111223323244434	1234111232423344
1111223323244434	1213122344312344
1111223323244434	1234121122333444
1111223323244434	1234121132323444
1111223323244434	1231121432423344
1111223323244434	1213121432423344
1111223323244434	1231141232423344
1111223323244434	1231121243432344
1111223323244434	1213122433412344
1111223323244434	1231121432432344
1111223323244434	1231121342432344
1111223323244434	1213121342423344
1111223323244434	1213122143432344
1111223323244434	1213122341432344
1111223323244434	1213121243423344
1111223323244434	1234121132423344
1111223323244434	1234121132432344
1111223323244434	1234121342312344
1111223323244434	1234121233412344
1111223323423444	1112221333244434
1111223323423444	1122121333244434
1111223323423444	1213211432243344
1111223323423444	1123211432243344
1111223323423444	1122131342243344
1111223323423444	1122131432243344
1111223323423444	1231121432243344
1111223323423444	1122131233244434
1111223323423444	1123122133244434
1111223323423444	1213122433144234
1111223323423444	1123122433144234
1111223323423444	1123211233244434
1111223323423444	1123211342243344
1111223323423444	1213211342243344
1111223323423444	1213211243344234
1111223323423444	1213211243243344
1111223323423444	1234111232243344
1111223323423444	1123231142243344
1111223323423444	1231141232243344
1111223323423444	1231121243243344
1111223323423444	1231121243344234
1111223323423444	1231121342243344
1111223323423444	1213122143344234
1111223323423444	1234121132243344
1111223323423444	1213122143243344
1111223323423444	1213121342243344
1111223323423444	1123231243144234
1111223323423444	1213122343144234
1111223323423444	1123122343144234
1111223323423444	1234121233144234
1111223323424344	1213211432243434
1111223323424344	1231121432243434
1111223323424344	1213122433142434
1111223323424344	1123231442132434
1111223323424344	1213211243342434
1111223323424344	1234111232243434
1111223323424344	1213122143342434
1111223323424344	1231121243342434
1111223323424344	1231141232243434
1111223323424344	1123231244132434
1111223323424344	1213122344132434
1111223323424344	1234121132243434
1111223323424344	1234121233142434
1111223323424344	1234121342132434
1111223323424434	1213211432243344
1111223323424434	1123211432243344
1111223323424434	1213211432233444
1111223323424434	1122131342243344
1111223323424434	1122131344232344
1111223323424434	1122131432243344
1111223323424434	1231121432243344
1111223323424434	1213121432243344
1111223323424434	1213121243233444
1111223323424434	1213121432233444
1111223323424434	1213122143233444
1111223323424434	1213211243233444
1111223323424434	1231121432233444
1111223323424434	1213122433142344
1111223323424434	1123211342243344
1111223323424434	1123211344232344
1111223323424434	1231121243233444
1111223323424434	1213211344232344
1111223323424434	1234111232233444
1111223323424434	1231141232233444
1111223323424434	1213211243342344
1111223323424434	1234111232243344
1111223323424434	1123231142243344
1111223323424434	1123231144232344
1111223323424434	1234121132233444
1111223323424434	1213122143342344
1111223323424434	1231121243342344
1111223323424434	1231141232243344
1111223323424434	1231121344232344
1111223323424434	1234121132243344
1111223323424434	1213121243243344
1111223323424434	1234121233142344
1111223323442344	1213211432234434
1111223323442344	1213122143324434
1111223323442344	1213211243324434
1111223323442344	1231121243324434
1111223323442344	1231121432234434
1111223323442344	1234111232234434
1111223323442344	1213122433124434
1111223323442344	1231141232234434
1111223323442344	1234121233124434
1111223323442434	1213211432234344
1111223323442434	1213122143324344
1111223323442434	1213211243324344
1111223323442434	1231121243324344
1111223323442434	1234111232234344
1111223323442434	1231121432234344
1111223323442434	1213122433124344
1111223323442434	1231141232234344
1111223323442434	1213121243234344
1111223323442434	1234121233124344
1111223323444234	1213211432233444
1111223323444234	1213121243233444
1111223323444234	1213121243323444
1111223323444234	1213121432233444
1111223323444234	1213122143323444
1111223323444234	1213122433123444
1111223323444234	1213211243233444
1111223323444234	1231121432233444
1111223323444234	1213211243323444
1111223323444234	1231121243323444
1111223323444234	1231121243233444
1111223323444234	1234111232233444
1111223323444234	1231141232233444
1111223323444234	1234121233123444
1111223324233444	1122131322443344
1111223324233444	1112221333444234
1111223324233444	1123211322443344
1111223324233444	1123231122443344
1111223324233444	1112221343434234
1111223324233444	1213122143324434
1111223324233444	1213211432434234
1111223324233444	1123211432434234
1111223324233444	1213211422334344
1111223324233444	1234111222334344
1111223324233444	1123122331444234
1111223324233444	1123122133444234
1111223324233444	1123231231444234
1111223324233444	1122121333444234
1111223324233444	1122131233444234
1111223324233444	1213122331444234
1111223324233444	1213211342434234
1111223324233444	1123211342434234
1111223324233444	1213122133444234
1111223324233444	1213211242334344
1111223324233444	1231141222334344
1111223324233444	1213122431324434
1111223324233444	1122131342434234
1111223324233444	1231121242334344
1111223324233444	1231141232434234
1111223324233444	1234121231324434
1111223324233444	1234121321324434
1111223324233444	1122131432434234
1111223324233444	1231121422334344
1111223324233444	1231121432434234
1111223324233444	1122121343434234
1111223324233444	1231121342434234
1111223324233444	1213122431434234
1111223324233444	1123122431434234
1111223324233444	1213121422334344
1111223324233444	1123231421434234
1111223324233444	1213121242334344
1111223324233444	1213122143434234
1111223324233444	1123122143434234
1111223324233444	1213122142334344
1111223324233444	1234121321434234
1111223324233444	1123231142434234
1111223324233444	1234121132434234
1111223324233444	1234121122334344
1111223324233444	1123122341434234
1111223324233444	1123231241434234
1111223324233444	1213122341434234
1111223324233444	1234121231434234
1111223324234344	1213211432432434
1111223324234344	1123211432432434
1111223324234344	1213211422333444
1111223324234344	1123211322443434
1111223324234344	1234111222333444
1111223324234344	1213121242333444
1111223324234344	1213121422333444
1111223324234344	1213122142333444
1111223324234344	1213211242333444
1111223324234344	1231121242333444
1111223324234344	1231121422333444
1111223324234344	1231141222333444
1111223324234344	1213211342432434
1111223324234344	1123211342432434
1111223324234344	1234121122333444
1111223324234344	1122131322443434
1111223324234344	1123231122443434
1111223324234344	1122131342432434
1111223324234344	1231141232432434
1111223324234344	1122131432432434
1111223324234344	1231121432432434
1111223324234344	1231121342432434
1111223324234344	1213122431432434
1111223324234344	1123231421432434
1111223324234344	1234121321432434
1111223324234344	1234121132432434
1111223324234344	1234121231432434
1111223324234344	1213122143432434
1111223324234344	1123231142432434
1111223324234344	1123231241432434
1111223324234344	1213122341432434
1111223324234434	1122131322443344
1111223324234434	1123211322443344
1111223324234434	1123231122443344
1111223324234434	1122131342432344
1111223324234434	1122131432432344
1111223324234434	1213211432432344
1111223324234434	1123211432432344
1111223324234434	1213211422333444
1111223324234434	1234111222333444
1111223324234434	1213121242333444
1111223324234434	1213121422333444
1111223324234434	1213122142333444
1111223324234434	1213211242333444
1111223324234434	1123211342432344
1111223324234434	1231121242333444
1111223324234434	1231121422333444
1111223324234434	1231141222333444
1111223324234434	1213211342432344
1111223324234434	1123231142432344
1111223324234434	1123231241432344
1111223324234434	1123231421432344
1111223324234434	1234121122333444
1111223324234434	1231141232432344
1111223324234434	1231121432432344
1111223324234434	1231121342432344
1111223324234434	1213122431432344
1111223324234434	1234121321432344
1111223324234434	1213122143432344
1111223324234434	1213122341432344
1111223324234434	1234121132432344
1111223324234434	1234121231432344
1111223324243344	1213122143324434
1111223324243344	1213211432423434
1111223324243344	1123211432423434
1111223324243344	1213211432323444
1111223324243344	1213211422333444
1111223324243344	1213211322443434
1111223324243344	1123211322443434
1111223324243344	1234111222333444
1111223324243344	1213211422334434
1111223324243344	1234111222334434
1111223324243344	1213121242333444
1111223324243344	1213121422333444
1111223324243344	1213121432323444
1111223324243344	1213122142333444
1111223324243344	1213122143323444
1111223324243344	1213122431323444
1111223324243344	1213211242333444
1111223324243344	1213211344223434
1111223324243344	1123211344223434
1111223324243344	1231121242333444
1111223324243344	1231121422333444
1111223324243344	1231121432323444
1111223324243344	1231141222333444
1111223324243344	1231141232323444
1111223324243344	1123231144223434
1111223324243344	1213211342423434
1111223324243344	1123211342423434
1111223324243344	1231121344223434
1111223324243344	1234111232323444
1111223324243344	1213121344223434
1111223324243344	1234121122333444
1111223324243344	1234121132323444
1111223324243344	1234121231323444
1111223324243344	1234121321323444
1111223324243344	1122131322443434
1111223324243344	1231141222334434
1111223324243344	1123231122443434
1111223324243344	1213122431324434
1111223324243344	1213121322443434
1111223324243344	1213122132443434
1111223324243344	1213121232443434
1111223324243344	1231121322443434
1111223324243344	1231121232443434
1111223324243344	1122131342423434
1111223324243344	1231121432423434
1111223324243344	1213121432423434
1111223324243344	1122131432423434
1111223324243344	1231121242334434
1111223324243344	1231141232423434
1111223324243344	1234121231324434
1111223324243344	1234121321324434
1111223324243344	1231121422334434
1111223324243344	1213121242334434
1111223324243344	1213121422334434
1111223324243344	1123231441223434
1111223324243344	1231121342423434
1111223324243344	1213122143423434
1111223324243344	1123231142423434
1111223324243344	1234121132423434
1111223324243344	1213122431423434
1111223324243344	1123231421423434
1111223324243344	1234121321423434
1111223324243344	1123231241423434
1111223324243344	1213121342423434
1111223324243344	1213122341423434
1111223324243344	1234121231423434
1111223324243344	1234121341223434
1111223324243434	1122131322443344
1111223324243434	1123211322443344
1111223324243434	1123231122443344
1111223324243434	1213211432423344
1111223324243434	1123211432423344
1111223324243434	1122131342423344
1111223324243434	1122131432423344
1111223324243434	1234111222334344
1111223324243434	1213122143324344
1111223324243434	1123231144223344
1111223324243434	1123211344223344
1111223324243434	1213211344223344
1111223324243434	1231121344223344
1111223324243434	1213121344223344
1111223324243434	1123211342423344
1111223324243434	1123231142423344
1111223324243434	1123231241423344
1111223324243434	1123231421423344
1111223324243434	1123231441223344
1111223324243434	1231141222334344
1111223324243434	1231121432423344
1111223324243434	1213121432423344
1111223324243434	1231141232423344
1111223324243434	1213122431324344
1111223324243434	1213121342423344
1111223324243434	1213121422334344
1111223324243434	1213121242334344
1111223324243434	1234121132423344
1111223324243434	1234121321423344
1111223324243434	1234121321324344
1111223324243434	1234121341223344
1111223324243434	1234121231423344
1111223324243434	1234121231324344
1111223324323444	1112221333244434
1111223324323444	1122131322443344
1111223324323444	1122121333244434
1111223324323444	1123211322443344
1111223324323444	1213211322443344
1111223324323444	1122131233244434
1111223324323444	1122131322344434
1111223324323444	1213121322443344
1111223324323444	1123122133244434
1111223324323444	1123122331244434
1111223324323444	1231121322443344
1111223324323444	1213211432344234
1111223324323444	1213211422343344
1111223324323444	1123211322344434
1111223324323444	1234111222343344
1111223324323444	1123231231244434
1111223324323444	1123122331444234
1111223324323444	1213122331444234
1111223324323444	1213211342344234
1111223324323444	1123211342344234
1111223324323444	1213211242343344
1111223324323444	1234111232344234
1111223324323444	1231141222343344
1111223324323444	1231141232243344
1111223324323444	1231121242343344
1111223324323444	1231141232344234
1111223324323444	1231121422343344
1111223324323444	1231121432344234
1111223324323444	1231121342344234
1111223324323444	1213122143344234
1111223324323444	1123122341344234
1111223324323444	1213122431344234
1111223324323444	1234121321344234
1111223324323444	1234121231344234
1111223324323444	1123231421344234
1111223324323444	1123231241344234
1111223324323444	1213122341344234
1111223324324344	1213211432342434
1111223324324344	1234111222343434
1111223324324344	1234111232342434
1111223324324344	1231141222343434
1111223324324344	1213122143342434
1111223324324344	1231141232342434
1111223324324344	1231121432342434
1111223324324344	1123231241432434
1111223324324344	1213122341432434
1111223324324344	1213122431342434
1111223324324344	1234121321342434
1111223324324344	1234121231342434
1111223324324434	1122131322443344
1111223324324434	1213211432243344
1111223324324434	1123211432243344
1111223324324434	1123211322443344
1111223324324434	1122131342243344
1111223324324434	1122131342432344
1111223324324434	1122131432243344
1111223324324434	1122131432432344
1111223324324434	1231121432243344
1111223324324434	1213211432432344
1111223324324434	1123211432432344
1111223324324434	1213121432243344
1111223324324434	1213211422333444
1111223324324434	1234111222333444
1111223324324434	1213211432342344
1111223324324434	1234111222343344
1111223324324434	1213121242333444
1111223324324434	1213121422333444
1111223324324434	1213211242333444
1111223324324434	1123211342243344
1111223324324434	1123211342432344
1111223324324434	1123211344232344
1111223324324434	1231121242333444
1111223324324434	1213211344232344
1111223324324434	1231121422333444
1111223324324434	1231141222333444
1111223324324434	1213211342432344
1111223324324434	1123231142243344
1111223324324434	1123231144232344
1111223324324434	1123231241243344
1111223324324434	1123231421243344
1111223324324434	1123231441232344
1111223324324434	1234111232342344
1111223324324434	1231141222343344
1111223324324434	1213122143342344
1111223324324434	1231141232342344
1111223324324434	1231121344232344
1111223324324434	1231121432342344
1111223324324434	1231121432432344
1111223324324434	1231121342432344
1111223324324434	1234121132243344
1111223324324434	1234121321243344
1111223324324434	1234121231243344
1111223324324434	1213121422343344
1111223324324434	1213121242343344
1111223324324434	1213122431342344
1111223324324434	1234121321342344
1111223324324434	1234121341232344
1111223324324434	1234121231342344
1111223324342344	1213122143324434
1111223324342344	1213211432324434
1111223324342344	1234111222334434
1111223324342344	1234111232324434
1111223324342344	1231141222334434
1111223324342344	1213122431324434
1111223324342344	1231141232324434
1111223324342344	1231121432324434
1111223324342344	1234121231324434
1111223324342434	1213211432324344
1111223324342434	1234111222334344
1111223324342434	1213122143324344
1111223324342434	1234111232324344
1111223324342434	1231141222334344
1111223324342434	1231141232324344
1111223324342434	1231121432324344
1111223324342434	1213122431324344
1111223324342434	1213121422334344
1111223324342434	1213121242334344
1111223324342434	1234121231324344
1111223324344234	1213211432323444
1111223324344234	1213211422333444
1111223324344234	1234111222333444
1111223324344234	1213121242333444
1111223324344234	1213121422333444
1111223324344234	1213121432323444
1111223324344234	1213122143323444
1111223324344234	1213122431323444
1111223324344234	1213211242333444
1111223324344234	1231121242333444
1111223324344234	1231121422333444
1111223324344234	1231121432323444
1111223324344234	1231141222333444
1111223324344234	1231141232323444
1111223324344234	1234111232323444
1111223324344234	1234121231323444
1111223324423344	1213211432243434
1111223324423344	1213211422343434
1111223324423344	1234111222343434
1111223324423344	1231121432243434
1111223324423344	1213121432243434
1111223324423344	1213211242343434
1111223324423344	1231141222343434
1111223324423344	1231141232243434
1111223324423344	1231121242343434
1111223324423344	1231121422343434
1111223324423344	1213122143243434
1111223324423344	1234121132243434
1111223324423344	1213121422343434
1111223324423344	1213122431243434
1111223324423344	1234121321243434
1111223324423344	1213121242343434
1111223324423344	1234121231243434
1111223324423434	1122131322443344
1111223324423434	1213211432243344
1111223324423434	1123211432243344
1111223324423434	1123211322443344
1111223324423434	1122131342243344
1111223324423434	1122131432243344
1111223324423434	1231121432243344
1111223324423434	1213121432243344
1111223324423434	1234111222343344
1111223324423434	1123211342243344
1111223324423434	1123231142243344
1111223324423434	1123231241243344
1111223324423434	1123231421243344
1111223324423434	1231141222343344
1111223324423434	1231141232243344
1111223324423434	1234121132243344
1111223324423434	1234121321243344
1111223324423434	1234121231243344
1111223324423434	1213121422343344
1111223324423434	1213121242343344
1111223324432344	1213211432234434
1111223324432344	1213211432324434
1111223324432344	1234111222334434
1111223324432344	1231121432234434
1111223324432344	1234111232234434
1111223324432344	1231141222334434
1111223324432344	1231141232234434
1111223324432344	1234121132234434
1111223324432344	1234121321234434
1111223324432344	1234121231234434
1111223324432434	1213211432234344
1111223324432434	1234111222334344
1111223324432434	1234111232234344
1111223324432434	1231121432234344
1111223324432434	1231141222334344
1111223324432434	1231141232234344
1111223324432434	1234121132234344
1111223324432434	1213121422334344
1111223324432434	1213121242334344
1111223324432434	1234121321234344
1111223324432434	1234121231234344
1111223324434234	1213211432233444
1111223324434234	1213211422333444
1111223324434234	1234111222333444
1111223324434234	1213121242333444
1111223324434234	1213121422333444
1111223324434234	1213121432233444
1111223324434234	1213122143233444
1111223324434234	1213122431233444
1111223324434234	1213211242333444
1111223324434234	1231121432233444
1111223324434234	1231121242333444
1111223324434234	1231121422333444
1111223324434234	1234111232233444
1111223324434234	1231141222333444
1111223324434234	1231141232233444
1111223324434234	1234121132233444
1111223324434234	1234121231233444
1111223324434234	1234121321233444
1111223342233444	1123231212443344
1111223342233444	1123122331444234
1111223342233444	1123122313444234
1111223342233444	1123231213444234
1111223342233444	1213122331444234
1111223342233444	1213122313444234
1111223342233444	1213121224334344
1111223342233444	1213122413324434
1111223342233444	1213122431324434
1111223342233444	1123231214434234
1111223342233444	1213122314434234
1111223342233444	1123122314434234
1111223342233444	1234121213324434
1111223342233444	1213122431434234
1111223342233444	1123122431434234
1111223342233444	1213122412334344
1111223342233444	1123122413434234
1111223342233444	1123231412434234
1111223342233444	1234121212334344
1111223342233444	1234121213434234
1111223342233444	1213122413434234
1111223342233444	1234121312434234
1111223342234344	1213121224333444
1111223342234344	1123231214432434
1111223342234344	1213122314432434
1111223342234344	1234121213432434
1111223342234344	1213122413432434
1111223342234434	1213121224333444
1111223342234434	1123231212443344
1111223342234434	1123231214432344
1111223342234434	1213122314432344
1111223342234434	1123231412432344
1111223342234434	1213122413432344
1111223342234434	1234121312432344
1111223342234434	1234121213432344
1111223342243344	1213121224333444
1111223342243344	1213122413323444
1111223342243344	1234121213323444
1111223342243344	1234121312323444
1111223342243344	1123231212443434
1111223342243344	1213122413324434
1111223342243344	1213122312443434
1111223342243344	1213121223443434
1111223342243344	1234121213324434
1111223342243344	1123231214423434
1111223342243344	1213122314423434
1111223342243344	1234121314223434
1111223342243344	1123231414223434
1111223342243344	1123231412423434
1111223342243344	1234121213423434
1111223342243344	1213122413423434
1111223342243344	1234121312423434
1111223342243434	1123231212443344
1111223342243434	1123231214423344
1111223342243434	1123231412423344
1111223342243434	1123231414223344
1111223342243434	1213122413324344
1111223342243434	1234121213324344
1111223342243434	1234121314223344
1111223342243434	1234121312423344
1111223342243434	1234121213423344
1111223342323444	1123122313244434
1111223342323444	1123231213244434
1111223342323444	1213121224343344
1111223342323444	1123122314344234
1111223342323444	1213122413344234
1111223342323444	1234121213344234
1111223342323444	1123231214344234
1111223342323444	1213122314344234
1111223342324344	1123231214432434
1111223342324344	1213122314432434
1111223342324344	1234121213342434
1111223342324344	1213122413342434
1111223342324434	1213121224333444
1111223342324434	1123231214243344
1111223342324434	1123231412243344
1111223342324434	1123231414232344
1111223342324434	1234121312243344
1111223342324434	1234121213243344
1111223342324434	1213122413342344
1111223342324434	1234121314232344
1111223342324434	1234121213342344
1111223342342344	1213122413324434
1111223342342344	1234121213324434
1111223342342434	1213122413324344
1111223342342434	1234121213324344
1111223342344234	1213121224333444
1111223342344234	1213122413323444
1111223342344234	1234121213323444
1111223342423344	1213121224343434
1111223342423344	1234121312243434
1111223342423344	1234121213243434
1111223342423344	1213122413243434
1111223342423434	1123231214243344
1111223342423434	1123231412243344
1111223342423434	1234121312243344
1111223342423434	1234121213243344
1111223342432344	1234121312234434
1111223342432344	1234121213234434
1111223342432434	1234121213234344
1111223342432434	1234121312234344
1111223342434234	1213121224333444
1111223342434234	1213122413233444
1111223342434234	1234121213233444
1111223342434234	1234121312233444
1111223344223344	1213122431243434
1111223344223344	1234121312243434
1111223344223344	1234121212343434
1111223344223344	1213122413243434
1111223344223344	1213122412343434
1111223344223434	1123231212443344
1111223344223434	1234121212343344
1111223344232344	1234121312324434
1111223344232344	1234121212334434
1111223344232434	1234121212334344
1111223344234234	1213122412333444
1111223344234234	1234121212333444
1111223422333444	1213122143324434
1111223422333444	1123122143324434
1111223422333444	1123122133244434
1111223422333444	1123231123244434
1111223422333444	1213122133244434
1111223422333444	1213122123344434
1111223422333444	1123231124243344
1111223422333444	1123231142243344
1111223422333444	1213122124334344
1111223422333444	1123231124434234
1111223422333444	1213122134434234
1111223422333444	1123122134434234
1111223422333444	1234121123324434
1111223422333444	1234121132234434
1111223422333444	1213122124334434
1111223422333444	1213122143234434
1111223422333444	1213122143344234
1111223422333444	1123122143344234
1111223422333444	1234121132243344
1111223422333444	1213122143243344
1111223422333444	1213122134324434
1111223422333444	1123122134324434
1111223422333444	1213122124343344
1111223422333444	1123231142234434
1111223422333444	1123231124234434
1111223422333444	1213122134243344
1111223422333444	1213122143234344
1111223422333444	1123231144234234
1111223422333444	1234121132234344
1111223422333444	1213122134234434
1111223422333444	1234121123344234
1111223422333444	1234121134234234
1111223422333444	1234121123234344
1111223422334344	1213122124333444
1111223422334344	1123231124432434
1111223422334344	1213122143233444
1111223422334344	1213122134432434
1111223422334344	1234121123233444
1111223422334344	1234121132233444
1111223422334344	1213122143342434
1111223422334344	1123231144232434
1111223422334344	1213122143243434
1111223422334344	1123231142243434
1111223422334344	1234121132243434
1111223422334344	1123231124243434
1111223422334344	1213122134243434
1111223422334344	1234121134232434
1111223422334344	1213122124343434
1111223422334344	1234121123342434
1111223422334434	1213122124333444
1111223422334434	1123231124432344
1111223422334434	1213122134432344
1111223422334434	1123231124243344
1111223422334434	1123231142243344
1111223422334434	1123231144232344
1111223422334434	1213122143342344
1111223422334434	1234121132243344
1111223422334434	1234121134232344
1111223422334434	1234121123342344
1111223422343344	1213122124333444
1111223422343344	1213122143324434
1111223422343344	1213122143323444
1111223422343344	1123231144223434
1111223422343344	1234121123323444
1111223422343344	1123231124423434
1111223422343344	1213122134423434
1111223422343344	1234121134223434
1111223422343434	1213122143324344
1111223422343434	1123231144223344
1111223422343434	1123231124423344
1111223422343434	1234121134223344
1111223423233444	1123231122443344
1111223423233444	1213122143324434
1111223423233444	1123122143324434
1111223423233444	1213122132443344
1111223423233444	1123231122434434
1111223423233444	1123122133424434
1111223423233444	1213122143434234
1111223423233444	1123122143434234
1111223423233444	1213122142334344
1111223423233444	1213122133424434
1111223423233444	1123231142434234
1111223423233444	1213122132434434
1111223423233444	1234121132434234
1111223423233444	1234121122334344
1111223423234344	1213122142333444
1111223423234344	1234121122333444
1111223423234344	1123231122443434
1111223423234344	1213122132443434
1111223423234344	1234121132432434
1111223423234344	1213122143432434
1111223423234344	1123231142432434
1111223423234434	1123231122443344
1111223423234434	1123231142432344
1111223423234434	1213122143432344
1111223423234434	1234121132432344
1111223423243344	1213122143324434
1111223423243344	1213122143323444
1111223423243344	1123231144223434
1111223423243344	1234121132323444
1111223423243344	1123231122443434
1111223423243344	1213122132443434
1111223423243344	1213122143423434
1111223423243344	1123231142423434
1111223423243344	1234121132423434
1111223423243434	1123231122443344
1111223423243434	1213122143324344
1111223423243434	1123231144223344
1111223423243434	1123231142423344
1111223423243434	1234121132423344
1111223423323444	1123231122443344
1111223423323444	1213122132443344
1111223423323444	1123122133244434
1111223423323444	1123231122344434
1111223423323444	1123122133444234
1111223423323444	1213122133444234
1111223423323444	1213122143344234
1111223423323444	1234121122343344
1111223423323444	1213122142343344
1111223423323444	1123231142344234
1111223423323444	1234121132344234
1111223423324344	1213122143342434
1111223423324344	1213122143432434
1111223423324344	1234121132342434
1111223423324344	1234121122343434
1111223423324434	1123231122443344
1111223423324434	1213122142333444
1111223423324434	1123231142243344
1111223423324434	1123231142432344
1111223423324434	1123231144232344
1111223423324434	1234121122333444
1111223423324434	1213122143342344
1111223423324434	1234121132243344
1111223423324434	1234121122343344
1111223423324434	1234121132432344
1111223423324434	1234121132342344
1111223423342344	1213122143324434
1111223423342344	1234121132324434
1111223423342344	1234121122334434
1111223423342434	1213122143324344
1111223423342434	1234121132324344
1111223423342434	1234121122334344
1111223423344234	1213122142333444
1111223423344234	1213122143323444
1111223423344234	1234121122333444
1111223423344234	1234121132323444
1111223423423344	1213122143243434
1111223423423344	1234121132243434
1111223423423434	1123231142243344
1111223423423434	1234121132243344
1111223423432344	1234121132234434
1111223423432434	1234121132234344
1111223423434234	1213122143233444
1111223423434234	1234121132233444
1111223432234344	1213122124333444
1111223432234344	1123231124432434
1111223432234344	1234121123432434
1111223432234344	1213122143432434
1111223432234434	1213122124333444
1111223432234434	1123231122443344
1111223432234434	1123231124432344
1111223432234434	1213122143432344
1111223432234434	1234121132432344
1111223432234434	1234121123432344
1111223432323444	1123122133244434
1111223432323444	1123231123244434
1111223432323444	1213122143344234
1111223432323444	1234121123243344
1111223432323444	1213122124343344
1111223432323444	1234121123344234
1111223432323444	1123231124344234
1111223432324344	1213122143342434
1111223432324344	1234121123342434
1111223432324434	1213122124333444
1111223432324434	1123231124432344
1111223432324434	1123231124243344
1111223432324434	1213122143342344
1111223432324434	1234121123342344
1111223432342344	1213122143324434
1111223432342344	1234121123324434
1111223432342434	1213122143324344
1111223432342434	1234121123324344
1111223432344234	1213122124333444
1111223432344234	1213122143323444
1111223432344234	1234121123323444
1111223432423344	1213122143243434
1111223432423344	1213122124343434
1111223432423344	1234121123243434
1111223432423434	1123231124243344
1111223432423434	1234121123243344
1111223432432344	1234121123324434
1111223432432344	1234121123234434
1111223432432434	1234121123234344
1111223432434234	1213122124333444
1111223432434234	1213122143233444
1111223432434234	1234121123233444
1111223434223344	1213122143243434
1111223434223344	1213122142343434
1111223434223344	1234121122343434
1111223434223434	1123231122443344
1111223434223434	1234121122343344
1111223434232344	1234121122334434
1111223434232434	1234121122334344
1111223434234234	1213122142333444
1111223434234234	1234121122333444
1111232223433444	1112221333244434
1111232223433444	1122112333244434
1111232223433444	1123211432243344
1111232223433444	1122113342243344
1111232223433444	1122113432243344
1111232223433444	1213211432234434
1111232223433444	1112221343344234
1111232223433444	1123211432234434
1111232223433444	1213211432234344
1111232223433444	1213212143324434
1111232223433444	1213211243324434
1111232223433444	1231112243324434
1111232223433444	1231112432243344
1111232223433444	1213212433144234
1111232223433444	1123212433144234
1111232223433444	1122113342234434
1111232223433444	1231114232234344
1111232223433444	1231114232234434
1111232223433444	1122113344234234
1111232223433444	1231112243234344
1111232223433444	1123211342243344
1111232223433444	1122113432234434
1111232223433444	1231112432234344
1111232223433444	1231112432234434
1111232223433444	1213211344234234
1111232223433444	1123211344234234
1111232223433444	1213211243234344
1111232223433444	1123211342234434
1111232223433444	1234111232234344
1111232223433444	1234111232234434
1111232223433444	1213212433124434
1111232223433444	1213112432234344
1111232223433444	1123213442134234
1111232223433444	1122112343344234
1111232223433444	1231112344234234
1111232223433444	1213214233124434
1111232223433444	1234112233124434
1111232223433444	1213212343144234
1111232223433444	1123212343144234
1111232223433444	1213112243234344
1111232223433444	1213214342134234
1111232223433444	1213213244134234
1111232223433444	1123213244134234
1111232223433444	1213212344134234
1111232223433444	1123212344134234
1111232223433444	1234112342134234
1111232223434344	1213211432243434
1111232223434344	1123211432243434
1111232223434344	1213211432233444
1111232223434344	1122113342243434
1111232223434344	1213112243233444
1111232223434344	1231114232233444
1111232223434344	1213112432233444
1111232223434344	1231112432243434
1111232223434344	1122113432243434
1111232223434344	1213212433142434
1111232223434344	1213211243233444
1111232223434344	1231112432233444
1111232223434344	1122113344232434
1111232223434344	1231112243233444
1111232223434344	1123213442132434
1111232223434344	1213211344232434
1111232223434344	1123211344232434
1111232223434344	1123211342243434
1111232223434344	1234111232233444
1111232223434344	1231112344232434
1111232223434344	1123213244132434
1111232223434344	1213213244132434
1111232223434344	1213212344132434
1111232223434344	1213214342132434
1111232223434344	1234112342132434
1111232223434434	1213211432243344
1111232223434434	1123211432243344
1111232223434434	1122113342243344
1111232223434434	1213211432233444
1111232223434434	1122113344232344
1111232223434434	1122113432243344
1111232223434434	1231112432243344
1111232223434434	1213112432243344
1111232223434434	1213112243233444
1111232223434434	1231114232233444
1111232223434434	1213112432233444
1111232223434434	1213211243233444
1111232223434434	1231112432233444
1111232223434434	1231112243233444
1111232223434434	1213212433142344
1111232223434434	1123213442132344
1111232223434434	1123211342243344
1111232223434434	1123211344232344
1111232223434434	1213211344232344
1111232223434434	1123213244132344
1111232223434434	1234111232233444
1111232223434434	1231112344232344
1111232223434434	1213213244132344
1111232223434434	1213214342132344
1111232223434434	1213212344132344
1111232223434434	1234112342132344
1111232223443434	1213211432243344
1111232223443434	1123211432243344
1111232223443434	1122113342243344
1111232223443434	1122113344223344
1111232223443434	1122113432243344
1111232223443434	1213211432234344
1111232223443434	1231112432243344
1111232223443434	1213112432243344
1111232223443434	1213212143324344
1111232223443434	1213211243324344
1111232223443434	1231114232234344
1111232223443434	1231112243324344
1111232223443434	1123213144223344
1111232223443434	1123211344223344
1111232223443434	1213211344223344
1111232223443434	1231112344223344
1111232223443434	1212113344223344
1111232223443434	1213112344223344
1111232223443434	1123211342243344
1111232223443434	1231112432234344
1111232223443434	1123213244123344
1111232223443434	1234111232234344
1111232223443434	1123213442123344
1111232223443434	1213212433124344
1111232223443434	1213214342123344
1111232223443434	1213214233124344
1111232223443434	1213112243234344
1111232223443434	1234112233124344
1111232223443434	1234112342123344
1111232232343444	1122113324423344
1111232232343444	1112221334324434
1111232232343444	1112221334434234
1111232232343444	1122113434223344
1111232232343444	1122113324324434
1111232232343444	1231114223324344
1111232232343444	1231114223324434
1111232232343444	1122113324434234
1111232232343444	1231112224334344
1111232232343444	1213211434223344
1111232232343444	1123211434223344
1111232232343444	1213211423324434
1111232232343444	1123211423324434
1111232232343444	1213211423324344
1111232232343444	1123211324423344
1111232232343444	1213211324434234
1111232232343444	1123211324434234
1111232232343444	1213211224334344
1111232232343444	1123211324324434
1111232232343444	1234111223324344
1111232232343444	1234111223324434
1111232232343444	1123213214423344
1111232232343444	1123213414223344
1111232232343444	1122113423324434
1111232232343444	1231112423324344
1111232232343444	1231112423324434
1111232232343444	1122112334324434
1111232232343444	1231112434223344
1111232232343444	1122112334434234
1111232232343444	1231112324434234
1111232232343444	1213112224334344
1111232232343444	1213212413324434
1111232232343444	1213214213324434
1111232232343444	1123213214434234
1111232232343444	1213213214434234
1111232232343444	1213212314434234
1111232232343444	1123212314434234
1111232232343444	1234112213324434
1111232232343444	1213214314223344
1111232232343444	1123212334414234
1111232232343444	1213212334414234
1111232232343444	1123212413324434
1111232232343444	1123213214324434
1111232232343444	1213214213324344
1111232232343444	1213214324314234
1111232232343444	1123212314324434
1111232232343444	1234112213324344
1111232232343444	1213212413324344
1111232232343444	1213112423324344
1111232232343444	1234112314223344
1111232232343444	1234112324314234
1111232232343444	1213212434314234
1111232232343444	1123213424314234
1111232232343444	1123212434314234
1111232232344344	1213112224333444
1111232232344344	1213211224333444
1111232232344344	1231112224333444
1111232232344344	1122113324423434
1111232232344344	1231114223323444
1111232232344344	1122113324432434
1111232232344344	1123213214432434
1111232232344344	1213211434223434
1111232232344344	1213112423323444
1111232232344344	1123211434223434
1111232232344344	1123211324432434
1111232232344344	1213211423323444
1111232232344344	1213213214432434
1111232232344344	1213211324432434
1111232232344344	1213212314432434
1111232232344344	1231112324432434
1111232232344344	1123211324423434
1111232232344344	1234111223323444
1111232232344344	1231112423323444
1111232232344344	1122113434223434
1111232232344344	1231112434223434
1111232232344344	1213214324312434
1111232232344344	1123213424312434
1111232232344344	1234112324312434
1111232232344344	1213212434312434
1111232232433444	1112221333244434
1111232232433444	1122113324243344
1111232232433444	1122112333244434
1111232232433444	1123211432243344
1111232232433444	1112221334344234
1111232232433444	1112221334434234
1111232232433444	1122113432243344
1111232232433444	1213211432234434
1111232232433444	1123211432234434
1111232232433444	1213211432234344
1111232232433444	1122113324234434
1111232232433444	1231114223234344
1111232232433444	1231114223234434
1111232232433444	1122113324434234
1111232232433444	1231112224334344
1111232232433444	1123211324243344
1111232232433444	1213211434234234
1111232232433444	1123211434234234
1111232232433444	1213211423234344
1111232232433444	1123211324234434
1111232232433444	1234111223234344
1111232232433444	1234111223234434
1111232232433444	1213211324434234
1111232232433444	1123211324434234
1111232232433444	1213211224334344
1111232232433444	1122113432234434
1111232232433444	1231112432234344
1111232232433444	1231112432234434
1111232232433444	1213212433124434
1111232232433444	1213112432234344
1111232232433444	1122113434234234
1111232232433444	1231112423234344
1111232232433444	1123213442134234
1111232232433444	1122112334344234
1111232232433444	1231112434234234
1111232232433444	1213112224334344
1111232232433444	1213212413324434
1111232232433444	1213214323124434
1111232232433444	1213214324134234
1111232232433444	1234112323124434
1111232232433444	1213112423234344
1111232232433444	1123212334144234
1111232232433444	1123212434134234
1111232232433444	1123213424134234
1111232232433444	1213212334144234
1111232232433444	1213212434134234
1111232232433444	1234112324134234
1111232232434344	1213112224333444
1111232232434344	1213211432243434
1111232232434344	1123211432243434
1111232232434344	1213211224333444
1111232232434344	1213211432233444
1111232232434344	1231112224333444
1111232232434344	1122113324243434
1111232232434344	1231114223233444
1111232232434344	1122113324432434
1111232232434344	1213112423233444
1111232232434344	1213112432233444
1111232232434344	1123211324432434
1111232232434344	1213211434232434
1111232232434344	1123211434232434
1111232232434344	1213211324432434
1111232232434344	1213211423233444
1111232232434344	1122113432243434
1111232232434344	1123211324243434
1111232232434344	1234111223233444
1111232232434344	1231112432233444
1111232232434344	1231112423233444
1111232232434344	1122113434232434
1111232232434344	1231112434232434
1111232232434344	1213214324132434
1111232232434344	1123213424132434
1111232232434344	1213212434132434
1111232232434344	1234112324132434
1111232232434434	1122113324243344
1111232232434434	1213211432243344
1111232232434434	1122113324432344
1111232232434434	1123211432243344
1111232232434434	1213112224333444
1111232232434434	1213211224333444
1111232232434434	1213211432233444
1111232232434434	1122113432243344
1111232232434434	1231112224333444
1111232232434434	1122113434232344
1111232232434434	1231114223233444
1111232232434434	1213112423233444
1111232232434434	1213112432233444
1111232232434434	1213211434232344
1111232232434434	1123211434232344
1111232232434434	1213211423233444
1111232232434434	1123211324243344
1111232232434434	1234111223233444
1111232232434434	1213211324432344
1111232232434434	1231112432233444
1111232232434434	1123211324432344
1111232232434434	1231112423233444
1111232232434434	1123213424132344
1111232232434434	1231112434232344
1111232232434434	1213214324132344
1111232232434434	1213212434132344
1111232232434434	1234112324132344
1111232232443434	1122113324243344
1111232232443434	1122113324423344
1111232232443434	1213211432243344
1111232232443434	1123211432243344
1111232232443434	1122113432243344
1111232232443434	1122113434223344
1111232232443434	1231114223234344
1111232232443434	1231112432243344
1111232232443434	1213112432243344
1111232232443434	1231114223324344
1111232232443434	1213211434223344
1111232232443434	1123211434223344
1111232232443434	1213211423324344
1111232232443434	1123211324243344
1111232232443434	1234111223234344
1111232232443434	1123211324423344
1111232232443434	1234111223324344
1111232232443434	1123213414223344
1111232232443434	1123213424123344
1111232232443434	1123213442123344
1111232232443434	1231112423324344
1111232232443434	1213212433124344
1111232232443434	1231112434223344
1111232232443434	1213214324123344
1111232232443434	1213214323124344
1111232232443434	1213112434223344
1111232232443434	1213212413324344
1111232232443434	1213112423234344
1111232232443434	1234112323124344
1111232232443434	1234112324123344
1111232233243444	1122113322443344
1111232233243444	1112221333424434
1111232233243444	1122113324423344
1111232233243444	1112221334324434
1111232233243444	1123211322443344
1111232233243444	1122113432423344
1111232233243444	1122113434223344
1111232233243444	1213211432423344
1111232233243444	1123211432423344
1111232233243444	1213211322443344
1111232233243444	1122113324434234
1111232233243444	1231112224334344
1111232233243444	1213112322443344
1111232233243444	1213112223443344
1111232233243444	1213211223443344
1111232233243444	1122113323424434
1111232233243444	1231114223423344
1111232233243444	1231112322443344
1111232233243444	1231112223443344
1111232233243444	1231114223434234
1111232233243444	1213211434223344
1111232233243444	1123211434223344
1111232233243444	1213211324423344
1111232233243444	1123211324423344
1111232233243444	1213211324434234
1111232233243444	1123211324434234
1111232233243444	1213211224334344
1111232233243444	1213211423434234
1111232233243444	1213211423423344
1111232233243444	1123211323424434
1111232233243444	1234111223423344
1111232233243444	1213211323444234
1111232233243444	1123211323444234
1111232233243444	1234111223434234
1111232233243444	1123213214423344
1111232233243444	1123213412423344
1111232233243444	1123213414223344
1111232233243444	1123212331444234
1111232233243444	1123213213444234
1111232233243444	1122112333424434
1111232233243444	1231112432423344
1111232233243444	1213212331444234
1111232233243444	1213213213444234
1111232233243444	1231112423423344
1111232233243444	1231112423434234
1111232233243444	1122112334324434
1111232233243444	1231112434223344
1111232233243444	1231112324423344
1111232233243444	1213112224334344
1111232233243444	1213212413324434
1111232233243444	1213214213324434
1111232233243444	1213212433414234
1111232233243444	1123212433414234
1111232233243444	1123213214434234
1111232233243444	1213213214434234
1111232233243444	1213212314434234
1111232233243444	1234112213324434
1111232233243444	1213213214423344
1111232233243444	1213212314423344
1111232233243444	1213214312423344
1111232233243444	1213214314223344
1111232233243444	1123212334414234
1111232233243444	1213212334414234
1111232233243444	1123212413324434
1111232233243444	1123213214324434
1111232233243444	1213214213324344
1111232233243444	1123212314324434
1111232233243444	1234112213324344
1111232233243444	1213214213434234
1111232233243444	1213214213423344
1111232233243444	1123213213424434
1111232233243444	1234112213423344
1111232233243444	1234112213434234
1111232233243444	1213214323414234
1111232233243444	1123212313424434
1111232233243444	1213212413324344
1111232233243444	1234112314223344
1111232233243444	1213212413423344
1111232233243444	1213212413434234
1111232233243444	1234112312423344
1111232233243444	1123213423414234
1111232233243444	1234112323414234
1111232233244344	1122113322443434
1111232233244344	1231114222333444
1111232233244344	1213112224333444
1111232233244344	1213211224333444
1111232233244344	1231112224333444
1111232233244344	1213211432423434
1111232233244344	1123211432423434
1111232233244344	1213211432323444
1111232233244344	1122113324423434
1111232233244344	1231114223323444
1111232233244344	1213211432432434
1111232233244344	1123211432432434
1111232233244344	1213211422333444
1111232233244344	1231114223324434
1111232233244344	1122113324432434
1111232233244344	1123211322443434
1111232233244344	1234111222333444
1111232233244344	1213214321432434
1111232233244344	1231114223423434
1111232233244344	1231114223432434
1111232233244344	1213112422333444
1111232233244344	1123213214432434
1111232233244344	1213112423323444
1111232233244344	1123211324432434
1111232233244344	1213211423323444
1111232233244344	1213112432323444
1111232233244344	1213211423324434
1111232233244344	1213213214432434
1111232233244344	1213211324432434
1111232233244344	1213212314432434
1111232233244344	1231112324432434
1111232233244344	1213212412333444
1111232233244344	1123211324423434
1111232233244344	1234111223323444
1111232233244344	1213214312323444
1111232233244344	1234111223324434
1111232233244344	1213211423432434
1111232233244344	1234111223423434
1111232233244344	1234111223432434
1111232233244344	1231112422333444
1111232233244344	1231112423323444
1111232233244344	1231112432323444
1111232233244344	1122113432423434
1111232233244344	1122113432432434
1111232233244344	1231112432423434
1111232233244344	1231112423324434
1111232233244344	1231112423432434
1111232233244344	1234112312323444
1111232233244344	1213212413324434
1111232233244344	1213214213324434
1111232233244344	1213212433412434
1111232233244344	1123213442312434
1111232233244344	1234112213324434
1111232233244344	1213214312423434
1111232233244344	1213214324312434
1111232233244344	1213212431432434
1111232233244344	1123213214423434
1111232233244344	1123213421432434
1111232233244344	1213214213432434
1111232233244344	1234112213423434
1111232233244344	1234112213432434
1111232233244344	1234112321432434
1111232233244344	1213214323412434
1111232233244344	1213212413432434
1111232233244344	1123213412432434
1111232233244344	1123213412423434
1111232233244344	1234112312423434
1111232233244344	1123213424312434
1111232233244344	1234112323412434
1111232233244344	1234112324312434
1111232233244344	1213212434312434
1111232233423444	1112221333244434
1111232233423444	1122113324243344
1111232233423444	1213211432243344
1111232233423444	1122112333244434
1111232233423444	1123211432243344
1111232233423444	1122113432243344
1111232233423444	1122113323244434
1111232233423444	1231114223243344
1111232233423444	1231112432243344
1111232233423444	1231112224343344
1111232233423444	1231114223344234
1111232233423444	1213212433144234
1111232233423444	1123212313244434
1111232233423444	1123212433144234
1111232233423444	1123211323244434
1111232233423444	1213211324243344
1111232233423444	1123211324243344
1111232233423444	1213211423344234
1111232233423444	1213211423243344
1111232233423444	1234111223243344
1111232233423444	1213211324344234
1111232233423444	1123211324344234
1111232233423444	1213211224343344
1111232233423444	1234111223344234
1111232233423444	1123213412243344
1111232233423444	1231112423243344
1111232233423444	1231112423344234
1111232233423444	1231112324243344
1111232233423444	1213214323144234
1111232233423444	1213214312243344
1111232233423444	1234112312243344
1111232233423444	1213212413243344
1111232233423444	1213112224343344
1111232233423444	1213112324243344
1111232233423444	1213212413344234
1111232233423444	1234112323144234
1111232233423444	1123212334144234
1111232233423444	1123213423144234
1111232233423444	1213212334144234
1111232233424344	1213211432243434
1111232233424344	1231114223243434
1111232233424344	1231114223342434
1111232233424344	1231112432243434
1111232233424344	1213211423342434
1111232233424344	1213212433142434
1111232233424344	1234111223243434
1111232233424344	1123213442132434
1111232233424344	1234111223342434
1111232233424344	1231112423342434
1111232233424344	1213214324132434
1111232233424344	1213214323142434
1111232233424344	1213212413342434
1111232233424344	1123213424132434
1111232233424344	1234112323142434
1111232233424344	1213212434132434
1111232233424344	1234112324132434
1111232233424434	1122113324243344
1111232233424434	1213211432243344
1111232233424434	1122113324432344
1111232233424434	1123211432243344
1111232233424434	1213112224333444
1111232233424434	1213211224333444
1111232233424434	1213211432233444
1111232233424434	1122113432243344
1111232233424434	1231112224333444
1111232233424434	1122113434232344
1111232233424434	1231114223233444
1111232233424434	1231114223243344
1111232233424434	1231112432243344
1111232233424434	1213112432243344
1111232233424434	1231114223342344
1111232233424434	1213112423233444
1111232233424434	1213112432233444
1111232233424434	1213211434232344
1111232233424434	1123211434232344
1111232233424434	1213211423233444
1111232233424434	1123211324243344
1111232233424434	1234111223233444
1111232233424434	1213211423342344
1111232233424434	1234111223243344
1111232233424434	1213211324432344
1111232233424434	1231112432233444
1111232233424434	1123211324432344
1111232233424434	1234111223342344
1111232233424434	1213212433142344
1111232233424434	1231112423233444
1111232233424434	1123213412243344
1111232233424434	1123213414232344
1111232233424434	1231112423342344
1111232233424434	1231112434232344
1111232233424434	1213214312243344
1111232233424434	1213214323142344
1111232233424434	1234112312243344
1111232233424434	1213112423243344
1111232233424434	1213212413342344
1111232233424434	1234112323142344
1111232233442344	1213211432234434
1111232233442344	1231114223234434
1111232233442344	1231114223324434
1111232233442344	1213211423324434
1111232233442344	1234111223234434
1111232233442344	1234111223324434
1111232233442344	1231112432234434
1111232233442344	1213212433124434
1111232233442344	1231112423324434
1111232233442344	1213212413324434
1111232233442344	1213214323124434
1111232233442344	1234112323124434
1111232233442434	1213211432234344
1111232233442434	1231114223234344
1111232233442434	1231114223324344
1111232233442434	1213211423324344
1111232233442434	1234111223234344
1111232233442434	1234111223324344
1111232233442434	1231112432234344
1111232233442434	1231112423324344
1111232233442434	1213212433124344
1111232233442434	1213214323124344
1111232233442434	1213212413324344
1111232233442434	1213112423234344
1111232233442434	1234112323124344
1111232233444234	1213112224333444
1111232233444234	1213211224333444
1111232233444234	1213211432233444
1111232233444234	1231112224333444
1111232233444234	1231114223233444
1111232233444234	1231114223323444
1111232233444234	1213112423233444
1111232233444234	1213112423323444
1111232233444234	1213112432233444
1111232233444234	1213211423323444
1111232233444234	1213211423233444
1111232233444234	1234111223233444
1111232233444234	1231112432233444
1111232233444234	1213212413323444
1111232233444234	1213212433123444
1111232233444234	1234111223323444
1111232233444234	1213214323123444
1111232233444234	1231112423233444
1111232233444234	1231112423323444
1111232233444234	1234112323123444
1111232234233444	1122113322443344
1111232234233444	1112221333444234
1111232234233444	1231114222334344
1111232234233444	1123211322443344
1111232234233444	1213211432434234
1111232234233444	1123211432434234
1111232234233444	1213211422334344
1111232234233444	1234111222334344
1111232234233444	1213214321434234
1111232234233444	1213214321324434
1111232234233444	1122113432434234
1111232234233444	1231112422334344
1111232234233444	1123212331444234
1111232234233444	1122112333444234
1111232234233444	1231112432434234
1111232234233444	1213212331444234
1111232234233444	1213212431324434
1111232234233444	1234112321324434
1111232234233444	1213212431434234
1111232234233444	1123212431434234
1111232234233444	1213112422334344
1111232234233444	1123213421434234
1111232234233444	1234112321434234
1111232234234344	1122113322443434
1111232234234344	1231114222333444
1111232234234344	1213211432432434
1111232234234344	1123211432432434
1111232234234344	1213211422333444
1111232234234344	1123211322443434
1111232234234344	1234111222333444
1111232234234344	1213214321432434
1111232234234344	1213112422333444
1111232234234344	1231112422333444
1111232234234344	1122113432432434
1111232234234344	1231112432432434
1111232234234344	1213212431432434
1111232234234344	1123213421432434
1111232234234344	1234112321432434
1111232234234434	1122113322443344
1111232234234434	1231114222333444
1111232234234434	1123211322443344
1111232234234434	1122113432432344
1111232234234434	1213211432432344
1111232234234434	1123211432432344
1111232234234434	1213211422333444
1111232234234434	1234111222333444
1111232234234434	1213214321432344
1111232234234434	1213112422333444
1111232234234434	1231112422333444
1111232234234434	1123213421432344
1111232234234434	1231112432432344
1111232234234434	1213212431432344
1111232234234434	1234112321432344
1111232234243344	1122113322443434
1111232234243344	1231114222333444
1111232234243344	1231114222334434
1111232234243344	1213211432423434
1111232234243344	1123211432423434
1111232234243344	1213211432323444
1111232234243344	1213211422333444
1111232234243344	1213211322443434
1111232234243344	1123211322443434
1111232234243344	1234111222333444
1111232234243344	1213211422334434
1111232234243344	1234111222334434
1111232234243344	1213112422333444
1111232234243344	1213112432323444
1111232234243344	1213212431323444
1111232234243344	1213214321324434
1111232234243344	1213214321323444
1111232234243344	1213214321423434
1111232234243344	1231112422333444
1111232234243344	1231112432323444
1111232234243344	1122113432423434
1111232234243344	1231112422334434
1111232234243344	1231112432423434
1111232234243344	1231112322443434
1111232234243344	1234112321323444
1111232234243344	1213212431324434
1111232234243344	1213112322443434
1111232234243344	1213112432423434
1111232234243344	1234112321324434
1111232234243344	1213112422334434
1111232234243344	1123213441223434
1111232234243344	1213212431423434
1111232234243344	1123213421423434
1111232234243344	1234112321423434
1111232234243434	1122113322443344
1111232234243434	1231114222334344
1111232234243434	1123211322443344
1111232234243434	1122113432423344
1111232234243434	1213211432423344
1111232234243434	1123211432423344
1111232234243434	1234111222334344
1111232234243434	1213214321423344
1111232234243434	1213214321324344
1111232234243434	1123213421423344
1111232234243434	1123213441223344
1111232234243434	1231112432423344
1111232234243434	1213112432423344
1111232234243434	1213212431324344
1111232234243434	1213112422334344
1111232234243434	1234112321423344
1111232234243434	1234112321324344
1111232234323444	1112221333244434
1111232234323444	1122113322443344
1111232234323444	1122112333244434
1111232234323444	1122113322344434
1111232234323444	1231114222343344
1111232234323444	1231112432243344
1111232234323444	1123212331244434
1111232234323444	1213214321344234
1111232234323444	1231112422343344
1111232234323444	1231112432344234
1111232234323444	1213212431344234
1111232234323444	1234112321344234
1111232234323444	1123213421344234
1111232234324344	1231114222343434
1111232234324344	1213214321432434
1111232234324344	1231112432342434
1111232234324344	1213214321342434
1111232234324344	1123213421432434
1111232234324344	1213212431342434
1111232234324344	1234112321342434
1111232234324434	1122113322443344
1111232234324434	1213211432243344
1111232234324434	1123211432243344
1111232234324434	1231114222333444
1111232234324434	1122113432243344
1111232234324434	1122113432432344
1111232234324434	1231114222343344
1111232234324434	1213112422333444
1111232234324434	1231112422333444
1111232234324434	1231112432342344
1111232234324434	1123213421243344
1111232234324434	1123213441232344
1111232234324434	1213214321243344
1111232234324434	1213214321342344
1111232234324434	1234112321243344
1111232234324434	1213112422343344
1111232234324434	1213212431342344
1111232234324434	1234112321342344
1111232234342344	1231114222334434
1111232234342344	1213214321324434
1111232234342344	1231112432324434
1111232234342344	1213212431324434
1111232234342344	1234112321324434
1111232234342434	1231114222334344
1111232234342434	1213214321324344
1111232234342434	1231112432324344
1111232234342434	1213212431324344
1111232234342434	1213112422334344
1111232234342434	1234112321324344
1111232234344234	1231114222333444
1111232234344234	1213112422333444
1111232234344234	1213112432323444
1111232234344234	1213212431323444
1111232234344234	1213214321323444
1111232234344234	1231112422333444
1111232234344234	1231112432323444
1111232234344234	1234112321323444
1111232234423344	1213211432243434
1111232234423344	1231114222343434
1111232234423344	1231112432243434
1111232234423344	1213112432243434
1111232234423344	1231112422343434
1111232234423344	1213214321243434
1111232234423344	1213212431243434
1111232234423344	1234112321243434
1111232234423344	1213112422343434
1111232234423434	1122113322443344
1111232234423434	1213211432243344
1111232234423434	1123211432243344
1111232234423434	1122113432243344
1111232234423434	1231114222343344
1111232234423434	1231112432243344
1111232234423434	1213112432243344
1111232234423434	1123213421243344
1111232234423434	1213214321243344
1111232234423434	1234112321243344
1111232234423434	1213112422343344
1111232234432344	1231114222334434
1111232234432344	1213211432234434
1111232234432344	1231112432234434
1111232234432344	1213214321234434
1111232234432344	1234112321234434
1111232234434234	1231114222333444
1111232234434234	1213211432233444
1111232234434234	1213112422333444
1111232234434234	1213112432233444
1111232234434234	1231112432233444
1111232234434234	1213212431233444
1111232234434234	1213214321233444
1111232234434234	1231112422333444
1111232234434234	1234112321233444
1111232242333444	1112221333244434
1111232242333444	1122113324243344
1111232242333444	1213211432243344
1111232242333444	1123211432243344
1111232242333444	1112221334324434
1111232242333444	1112221334344234
1111232242333444	1112221334434234
1111232242333444	1122113432243344
1111232242333444	1213211432234434
1111232242333444	1123211432234434
1111232242333444	1213211432234344
1111232242333444	1122113324234434
1111232242333444	1231114223234344
1111232242333444	1122113323244434
1111232242333444	1231114223324434
1111232242333444	1122113324434234
1111232242333444	1231112224334344
1111232242333444	1231112224334434
1111232242333444	1122113324344234
1111232242333444	1231112224343344
1111232242333444	1231114223344234
1111232242333444	1231112223344434
1111232242333444	1123212313244434
1111232242333444	1123213213244434
1111232242333444	1123211323244434
1111232242333444	1213211423324434
1111232242333444	1213211324243344
1111232242333444	1123211324243344
1111232242333444	1213211434234234
1111232242333444	1123211434234234
1111232242333444	1213211423234344
1111232242333444	1213211324234434
1111232242333444	1123211324234434
1111232242333444	1234111223234344
1111232242333444	1213212313244434
1111232242333444	1213211423344234
1111232242333444	1123211423344234
1111232242333444	1213213213244434
1111232242333444	1213211323244434
1111232242333444	1213211324434234
1111232242333444	1123211324434234
1111232242333444	1213211224334344
1111232242333444	1213211224334434
1111232242333444	1234111223324434
1111232242333444	1213112323244434
1111232242333444	1213112223344434
1111232242333444	1213211224343344
1111232242333444	1213211223344434
1111232242333444	1234111223344234
1111232242333444	1231112323244434
1111232242333444	1122113432234434
1111232242333444	1123213214243344
1111232242333444	1123213412243344
1111232242333444	1231112423324434
1111232242333444	1122113434234234
1111232242333444	1231112423234344
1111232242333444	1122113423344234
1111232242333444	1231112423344234
1111232242333444	1123213442134234
1111232242333444	1213112224334344
1111232242333444	1213212413324434
1111232242333444	1213214213324434
1111232242333444	1213214312234434
1111232242333444	1123213214434234
1111232242333444	1213213214434234
1111232242333444	1213212314434234
1111232242333444	1213214324134234
1111232242333444	1123212314434234
1111232242333444	1234112213324434
1111232242333444	1234112312234434
1111232242333444	1234112213234434
1111232242333444	1213213214243344
1111232242333444	1213214323144234
1111232242333444	1213214312243344
1111232242333444	1213112423324434
1111232242333444	1213112224334434
1111232242333444	1213212413234434
1111232242333444	1213214213234434
1111232242333444	1213214312234344
1111232242333444	1123212413324434
1111232242333444	1234112312243344
1111232242333444	1234112213243344
1111232242333444	1123213214324434
1111232242333444	1213213214324434
1111232242333444	1213212314324434
1111232242333444	1213214314234234
1111232242333444	1213214213234344
1111232242333444	1213213214234434
1111232242333444	1123213214234434
1111232242333444	1234112213234344
1111232242333444	1213212413243344
1111232242333444	1213214213344234
1111232242333444	1213214213243344
1111232242333444	1123212314324434
1111232242333444	1213112224343344
1111232242333444	1234112213344234
1111232242333444	1123213412234434
1111232242333444	1213212314243344
1111232242333444	1213112423234344
1111232242333444	1213212413234344
1111232242333444	1213212314234434
1111232242333444	1123213414234234
1111232242333444	1234112312234344
1111232242333444	1213212413344234
1111232242333444	1123212413344234
1111232242333444	1234112323144234
1111232242333444	1213112423344234
1111232242333444	1234112314234234
1111232242333444	1123213424134234
1111232242334344	1213112224333444
1111232242334344	1213211432243434
1111232242334344	1123211432243434
1111232242334344	1213211224333444
1111232242334344	1213211432233444
1111232242334344	1231112224333444
1111232242334344	1122113324243434
1111232242334344	1231114223233444
1111232242334344	1122113324432434
1111232242334344	1231114223342434
1111232242334344	1231112224343434
1111232242334344	1123213214432434
1111232242334344	1213112423233444
1111232242334344	1123211324432434
1111232242334344	1213213214432434
1111232242334344	1213211434232434
1111232242334344	1123211434232434
1111232242334344	1213211324432434
1111232242334344	1213211423233444
1111232242334344	1122113432243434
1111232242334344	1213211324243434
1111232242334344	1123211324243434
1111232242334344	1213212314432434
1111232242334344	1234111223233444
1111232242334344	1213211423342434
1111232242334344	1213212413233444
1111232242334344	1213214213233444
1111232242334344	1213214312233444
1111232242334344	1213211224343434
1111232242334344	1234111223342434
1111232242334344	1231112423233444
1111232242334344	1122113434232434
1111232242334344	1231112423342434
1111232242334344	1234112213233444
1111232242334344	1234112312233444
1111232242334344	1213214312243434
1111232242334344	1213214314232434
1111232242334344	1213213214243434
1111232242334344	1123213214243434
1111232242334344	1213214213342434
1111232242334344	1213214213243434
1111232242334344	1234112213243434
1111232242334344	1213112224343434
1111232242334344	1234112213342434
1111232242334344	1123213414232434
1111232242334344	1123213412243434
1111232242334344	1213212413342434
1111232242334344	1213212413243434
1111232242334344	1234112312243434
1111232242334344	1213212314243434
1111232242334344	1234112314232434
1111232242334344	1213112423342434
1111232242334434	1122113324243344
1111232242334434	1213211432243344
1111232242334434	1122113324432344
1111232242334434	1123211432243344
1111232242334434	1213112224333444
1111232242334434	1213211224333444
1111232242334434	1122113432243344
1111232242334434	1231112224333444
1111232242334434	1122113434232344
1111232242334434	1231114223342344
1111232242334434	1213211434232344
1111232242334434	1123211434232344
1111232242334434	1123211324243344
1111232242334434	1213211423342344
1111232242334434	1213211324432344
1111232242334434	1123211324432344
1111232242334434	1234111223342344
1111232242334434	1123213214432344
1111232242334434	1213213214432344
1111232242334434	1123213214243344
1111232242334434	1213212314432344
1111232242334434	1123213412243344
1111232242334434	1123213414232344
1111232242334434	1231112423342344
1111232242334434	1213214312243344
1111232242334434	1213214314232344
1111232242334434	1234112312243344
1111232242334434	1234112213243344
1111232242334434	1213214213342344
1111232242334434	1234112213342344
1111232242334434	1213212413342344
1111232242334434	1234112314232344
1111232242343344	1213112224333444
1111232242343344	1213211224333444
1111232242343344	1231112224333444
1111232242343344	1122113324423434
1111232242343344	1231114223323444
1111232242343344	1231114223324434
1111232242343344	1231112224334434
1111232242343344	1213211434223434
1111232242343344	1213112423323444
1111232242343344	1123211434223434
1111232242343344	1213211423323444
1111232242343344	1213211423324434
1111232242343344	1213211324423434
1111232242343344	1213212413323444
1111232242343344	1123211324423434
1111232242343344	1234111223323444
1111232242343344	1213214213323444
1111232242343344	1213211224334434
1111232242343344	1234111223324434
1111232242343344	1231112423323444
1111232242343344	1122113434223434
1111232242343344	1231112423324434
1111232242343344	1234112213323444
1111232242343344	1213212413324434
1111232242343344	1213214213324434
1111232242343344	1234112213324434
1111232242343344	1213112423324434
1111232242343344	1213112224334434
1111232242343344	1213214314223434
1111232242343344	1213213214423434
1111232242343344	1123213214423434
1111232242343344	1123213414223434
1111232242343344	1213212314423434
1111232242343344	1234112314223434
1111232242343434	1122113324423344
1111232242343434	1122113434223344
1111232242343434	1231114223324344
1111232242343434	1213211434223344
1111232242343434	1123211434223344
1111232242343434	1213211423324344
1111232242343434	1123211324423344
1111232242343434	1234111223324344
1111232242343434	1123213214423344
1111232242343434	1123213414223344
1111232242343434	1231112423324344
1111232242343434	1213214314223344
1111232242343434	1213214213324344
1111232242343434	1234112213324344
1111232242343434	1213212413324344
1111232242343434	1234112314223344
1111232243233444	1122113322443344
1111232243233444	1112221333424434
1111232243233444	1112221333444234
1111232243233444	1122113322434434
1111232243233444	1231114222334344
1111232243233444	1123211322443344
1111232243233444	1123213212443344
1111232243233444	1213211322443344
1111232243233444	1213213212443344
1111232243233444	1122113324434234
1111232243233444	1231112224334344
1111232243233444	1213211432434234
1111232243233444	1123211432434234
1111232243233444	1213211422334344
1111232243233444	1213211322434434
1111232243233444	1213112223443344
1111232243233444	1123211322434434
1111232243233444	1234111222334344
1111232243233444	1213212312443344
1111232243233444	1122113323424434
1111232243233444	1122113323444234
1111232243233444	1231112223443344
1111232243233444	1231114223434234
1111232243233444	1231112223434434
1111232243233444	1213214321434234
1111232243233444	1213214321324434
1111232243233444	1122113432434234
1111232243233444	1231112422334344
1111232243233444	1122113423434234
1111232243233444	1231112423434234
1111232243233444	1213112323444234
1111232243233444	1213112224334344
1111232243233444	1213212413324434
1111232243233444	1234112321324434
1111232243233444	1123212413324434
1111232243233444	1213214312434234
1111232243233444	1213214212334344
1111232243233444	1213213212434434
1111232243233444	1123213212434434
1111232243233444	1234112212334344
1111232243233444	1123213421324434
1111232243233444	1213214213434234
1111232243233444	1213213213424434
1111232243233444	1123213213424434
1111232243233444	1213112223434434
1111232243233444	1234112213434234
1111232243233444	1123212313424434
1111232243233444	1213112422334344
1111232243233444	1123213421434234
1111232243233444	1213212313424434
1111232243233444	1213212412334344
1111232243233444	1213212312434434
1111232243233444	1123213412434234
1111232243233444	1213212413434234
1111232243233444	1123212413434234
1111232243233444	1234112312434234
1111232243233444	1213112423434234
1111232243234344	1122113322443434
1111232243234344	1231114222333444
1111232243234344	1213112224333444
1111232243234344	1231112224333444
1111232243234344	1213211432432434
1111232243234344	1123211432432434
1111232243234344	1213211422333444
1111232243234344	1122113324432434
1111232243234344	1213211322443434
1111232243234344	1123211322443434
1111232243234344	1234111222333444
1111232243234344	1213214321432434
1111232243234344	1231114223432434
1111232243234344	1231112223443434
1111232243234344	1213112422333444
1111232243234344	1213212412333444
1111232243234344	1213214212333444
1111232243234344	1231112422333444
1111232243234344	1122113432432434
1111232243234344	1231112423432434
1111232243234344	1234112212333444
1111232243234344	1123213212443434
1111232243234344	1213213212443434
1111232243234344	1213112223443434
1111232243234344	1213212312443434
1111232243234344	1213214312432434
1111232243234344	1123213421432434
1111232243234344	1213214213432434
1111232243234344	1234112213432434
1111232243234344	1234112312432434
1111232243234344	1213212413432434
1111232243234344	1213112423432434
1111232243234344	1123213412432434
1111232243234434	1122113322443344
1111232243234434	1122113324432344
1111232243234434	1213112224333444
1111232243234434	1123211322443344
1111232243234434	1231112224333444
1111232243234434	1122113432432344
1111232243234434	1123213212443344
1111232243234434	1213211432432344
1111232243234434	1123211432432344
1111232243234434	1231114223432344
1111232243234434	1123213412432344
1111232243234434	1231112423432344
1111232243234434	1213214312432344
1111232243234434	1213214213432344
1111232243234434	1234112213432344
1111232243234434	1213212413432344
1111232243234434	1234112312432344
1111232243243344	1122113322443434
1111232243243344	1213112224333444
1111232243243344	1231112224333444
1111232243243344	1213211432423434
1111232243243344	1123211432423434
1111232243243344	1213211432323444
1111232243243344	1122113324423434
1111232243243344	1231114223323444
1111232243243344	1213211322443434
1111232243243344	1123211322443434
1111232243243344	1231114223423434
1111232243243344	1231112223443434
1111232243243344	1213112423323444
1111232243243344	1213212413323444
1111232243243344	1213214312323444
1111232243243344	1231112423323444
1111232243243344	1122113432423434
1111232243243344	1122113434223434
1111232243243344	1231112423423434
1111232243243344	1234112312323444
1111232243243344	1123213212443434
1111232243243344	1213213212443434
1111232243243344	1213212413324434
1111232243243344	1213112223443434
1111232243243344	1213212312443434
1111232243243344	1213214312423434
1111232243243344	1213214213423434
1111232243243344	1234112213423434
1111232243243344	1123213414223434
1111232243243344	1123213412423434
1111232243243344	1213212413423434
1111232243243344	1234112312423434
1111232243243344	1213112423423434
1111232243243434	1122113322443344
1111232243243434	1122113324423344
1111232243243434	1123211322443344
1111232243243434	1122113432423344
1111232243243434	1123213212443344
1111232243243434	1122113434223344
1111232243243434	1213211432423344
1111232243243434	1123211432423344
1111232243243434	1231114223423344
1111232243243434	1123213412423344
1111232243243434	1123213414223344
1111232243243434	1213214312423344
1111232243243434	1234112213423344
1111232243243434	1213212413324344
1111232243243434	1213112423423344
1111232243243434	1234112312423344
1111232243323444	1112221333244434
1111232243323444	1122113322443344
1111232243323444	1123211322443344
1111232243323444	1122113322344434
1111232243323444	1123213212443344
1111232243323444	1231114222343344
1111232243323444	1213211322443344
1111232243323444	1122113323244434
1111232243323444	1213213212443344
1111232243323444	1231114223243344
1111232243323444	1213112223443344
1111232243323444	1231112224343344
1111232243323444	1213212312443344
1111232243323444	1231114223344234
1111232243323444	1123212313244434
1111232243323444	1213211432344234
1111232243323444	1213211422343344
1111232243323444	1123211322344434
1111232243323444	1231112223443344
1111232243323444	1123213212344434
1111232243323444	1234111222343344
1111232243323444	1213214321344234
1111232243323444	1123213213444234
1111232243323444	1231112422343344
1111232243323444	1123212313444234
1111232243323444	1213213213444234
1111232243323444	1231112423243344
1111232243323444	1213212313444234
1111232243323444	1231112423344234
1111232243323444	1231112323444234
1111232243323444	1213214312344234
1111232243323444	1213214212343344
1111232243323444	1234112212343344
1111232243323444	1213112224343344
1111232243323444	1213212412343344
1111232243323444	1213212413344234
1111232243323444	1234112321344234
1111232243323444	1123213412344234
1111232243323444	1234112312344234
1111232243323444	1123213421344234
1111232243342344	1231114222334434
1111232243342344	1213211432324434
1111232243342344	1231114223324434
1111232243342344	1234111222334434
1111232243342344	1213214321324434
1111232243342344	1231112423324434
1111232243342344	1213212413324434
1111232243342344	1213214312324434
1111232243342344	1234112321324434
1111232243342344	1234112312324434
1111232243342344	1234112212334434
1111232243342434	1231114222334344
1111232243342434	1213211432324344
1111232243342434	1231114223324344
1111232243342434	1234111222334344
1111232243342434	1231112423324344
1111232243342434	1213214312324344
1111232243342434	1234112212334344
1111232243342434	1213112422334344
1111232243342434	1213212413324344
1111232243342434	1234112312324344
1111232243344234	1231114222333444
1111232243344234	1213112224333444
1111232243344234	1231112224333444
1111232243344234	1213211432323444
1111232243344234	1231114223323444
1111232243344234	1213211422333444
1111232243344234	1234111222333444
1111232243344234	1213112422333444
1111232243344234	1213112423323444
1111232243344234	1213212412333444
1111232243344234	1213212413323444
1111232243344234	1213214212333444
1111232243344234	1213214312323444
1111232243344234	1231112422333444
1111232243344234	1231112423323444
1111232243344234	1234112212333444
1111232243344234	1234112312323444
1111232243423344	1213211432243434
1111232243423344	1231114223243434
1111232243423344	1231112224343434
1111232243423344	1231112423243434
1111232243423344	1213214312243434
1111232243423344	1213112224343434
1111232243423344	1213212413243434
1111232243423344	1234112312243434
1111232243423344	1213112423243434
1111232243423434	1122113324243344
1111232243423434	1213211432243344
1111232243423434	1123211432243344
1111232243423434	1122113432243344
1111232243423434	1231114223243344
1111232243423434	1123213412243344
1111232243423434	1213214312243344
1111232243423434	1234112312243344
1111232243423434	1213112423243344
1111232243432344	1213211432234434
1111232243432344	1231114223234434
1111232243432344	1213214312234434
1111232243432344	1234112312234434
1111232243432434	1213211432234344
1111232243432434	1231114223234344
1111232243432434	1213214312234344
1111232243432434	1213112423234344
1111232243432434	1234112312234344
1111232243434234	1213112224333444
1111232243434234	1213211432233444
1111232243434234	1231112224333444
1111232243434234	1231114223233444
1111232243434234	1213112423233444
1111232243434234	1213212413233444
1111232243434234	1213214312233444
1111232243434234	1231112423233444
1111232243434234	1234112312233444
1111232322343444	1122113324423344
1111232322343444	1122113344223344
1111232322343444	1213212143324434
1111232322343444	1231112243324434
1111232322343444	1123212143324434
1111232322343444	1122113243324434
1111232322343444	1213212143324344
1111232322343444	1231112243324344
1111232322343444	1213112243324344
1111232322343444	1123213144223344
1111232322343444	1122113234324434
1111232322343444	1231114234223344
1111232322343444	1123213244314234
1111232322343444	1213213244314234
1111232322343444	1231112234423344
1111232322343444	1231112234434234
1111232322343444	1123213124423344
1111232322343444	1213214134223344
1111232322343444	1213212134434234
1111232322343444	1213212134423344
1111232322343444	1123212134324434
1111232322343444	1234112134223344
1111232322343444	1123213234414234
1111232322343444	1213213234414234
1111232322343444	1234112234314234
1111232322343444	1213214234314234
1111232322344344	1213112224333444
1111232322344344	1213212124333444
1111232322344344	1231112224333444
1111232322344344	1213212143324434
1111232322344344	1231112243324434
1111232322344344	1122113324423434
1111232322344344	1231114223323444
1111232322344344	1122113324432434
1111232322344344	1213112243323444
1111232322344344	1123213214432434
1111232322344344	1123213124432434
1111232322344344	1213213214432434
1111232322344344	1213212134432434
1111232322344344	1231112234432434
1111232322344344	1122113344223434
1111232322344344	1231112243323444
1111232322344344	1213212143323444
1111232322344344	1213214123323444
1111232322344344	1231114234223434
1111232322344344	1123213144223434
1111232322344344	1123213244312434
1111232322344344	1213213244312434
1111232322344344	1234112123323444
1111232322344344	1213214134223434
1111232322344344	1123213124423434
1111232322344344	1234112134223434
1111232322344344	1213214324312434
1111232322344344	1213214234312434
1111232322344344	1234112234312434
1111232322433444	1122113324243344
1111232322433444	1122113342243344
1111232322433444	1213212143324434
1111232322433444	1122113324234434
1111232322433444	1231114223234344
1111232322433444	1231112243324434
1111232322433444	1231114223234434
1111232322433444	1122113233244434
1111232322433444	1122113324434234
1111232322433444	1231112224334344
1111232322433444	1123212133244434
1111232322433444	1122113342234434
1111232322433444	1231114232234344
1111232322433444	1231114232234434
1111232322433444	1122113344234234
1111232322433444	1231112243234344
1111232322433444	1122113243344234
1111232322433444	1122113234344234
1111232322433444	1231114234234234
1111232322433444	1122113234434234
1111232322433444	1231112234434234
1111232322433444	1231112234344234
1111232322433444	1123213124243344
1111232322433444	1123213142243344
1111232322433444	1213112224334344
1111232322433444	1213214132234434
1111232322433444	1213214132234344
1111232322433444	1213214213324434
1111232322433444	1213214233124434
1111232322433444	1213214323124434
1111232322433444	1123213214434234
1111232322433444	1213213214434234
1111232322433444	1213212134434234
1111232322433444	1213214324134234
1111232322433444	1213214134234234
1111232322433444	1213214123234344
1111232322433444	1123213124234434
1111232322433444	1234112123234344
1111232322433444	1234112123234434
1111232322433444	1123212134434234
1111232322433444	1234112213324434
1111232322433444	1234112233124434
1111232322433444	1234112132234434
1111232322433444	1123213144234234
1111232322433444	1213212143234344
1111232322433444	1123213142234434
1111232322433444	1234112132234344
1111232322433444	1213212143344234
1111232322433444	1123212143344234
1111232322433444	1234112132243344
1111232322433444	1213212134344234
1111232322433444	1123212134344234
1111232322433444	1234112134234234
1111232322433444	1213112243234344
1111232322433444	1213214342134234
1111232322433444	1213213244134234
1111232322433444	1123213244134234
1111232322433444	1213214234134234
1111232322433444	1213213234144234
1111232322433444	1123213234144234
1111232322433444	1234112234134234
1111232322434344	1213112224333444
1111232322434344	1231112224333444
1111232322434344	1122113324243434
1111232322434344	1231114223233444
1111232322434344	1122113324432434
1111232322434344	1122113342243434
1111232322434344	1213112243233444
1111232322434344	1231114232233444
1111232322434344	1123213214432434
1111232322434344	1213213214432434
1111232322434344	1213212134432434
1111232322434344	1231112234432434
1111232322434344	1122113344232434
1111232322434344	1213212143233444
1111232322434344	1231112243233444
1111232322434344	1213214123233444
1111232322434344	1213214132233444
1111232322434344	1231112243342434
1111232322434344	1231114234232434
1111232322434344	1234112123233444
1111232322434344	1234112132233444
1111232322434344	1213214132243434
1111232322434344	1213212143342434
1111232322434344	1213214324132434
1111232322434344	1213214134232434
1111232322434344	1123213124243434
1111232322434344	1123213144232434
1111232322434344	1123213142243434
1111232322434344	1234112132243434
1111232322434344	1123213244132434
1111232322434344	1213213244132434
1111232322434344	1234112134232434
1111232322434344	1213214234132434
1111232322434344	1234112234132434
1111232322434434	1122113324243344
1111232322434434	1122113324432344
1111232322434434	1122113342243344
1111232322434434	1213112224333444
1111232322434434	1122113344232344
1111232322434434	1231112224333444
1111232322434434	1231114223233444
1111232322434434	1213112243233444
1111232322434434	1231114232233444
1111232322434434	1213212143233444
1111232322434434	1231112243233444
1111232322434434	1213214123233444
1111232322434434	1231112243342344
1111232322434434	1213214132233444
1111232322434434	1231114234232344
1111232322434434	1231112234432344
1111232322434434	1123213214432344
1111232322434434	1123213124243344
1111232322434434	1123213142243344
1111232322434434	1213213214432344
1111232322434434	1123213144232344
1111232322434434	1123213244132344
1111232322434434	1213212134432344
1111232322434434	1234112123233444
1111232322434434	1234112132233444
1111232322434434	1213214132243344
1111232322434434	1213214324132344
1111232322434434	1213212143342344
1111232322434434	1213214134232344
1111232322434434	1213213244132344
1111232322434434	1234112132243344
1111232322434434	1234112134232344
1111232322434434	1213214234132344
1111232322434434	1234112234132344
1111232322443434	1122113324243344
1111232322443434	1122113324423344
1111232322443434	1122113342243344
1111232322443434	1122113344223344
1111232322443434	1231114223234344
1111232322443434	1231114223324344
1111232322443434	1213212143324344
1111232322443434	1231112243324344
1111232322443434	1231114232243344
1111232322443434	1123213144223344
1111232322443434	1212113344223344
1111232322443434	1231114234223344
1111232322443434	1123213124243344
1111232322443434	1123213142243344
1111232322443434	1123213214423344
1111232322443434	1123213244123344
1111232322443434	1213214132243344
1111232322443434	1213214134223344
1111232322443434	1213214123324344
1111232322443434	1234112123234344
1111232322443434	1213214324123344
1111232322443434	1213214323124344
1111232322443434	1213214314223344
1111232322443434	1234112132243344
1111232322443434	1213214342123344
1111232322443434	1213112234423344
1111232322443434	1234112134223344
1111232322443434	1213112243243344
1111232322443434	1213214213324344
1111232322443434	1234112213324344
1111232322443434	1213214233124344
1111232322443434	1213112243234344
1111232322443434	1234112233124344
1111232322443434	1234112234123344
1111232323243444	1122113322443344
1111232323243444	1122113342423344
1111232323243444	1122113344223344
1111232323243444	1123213122443344
1111232323243444	1213212143324434
1111232323243444	1213213122443344
1111232323243444	1123212143324434
1111232323243444	1213212132443344
1111232323243444	1213212143324344
1111232323243444	1122113233424434
1111232323243444	1231114232423344
1111232323243444	1123213144223344
1111232323243444	1231112243423344
1111232323243444	1231112243434234
1111232323243444	1123213142423344
1111232323243444	1123212133444234
1111232323243444	1213212133444234
1111232323243444	1213214132423344
1111232323243444	1213212143434234
1111232323243444	1213212143423344
1111232323243444	1123212133424434
1111232323243444	1234112132423344
1111232323243444	1213214233414234
1111232323243444	1213213243414234
1111232323243444	1123213243414234
1111232323243444	1234112233414234
1111232323244344	1122113322443434
1111232323244344	1231114222333444
1111232323244344	1213212143324434
1111232323244344	1231112243324434
1111232323244344	1213112242333444
1111232323244344	1213112243323444
1111232323244344	1122113342423434
1111232323244344	1231114232323444
1111232323244344	1122113342432434
1111232323244344	1231112242333444
1111232323244344	1231114232423434
1111232323244344	1231112243323444
1111232323244344	1213212142333444
1111232323244344	1213214122333444
1111232323244344	1213214132323444
1111232323244344	1231112243432434
1111232323244344	1123213244312434
1111232323244344	1213213244312434
1111232323244344	1234112122333444
1111232323244344	1234112132323444
1111232323244344	1123213122443434
1111232323244344	1213214132423434
1111232323244344	1213214132432434
1111232323244344	1123213142432434
1111232323244344	1123213142423434
1111232323244344	1213212143432434
1111232323244344	1234112132423434
1111232323244344	1234112132432434
1111232323244344	1213213241432434
1111232323244344	1123213241432434
1111232323244344	1213214342312434
1111232323244344	1213214233412434
1111232323244344	1234112233412434
1111232323423444	1122113342243344
1111232323423444	1122113233244434
1111232323423444	1123212133244434
1111232323423444	1231114232243344
1111232323423444	1231112243243344
1111232323423444	1231112243344234
1111232323423444	1123213142243344
1111232323423444	1213214132243344
1111232323423444	1212113342243344
1111232323423444	1213212143344234
1111232323423444	1213212143243344
1111232323423444	1234112132243344
1111232323423444	1123213243144234
1111232323423444	1213213243144234
1111232323423444	1234112233144234
1111232323423444	1213214233144234
1111232323424344	1231114232243434
1111232323424344	1231112243342434
1111232323424344	1213214132243434
1111232323424344	1213212143342434
1111232323424344	1234112132243434
1111232323424344	1123213244132434
1111232323424344	1213213244132434
1111232323424344	1213214342132434
1111232323424344	1213214233142434
1111232323424344	1234112233142434
1111232323424434	1122113342243344
1111232323424434	1122113344232344
1111232323424434	1213112243233444
1111232323424434	1231114232233444
1111232323424434	1231114232243344
1111232323424434	1213212143233444
1111232323424434	1231112243233444
1111232323424434	1231112243342344
1111232323424434	1213214132233444
1111232323424434	1123213142243344
1111232323424434	1123213144232344
1111232323424434	1234112132233444
1111232323424434	1213214132243344
1111232323424434	1213212143342344
1111232323424434	1234112132243344
1111232323424434	1213112243243344
1111232323424434	1213214233142344
1111232323424434	1234112233142344
1111232323442344	1213212143324434
1111232323442344	1231112243324434
1111232323442344	1231114232234434
1111232323442344	1213214233124434
1111232323442344	1234112233124434
1111232323442434	1213212143324344
1111232323442434	1231114232234344
1111232323442434	1231112243324344
1111232323442434	1213214233124344
1111232323442434	1213112243234344
1111232323442434	1234112233124344
1111232323444234	1213112243233444
1111232323444234	1213112243323444
1111232323444234	1231114232233444
1111232323444234	1231112243323444
1111232323444234	1213212143323444
1111232323444234	1231112243233444
1111232323444234	1213214233123444
1111232323444234	1234112233123444
1111232324233444	1122113322443344
1111232324233444	1231114222334344
1111232324233444	1123213122443344
1111232324233444	1122113342434234
1111232324233444	1231112242334344
1111232324233444	1213214321434234
1111232324233444	1122113233444234
1111232324233444	1231114232434234
1111232324233444	1213214321324434
1111232324233444	1122113243434234
1111232324233444	1231112243434234
1111232324233444	1231112233444234
1111232324233444	1123213231444234
1111232324233444	1213213231444234
1111232324233444	1213214231324434
1111232324233444	1213214132434234
1111232324233444	1213214122334344
1111232324233444	1234112122334344
1111232324233444	1234112231324434
1111232324233444	1213213241434234
1111232324233444	1123213241434234
1111232324233444	1213112242334344
1111232324233444	1213214231434234
1111232324233444	1234112231434234
1111232324234344	1122113322443434
1111232324234344	1231114222333444
1111232324234344	1213214321432434
1111232324234344	1213112242333444
1111232324234344	1122113342432434
1111232324234344	1231112242333444
1111232324234344	1231114232432434
1111232324234344	1213214122333444
1111232324234344	1231112243432434
1111232324234344	1234112122333444
1111232324234344	1123213122443434
1111232324234344	1213214132432434
1111232324234344	1234112231432434
1111232324234344	1213213241432434
1111232324234344	1123213241432434
1111232324234344	1213214231432434
1111232324234434	1122113322443344
1111232324234434	1231114222333444
1111232324234434	1122113342432344
1111232324234434	1123213122443344
1111232324234434	1213214321432344
1111232324234434	1213112242333444
1111232324234434	1231112242333444
1111232324234434	1231114232432344
1111232324234434	1213214122333444
1111232324234434	1231112243432344
1111232324234434	1123213241432344
1111232324234434	1234112122333444
1111232324234434	1213214132432344
1111232324234434	1213213241432344
1111232324234434	1213214231432344
1111232324234434	1234112231432344
1111232324243344	1122113322443434
1111232324243344	1231114222333444
1111232324243344	1231114222334434
1111232324243344	1213112242333444
1111232324243344	1213112243323444
1111232324243344	1122113342423434
1111232324243344	1231114232323444
1111232324243344	1231112242333444
1111232324243344	1231112242334434
1111232324243344	1231114232423434
1111232324243344	1231112232443434
1111232324243344	1122113344223434
1111232324243344	1231112243323444
1111232324243344	1213214122333444
1111232324243344	1213214321324434
1111232324243344	1213214132323444
1111232324243344	1213214231323444
1111232324243344	1213214321323444
1111232324243344	1231112243423434
1111232324243344	1213214321423434
1111232324243344	1212113344223434
1111232324243344	1234112122333444
1111232324243344	1234112231323444
1111232324243344	1123213122443434
1111232324243344	1213214132423434
1111232324243344	1213213122443434
1111232324243344	1213214231324434
1111232324243344	1213112232443434
1111232324243344	1234112231324434
1111232324243344	1213112242334434
1111232324243344	1213214341223434
1111232324243344	1213213241423434
1111232324243344	1123213241423434
1111232324243344	1213214231423434
1111232324243344	1234112231423434
1111232324243344	1212113342423434
1111232324243344	1213112243423434
1111232324243434	1122113322443344
1111232324243434	1122113342423344
1111232324243434	1231114222334344
1111232324243434	1122113344223344
1111232324243434	1123213122443344
1111232324243434	1231114232423344
1111232324243434	1213214321423344
1111232324243434	1212113344223344
1111232324243434	1213214321324344
1111232324243434	1123213241423344
1111232324243434	1212113342423344
1111232324243434	1213214132423344
1111232324243434	1213214341223344
1111232324243434	1213214231324344
1111232324243434	1213112242334344
1111232324243434	1234112231324344
1111232324243434	1234112231423344
1111232324243434	1213112243423344
1111232324323444	1122113322443344
1111232324323444	1122113322344434
1111232324323444	1231114222343344
1111232324323444	1122113233244434
1111232324323444	1123213231244434
1111232324323444	1231114232243344
1111232324323444	1231112242343344
1111232324323444	1231114232344234
1111232324323444	1231112243243344
1111232324323444	1231112243344234
1111232324323444	1213214321344234
1111232324323444	1213214231344234
1111232324323444	1213213241344234
1111232324323444	1123213241344234
1111232324323444	1234112231344234
1111232324324344	1231114222343434
1111232324324344	1231114232342434
1111232324324344	1231112243342434
1111232324324344	1213214321342434
1111232324324344	1213214231342434
1111232324324344	1213213241432434
1111232324324344	1123213241432434
1111232324324344	1234112231342434
1111232324324434	1122113322443344
1111232324324434	1231114222333444
1111232324324434	1122113342243344
1111232324324434	1122113342432344
1111232324324434	1122113344232344
1111232324324434	1231114222343344
1111232324324434	1213112242333444
1111232324324434	1231112242333444
1111232324324434	1231114232342344
1111232324324434	1231112243342344
1111232324324434	1123213241243344
1111232324324434	1213214321243344
1111232324324434	1213214321342344
1111232324324434	1213214132243344
1111232324324434	1213214341232344
1111232324324434	1234112231243344
1111232324324434	1213112242343344
1111232324324434	1213214231342344
1111232324324434	1234112231342344
1111232324342344	1231114222334434
1111232324342344	1231112243324434
1111232324342344	1231114232324434
1111232324342344	1213214231324434
1111232324342344	1234112231324434
1111232324342434	1231114222334344
1111232324342434	1231112243324344
1111232324342434	1231114232324344
1111232324342434	1213214231324344
1111232324342434	1213112242334344
1111232324342434	1234112231324344
1111232324344234	1231114222333444
1111232324344234	1213112242333444
1111232324344234	1213112243323444
1111232324344234	1231114232323444
1111232324344234	1231112242333444
1111232324344234	1231112243323444
1111232324344234	1213214231323444
1111232324344234	1234112231323444
1111232324423344	1231114222343434
1111232324423344	1231114232243434
1111232324423344	1231112242343434
1111232324423344	1231112243243434
1111232324423344	1213214321243434
1111232324423344	1213214132243434
1111232324423344	1213112243243434
1111232324423344	1213214231243434
1111232324423344	1234112231243434
1111232324423344	1213112242343434
1111232324423434	1122113322443344
1111232324423434	1122113342243344
1111232324423434	1231114222343344
1111232324423434	1231114232243344
1111232324423434	1123213241243344
1111232324423434	1213214321243344
1111232324423434	1213214132243344
1111232324423434	1234112231243344
1111232324423434	1213112243243344
1111232324423434	1213112242343344
1111232324432344	1231114222334434
1111232324432344	1231114232234434
1111232324432344	1213214321234434
1111232324432344	1213214132234434
1111232324432344	1234112231234434
1111232324434234	1231114222333444
1111232324434234	1213112242333444
1111232324434234	1213112243233444
1111232324434234	1231114232233444
1111232324434234	1231112242333444
1111232324434234	1231112243233444
1111232324434234	1213214132233444
1111232324434234	1213214231233444
1111232324434234	1213214321233444
1111232324434234	1234112231233444
1111232342233444	1122113322443344
1111232342233444	1231114222334344
1111232342233444	1123213212443344
1111232342233444	1122113324434234
1111232342233444	1231112224334344
1111232342233444	1122113323444234
1111232342233444	1231114223434234
1111232342233444	1213214321434234
1111232342233444	1213214321324434
1111232342233444	1123213213444234
1111232342233444	1213213213444234
1111232342233444	1213112224334344
1111232342233444	1213214213324434
1111232342233444	1123213214434234
1111232342233444	1213213214434234
1111232342233444	1234112213324434
1111232342233444	1213214312434234
1111232342233444	1213214212334344
1111232342233444	1234112212334344
1111232342233444	1213214213434234
1111232342233444	1234112213434234
1111232342234344	1213112224333444
1111232342234344	1231112224333444
1111232342234344	1122113324432434
1111232342234344	1231114223432434
1111232342234344	1123213214432434
1111232342234344	1213213214432434
1111232342234344	1213214213432434
1111232342234344	1234112213432434
1111232342234434	1122113322443344
1111232342234434	1122113324432344
1111232342234434	1213112224333444
1111232342234434	1231112224333444
1111232342234434	1123213212443344
1111232342234434	1231114223432344
1111232342234434	1123213214432344
1111232342234434	1213213214432344
1111232342234434	1213214312432344
1111232342234434	1213214213432344
1111232342234434	1234112213432344
1111232342243344	1122113322443434
1111232342243344	1213112224333444
1111232342243344	1231112224333444
1111232342243344	1122113324423434
1111232342243344	1231114223323444
1111232342243344	1231114223423434
1111232342243344	1231112223443434
1111232342243344	1213214213323444
1111232342243344	1213214312323444
1111232342243344	1234112213323444
1111232342243344	1123213212443434
1111232342243344	1213213212443434
1111232342243344	1213214213324434
1111232342243344	1213112223443434
1111232342243344	1234112213324434
1111232342243344	1213214312423434
1111232342243344	1213214314223434
1111232342243344	1213213214423434
1111232342243344	1123213214423434
1111232342243344	1213214213423434
1111232342243344	1234112213423434
1111232342243434	1122113322443344
1111232342243434	1122113324423344
1111232342243434	1123213212443344
1111232342243434	1231114223423344
1111232342243434	1123213214423344
1111232342243434	1213214312423344
1111232342243434	1213214314223344
1111232342243434	1213214213324344
1111232342243434	1234112213324344
1111232342243434	1234112213423344
1111232342323444	1122113323244434
1111232342323444	1231114223243344
1111232342323444	1231112224343344
1111232342323444	1231114223344234
1111232342323444	1123213213244434
1111232342323444	1213214213344234
1111232342323444	1213213214344234
1111232342323444	1123213214344234
1111232342323444	1213112224343344
1111232342323444	1234112213344234
1111232342324344	1231114223342434
1111232342324344	1123213214432434
1111232342324344	1213213214432434
1111232342324344	1213214213342434
1111232342324344	1234112213342434
1111232342324434	1122113324243344
1111232342324434	1122113324432344
1111232342324434	1213112224333444
1111232342324434	1231112224333444
1111232342324434	1231114223342344
1111232342324434	1123213214243344
1111232342324434	1213214312243344
1111232342324434	1213214314232344
1111232342324434	1234112213243344
1111232342324434	1213214213342344
1111232342324434	1234112213342344
1111232342342344	1231114223324434
1111232342342344	1213214213324434
1111232342342344	1234112213324434
1111232342342434	1231114223324344
1111232342342434	1213214213324344
1111232342342434	1234112213324344
1111232342344234	1213112224333444
1111232342344234	1231112224333444
1111232342344234	1231114223323444
1111232342344234	1213214213323444
1111232342344234	1234112213323444
1111232342423344	1231114223243434
1111232342423344	1231112224343434
1111232342423344	1213214312243434
1111232342423344	1213214213243434
1111232342423344	1234112213243434
1111232342423344	1213112224343434
1111232342423434	1122113324243344
1111232342423434	1231114223243344
1111232342423434	1123213214243344
1111232342423434	1213214312243344
1111232342423434	1234112213243344
1111232342432344	1231114223234434
1111232342432344	1213214312234434
1111232342432344	1234112213234434
1111232342432434	1231114223234344
1111232342432434	1213214312234344
1111232342432434	1234112213234344
1111232342434234	1213112224333444
1111232342434234	1231112224333444
1111232342434234	1231114223233444
1111232342434234	1213214213233444
1111232342434234	1213214312233444
1111232342434234	1234112213233444
1111232344223434	1122113322443344
1111232344223434	1123213212443344
1111232344223434	1231114222343344
1111232344223434	1234112212343344
1111232344232344	1231114222334434
1111232344232344	1213214312324434
1111232344232344	1234112212334434
1111232344232434	1231114222334344
1111232344232434	1234112212334344
1111232344234234	1231114222333444
1111232344234234	1213214212333444
1111232344234234	1234112212333444
1111232422333444	1213212143324434
1111232422333444	1123212143324434
1111232422333444	1123212133244434
1111232422333444	1123213123244434
1111232422333444	1213212133244434
1111232422333444	1213213123244434
1111232422333444	1213212123344434
1111232422333444	1123213124243344
1111232422333444	1123213142243344
1111232422333444	1213214132243344
1111232422333444	1213212124334344
1111232422333444	1213214132234434
1111232422333444	1213214132234344
1111232422333444	1213214123324434
1111232422333444	1123213124434234
1111232422333444	1213212134434234
1111232422333444	1213214134234234
1111232422333444	1213214123234344
1111232422333444	1123213124234434
1111232422333444	1234112123234344
1111232422333444	1213214123344234
1111232422333444	1123212134434234
1111232422333444	1213212124334434
1111232422333444	1234112123324434
1111232422333444	1213212124343344
1111232422333444	1234112123344234
1111232422333444	1234112132234434
1111232422333444	1123213144234234
1111232422333444	1213212143234344
1111232422333444	1123213142234434
1111232422333444	1234112132234344
1111232422333444	1213212143234434
1111232422333444	1213212143344234
1111232422333444	1123212143344234
1111232422333444	1213212143243344
1111232422333444	1234112132243344
1111232422333444	1213212134324434
1111232422333444	1123212134324434
1111232422333444	1213212134243344
1111232422333444	1213212134234434
1111232422333444	1234112134234234
1111232422334344	1213212124333444
1111232422334344	1123213124432434
1111232422334344	1213212134432434
1111232422334344	1213212143233444
1111232422334344	1213214123233444
1111232422334344	1213214132233444
1111232422334344	1234112123233444
1111232422334344	1234112132233444
1111232422334344	1213214132243434
1111232422334344	1213212143342434
1111232422334344	1213214134232434
1111232422334344	1123213124243434
1111232422334344	1213214123342434
1111232422334344	1213212124343434
1111232422334344	1234112123342434
1111232422334344	1123213144232434
1111232422334344	1123213142243434
1111232422334344	1213212143243434
1111232422334344	1234112132243434
1111232422334344	1213212134243434
1111232422334344	1234112134232434
1111232422334434	1213212124333444
1111232422334434	1123213124432344
1111232422334434	1123213124243344
1111232422334434	1123213142243344
1111232422334434	1123213144232344
1111232422334434	1213212134432344
1111232422334434	1213214132243344
1111232422334434	1213212143342344
1111232422334434	1213214134232344
1111232422334434	1213214123342344
1111232422334434	1234112123342344
1111232422334434	1234112132243344
1111232422334434	1234112134232344
1111232422343344	1213212124333444
1111232422343344	1213212143324434
1111232422343344	1213212143323444
1111232422343344	1213214123323444
1111232422343344	1123213144223434
1111232422343344	1234112123323444
1111232422343344	1213214134223434
1111232422343344	1123213124423434
1111232422343344	1213212134423434
1111232422343344	1234112134223434
1111232422343434	1213212143324344
1111232422343434	1123213144223344
1111232422343434	1123213124423344
1111232422343434	1213214134223344
1111232422343434	1234112134223344
1111232423233444	1123213122443344
1111232423233444	1213212143324434
1111232423233444	1213213122443344
1111232423233444	1123212143324434
1111232423233444	1213212132443344
1111232423233444	1213214132434234
1111232423233444	1213214122334344
1111232423233444	1213213122434434
1111232423233444	1123213122434434
1111232423233444	1234112122334344
1111232423233444	1123213142434234
1111232423233444	1213212142334344
1111232423233444	1213212143434234
1111232423233444	1123212143434234
1111232423233444	1213212133424434
1111232423233444	1123212133424434
1111232423233444	1213212132434434
1111232423233444	1234112132434234
1111232423234344	1213212142333444
1111232423234344	1213214122333444
1111232423234344	1234112122333444
1111232423234344	1123213122443434
1111232423234344	1213213122443434
1111232423234344	1213214132432434
1111232423234344	1213212132443434
1111232423234344	1123213142432434
1111232423234344	1213212143432434
1111232423234344	1234112132432434
1111232423234434	1123213122443344
1111232423234434	1123213142432344
1111232423234434	1213214132432344
1111232423234434	1213212143432344
1111232423234434	1234112132432344
1111232423243344	1213212143324434
1111232423243344	1213212143323444
1111232423243344	1213214132323444
1111232423243344	1123213144223434
1111232423243344	1234112132323444
1111232423243344	1123213122443434
1111232423243344	1213214132423434
1111232423243344	1213213122443434
1111232423243344	1213212132443434
1111232423243344	1123213142423434
1111232423243344	1213212143423434
1111232423243344	1234112132423434
1111232423243434	1123213122443344
1111232423243434	1213212143324344
1111232423243434	1123213144223344
1111232423243434	1123213142423344
1111232423243434	1213214132423344
1111232423243434	1234112132423344
1111232423323444	1123213122443344
1111232423323444	1213213122443344
1111232423323444	1213212132443344
1111232423323444	1123212133244434
1111232423323444	1123213122344434
1111232423323444	1123212133444234
1111232423323444	1213212133444234
1111232423323444	1213214132344234
1111232423323444	1213214122343344
1111232423323444	1234112122343344
1111232423323444	1213212143344234
1111232423323444	1123213142344234
1111232423323444	1213212142343344
1111232423323444	1234112132344234
1111232423324344	1213212143342434
1111232423324344	1213214132342434
1111232423324344	1234112122343434
1111232423324344	1234112132342434
1111232423324344	1213212143432434
1111232423324434	1123213122443344
1111232423324434	1213212142333444
1111232423324434	1213214122333444
1111232423324434	1123213142243344
1111232423324434	1123213142432344
1111232423324434	1123213144232344
1111232423324434	1234112122333444
1111232423324434	1213214132243344
1111232423324434	1213214132432344
1111232423324434	1213214132342344
1111232423324434	1234112122343344
1111232423324434	1213212143342344
1111232423324434	1234112132243344
1111232423324434	1234112132342344
1111232423324434	1234112132432344
1111232423342344	1213212143324434
1111232423342344	1213214132324434
1111232423342344	1234112122334434
1111232423342344	1234112132324434
1111232423342434	1213212143324344
1111232423342434	1213214132324344
1111232423342434	1234112122334344
1111232423342434	1234112132324344
1111232423344234	1213212142333444
1111232423344234	1213212143323444
1111232423344234	1213214122333444
1111232423344234	1213214132323444
1111232423344234	1234112122333444
1111232423344234	1234112132323444
1111232423423344	1213214132243434
1111232423423344	1213212143243434
1111232423423344	1234112132243434
1111232423423434	1123213142243344
1111232423423434	1213214132243344
1111232423423434	1234112132243344
1111232423432344	1213214132234434
1111232423432344	1234112132234434
1111232423432434	1213214132234344
1111232423432434	1234112132234344
1111232423434234	1213212143233444
1111232423434234	1213214132233444
1111232423434234	1234112132233444
1111232432323444	1123213123244434
1111232432323444	1213214123344234
1111232432323444	1213214123243344
1111232432323444	1234112123243344
1111232432323444	1123213124344234
1111232432323444	1213212124343344
1111232432323444	1234112123344234
1111232432324344	1213214123342434
1111232432324344	1234112123342434
1111232432324434	1213212124333444
1111232432324434	1123213124432344
1111232432324434	1123213124243344
1111232432324434	1213214132243344
1111232432324434	1213214134232344
1111232432324434	1213214123342344
1111232432324434	1234112123342344
1111232432342344	1213214123324434
1111232432342344	1234112123324434
1111232432342434	1213214123324344
1111232432342434	1234112123324344
1111232432344234	1213212124333444
1111232432344234	1213214123323444
1111232432344234	1234112123323444
1111232432423344	1213214132243434
1111232432423344	1213214123243434
1111232432423344	1234112123243434
1111232432423344	1213212124343434
1111232432423434	1123213124243344
1111232432423434	1213214132243344
1111232432423434	1234112123243344
1111232432432344	1213214132234434
1111232432432344	1213214123324434
1111232432432344	1234112123234434
1111232432432434	1213214132234344
1111232432432434	1234112123234344
1111232432434234	1213212124333444
1111232432434234	1213214123233444
1111232432434234	1213214132233444
1111232432434234	1234112123233444
1111232434223344	1213214132243434
1111232434223344	1213214122343434
1111232434223344	1234112122343434
1111232434223434	1123213122443344
1111232434223434	1234112122343344
1111232434232344	1213214132324434
1111232434232344	1234112122334434
1111232434232434	1234112122334344
1111232434234234	1213214122333444
1111232434234234	1234112122333444
1111234223233444	1112221333424434
1111234223233444	1112221333444234
1111234223233444	1112221343324434
1111234223233444	1123211322443344
1111234223233444	1112221343434234
1111234223233444	1213211322443344
1111234223233444	1213211432434234
1111234223233444	1123211432434234
1111234223233444	1213211422334344
1111234223233444	1213211322434434
1111234223233444	1123211322434434
1111234223233444	1234111222334344
1111234223233444	1213211232443344
1111234223233444	1213211342434234
1111234223233444	1123211342434234
1111234223233444	1213211242334344
1111234223233444	1213211243434234
1111234223233444	1123211243434234
1111234223233444	1213211233424434
1111234223233444	1123211233424434
1111234223233444	1213211232434434
1111234223233444	1234111232434234
1111234223234344	1213211432432434
1111234223234344	1123211432432434
1111234223234344	1213211422333444
1111234223234344	1213211322443434
1111234223234344	1123211322443434
1111234223234344	1234111222333444
1111234223234344	1213211242333444
1111234223234344	1213211342432434
1111234223234344	1123211342432434
1111234223234344	1213211243432434
1111234223234344	1213211232443434
1111234223234344	1234111232432434
1111234223234434	1123211322443344
1111234223234434	1213211432432344
1111234223234434	1123211432432344
1111234223234434	1123211342432344
1111234223234434	1213211342432344
1111234223234434	1213211243432344
1111234223234434	1234111232432344
1111234223243344	1213211432423434
1111234223243344	1123211432423434
1111234223243344	1213211432323444
1111234223243344	1213211322443434
1111234223243344	1123211322443434
1111234223243344	1213211243323444
1111234223243344	1213211344223434
1111234223243344	1123211344223434
1111234223243344	1213211342423434
1111234223243344	1123211342423434
1111234223243344	1234111232323444
1111234223243344	1213211243423434
1111234223243344	1234111232423434
1111234223243434	1123211322443344
1111234223243434	1213211432423344
1111234223243434	1123211432423344
1111234223243434	1123211344223344
1111234223243434	1213211344223344
1111234223243434	1123211342423344
1111234223243434	1234111232423344
1111234223323444	1112221333244434
1111234223323444	1123211322443344
1111234223323444	1213211322443344
1111234223323444	1213211232443344
1111234223323444	1213211432344234
1111234223323444	1213211422343344
1111234223323444	1123211233244434
1111234223323444	1123211322344434
1111234223323444	1234111222343344
1111234223323444	1123211233444234
1111234223323444	1213211243344234
1111234223323444	1213211243243344
1111234223323444	1234111232243344
1111234223323444	1213211233444234
1111234223323444	1213211342344234
1111234223323444	1123211342344234
1111234223323444	1213211242343344
1111234223323444	1234111232344234
1111234223324344	1213211432342434
1111234223324344	1234111222343434
1111234223324344	1213211243342434
1111234223324344	1234111232342434
1111234223324344	1213211243432434
1111234223324434	1213211432243344
1111234223324434	1123211432243344
1111234223324434	1123211322443344
1111234223324434	1213211432432344
1111234223324434	1123211432432344
1111234223324434	1213211422333444
1111234223324434	1234111222333444
1111234223324434	1213211432342344
1111234223324434	1234111222343344
1111234223324434	1213211242333444
1111234223324434	1123211342243344
1111234223324434	1123211342432344
1111234223324434	1123211344232344
1111234223324434	1213211344232344
1111234223324434	1213211243342344
1111234223324434	1213211342432344
1111234223324434	1234111232342344
1111234223324434	1234111232432344
1111234223342344	1213211243324434
1111234223342344	1213211432324434
1111234223342344	1234111222334434
1111234223342344	1234111232324434
1111234223342434	1213211432324344
1111234223342434	1234111222334344
1111234223342434	1213211243324344
1111234223342434	1234111232324344
1111234223344234	1213211432323444
1111234223344234	1213211422333444
1111234223344234	1234111222333444
1111234223344234	1213211242333444
1111234223344234	1213211243323444
1111234223344234	1234111232323444
1111234223423344	1213211432243434
1111234223423344	1213211243243434
1111234223423344	1234111232243434
1111234223423434	1213211432243344
1111234223423434	1123211432243344
1111234223423434	1123211342243344
1111234223423434	1234111232243344
1111234223432344	1213211432234434
1111234223432344	1213211243324434
1111234223432344	1234111232234434
1111234223432434	1213211432234344
1111234223432434	1234111232234344
1111234223434234	1213211432233444
1111234223434234	1213211243233444
1111234223434234	1234111232233444
1111234232233444	1112221333444234
1111234232233444	1112221334434234
1111234232233444	1123211322443344
1111234232233444	1213211432434234
1111234232233444	1123211432434234
1111234232233444	1213211422334344
1111234232233444	1234111222334344
1111234232233444	1213211324434234
1111234232233444	1123211324434234
1111234232233444	1213211224334344
1111234232233444	1213211423434234
1111234232233444	1123211423434234
1111234232233444	1213211323444234
1111234232233444	1123211323444234
1111234232233444	1234111223434234
1111234232234344	1213211224333444
1111234232234344	1123211324432434
1111234232234344	1213211324432434
1111234232234344	1213211423432434
1111234232234344	1234111223432434
1111234232234434	1213211224333444
1111234232234434	1123211322443344
1111234232234434	1213211432432344
1111234232234434	1123211432432344
1111234232234434	1213211324432344
1111234232234434	1123211324432344
1111234232234434	1213211423432344
1111234232234434	1234111223432344
1111234232243344	1213211224333444
1111234232243344	1213211432423434
1111234232243344	1123211432423434
1111234232243344	1213211432323444
1111234232243344	1213211322443434
1111234232243344	1123211322443434
1111234232243344	1213211434223434
1111234232243344	1123211434223434
1111234232243344	1213211423323444
1111234232243344	1213211324423434
1111234232243344	1123211324423434
1111234232243344	1234111223323444
1111234232243344	1213211423423434
1111234232243344	1234111223423434
1111234232243344	1213211223443434
1111234232243434	1123211322443344
1111234232243434	1213211432423344
1111234232243434	1123211432423344
1111234232243434	1213211434223344
1111234232243434	1123211434223344
1111234232243434	1123211324423344
1111234232243434	1234111223423344
1111234232323444	1112221333244434
1111234232323444	1123211323244434
1111234232323444	1213211423344234
1111234232323444	1213211423243344
1111234232323444	1234111223243344
1111234232323444	1213211324344234
1111234232323444	1123211324344234
1111234232323444	1213211224343344
1111234232323444	1234111223344234
1111234232324344	1213211423342434
1111234232324344	1234111223342434
1111234232324434	1213211432243344
1111234232324434	1123211432243344
1111234232324434	1213211224333444
1111234232324434	1213211434232344
1111234232324434	1123211434232344
1111234232324434	1123211324243344
1111234232324434	1213211423342344
1111234232324434	1213211324432344
1111234232324434	1123211324432344
1111234232324434	1234111223342344
1111234232342344	1213211423324434
1111234232342344	1234111223324434
1111234232342434	1213211423324344
1111234232342434	1234111223324344
1111234232344234	1213211224333444
1111234232344234	1213211423323444
1111234232344234	1234111223323444
1111234232423344	1213211432243434
1111234232423344	1213211423243434
1111234232423344	1234111223243434
1111234232423344	1213211224343434
1111234232423434	1213211432243344
1111234232423434	1123211432243344
1111234232423434	1123211324243344
1111234232423434	1234111223243344
1111234232432344	1213211432234434
1111234232432344	1213211423324434
1111234232432344	1234111223234434
1111234232432434	1213211432234344
1111234232432434	1234111223234344
1111234232434234	1213211224333444
1111234232434234	1213211432233444
1111234232434234	1213211423233444
1111234232434234	1234111223233444
1111234234223344	1213211432243434
1111234234223344	1213211422343434
1111234234223344	1234111222343434
1111234234223434	1123211322443344
1111234234223434	1234111222343344
1111234234232344	1213211432324434
1111234234232344	1234111222334434
1111234234232434	1234111222334344
1111234234234234	1213211422333444
1111234234234234	1234111222333444
1112122233343444	1122113322443344
1112122233343444	1122113324423344
1112122233343444	1211213322443344
1112122233343444	1122311322443344
1112122233343444	1122113322434434
1112122233343444	1211321322443344
1112122233343444	1122113324324434
1112122233343444	1211312322443344
1112122233343444	1122113324434234
1112122233343444	1211312223443344
1112122233343444	1231112224334344
1112122233343444	1211321223443344
1112122233343444	1231112224334434
1112122233343444	1231211322443344
1112122233343444	1122113323424434
1112122233343444	1231112322443344
1112122233343444	1122113323444234
1112122233343444	1231112223443344
1112122233343444	1231211223443344
1112122233343444	1231112223434434
1112122233343444	1122311324423344
1112122233343444	1211213322434434
1112122233343444	1122311432423344
1112122233343444	1121223331424434
1112122233343444	1122311434223344
1112122233343444	1211223331424434
1112122233343444	1122313214423344
1112122233343444	1211314222334344
1112122233343444	1122313412423344
1112122233343444	1231214321434234
1112122233343444	1122313414223344
1112122233343444	1211324321434234
1112122233343444	1122331214423344
1112122233343444	1211314222334434
1112122233343444	1122331412423344
1112122233343444	1231214321324434
1112122233343444	1122331414223344
1112122233343444	1211324321324434
1112122233343444	1121221333444234
1112122233343444	1122112333424434
1112122233343444	1122112333444234
1112122233343444	1122311323444234
1112122233343444	1231112322434434
1112122233343444	1211221333444234
1112122233343444	1122112334324434
1112122233343444	1211212333444234
1112122233343444	1122112334434234
1112122233343444	1211213323444234
1112122233343444	1231112324423344
1112122233343444	1211321323444234
1112122233343444	1231112324324434
1112122233343444	1121221333424434
1112122233343444	1211322413324434
1112122233343444	1211312224334344
1112122233343444	1211322431324434
1112122233343444	1211321224334344
1112122233343444	1121322413324434
1112122233343444	1211312224334434
1112122233343444	1121221334324434
1112122233343444	1211324213324434
1112122233343444	1211221333424434
1112122233343444	1211322413324344
1112122233343444	1121221334434234
1112122233343444	1211212333424434
1112122233343444	1231211224334344
1112122233343444	1211312223434434
1112122233343444	1121223313424434
1112122233343444	1231211432423344
1112122233343444	1121223314324434
1112122233343444	1211321432423344
1112122233343444	1121223314434234
1112122233343444	1211312432423344
1112122233343444	1121223413324434
1112122233343444	1211322433414234
1112122233343444	1121223413434234
1112122233343444	1231212433414234
1112122233343444	1122313214434234
1112122233343444	1211312422334344
1112122233343444	1122331214434234
1112122233343444	1211312422334434
1112122233343444	1122311324434234
1112122233343444	1211312322434434
1112122233343444	1231212413324434
1112122233343444	1211322413434234
1112122233343444	1231212431324434
1112122233343444	1121322413434234
1112122233343444	1231214213324434
1112122233343444	1211322413423344
1112122233343444	1231211423324434
1112122233343444	1211323214434234
1112122233343444	1211322313424434
1112122233343444	1211312423324344
1112122233343444	1231211432324434
1112122233343444	1211322314434234
1112122233343444	1121322313424434
1112122233343444	1211312423324434
1112122233343444	1231214312324434
1112122233343444	1231421312423344
1112122233343444	1231213214434234
1112122233343444	1211312423423344
1112122233343444	1231211324434234
1112122233343444	1211312323424434
1112122233343444	1231212314434234
1112122233343444	1211312423434234
1112122233343444	1231412213324434
1112122233343444	1211322412334344
1112122233343444	1231412321324434
1112122233343444	1122331412434234
1112122233343444	1231421213324434
1112122233343444	1211213324434234
1112122233343444	1211322412334434
1112122233343444	1211312324423344
1112122233343444	1231421321324434
1112122233343444	1211321324434234
1112122233343444	1122331412324434
1112122233343444	1211312324324434
1112122233343444	1231421312324434
1112122233343444	1211312324434234
1112122233343444	1121323214434234
1112122233343444	1211312432324344
1112122233343444	1121322314434234
1112122233343444	1211312432324434
1112122233343444	1122312314434234
1112122233343444	1211312432434234
1112122233343444	1211223314434234
1112122233343444	1211312434223344
1112122233343444	1211221334434234
1112122233343444	1211212334324434
1112122233343444	1211212334434234
1112122233343444	1121322314324434
1112122233343444	1211314223324434
1112122233343444	1211321432324434
1112122233343444	1211322314423344
1112122233343444	1121322331424434
1112122233343444	1211321423324434
1112122233343444	1211323214423344
1112122233343444	1122311432324434
1112122233343444	1211322314324434
1112122233343444	1211314223324344
1112122233343444	1211324312324434
1112122233343444	1231421314223344
1112122233343444	1231213214423344
1112122233343444	1211314223423344
1112122233343444	1231211324423344
1112122233343444	1211213323424434
1112122233343444	1231212314423344
1112122233343444	1211314223434234
1112122233343444	1121322431324434
1112122233343444	1211321224334434
1112122233343444	1211213324423344
1112122233343444	1211321422334434
1112122233343444	1211321324423344
1112122233343444	1122331214324434
1112122233343444	1211213324324434
1112122233343444	1121322431434234
1112122233343444	1122312431324434
1112122233343444	1121323213424434
1112122233343444	1231211432324344
1112122233343444	1121323214324434
1112122233343444	1211321432324344
1112122233343444	1121323421324434
1112122233343444	1122331442314234
1112122233343444	1121323421434234
1112122233343444	1122313442314234
1112122233343444	1231211224334434
1112122233343444	1211321223434434
1112122233343444	1231211422334434
1112122233343444	1122331213424434
1112122233343444	1231212412334434
1112122233343444	1231421213434234
1112122233343444	1122313214324434
1112122233343444	1211321422334344
1112122233343444	1211321434223344
1112122233343444	1122311324324434
1112122233343444	1211223314324434
1112122233343444	1211321322434434
1112122233343444	1122312413324434
1112122233343444	1211322431434234
1112122233343444	1122311423324434
1112122233343444	1211323214324434
1112122233343444	1211322331424434
1112122233343444	1211321423324344
1112122233343444	1231213214324434
1112122233343444	1211321423423344
1112122233343444	1211323412423344
1112122233343444	1231214324314234
1112122233343444	1211323414223344
1112122233343444	1231211324324434
1112122233343444	1211324324314234
1112122233343444	1211321323424434
1112122233343444	1231212314324434
1112122233343444	1211321423434234
1112122233343444	1122313421324434
1112122233343444	1122331421434234
1112122233343444	1211324312423344
1112122233343444	1231214314223344
1112122233343444	1211324314223344
1112122233343444	1122331421324434
1112122233343444	1211321324324434
1112122233343444	1122312314324434
1112122233343444	1211321432434234
1112122233343444	1211324213423344
1112122233343444	1231214213324344
1112122233343444	1211324213324344
1112122233343444	1122311322434434
1112122233343444	1211221334324434
1112122233343444	1122313412324434
1112122233343444	1231421321434234
1112122233343444	1122312331424434
1112122233343444	1122311432434234
1112122233343444	1122312313424434
1112122233343444	1231211432434234
1112122233343444	1122313213424434
1112122233343444	1231211422334344
1112122233343444	1122311323424434
1112122233343444	1211223413324434
1112122233343444	1231211322434434
1112122233343444	1211322434314234
1112122233343444	1211324312324344
1112122233343444	1231423114223344
1112122233343444	1122312413434234
1112122233343444	1231212431434234
1112122233343444	1122312431434234
1112122233343444	1122313421434234
1112122233343444	1122313424314234
1112122233343444	1211323421434234
1112122233343444	1211223313424434
1112122233343444	1231211434223344
1112122233343444	1231211423324344
1112122233343444	1211323213424434
1112122233343444	1231212413324344
1112122233343444	1211324213434234
1112122233343444	1211323421324434
1112122233343444	1122331424314234
1112122233343444	1122311423434234
1112122233343444	1231212331424434
1112122233343444	1122313412434234
1112122233343444	1231412321434234
1112122233343444	1211323412324434
1112122233343444	1231421324314234
1112122233343444	1231213414223344
1112122233343444	1211324323414234
1112122233343444	1231412324314234
1112122233343444	1211323412434234
1112122233343444	1231213412324434
1112122233343444	1231421323414234
1112122233343444	1231212434314234
1112122233343444	1211223413434234
1112122233343444	1231212313424434
1112122233343444	1231211423434234
1112122233343444	1231213213424434
1112122233343444	1231211423423344
1112122233343444	1231211323424434
1112122233343444	1211323424314234
1112122233343444	1231211223434434
1112122233343444	1231213412423344
1112122233343444	1231214323414234
1112122233343444	1231214312423344
1112122233343444	1231423112423344
1112122233343444	1231214312324344
1112122233343444	1231212413423344
1112122233343444	1231214213434234
1112122233343444	1231214213423344
1112122233343444	1231212412334344
1112122233343444	1231412213434234
1112122233343444	1231212413434234
1112122233343444	1231213412434234
1112122233343444	1231412323414234
1112122233343444	1231423412314234
1112122233344344	1211312224333444
1112122233344344	1122113322443434
1112122233344344	1211321224333444
1112122233344344	1231112224333444
1112122233344344	1231211224333444
1112122233344344	1211213322443434
1112122233344344	1211312422333444
1112122233344344	1211312423323444
1112122233344344	1211312432323444
1112122233344344	1211314222333444
1112122233344344	1211314223323444
1112122233344344	1122113324423434
1112122233344344	1211321422333444
1112122233344344	1211321423323444
1112122233344344	1211321432323444
1112122233344344	1122113324432434
1112122233344344	1211322412333444
1112122233344344	1211322413323444
1112122233344344	1231112224334434
1112122233344344	1231214321432434
1112122233344344	1211324321432434
1112122233344344	1211324213323444
1112122233344344	1211324312323444
1112122233344344	1231112223443434
1112122233344344	1122313214432434
1112122233344344	1122331214432434
1112122233344344	1122311324432434
1112122233344344	1211323214432434
1112122233344344	1211322314432434
1112122233344344	1231213214432434
1112122233344344	1231211324432434
1112122233344344	1231212314432434
1112122233344344	1211213324432434
1112122233344344	1211321324432434
1112122233344344	1211312324432434
1112122233344344	1231112322443434
1112122233344344	1231211422333444
1112122233344344	1231211423323444
1112122233344344	1231211432323444
1112122233344344	1231212412333444
1112122233344344	1231212413323444
1112122233344344	1231214213323444
1112122233344344	1231214312323444
1112122233344344	1231112324423434
1112122233344344	1211322413324434
1112122233344344	1211312224334434
1112122233344344	1211324213324434
1112122233344344	1122311322443434
1112122233344344	1211312223443434
1112122233344344	1122331414223434
1112122233344344	1211321322443434
1112122233344344	1211312322443434
1112122233344344	1211321223443434
1112122233344344	1231211322443434
1112122233344344	1231211223443434
1112122233344344	1211322413432434
1112122233344344	1122331412432434
1112122233344344	1231212413324434
1112122233344344	1231211432423434
1112122233344344	1231214213324434
1112122233344344	1211321432423434
1112122233344344	1211312432423434
1112122233344344	1231211423324434
1112122233344344	1122311432423434
1112122233344344	1211312423324434
1112122233344344	1211322413423434
1112122233344344	1211312423423434
1112122233344344	1122331412423434
1112122233344344	1211312423432434
1112122233344344	1231421312423434
1112122233344344	1231412213324434
1112122233344344	1211322433412434
1112122233344344	1231212433412434
1112122233344344	1231421213324434
1112122233344344	1211312324423434
1112122233344344	1122331442312434
1112122233344344	1211312434223434
1112122233344344	1122313442312434
1112122233344344	1211314223324434
1112122233344344	1211321423324434
1112122233344344	1211322314423434
1112122233344344	1211314223423434
1112122233344344	1122331214423434
1112122233344344	1211314223432434
1112122233344344	1231421314223434
1112122233344344	1211321224334434
1112122233344344	1211213324423434
1112122233344344	1231421213432434
1112122233344344	1231211224334434
1112122233344344	1231214324312434
1112122233344344	1211324324312434
1112122233344344	1211322431432434
1112122233344344	1122331421432434
1112122233344344	1231211432432434
1112122233344344	1211321432432434
1112122233344344	1122311432432434
1112122233344344	1211321423423434
1112122233344344	1211321423432434
1112122233344344	1231212431432434
1112122233344344	1211321324423434
1112122233344344	1231421321432434
1112122233344344	1211321434223434
1112122233344344	1122313421432434
1112122233344344	1211323421432434
1112122233344344	1231214314223434
1112122233344344	1211324314223434
1112122233344344	1231412321432434
1112122233344344	1211322434312434
1112122233344344	1231213214423434
1112122233344344	1211323214423434
1112122233344344	1122313214423434
1112122233344344	1231423114223434
1112122233344344	1231412213432434
1112122233344344	1211324213432434
1112122233344344	1231214213432434
1112122233344344	1231212413432434
1112122233344344	1122313424312434
1112122233344344	1231211423432434
1112122233344344	1122331424312434
1112122233344344	1122311324423434
1112122233344344	1211324213423434
1112122233344344	1122311434223434
1112122233344344	1231211434223434
1112122233344344	1122313412432434
1112122233344344	1122313412423434
1112122233344344	1231213412432434
1112122233344344	1122313414223434
1112122233344344	1211323412432434
1112122233344344	1211324312423434
1112122233344344	1231421324312434
1112122233344344	1211324323412434
1112122233344344	1231211324423434
1112122233344344	1211323412423434
1112122233344344	1231421323412434
1112122233344344	1211323414223434
1112122233344344	1211323424312434
1112122233344344	1231211423423434
1112122233344344	1231212314423434
1112122233344344	1231214323412434
1112122233344344	1231214312423434
1112122233344344	1231213414223434
1112122233344344	1231214213423434
1112122233344344	1231423112423434
1112122233344344	1231412324312434
1112122233344344	1231212434312434
1112122233344344	1231212413423434
1112122233344344	1231423412312434
1112122233344344	1231412323412434
1112122233344344	1231213412423434
1112122233433444	1122113324243344
1112122233433444	1121221333244434
1112122233433444	1122112333244434
1112122233433444	1211221333244434
1112122233433444	1211212333244434
1112122233433444	1121223313244434
1112122233433444	1122113324234434
1112122233433444	1122113323244434
1112122233433444	1121322313244434
1112122233433444	1231211432243344
1112122233433444	1211321432243344
1112122233433444	1122311432243344
1112122233433444	1122113324434234
1112122233433444	1231112224334344
1112122233433444	1231112224334434
1112122233433444	1122312313244434
1112122233433444	1122113324344234
1112122233433444	1122311323244434
1112122233433444	1231112224343344
1112122233433444	1231112223344434
1112122233433444	1211322433144234
1112122233433444	1231212433144234
1112122233433444	1122311324243344
1112122233433444	1211223313244434
1112122233433444	1211322313244434
1112122233433444	1122313412243344
1112122233433444	1211213323244434
1112122233433444	1122331412243344
1112122233433444	1211312323244434
1112122233433444	1211312223344434
1112122233433444	1211321323244434
1112122233433444	1211321223344434
1112122233433444	1231212313244434
1112122233433444	1231211323244434
1112122233433444	1231211223344434
1112122233433444	1231211432234434
1112122233433444	1211321432234434
1112122233433444	1211312432234434
1112122233433444	1122311432234434
1112122233433444	1211322433124434
1112122233433444	1231212433124434
1112122233433444	1121322433124434
1112122233433444	1122312433124434
1112122233433444	1231211432234344
1112122233433444	1211321432234344
1112122233433444	1211312432234344
1112122233433444	1122331442134234
1112122233433444	1122313442134234
1112122233433444	1122112334324434
1112122233433444	1122112334344234
1112122233433444	1231112324243344
1112122233433444	1231112324234434
1112122233433444	1211322413324434
1112122233433444	1211312224334344
1112122233433444	1211321224334344
1112122233433444	1211213324243344
1112122233433444	1121322413324434
1112122233433444	1211312224334434
1112122233433444	1121221334324434
1112122233433444	1211312224343344
1112122233433444	1121221334344234
1112122233433444	1121221334434234
1112122233433444	1211324323124434
1112122233433444	1231211224334344
1112122233433444	1211322413344234
1112122233433444	1121322413344234
1112122233433444	1211322413243344
1112122233433444	1121223334124434
1112122233433444	1231421312243344
1112122233433444	1121223413324434
1112122233433444	1211322413234344
1112122233433444	1121223413344234
1112122233433444	1122331414234234
1112122233433444	1211322413234434
1112122233433444	1122331412234434
1112122233433444	1231421312234434
1112122233433444	1211213324234434
1112122233433444	1122311324434234
1112122233433444	1211223334124434
1112122233433444	1231212413324434
1112122233433444	1211312423234344
1112122233433444	1211312423234434
1112122233433444	1231214323124434
1112122233433444	1231211423324434
1112122233433444	1211314223234344
1112122233433444	1211312423324434
1112122233433444	1211312423344234
1112122233433444	1231214312234434
1112122233433444	1231214324134234
1112122233433444	1231211324434234
1112122233433444	1211324324134234
1112122233433444	1211312324243344
1112122233433444	1211312324234434
1112122233433444	1231412323124434
1112122233433444	1211213324434234
1112122233433444	1211321324434234
1112122233433444	1231421323124434
1112122233433444	1211314223234434
1112122233433444	1211221334434234
1112122233433444	1211312434234234
1112122233433444	1211212334344234
1112122233433444	1211314223324434
1112122233433444	1211321423324434
1112122233433444	1121322334124434
1112122233433444	1211314223344234
1112122233433444	1211324312234434
1112122233433444	1231214323144234
1112122233433444	1211324323144234
1112122233433444	1211321224334434
1112122233433444	1231214312243344
1112122233433444	1211324312243344
1112122233433444	1211321423234434
1112122233433444	1121322434134234
1112122233433444	1211213324344234
1112122233433444	1121323423124434
1112122233433444	1121323424134234
1112122233433444	1211321224343344
1112122233433444	1231211224334434
1112122233433444	1231214312234344
1112122233433444	1211324312234344
1112122233433444	1231211423234434
1112122233433444	1231212413234434
1112122233433444	1211321324243344
1112122233433444	1122312413324434
1112122233433444	1211321423234344
1112122233433444	1211321423344234
1112122233433444	1211323412243344
1112122233433444	1211321324234434
1112122233433444	1122313423124434
1112122233433444	1122331423124434
1112122233433444	1211321324344234
1112122233433444	1211221334324434
1112122233433444	1122311324234434
1112122233433444	1211321434234234
1112122233433444	1122313412234434
1112122233433444	1211221334344234
1112122233433444	1231212413243344
1112122233433444	1231211224343344
1112122233433444	1211322334124434
1112122233433444	1122312334124434
1112122233433444	1211322434134234
1112122233433444	1211223413324434
1112122233433444	1231213412243344
1112122233433444	1231211324243344
1112122233433444	1122312413344234
1112122233433444	1122331424134234
1112122233433444	1122312434134234
1112122233433444	1231421324134234
1112122233433444	1122313424134234
1112122233433444	1231421323144234
1112122233433444	1122311324344234
1112122233433444	1122311423344234
1112122233433444	1211323423124434
1112122233433444	1122311434234234
1112122233433444	1231211434234234
1112122233433444	1122313414234234
1112122233433444	1231211423234344
1112122233433444	1231211324234434
1112122233433444	1231211423344234
1112122233433444	1211323412234434
1112122233433444	1211323414234234
1112122233433444	1231213412234434
1112122233433444	1211223413344234
1112122233433444	1231212334124434
1112122233433444	1211323424134234
1112122233433444	1231412323144234
1112122233433444	1231212413344234
1112122233433444	1231212413234344
1112122233433444	1231212434134234
1112122233433444	1231412324134234
1112122233433444	1231213414234234
1112122233433444	1231423412134234
1112122233434344	1211312224333444
1112122233434344	1211321224333444
1112122233434344	1231112224333444
1112122233434344	1231211224333444
1112122233434344	1122113324243434
1112122233434344	1211312423233444
1112122233434344	1211312432233444
1112122233434344	1211314223233444
1112122233434344	1211321423233444
1112122233434344	1211321432233444
1112122233434344	1122113324432434
1112122233434344	1211322413233444
1112122233434344	1231112224343434
1112122233434344	1211324312233444
1112122233434344	1122311324432434
1112122233434344	1231211432243434
1112122233434344	1211321432243434
1112122233434344	1211312432243434
1112122233434344	1122311432243434
1112122233434344	1231211324432434
1112122233434344	1211322433142434
1112122233434344	1231212433142434
1112122233434344	1211213324432434
1112122233434344	1211321324432434
1112122233434344	1231211432233444
1112122233434344	1122331442132434
1112122233434344	1122313442132434
1112122233434344	1231211423233444
1112122233434344	1231212413233444
1112122233434344	1231214312233444
1112122233434344	1231112324243434
1112122233434344	1211312224343434
1112122233434344	1211322413342434
1112122233434344	1211213324243434
1112122233434344	1122331414232434
1112122233434344	1211322413243434
1112122233434344	1231214324132434
1112122233434344	1211324324132434
1112122233434344	1122331412243434
1112122233434344	1231421312243434
1112122233434344	1211312423243434
1112122233434344	1211312423342434
1112122233434344	1211312324243434
1112122233434344	1211312434232434
1112122233434344	1211314223243434
1112122233434344	1211314223342434
1112122233434344	1231214323142434
1112122233434344	1211324323142434
1112122233434344	1211321224343434
1112122233434344	1231214312243434
1112122233434344	1211324312243434
1112122233434344	1211321423243434
1112122233434344	1211321423342434
1112122233434344	1211321324243434
1112122233434344	1211321434232434
1112122233434344	1211322434132434
1112122233434344	1122331424132434
1112122233434344	1122311324243434
1112122233434344	1231421324132434
1112122233434344	1122313424132434
1112122233434344	1231421323142434
1112122233434344	1122311434232434
1112122233434344	1231211434232434
1112122233434344	1231211324243434
1112122233434344	1122313412243434
1112122233434344	1122313414232434
1112122233434344	1231211423342434
1112122233434344	1231211423243434
1112122233434344	1231211224343434
1112122233434344	1211323412243434
1112122233434344	1211323414232434
1112122233434344	1211323424132434
1112122233434344	1231212434132434
1112122233434344	1231212413243434
1112122233434344	1231212413342434
1112122233434344	1231412324132434
1112122233434344	1231213412243434
1112122233434344	1231213414232434
1112122233434344	1231423412132434
1112122233434344	1231412323142434
1112122233434434	1122113324243344
1112122233434434	1211312224333444
1112122233434434	1211321224333444
1112122233434434	1122113324432344
1112122233434434	1231112224333444
1112122233434434	1231211224333444
1112122233434434	1211312423233444
1112122233434434	1211312432233444
1112122233434434	1211314223233444
1112122233434434	1231211432243344
1112122233434434	1211321432243344
1112122233434434	1211321423233444
1112122233434434	1211321432233444
1112122233434434	1211312432243344
1112122233434434	1122311432243344
1112122233434434	1122311324243344
1112122233434434	1122311324432344
1112122233434434	1122311434232344
1112122233434434	1122313412243344
1112122233434434	1122313414232344
1112122233434434	1122313424132344
1112122233434434	1122313442132344
1112122233434434	1231211432233444
1112122233434434	1122331412243344
1112122233434434	1122331414232344
1112122233434434	1122331424132344
1112122233434434	1122331442132344
1112122233434434	1211322433142344
1112122233434434	1231212433142344
1112122233434434	1231211324432344
1112122233434434	1231211423233444
1112122233434434	1211322413342344
1112122233434434	1231421312243344
1112122233434434	1231214324132344
1112122233434434	1211324324132344
1112122233434434	1211312423243344
1112122233434434	1211314223243344
1112122233434434	1231214312243344
1112122233434434	1211324312243344
1112122233434434	1231214323142344
1112122233434434	1211324323142344
1112122233434434	1211321423243344
1112122233434434	1211323424132344
1112122233434434	1211322434132344
1112122233434434	1231421324132344
1112122233434434	1231211434232344
1112122233434434	1231211423342344
1112122233434434	1231213414232344
1112122233434434	1231423412132344
1112122233434434	1231212413342344
1112122233434434	1231212434132344
1112122233443434	1122113324243344
1112122233443434	1122113324423344
1112122233443434	1231211432243344
1112122233443434	1211321432243344
1112122233443434	1211312432243344
1112122233443434	1122311432243344
1112122233443434	1122311324243344
1112122233443434	1122311324423344
1112122233443434	1122311434223344
1112122233443434	1122313414223344
1112122233443434	1122313424123344
1112122233443434	1122313442123344
1112122233443434	1122331414223344
1112122233443434	1122331424123344
1112122233443434	1122331442123344
1112122233443434	1231211432234344
1112122233443434	1211322433124344
1112122233443434	1231212433124344
1112122233443434	1211322413324344
1112122233443434	1211312423234344
1112122233443434	1211314223234344
1112122233443434	1231214324123344
1112122233443434	1211324324123344
1112122233443434	1211312434223344
1112122233443434	1231214323124344
1112122233443434	1211324323124344
1112122233443434	1211213324423344
1112122233443434	1211321324423344
1112122233443434	1211321434223344
1112122233443434	1211321423234344
1112122233443434	1211323414223344
1112122233443434	1231421324123344
1112122233443434	1231211434223344
1112122233443434	1231211423324344
1112122233443434	1231212413324344
1112122233443434	1231213414223344
1112122233443434	1231423412123344
1112122234334344	1122113322443434
1112122234334344	1211213322443434
1112122234334344	1211312422333444
1112122234334344	1211312432233444
1112122234334344	1211314222333444
1112122234334344	1211321432233444
1112122234334344	1211322431233444
1112122234334344	1231214321432434
1112122234334344	1211324321432434
1112122234334344	1211324321233444
1112122234334344	1231211432243434
1112122234334344	1211321432243434
1112122234334344	1211312432243434
1112122234334344	1122311432243434
1112122234334344	1231211432233444
1112122234334344	1211314222343434
1112122234334344	1231212431233444
1112122234334344	1231214321342434
1112122234334344	1211324321342434
1112122234334344	1231214321233444
1112122234334344	1231214321243434
1112122234334344	1211324321243434
1112122234334344	1211312422343434
1112122234334344	1211312432342434
1112122234334344	1211322431342434
1112122234334344	1122331441232434
1112122234334344	1211322431243434
1112122234334344	1122331421243434
1112122234334344	1231421321243434
1112122234334344	1122331421432434
1112122234334344	1231421321432434
1112122234334344	1122313421432434
1112122234334344	1211323421432434
1112122234334344	1122313421243434
1112122234334344	1122313441232434
1112122234334344	1211323421243434
1112122234334344	1231212431342434
1112122234334344	1231412321342434
1112122234334344	1231212431243434
1112122234334344	1231423411232434
1112122234334434	1122113322443344
1112122234334434	1211312422333444
1112122234334434	1211314222333444
1112122234334434	1231211432243344
1112122234334434	1211321432243344
1112122234334434	1211312432243344
1112122234334434	1122311432243344
1112122234334434	1231214321432344
1112122234334434	1211324321432344
1112122234334434	1122313421243344
1112122234334434	1122313421432344
1112122234334434	1122313441232344
1112122234334434	1122331421243344
1112122234334434	1122331421432344
1112122234334434	1122331441232344
1112122234334434	1211314222343344
1112122234334434	1231214321243344
1112122234334434	1211324321243344
1112122234334434	1231214321342344
1112122234334434	1211324321342344
1112122234334434	1211312422343344
1112122234334434	1211322431342344
1112122234334434	1231421321243344
1112122234334434	1211323421432344
1112122234334434	1231421321432344
1112122234334434	1231212431342344
1112122234334434	1231423411232344
1112122234343344	1122113322443434
1112122234343344	1211213322443434
1112122234343344	1211312422333444
1112122234343344	1211312432323444
1112122234343344	1211314222333444
1112122234343344	1211322431323444
1112122234343344	1211324321323444
1112122234343344	1211314222334434
1112122234343344	1231214321324434
1112122234343344	1211324321324434
1112122234343344	1231214321423434
1112122234343344	1211324321423434
1112122234343344	1231214321323444
1112122234343344	1231212431323444
1112122234343344	1211322431324434
1112122234343344	1211312422334434
1112122234343344	1231212431324434
1112122234343344	1231412321324434
1112122234343344	1231421321324434
1112122234343344	1211312432324434
1112122234343344	1122331441223434
1112122234343344	1122313441223434
1112122234343344	1122331421423434
1112122234343344	1231421321423434
1112122234343344	1122313421423434
1112122234343344	1211323421423434
1112122234343344	1231423411223434
1112122234343434	1122113322443344
1112122234343434	1211314222334344
1112122234343434	1122313421423344
1112122234343434	1122313441223344
1112122234343434	1231214321423344
1112122234343434	1211324321423344
1112122234343434	1122331421423344
1112122234343434	1122331441223344
1112122234343434	1231214321324344
1112122234343434	1211324321324344
1112122234343434	1211312422334344
1112122234343434	1211322431324344
1112122234343434	1231212431324344
1112122234343434	1231421321423344
1112122234343434	1231423411223344
1112122323343444	1211322143324434
1112122323343444	1121322143324434
1112122323343444	1211322143324344
1112122323343444	1122313122443344
1112122323343444	1122331122443344
1112122323343444	1122331144223344
1112122323343444	1231212143324434
1112122323343444	1211312243324434
1112122323343444	1211323122443344
1112122323343444	1122312143324434
1112122323343444	1211322132443344
1112122323343444	1121223143324434
1112122323343444	1211223143324434
1112122323343444	1231213122443344
1112122323343444	1231212132443344
1112122323343444	1231212143324344
1112122323343444	1211312243324344
1112122323343444	1211322143434234
1112122323343444	1121322143434234
1112122323343444	1211322143423344
1112122323343444	1122313142423344
1112122323343444	1122313144223344
1112122323343444	1122331142423344
1112122323343444	1211322133424434
1112122323343444	1121322133424434
1112122323343444	1231421132423344
1112122323343444	1211322142334344
1112122323343444	1122331142434234
1112122323343444	1211322142334434
1112122323343444	1122331142324434
1112122323343444	1231421132324434
1112122323343444	1231213144223344
1112122323343444	1211323144223344
1112122323343444	1211322132434434
1112122323343444	1122331122434434
1112122323343444	1231421132434234
1112122323343444	1122313244314234
1112122323343444	1211323244314234
1112122323343444	1121223133444234
1112122323343444	1122312133444234
1112122323343444	1211223133444234
1112122323343444	1211324231324434
1112122323343444	1121223133424434
1112122323343444	1211312242334344
1112122323343444	1211312242334434
1112122323343444	1121223143434234
1112122323343444	1121223341324434
1112122323343444	1211312243423344
1112122323343444	1211312233424434
1112122323343444	1121223341434234
1112122323343444	1211312243434234
1112122323343444	1231214132324434
1112122323343444	1231412231324434
1112122323343444	1211324132324434
1112122323343444	1211324122334434
1112122323343444	1121323241324434
1112122323343444	1121323241434234
1112122323343444	1231212142334434
1112122323343444	1231214122334434
1112122323343444	1211323142423344
1112122323343444	1211324132423344
1112122323343444	1122313241324434
1112122323343444	1122313142324434
1112122323343444	1122313122434434
1112122323343444	1211324122334344
1112122323343444	1122312133424434
1112122323343444	1211324132324344
1112122323343444	1211323122434434
1112122323343444	1122312143434234
1112122323343444	1211223133424434
1112122323343444	1122313241434234
1112122323343444	1211324132434234
1112122323343444	1211323142324434
1112122323343444	1211323142434234
1112122323343444	1211223143434234
1112122323343444	1211223341324434
1112122323343444	1211323241324434
1112122323343444	1122313142434234
1112122323343444	1211324233414234
1112122323343444	1211323241434234
1112122323343444	1211223341434234
1112122323343444	1211324342314234
1112122323343444	1231213142324434
1112122323343444	1231213122434434
1112122323343444	1231212133424434
1112122323343444	1231212132434434
1112122323343444	1231213142423344
1112122323343444	1231214132423344
1112122323343444	1231212143423344
1112122323343444	1231212142334344
1112122323343444	1231214122334344
1112122323343444	1231214132324344
1112122323343444	1231212143434234
1112122323343444	1231214132434234
1112122323343444	1231412233414234
1112122323343444	1231213142434234
1112122323343444	1231423142314234
1112122323344344	1211322143324434
1112122323344344	1211322143323444
1112122323344344	1122331144223434
1112122323344344	1211312242333444
1112122323344344	1211312243323444
1112122323344344	1231212143324434
1112122323344344	1211312243324434
1112122323344344	1211322142333444
1112122323344344	1211324122333444
1112122323344344	1211324132323444
1112122323344344	1211322143432434
1112122323344344	1122331142432434
1112122323344344	1211322143423434
1112122323344344	1122331142423434
1112122323344344	1231421132423434
1112122323344344	1211322132443434
1112122323344344	1122331122443434
1112122323344344	1231421132432434
1112122323344344	1231212143323444
1112122323344344	1122313144223434
1112122323344344	1231212142333444
1112122323344344	1231213144223434
1112122323344344	1231214122333444
1112122323344344	1231214132323444
1112122323344344	1211323144223434
1112122323344344	1122313244312434
1112122323344344	1211323244312434
1112122323344344	1122313122443434
1112122323344344	1211323122443434
1112122323344344	1211312243423434
1112122323344344	1211312243432434
1112122323344344	1231213122443434
1112122323344344	1231212132443434
1112122323344344	1231214132432434
1112122323344344	1211324132423434
1112122323344344	1122313241432434
1112122323344344	1211324132432434
1112122323344344	1231212143432434
1112122323344344	1211323142423434
1112122323344344	1211323142432434
1112122323344344	1122313142432434
1112122323344344	1122313142423434
1112122323344344	1211323241432434
1112122323344344	1211324233412434
1112122323344344	1231213142432434
1112122323344344	1211324342312434
1112122323344344	1231212143423434
1112122323344344	1231214132423434
1112122323344344	1231412233412434
1112122323344344	1231213142423434
1112122323344344	1231423142312434
1112122323433444	1211322143324434
1112122323433444	1121322143324434
1112122323433444	1121223133244434
1112122323433444	1231212143324434
1112122323433444	1121322133244434
1112122323433444	1211312243324434
1112122323433444	1211322143344234
1112122323433444	1121322143344234
1112122323433444	1211322143243344
1112122323433444	1122312143324434
1112122323433444	1122331142243344
1112122323433444	1211322133244434
1112122323433444	1121223143324434
1112122323433444	1231421132243344
1112122323433444	1122312133244434
1112122323433444	1211223143324434
1112122323433444	1211322143234344
1112122323433444	1122331144234234
1112122323433444	1211322143234434
1112122323433444	1122331142234434
1112122323433444	1231421132234434
1112122323433444	1211223133244434
1112122323433444	1122313142243344
1112122323433444	1211312233244434
1112122323433444	1231212133244434
1112122323433444	1211324233124434
1112122323433444	1121223143344234
1112122323433444	1211312243234344
1112122323433444	1211312243234434
1112122323433444	1211312243344234
1112122323433444	1121223343124434
1112122323433444	1121223344134234
1112122323433444	1231214132234434
1112122323433444	1231412233124434
1112122323433444	1211324132234434
1112122323433444	1121323243124434
1112122323433444	1121323244134234
1112122323433444	1231212143234434
1112122323433444	1231214132243344
1112122323433444	1231212143344234
1112122323433444	1122312143344234
1112122323433444	1211223143344234
1112122323433444	1211324132243344
1112122323433444	1231212143243344
1112122323433444	1211323142243344
1112122323433444	1122313243124434
1112122323433444	1231213142243344
1112122323433444	1122313142234434
1112122323433444	1211324132234344
1112122323433444	1231412233144234
1112122323433444	1211324233144234
1112122323433444	1122313244134234
1112122323433444	1211323142234434
1112122323433444	1211323144234234
1112122323433444	1211223343124434
1112122323433444	1211323243124434
1112122323433444	1122313144234234
1112122323433444	1211323244134234
1112122323433444	1211324342134234
1112122323433444	1211223344134234
1112122323433444	1231213142234434
1112122323433444	1231212143234344
1112122323433444	1231213144234234
1112122323433444	1231214132234344
1112122323433444	1231423142134234
1112122323434344	1211322143342434
1112122323434344	1211312243233444
1112122323434344	1211322143233444
1112122323434344	1122331144232434
1112122323434344	1211322143243434
1112122323434344	1211324132233444
1112122323434344	1122331142243434
1112122323434344	1231421132243434
1112122323434344	1231212143233444
1112122323434344	1231214132233444
1112122323434344	1231212143342434
1112122323434344	1211312243342434
1112122323434344	1211312243243434
1112122323434344	1122313144232434
1112122323434344	1231213144232434
1112122323434344	1211323144232434
1112122323434344	1122313244132434
1112122323434344	1211323244132434
1112122323434344	1231212143243434
1112122323434344	1122313142243434
1112122323434344	1211324132243434
1112122323434344	1231213142243434
1112122323434344	1211323142243434
1112122323434344	1231214132243434
1112122323434344	1211324233142434
1112122323434344	1231412233142434
1112122323434344	1231423142132434
1112122323434344	1211324342132434
1112122323434434	1211312243233444
1112122323434434	1211322143342344
1112122323434434	1122331144232344
1112122323434434	1211322143233444
1112122323434434	1122331142243344
1112122323434434	1231421132243344
1112122323434434	1211324132233444
1112122323434434	1122313142243344
1112122323434434	1122313144232344
1112122323434434	1122313244132344
1112122323434434	1231212143233444
1112122323434434	1231214132233444
1112122323434434	1211312243243344
1112122323434434	1231212143342344
1112122323434434	1231213144232344
1112122323434434	1211323244132344
1112122323434434	1231214132243344
1112122323434434	1211324132243344
1112122323434434	1211324342132344
1112122323434434	1211324233142344
1112122323434434	1231423142132344
1112122323443434	1211322143324344
1112122323443434	1122331144223344
1112122323443434	1231212143324344
1112122323443434	1122313144223344
1112122323443434	1122313244123344
1112122323443434	1231213144223344
1112122323443434	1211323144223344
1112122323443434	1211312243234344
1112122323443434	1211324342123344
1112122323443434	1211324233124344
1112122323443434	1231423142123344
1112122324334344	1211312242333444
1112122324334344	1211312243233444
1112122324334344	1211324132233444
1112122324334344	1211324321432434
1112122324334344	1211324231233444
1112122324334344	1211324321233444
1112122324334344	1211324321342434
1112122324334344	1211324321243434
1112122324334344	1211312242343434
1112122324334344	1211312243342434
1112122324334344	1211324132243434
1112122324334344	1122313241432434
1112122324334344	1211324231243434
1112122324334344	1211324231342434
1112122324334344	1211323241432434
1112122324334344	1122313241243434
1112122324334344	1211323241243434
1112122324334344	1211324341232434
1112122324334344	1231423121243434
1112122324334344	1231412231342434
1112122324334344	1231423141232434
1112122324334434	1211312242333444
1112122324334434	1122313241243344
1112122324334434	1122313241432344
1112122324334434	1211324321243344
1112122324334434	1211324321342344
1112122324334434	1211312242343344
1112122324334434	1231423121243344
1112122324334434	1211324132243344
1112122324334434	1211324231243344
1112122324334434	1211323241432344
1112122324334434	1211324231342344
1112122324334434	1231423141232344
1112122324343344	1211312242333444
1112122324343344	1211312243323444
1112122324343344	1211312243324434
1112122324343344	1211324231323444
1112122324343344	1211324231324434
1112122324343344	1211312242334434
1112122324343344	1231412231324434
1112122324343344	1122313241423434
1112122324343344	1211323241423434
1112122324343344	1211324341223434
1112122324343344	1231423141223434
1112122324343434	1122313241423344
1112122324343434	1211312242334344
1112122324343434	1211324341223344
1112122324343434	1211324231324344
1112122324343434	1231423141223344
1112122332343444	1211322143324434
1112122332343444	1121322143324434
1112122332343444	1211322143324344
1112122332343444	1122331144223344
1112122332343444	1231212143324434
1112122332343444	1211312243324434
1112122332343444	1122312143324434
1112122332343444	1121223143324434
1112122332343444	1211223143324434
1112122332343444	1231212143324344
1112122332343444	1211312243324344
1112122332343444	1122313124423344
1112122332343444	1122313144223344
1112122332343444	1122313214423344
1112122332343444	1122331124423344
1112122332343444	1231213144223344
1112122332343444	1211323144223344
1112122332343444	1122313244314234
1112122332343444	1211323244314234
1112122332343444	1211322134434234
1112122332343444	1121322134434234
1112122332343444	1211322134423344
1112122332343444	1211322134324434
1112122332343444	1121322134324434
1112122332343444	1231421134223344
1112122332343444	1211322124334344
1112122332343444	1122331124434234
1112122332343444	1211322124334434
1112122332343444	1122331124324434
1112122332343444	1231421123324434
1112122332343444	1211312224334344
1112122332343444	1211312224334434
1112122332343444	1211324213324434
1112122332343444	1231212124334344
1112122332343444	1121223134324434
1112122332343444	1121223134434234
1112122332343444	1121223314324434
1112122332343444	1121223314434234
1112122332343444	1211312234423344
1112122332343444	1211312234324434
1112122332343444	1211312234434234
1112122332343444	1122313214434234
1112122332343444	1122313124434234
1112122332343444	1211323214434234
1112122332343444	1231214123324434
1112122332343444	1231213124434234
1112122332343444	1231212134434234
1112122332343444	1231412213324434
1112122332343444	1211323124434234
1112122332343444	1121323214434234
1112122332343444	1122312134434234
1112122332343444	1211223314434234
1112122332343444	1211223134434234
1112122332343444	1211323214423344
1112122332343444	1211324123324434
1112122332343444	1231213124423344
1112122332343444	1231212134423344
1112122332343444	1211323124423344
1112122332343444	1121323214324434
1112122332343444	1231212124334434
1112122332343444	1122313214324434
1112122332343444	1211223314324434
1112122332343444	1122313124324434
1112122332343444	1211323214324434
1112122332343444	1211324324314234
1112122332343444	1231213124324434
1112122332343444	1231212134324434
1112122332343444	1211324134223344
1112122332343444	1211324314223344
1112122332343444	1211323124324434
1112122332343444	1122312134324434
1112122332343444	1211324213324344
1112122332343444	1211223134324434
1112122332343444	1211324123324344
1112122332343444	1231423114223344
1112122332343444	1231214123324344
1112122332343444	1211324234314234
1112122332343444	1231214134223344
1112122332343444	1231423124314234
1112122332343444	1231412234314234
1112122332344344	1211312224333444
1112122332344344	1211322143324434
1112122332344344	1211322124333444
1112122332344344	1211322143323444
1112122332344344	1122331144223434
1112122332344344	1231212124333444
1112122332344344	1211312243323444
1112122332344344	1231212143324434
1112122332344344	1211312243324434
1112122332344344	1211324123323444
1112122332344344	1122313214432434
1112122332344344	1122331124432434
1112122332344344	1122313124432434
1112122332344344	1211323214432434
1112122332344344	1211322134432434
1112122332344344	1231213124432434
1112122332344344	1231212134432434
1112122332344344	1211323124432434
1112122332344344	1211312234432434
1112122332344344	1231212143323444
1112122332344344	1211322134423434
1112122332344344	1122331124423434
1112122332344344	1231421134223434
1112122332344344	1122313144223434
1112122332344344	1231213144223434
1112122332344344	1231214123323444
1112122332344344	1211323144223434
1112122332344344	1122313244312434
1112122332344344	1211323244312434
1112122332344344	1211312234423434
1112122332344344	1211324324312434
1112122332344344	1211323124423434
1112122332344344	1211324134223434
1112122332344344	1122313124423434
1112122332344344	1211324234312434
1112122332344344	1231213124423434
1112122332344344	1231212134423434
1112122332344344	1231214134223434
1112122332344344	1231423124312434
1112122332344344	1231412234312434
1112122332433444	1211322143324434
1112122332433444	1121322143324434
1112122332433444	1121223133244434
1112122332433444	1231212143324434
1112122332433444	1121322133244434
1112122332433444	1211312243324434
1112122332433444	1211322143344234
1112122332433444	1121322143344234
1112122332433444	1211322143243344
1112122332433444	1122312143324434
1112122332433444	1122331142243344
1112122332433444	1211322133244434
1112122332433444	1121223143324434
1112122332433444	1231421132243344
1112122332433444	1122312133244434
1112122332433444	1211223143324434
1112122332433444	1211322143234344
1112122332433444	1122331144234234
1112122332433444	1211322143234434
1112122332433444	1122331142234434
1112122332433444	1231421132234434
1112122332433444	1211223133244434
1112122332433444	1122313124243344
1112122332433444	1122313142243344
1112122332433444	1122331124243344
1112122332433444	1211312233244434
1112122332433444	1231212133244434
1112122332433444	1211322134434234
1112122332433444	1121322134434234
1112122332433444	1211322134324434
1112122332433444	1121322134324434
1112122332433444	1211322134243344
1112122332433444	1211322134234434
1112122332433444	1122331124234434
1112122332433444	1231421134234234
1112122332433444	1211312224334344
1112122332433444	1211324213324434
1112122332433444	1211324233124434
1112122332433444	1211324323124434
1112122332433444	1121223134324434
1112122332433444	1121223134344234
1112122332433444	1121223143344234
1112122332433444	1211312243234344
1112122332433444	1211312243234434
1112122332433444	1121223314324434
1112122332433444	1121223314434234
1112122332433444	1121223334124434
1112122332433444	1121223343124434
1112122332433444	1121223344134234
1112122332433444	1211312234243344
1112122332433444	1211312234234434
1112122332433444	1211312234434234
1112122332433444	1211312234344234
1112122332433444	1122313214434234
1112122332433444	1211223334124434
1112122332433444	1211323214434234
1112122332433444	1231214132234434
1112122332433444	1211324324134234
1112122332433444	1231212134434234
1112122332433444	1231412213324434
1112122332433444	1231412233124434
1112122332433444	1231423123124434
1112122332433444	1121323214434234
1112122332433444	1122312134434234
1112122332433444	1211223314434234
1112122332433444	1211324132234434
1112122332433444	1211324123234434
1112122332433444	1121323214324434
1112122332433444	1121323234124434
1112122332433444	1121323243124434
1112122332433444	1121323244134234
1112122332433444	1231212143234434
1112122332433444	1231214123234434
1112122332433444	1231214132243344
1112122332433444	1231212143344234
1112122332433444	1122312143344234
1112122332433444	1211223143344234
1112122332433444	1211324132243344
1112122332433444	1122313214324434
1112122332433444	1231212143243344
1112122332433444	1211223314324434
1112122332433444	1211323124243344
1112122332433444	1211323142243344
1112122332433444	1211323214324434
1112122332433444	1231212134324434
1112122332433444	1122313243124434
1112122332433444	1231213142243344
1112122332433444	1122312134324434
1112122332433444	1211223134324434
1112122332433444	1122313142234434
1112122332433444	1122313124234434
1112122332433444	1211324123234344
1112122332433444	1122313234124434
1112122332433444	1211324132234344
1112122332433444	1231213124243344
1112122332433444	1231212134243344
1112122332433444	1122312134344234
1112122332433444	1211323124234434
1112122332433444	1122313244134234
1112122332433444	1211324134234234
1112122332433444	1211223134344234
1112122332433444	1211323142234434
1112122332433444	1211323144234234
1112122332433444	1211223343124434
1112122332433444	1211323243124434
1112122332433444	1211323234124434
1112122332433444	1122313144234234
1112122332433444	1211324234134234
1112122332433444	1211323244134234
1112122332433444	1211324342134234
1112122332433444	1211223344134234
1112122332433444	1231213142234434
1112122332433444	1231213124234434
1112122332433444	1231212134234434
1112122332433444	1231212143234344
1112122332433444	1231213144234234
1112122332433444	1231214132234344
1112122332433444	1231214123234344
1112122332433444	1231423142134234
1112122332433444	1231412234134234
1112122332433444	1231423124134234
1112122332433444	1231214134234234
1112122332434344	1211312224333444
1112122332434344	1211322143342434
1112122332434344	1211312243233444
1112122332434344	1211322143233444
1112122332434344	1122331144232434
1112122332434344	1211322143243434
1112122332434344	1211324123233444
1112122332434344	1211324132233444
1112122332434344	1122331142243434
1112122332434344	1231421132243434
1112122332434344	1122313214432434
1112122332434344	1211323214432434
1112122332434344	1211322134432434
1112122332434344	1231212134432434
1112122332434344	1211312234432434
1112122332434344	1231212143233444
1112122332434344	1211322134243434
1112122332434344	1231214123233444
1112122332434344	1231214132233444
1112122332434344	1122331124243434
1112122332434344	1231421134232434
1112122332434344	1231212143342434
1112122332434344	1211312243342434
1112122332434344	1211324324132434
1112122332434344	1211312234243434
1112122332434344	1122313144232434
1112122332434344	1231213144232434
1112122332434344	1211323144232434
1112122332434344	1122313244132434
1112122332434344	1211323244132434
1112122332434344	1231212143243434
1112122332434344	1211323124243434
1112122332434344	1122313142243434
1112122332434344	1211324132243434
1112122332434344	1231213142243434
1112122332434344	1211323142243434
1112122332434344	1211324134232434
1112122332434344	1122313124243434
1112122332434344	1231214132243434
1112122332434344	1211324234132434
1112122332434344	1231212134243434
1112122332434344	1231412234132434
1112122332434344	1231213124243434
1112122332434344	1231214134232434
1112122332434344	1231423124132434
1112122332434434	1211312224333444
1112122332434434	1211312243233444
1112122332434434	1211322143342344
1112122332434434	1122331144232344
1112122332434434	1211322143233444
1112122332434434	1122331142243344
1112122332434434	1231421132243344
1112122332434434	1211324123233444
1112122332434434	1211324132233444
1112122332434434	1122313124243344
1112122332434434	1122313142243344
1112122332434434	1122313144232344
1112122332434434	1122313214432344
1112122332434434	1122313244132344
1112122332434434	1122331124243344
1112122332434434	1211322134432344
1112122332434434	1211323214432344
1112122332434434	1231212134432344
1112122332434434	1231212143233444
1112122332434434	1231421134232344
1112122332434434	1231214123233444
1112122332434434	1231214132233444
1112122332434434	1211324324132344
1112122332434434	1231212143342344
1112122332434434	1231213144232344
1112122332434434	1211323244132344
1112122332434434	1231214132243344
1112122332434434	1211324132243344
1112122332434434	1211324234132344
1112122332434434	1231214134232344
1112122332434434	1231423124132344
1112122332443434	1211322143324344
1112122332443434	1122331144223344
1112122332443434	1122331142243344
1112122332443434	1231421132243344
1112122332443434	1231212143324344
1112122332443434	1122313124243344
1112122332443434	1122313142243344
1112122332443434	1122313144223344
1112122332443434	1122313214423344
1112122332443434	1122313244123344
1112122332443434	1122331124243344
1112122332443434	1231213144223344
1112122332443434	1211323144223344
1112122332443434	1231421134223344
1112122332443434	1211312243234344
1112122332443434	1211312243243344
1112122332443434	1211312234423344
1112122332443434	1211324324123344
1112122332443434	1211324323124344
1112122332443434	1231214132243344
1112122332443434	1211324132243344
1112122332443434	1211324134223344
1112122332443434	1211324314223344
1112122332443434	1211324342123344
1112122332443434	1211324213324344
1112122332443434	1211324234123344
1112122332443434	1211324233124344
1112122332443434	1211324123234344
1112122332443434	1231423114223344
1112122332443434	1231214123324344
1112122332443434	1231214134223344
1112122332443434	1231423124123344
1112122332443434	1231423142123344
1112122333423444	1121223133244434
1112122333423444	1121223313244434
1112122333423444	1121322133244434
1112122333423444	1121323213244434
1112122333423444	1211322143344234
1112122333423444	1211322143243344
1112122333423444	1122331142243344
1112122333423444	1231421132243344
1112122333423444	1122313124243344
1112122333423444	1122313142243344
1112122333423444	1122313214243344
1112122333423444	1122331124243344
1112122333423444	1211322134344234
1112122333423444	1121322134344234
1112122333423444	1211322134243344
1112122333423444	1211312224343344
1112122333423444	1121223334144234
1112122333423444	1211223334144234
1112122333423444	1121223343144234
1112122333423444	1211312234243344
1112122333423444	1211324323144234
1112122333423444	1121323214344234
1112122333423444	1121323234144234
1112122333423444	1121323243144234
1112122333423444	1231214132243344
1112122333423444	1231212143344234
1112122333423444	1231423112243344
1112122333423444	1231412132243344
1112122333423444	1231412213243344
1112122333423444	1231412123243344
1112122333423444	1231212143243344
1112122333423444	1211323124243344
1112122333423444	1211323142243344
1112122333423444	1211323214243344
1112122333423444	1231213142243344
1112122333423444	1122313243144234
1112122333423444	1211323243144234
1112122333423444	1231214123243344
1112122333423444	1211223343144234
1112122333423444	1231412233144234
1112122333423444	1211324233144234
1112122333423444	1231213124243344
1112122333423444	1231212134243344
1112122333423444	1122313214344234
1112122333423444	1122313234144234
1112122333423444	1211324213344234
1112122333423444	1211323214344234
1112122333423444	1211323234144234
1112122333423444	1231412213344234
1112122333423444	1231423123144234
1112122333423444	1231214123344234
1112122333423444	1231212134344234
1112122333442344	1211322143324434
1112122333442344	1231212143324434
1112122333442344	1231421132234434
1112122333442344	1231421123234434
1112122333442344	1211324213324434
1112122333442344	1211324233124434
1112122333442344	1211324323124434
1112122333442344	1231214123324434
1112122333442344	1231214132234434
1112122333442344	1231412213324434
1112122333442344	1231412233124434
1112122333442344	1231423123124434
1112122333442344	1231412132234434
1112122333442344	1231412123234434
1112122333442434	1211322143324344
1112122333442434	1231421132234344
1112122333442434	1231212143324344
1112122333442434	1231421123234344
1112122333442434	1211312243234344
1112122333442434	1211324323124344
1112122333442434	1211324213324344
1112122333442434	1211324233124344
1112122333442434	1211324123234344
1112122333442434	1231412213324344
1112122333442434	1231214123324344
1112122333442434	1231412132234344
1112122333442434	1231214132234344
1112122333442434	1231412233124344
1112122333442434	1231412123234344
1112122333442434	1231423123124344
1112122334233444	1122313122443344
1112122334233444	1211323122443344
1112122334233444	1211312232443344
1112122334233444	1121223331424434
1112122334233444	1211223331424434
1112122334233444	1211324321434234
1112122334233444	1211324321324434
1112122334233444	1121223133444234
1112122334233444	1211223133444234
1112122334233444	1211312233444234
1112122334233444	1211324231324434
1112122334233444	1121223133424434
1112122334233444	1211312242334344
1112122334233444	1211312232434434
1112122334233444	1121223341324434
1112122334233444	1121223341434234
1112122334233444	1211312243434234
1112122334233444	1231412231324434
1112122334233444	1231423121324434
1112122334233444	1121323231424434
1112122334233444	1121323241324434
1112122334233444	1121323241434234
1112122334233444	1122313241324434
1112122334233444	1122313122434434
1112122334233444	1211324122334344
1112122334233444	1122313231424434
1112122334233444	1211323122434434
1112122334233444	1211223133424434
1112122334233444	1122313241434234
1112122334233444	1211324132434234
1112122334233444	1211223341324434
1112122334233444	1211323241324434
1112122334233444	1211323231424434
1112122334233444	1211324231434234
1112122334233444	1211323241434234
1112122334233444	1211223341434234
1112122334233444	1231423121434234
1112122334233444	1231412231434234
1112122334234344	1211312242333444
1112122334234344	1211324122333444
1112122334234344	1211324321432434
1112122334234344	1122313122443434
1112122334234344	1211312232443434
1112122334234344	1211323122443434
1112122334234344	1211312243432434
1112122334234344	1231423121432434
1112122334234344	1231412231432434
1112122334234344	1211324231432434
1112122334234344	1122313241432434
1112122334234344	1211324132432434
1112122334234344	1211323241432434
1112122334234434	1122313122443344
1112122334234434	1211312242333444
1112122334234434	1211324122333444
1112122334234434	1211324321432344
1112122334234434	1122313241432344
1112122334234434	1211323241432344
1112122334234434	1211324231432344
1112122334234434	1231423121432344
1112122334243344	1211312242333444
1112122334243344	1211312243323444
1112122334243344	1211324122333444
1112122334243344	1211324132323444
1112122334243344	1211324231323444
1112122334243344	1211324321323444
1112122334243344	1211324321324434
1112122334243344	1211324321423434
1112122334243344	1211324231324434
1112122334243344	1122313122443434
1112122334243344	1211312242334434
1112122334243344	1211312232443434
1112122334243344	1211323122443434
1112122334243344	1211312243423434
1112122334243344	1231412231324434
1112122334243344	1211324132423434
1112122334243344	1211324231423434
1112122334243344	1122313241423434
1112122334243344	1211323241423434
1112122334243344	1211324341223434
1112122334243344	1231423121423434
1112122334243344	1231423141223434
1112122334243434	1122313122443344
1112122334243434	1122313241423344
1112122334243434	1211324321423344
1112122334243434	1211324321324344
1112122334243434	1211312242334344
1112122334243434	1211312243423344
1112122334243434	1211324132423344
1112122334243434	1211324341223344
1112122334243434	1211324231423344
1112122334243434	1211324231324344
1112122334243434	1231423121423344
1112122334243434	1231423141223344
1112122334323444	1122313122443344
1112122334323444	1121223331444234
1112122334323444	1211223331444234
1112122334323444	1121223133244434
1112122334323444	1121223331244434
1112122334323444	1121323231244434
1112122334323444	1211323122443344
1112122334323444	1211312232443344
1112122334323444	1121323231444234
1112122334323444	1122313231444234
1112122334323444	1211324321344234
1112122334323444	1211323231444234
1112122334323444	1121323241344234
1112122334323444	1231412122343344
1112122334323444	1122313241344234
1112122334323444	1211324231344234
1112122334323444	1211323241344234
1112122334323444	1231412231344234
1112122334323444	1231423121344234
1112122334324344	1211324321432434
1112122334324344	1211324321342434
1112122334324344	1231423121432434
1112122334324344	1231412231432434
1112122334324344	1211324231432434
1112122334324344	1122313241432434
1112122334324344	1211324231342434
1112122334324344	1211323241432434
1112122334324344	1231412122343434
1112122334324344	1231423121342434
1112122334324344	1231412231342434
1112122334324434	1122313122443344
1112122334324434	1211312242333444
1112122334324434	1211324122333444
1112122334324434	1122313241243344
1112122334324434	1211324321243344
1112122334324434	1211324321342344
1112122334324434	1231412122333444
1112122334324434	1211312242343344
1112122334324434	1231423121243344
1112122334324434	1231412231243344
1112122334324434	1231412122343344
1112122334324434	1211324132243344
1112122334324434	1211324231243344
1112122334324434	1211324122343344
1112122334324434	1211324231342344
1112122334324434	1231423141232344
1112122334324434	1231412231342344
1112122334324434	1231423121342344
1112122334342344	1211324321324434
1112122334342344	1211324231324434
1112122334342344	1231412231324434
1112122334342344	1231423121324434
1112122334342344	1231412122334434
1112122334342434	1211324321324344
1112122334342434	1211312242334344
1112122334342434	1211324231324344
1112122334342434	1211324122334344
1112122334342434	1231412231324344
1112122334342434	1231412122334344
1112122334342434	1231423121324344
1112122334344234	1211312242333444
1112122334344234	1211312243323444
1112122334344234	1211324122333444
1112122334344234	1211324132323444
1112122334344234	1211324231323444
1112122334344234	1211324321323444
1112122334344234	1231412122333444
1112122334344234	1231412231323444
1112122334344234	1231423121323444
1112122334423344	1211324321243434
1112122334423344	1211312242343434
1112122334423344	1211312243243434
1112122334423344	1211324132243434
1112122334423344	1211324231243434
1112122334423344	1231423121243434
1112122334423434	1122313241243344
1112122334423434	1211324321243344
1112122334423434	1211312242343344
1112122334423434	1211312243243344
1112122334423434	1231423121243344
1112122334423434	1211324132243344
1112122334423434	1211324231243344
1112122334434234	1211312242333444
1112122334434234	1211312243233444
1112122334434234	1211324132233444
1112122334434234	1211324231233444
1112122334434234	1211324321233444
1112122334434234	1231412231233444
1112122334434234	1231423121233444
1112122342333444	1121223313244434
1112122342333444	1121323213244434
1112122342333444	1122313213244434
1112122342333444	1211223313244434
1112122342333444	1211323213244434
1112122342333444	1122313214243344
1112122342333444	1211312223344434
1112122342333444	1211312224334344
1112122342333444	1211312224334434
1112122342333444	1211324213324434
1112122342333444	1211312224343344
1112122342333444	1121223314324434
1112122342333444	1121223314344234
1112122342333444	1121223314434234
1112122342333444	1121223334124434
1112122342333444	1122313214434234
1112122342333444	1211223334124434
1112122342333444	1211323214434234
1112122342333444	1211324324134234
1112122342333444	1231412213324434
1112122342333444	1231423112234434
1112122342333444	1121323214434234
1112122342333444	1211223314434234
1112122342333444	1211324312234434
1112122342333444	1211324323144234
1112122342333444	1211324312243344
1112122342333444	1211324213234434
1112122342333444	1121323214324434
1112122342333444	1211324312234344
1112122342333444	1231423112243344
1112122342333444	1122313214324434
1112122342333444	1211324213243344
1112122342333444	1211223314324434
1112122342333444	1211323214243344
1112122342333444	1211323214324434
1112122342333444	1122313214234434
1112122342333444	1211324213234344
1112122342333444	1211223314344234
1112122342333444	1211324213344234
1112122342333444	1211323214234434
1112122342333444	1211324314234234
1112122342333444	1231412213344234
1112122342333444	1231423114234234
1112122342334344	1211312224333444
1112122342334344	1211324213233444
1112122342334344	1211324312233444
1112122342334344	1122313214432434
1112122342334344	1211323214432434
1112122342334344	1211312224343434
1112122342334344	1211324312243434
1112122342334344	1211324213342434
1112122342334344	1211324314232434
1112122342334344	1211324213243434
1112122342334344	1211323214243434
1112122342334344	1122313214243434
1112122342334344	1231412213342434
1112122342334344	1231423114232434
1112122342334344	1231423112243434
1112122342334434	1211312224333444
1112122342334434	1122313214243344
1112122342334434	1122313214432344
1112122342334434	1211323214432344
1112122342334434	1211324312243344
1112122342334434	1231423112243344
1112122342334434	1211324213243344
1112122342334434	1211324213342344
1112122342334434	1231423114232344
1112122342343344	1211312224333444
1112122342343344	1211324213323444
1112122342343344	1211312224334434
1112122342343344	1211324213324434
1112122342343344	1231412213324434
1112122342343344	1211324314223434
1112122342343344	1211323214423434
1112122342343344	1122313214423434
1112122342343344	1231423114223434
1112122342343434	1122313214423344
1112122342343434	1211324314223344
1112122342343434	1211324213324344
1112122342343434	1231423114223344
1112122343233444	1122313212443344
1112122343233444	1211323212443344
1112122343233444	1121223331424434
1112122343233444	1211223331424434
1112122343233444	1211324321434234
1112122343233444	1211324321324434
1112122343233444	1121223313444234
1112122343233444	1211223313444234
1112122343233444	1211324213324434
1112122343233444	1121223313424434
1112122343233444	1122313214434234
1112122343233444	1231412213324434
1112122343233444	1121323213424434
1112122343233444	1122313214324434
1112122343233444	1122313212434434
1112122343233444	1211324212334344
1112122343233444	1211323212434434
1112122343233444	1211223313424434
1112122343233444	1211323213424434
1112122343233444	1211324213434234
1112122343233444	1211324312434234
1112122343233444	1231423112434234
1112122343234344	1211324321432434
1112122343234344	1211324212333444
1112122343234344	1122313214432434
1112122343234344	1122313212443434
1112122343234344	1211323212443434
1112122343234344	1231423112432434
1112122343234344	1211324213432434
1112122343234344	1211324312432434
1112122343234434	1122313212443344
1112122343234434	1122313214432344
1112122343234434	1211324213432344
1112122343234434	1231423112432344
1112122343243344	1211324213323444
1112122343243344	1211324312323444
1112122343243344	1211324213324434
1112122343243344	1122313212443434
1112122343243344	1211323212443434
1112122343243344	1231412213324434
1112122343243344	1122313214423434
1112122343243344	1211324213423434
1112122343243344	1211324312423434
1112122343243344	1231423112423434
1112122343243434	1122313212443344
1112122343243434	1122313214423344
1112122343243434	1211324312423344
1112122343243434	1211324213423344
1112122343243434	1211324213324344
1112122343243434	1231423112423344
1112122343342344	1211324321324434
1112122343342344	1211324213324434
1112122343342344	1231412213324434
1112122343342344	1231423112324434
1112122343342344	1231412212334434
1112122343342434	1211324213324344
1112122343342434	1211324212334344
1112122343342434	1231412213324344
1112122343342434	1231412212334344
1112122343342434	1231423112324344
1112122343344234	1211324212333444
1112122343344234	1211324213323444
1112122343344234	1211324312323444
1112122343344234	1231412212333444
1112122343344234	1231412213323444
1112122343344234	1231423112323444
1112122343423344	1211324312243434
1112122343423344	1211324213243434
1112122343423344	1231423112243434
1112122343423434	1122313214243344
1112122343423434	1211324312243344
1112122343423434	1231423112243344
1112122343423434	1211324213243344
1112122343432344	1231423112234434
1112122343432344	1231412213234434
1112122343432434	1211324213234344
1112122343432434	1231412213234344
1112122343432434	1231423112234344
1112122343434234	1211324213233444
1112122343434234	1211324312233444
1112122343434234	1231412213233444
1112122343434234	1231423112233444
1112123223343444	1211322143324434
1112123223343444	1121322143324434
1112123223343444	1122311322443344
1112123223343444	1211322143324344
1112123223343444	1122331122443344
1112123223343444	1122331144223344
1112123223343444	1231211243324434
1112123223343444	1211321243324434
1112123223343444	1211321322443344
1112123223343444	1122311243324434
1112123223343444	1211322132443344
1112123223343444	1121221343324434
1112123223343444	1211221343324434
1112123223343444	1231211322443344
1112123223343444	1122311342423344
1112123223343444	1231211243324344
1112123223343444	1122311344223344
1112123223343444	1122311432423344
1112123223343444	1211321243324344
1112123223343444	1211322143434234
1112123223343444	1121322143434234
1112123223343444	1211322143423344
1112123223343444	1122331142423344
1112123223343444	1211322133424434
1112123223343444	1121322133424434
1112123223343444	1231421132423344
1112123223343444	1211322142334344
1112123223343444	1122331142434234
1112123223343444	1211322142334434
1112123223343444	1122331142324434
1112123223343444	1231421132324434
1112123223343444	1231211344223344
1112123223343444	1211321344223344
1112123223343444	1211322132434434
1112123223343444	1122331122434434
1112123223343444	1231421132434234
1112123223343444	1122331244314234
1112123223343444	1211322344314234
1112123223343444	1121221333444234
1112123223343444	1211221333444234
1112123223343444	1121221333424434
1112123223343444	1211322431324434
1112123223343444	1211221333424434
1112123223343444	1121221343434234
1112123223343444	1231211432423344
1112123223343444	1211321432423344
1112123223343444	1211322433414234
1112123223343444	1231211432324434
1112123223343444	1231421231324434
1112123223343444	1211321432324434
1112123223343444	1122311432324434
1112123223343444	1121322341324434
1112123223343444	1121322341434234
1112123223343444	1121322431324434
1112123223343444	1211321242334434
1112123223343444	1211321422334434
1112123223343444	1231211432324344
1112123223343444	1211321432324344
1112123223343444	1122331442314234
1112123223343444	1231211242334434
1112123223343444	1231211422334434
1112123223343444	1211321242334344
1112123223343444	1211321243423344
1112123223343444	1211321233424434
1112123223343444	1211321243434234
1112123223343444	1211321422334344
1112123223343444	1211321342423344
1112123223343444	1211321322434434
1112123223343444	1122331241324434
1112123223343444	1211321432434234
1112123223343444	1122311342324434
1112123223343444	1122311322434434
1112123223343444	1211321342324434
1112123223343444	1211321342434234
1112123223343444	1211221343434234
1112123223343444	1122311432434234
1112123223343444	1231211432434234
1112123223343444	1231211422334344
1112123223343444	1122311233424434
1112123223343444	1231211322434434
1112123223343444	1211322341324434
1112123223343444	1211322341434234
1112123223343444	1122311243434234
1112123223343444	1122311342434234
1112123223343444	1122331241434234
1112123223343444	1231211342324434
1112123223343444	1231211233424434
1112123223343444	1231211342423344
1112123223343444	1231421342314234
1112123223343444	1231211243423344
1112123223343444	1231211242334344
1112123223343444	1231211342434234
1112123223343444	1231421233414234
1112123223343444	1231211243434234
1112123223344344	1211322143324434
1112123223344344	1211322143323444
1112123223344344	1122331144223434
1112123223344344	1231211243324434
1112123223344344	1211321243324434
1112123223344344	1211321242333444
1112123223344344	1211321243323444
1112123223344344	1211321422333444
1112123223344344	1211321432323444
1112123223344344	1211322142333444
1112123223344344	1211322143432434
1112123223344344	1122331142432434
1112123223344344	1211322143423434
1112123223344344	1122331142423434
1112123223344344	1231421132423434
1112123223344344	1211322132443434
1112123223344344	1122331122443434
1112123223344344	1231421132432434
1112123223344344	1231211243323444
1112123223344344	1231211242333444
1112123223344344	1231211422333444
1112123223344344	1122311344223434
1112123223344344	1231211432323444
1112123223344344	1231211344223434
1112123223344344	1211321344223434
1112123223344344	1122331244312434
1112123223344344	1211322344312434
1112123223344344	1122311322443434
1112123223344344	1211321322443434
1112123223344344	1231211322443434
1112123223344344	1231211432423434
1112123223344344	1211321432423434
1112123223344344	1122311432423434
1112123223344344	1211322433412434
1112123223344344	1122331442312434
1112123223344344	1211321243423434
1112123223344344	1211321243432434
1112123223344344	1231211432432434
1112123223344344	1211321432432434
1112123223344344	1122311432432434
1112123223344344	1211321342423434
1112123223344344	1211321342432434
1112123223344344	1211322341432434
1112123223344344	1231211243432434
1112123223344344	1122331241432434
1112123223344344	1122311342432434
1112123223344344	1122311342423434
1112123223344344	1231211342432434
1112123223344344	1231421342312434
1112123223344344	1231211342423434
1112123223344344	1231421233412434
1112123223344344	1231211243423434
1112123223433444	1121221333244434
1112123223433444	1211322143324434
1112123223433444	1121322143324434
1112123223433444	1211221333244434
1112123223433444	1231211243324434
1112123223433444	1211321243324434
1112123223433444	1231211432243344
1112123223433444	1211321432243344
1112123223433444	1122311432243344
1112123223433444	1121221343324434
1112123223433444	1211221343324434
1112123223433444	1211322433144234
1112123223433444	1122311342243344
1112123223433444	1231211432234434
1112123223433444	1211321432234434
1112123223433444	1122311432234434
1112123223433444	1211322433124434
1112123223433444	1121322433124434
1112123223433444	1231211432234344
1112123223433444	1211321432234344
1112123223433444	1122331442134234
1112123223433444	1121221343344234
1112123223433444	1231421233124434
1112123223433444	1121322343124434
1112123223433444	1121322344134234
1112123223433444	1211321243234434
1112123223433444	1231211243234434
1112123223433444	1211321243234344
1112123223433444	1211221343344234
1112123223433444	1211321342243344
1112123223433444	1122331243124434
1112123223433444	1231211342243344
1112123223433444	1122311342234434
1112123223433444	1211321342234434
1112123223433444	1211321344234234
1112123223433444	1211322343124434
1112123223433444	1211322344134234
1112123223433444	1122311344234234
1112123223433444	1122331244134234
1112123223433444	1231211342234434
1112123223433444	1231211243234344
1112123223433444	1231211344234234
1112123223433444	1231421342134234
1112123223434344	1211321243233444
1112123223434344	1211321432233444
1112123223434344	1231211432243434
1112123223434344	1211321432243434
1112123223434344	1122311432243434
1112123223434344	1211322433142434
1112123223434344	1231211432233444
1112123223434344	1122331442132434
1112123223434344	1231211243233444
1112123223434344	1122311344232434
1112123223434344	1231211344232434
1112123223434344	1211321344232434
1112123223434344	1122331244132434
1112123223434344	1211322344132434
1112123223434344	1211321342243434
1112123223434344	1122311342243434
1112123223434344	1231211342243434
1112123223434344	1231421342132434
1112123223434434	1231211432243344
1112123223434434	1211321243233444
1112123223434434	1211321432243344
1112123223434434	1211321432233444
1112123223434434	1122311432243344
1112123223434434	1122311342243344
1112123223434434	1122311344232344
1112123223434434	1231211432233444
1112123223434434	1122331244132344
1112123223434434	1122331442132344
1112123223434434	1211322433142344
1112123223434434	1231211243233444
1112123223434434	1231211344232344
1112123223434434	1211322344132344
1112123223434434	1231421342132344
1112123223443434	1211322143324344
1112123223443434	1122331144223344
1112123223443434	1231211432243344
1112123223443434	1211321432243344
1112123223443434	1122311432243344
1112123223443434	1122311342243344
1112123223443434	1231211243324344
1112123223443434	1122311344223344
1112123223443434	1231211344223344
1112123223443434	1122331244123344
1112123223443434	1211321344223344
1112123223443434	1122331442123344
1112123223443434	1231211432234344
1112123223443434	1211322433124344
1112123223443434	1211321243234344
1112123223443434	1231421342123344
1112123224334434	1122311322443344
1112123224334434	1211322143342344
1112123224334434	1122331144232344
1112123224334434	1211321242333444
1112123224334434	1231211432243344
1112123224334434	1211321422333444
1112123224334434	1211321432243344
1112123224334434	1122331142243344
1112123224334434	1122311432243344
1112123224334434	1231421132243344
1112123224334434	1122311342243344
1112123224334434	1122311342432344
1112123224334434	1122311344232344
1112123224334434	1122311432432344
1112123224334434	1122331241243344
1112123224334434	1122331241432344
1112123224334434	1122331421243344
1112123224334434	1122331441232344
1112123224334434	1231211242333444
1112123224334434	1231211422333444
1112123224334434	1231211344232344
1112123224334434	1211322431342344
1112123224334434	1211321242343344
1112123224334434	1231421321243344
1112123224334434	1231211432432344
1112123224334434	1211321422343344
1112123224334434	1211322341432344
1112123224334434	1231211432342344
1112123224334434	1231211342432344
1112123224334434	1231421341232344
1112123224343344	1211322143324434
1112123224343344	1211322143323444
1112123224343344	1122331144223434
1112123224343344	1211321242333444
1112123224343344	1211321422333444
1112123224343344	1211321432323444
1112123224343344	1211322431323444
1112123224343344	1231211242333444
1112123224343344	1231211422333444
1112123224343344	1122311344223434
1112123224343344	1231211432323444
1112123224343344	1231211344223434
1112123224343344	1211321344223434
1112123224343344	1211322431324434
1112123224343344	1122311322443434
1112123224343344	1211321322443434
1112123224343344	1231211322443434
1112123224343344	1231211432423434
1112123224343344	1211321432423434
1112123224343344	1122311432423434
1112123224343344	1231211432324434
1112123224343344	1231421231324434
1112123224343344	1211321432324434
1112123224343344	1211321242334434
1112123224343344	1211321422334434
1112123224343344	1122331441223434
1112123224343344	1231211242334434
1112123224343344	1231211422334434
1112123224343344	1211321342423434
1112123224343344	1211322341423434
1112123224343344	1122311342423434
1112123224343344	1122331241423434
1112123224343344	1231421341223434
1112123224343344	1231211342423434
1112123224343434	1122311322443344
1112123224343434	1211322143324344
1112123224343434	1122331144223344
1112123224343434	1122311342423344
1112123224343434	1122311344223344
1112123224343434	1122311432423344
1112123224343434	1122331241423344
1112123224343434	1231211344223344
1112123224343434	1211321344223344
1112123224343434	1122331441223344
1112123224343434	1231211432423344
1112123224343434	1211321432423344
1112123224343434	1231211432324344
1112123224343434	1211322431324344
1112123224343434	1211321242334344
1112123224343434	1211321422334344
1112123224343434	1211321342423344
1112123224343434	1231421341223344
1112123232343444	1122311324423344
1112123232343444	1122311434223344
1112123232343444	1122331214423344
1112123232343444	1122331414223344
1112123232343444	1211322413324434
1112123232343444	1211321224334344
1112123232343444	1121322413324434
1112123232343444	1121221334324434
1112123232343444	1211322413324344
1112123232343444	1121221334434234
1112123232343444	1231211224334344
1112123232343444	1122331214434234
1112123232343444	1122311324434234
1112123232343444	1231211423324434
1112123232343444	1211322314434234
1112123232343444	1231211324434234
1112123232343444	1231421213324434
1112123232343444	1211321324434234
1112123232343444	1121322314434234
1112123232343444	1211221334434234
1112123232343444	1121322314324434
1112123232343444	1211322314423344
1112123232343444	1211321423324434
1112123232343444	1211322314324434
1112123232343444	1231421314223344
1112123232343444	1231211324423344
1112123232343444	1211321224334434
1112123232343444	1211321324423344
1112123232343444	1122331214324434
1112123232343444	1231211224334434
1112123232343444	1211321434223344
1112123232343444	1122311324324434
1112123232343444	1122311423324434
1112123232343444	1211321423324344
1112123232343444	1231211324324434
1112123232343444	1211321324324434
1112123232343444	1211221334324434
1112123232343444	1211322434314234
1112123232343444	1231211434223344
1112123232343444	1231211423324344
1112123232343444	1122331424314234
1112123232343444	1231421324314234
1112123232344344	1211321224333444
1112123232344344	1231211224333444
1112123232344344	1211321423323444
1112123232344344	1122331214432434
1112123232344344	1122311324432434
1112123232344344	1211322314432434
1112123232344344	1231211324432434
1112123232344344	1211321324432434
1112123232344344	1231211423323444
1112123232344344	1211321324423434
1112123232344344	1211321434223434
1112123232344344	1211322434312434
1112123232344344	1122331424312434
1112123232344344	1122311324423434
1112123232344344	1122311434223434
1112123232344344	1231211434223434
1112123232344344	1231421324312434
1112123232344344	1231211324423434
1112123232433444	1121221333244434
1112123232433444	1211221333244434
1112123232433444	1231211432243344
1112123232433444	1211321432243344
1112123232433444	1122311432243344
1112123232433444	1122311324243344
1112123232433444	1231211432234434
1112123232433444	1211321432234434
1112123232433444	1122311432234434
1112123232433444	1211322433124434
1112123232433444	1121322433124434
1112123232433444	1231211432234344
1112123232433444	1211321432234344
1112123232433444	1122331442134234
1112123232433444	1211322413324434
1112123232433444	1211321224334344
1112123232433444	1121322413324434
1112123232433444	1121221334324434
1112123232433444	1121221334344234
1112123232433444	1121221334434234
1112123232433444	1231211224334344
1112123232433444	1122311324434234
1112123232433444	1231211324434234
1112123232433444	1211321324434234
1112123232433444	1231421323124434
1112123232433444	1211221334434234
1112123232433444	1121322334124434
1112123232433444	1211321423234434
1112123232433444	1121322434134234
1112123232433444	1231211423234434
1112123232433444	1211321324243344
1112123232433444	1211321423234344
1112123232433444	1211321324234434
1112123232433444	1122331423124434
1112123232433444	1211221334324434
1112123232433444	1122311324234434
1112123232433444	1211321434234234
1112123232433444	1211221334344234
1112123232433444	1211322334124434
1112123232433444	1211322434134234
1112123232433444	1231211324243344
1112123232433444	1122331424134234
1112123232433444	1231421324134234
1112123232433444	1122311434234234
1112123232433444	1231211434234234
1112123232433444	1231211423234344
1112123232433444	1231211324234434
1112123232434344	1211321224333444
1112123232434344	1231211224333444
1112123232434344	1211321423233444
1112123232434344	1211321432233444
1112123232434344	1122311324432434
1112123232434344	1231211432243434
1112123232434344	1211321432243434
1112123232434344	1122311432243434
1112123232434344	1231211324432434
1112123232434344	1211321324432434
1112123232434344	1231211432233444
1112123232434344	1231211423233444
1112123232434344	1211321324243434
1112123232434344	1211321434232434
1112123232434344	1211322434132434
1112123232434344	1122331424132434
1112123232434344	1122311324243434
1112123232434344	1231421324132434
1112123232434344	1122311434232434
1112123232434344	1231211434232434
1112123232434344	1231211324243434
1112123232434434	1211321224333444
1112123232434434	1231211224333444
1112123232434434	1231211432243344
1112123232434434	1211321432243344
1112123232434434	1211321423233444
1112123232434434	1211321432233444
1112123232434434	1122311432243344
1112123232434434	1122311324243344
1112123232434434	1122311324432344
1112123232434434	1122311434232344
1112123232434434	1231211432233444
1112123232434434	1122331424132344
1112123232434434	1231211324432344
1112123232434434	1231211423233444
1112123232434434	1211322434132344
1112123232434434	1231421324132344
1112123232434434	1231211434232344
1112123232443434	1231211432243344
1112123232443434	1211321432243344
1112123232443434	1122311432243344
1112123232443434	1122311324243344
1112123232443434	1122311324423344
1112123232443434	1122311434223344
1112123232443434	1122331414223344
1112123232443434	1122331424123344
1112123232443434	1122331442123344
1112123232443434	1211322433124344
1112123232443434	1211322413324344
1112123232443434	1211321324423344
1112123232443434	1211321434223344
1112123232443434	1211321423234344
1112123232443434	1231421324123344
1112123232443434	1231211434223344
1112123232443434	1231211423324344
1112123233243444	1122311322443344
1112123233243444	1211321322443344
1112123233243444	1211321223443344
1112123233243444	1231211322443344
1112123233243444	1231211223443344
1112123233243444	1122311324423344
1112123233243444	1122311432423344
1112123233243444	1122311434223344
1112123233243444	1122331214423344
1112123233243444	1122331412423344
1112123233243444	1122331414223344
1112123233243444	1121322331444234
1112123233243444	1122331213444234
1112123233243444	1211322331444234
1112123233243444	1231211323444234
1112123233243444	1121221333424434
1112123233243444	1211322413324434
1112123233243444	1211321224334344
1112123233243444	1121322413324434
1112123233243444	1121221334324434
1112123233243444	1211322413324344
1112123233243444	1231211224334344
1112123233243444	1231211432423344
1112123233243444	1211322433414234
1112123233243444	1121322433414234
1112123233243444	1122331214434234
1112123233243444	1211322413434234
1112123233243444	1211322413423344
1112123233243444	1211322314434234
1112123233243444	1121322313424434
1112123233243444	1231421312423344
1112123233243444	1231211324434234
1112123233243444	1231421213324434
1112123233243444	1121322314324434
1112123233243444	1211322314423344
1112123233243444	1231421314223344
1112123233243444	1121322334414234
1112123233243444	1231211324423344
1112123233243444	1231421213324344
1112123233243444	1211322334414234
1112123233243444	1231421213434234
1112123233243444	1231421213423344
1112123233243444	1231211434223344
1112123233243444	1122331423414234
1112123233243444	1231421323414234
1112123233243444	1231411223423344
1112123233243444	1231211423434234
1112123233243444	1231211423423344
1112123233243444	1231411223434234
1112123233244344	1211321224333444
1112123233244344	1231211224333444
1112123233244344	1211321422333444
1112123233244344	1211321423323444
1112123233244344	1211321432323444
1112123233244344	1211322412333444
1112123233244344	1122331214432434
1112123233244344	1211322314432434
1112123233244344	1231211324432434
1112123233244344	1231211422333444
1112123233244344	1231211423323444
1112123233244344	1231211432323444
1112123233244344	1231411222333444
1112123233244344	1231411223323444
1112123233244344	1231421312323444
1112123233244344	1211322413324434
1112123233244344	1211322413432434
1112123233244344	1122331412432434
1112123233244344	1231211432423434
1112123233244344	1231211423324434
1112123233244344	1231421312423434
1112123233244344	1211322433412434
1112123233244344	1231421213324434
1112123233244344	1231411223324434
1112123233244344	1122331442312434
1112123233244344	1231421213432434
1112123233244344	1231421213423434
1112123233244344	1211322431432434
1112123233244344	1122331421432434
1112123233244344	1231211432432434
1112123233244344	1231421321432434
1112123233244344	1211322434312434
1112123233244344	1231411223432434
1112123233244344	1231211423432434
1112123233244344	1122331424312434
1112123233244344	1231421324312434
1112123233244344	1231421323412434
1112123233244344	1231411223423434
1112123233423444	1121221333244434
1112123233423444	1121322313244434
1112123233423444	1231211432243344
1112123233423444	1122311432243344
1112123233423444	1211322433144234
1112123233423444	1121322433144234
1112123233423444	1122311324243344
1112123233423444	1122331412243344
1112123233423444	1211322413344234
1112123233423444	1211322413243344
1112123233423444	1231421312243344
1112123233423444	1121322334144234
1112123233423444	1211321224343344
1112123233423444	1231411223243344
1112123233423444	1211321324243344
1112123233423444	1231211423243344
1112123233423444	1231211224343344
1112123233423444	1211322334144234
1112123233423444	1231211324243344
1112123233423444	1122331423144234
1112123233423444	1231421323144234
1112123233423444	1231211423344234
1112123233423444	1231211324344234
1112123233423444	1231411223344234
1112123233424344	1231211432243434
1112123233424344	1211322433142434
1112123233424344	1122331442132434
1112123233424344	1211322413342434
1112123233424344	1211322434132434
1112123233424344	1122331424132434
1112123233424344	1231421324132434
1112123233424344	1231421323142434
1112123233424344	1231411223243434
1112123233424344	1231211423342434
1112123233424344	1231411223342434
1112123233424434	1211321224333444
1112123233424434	1231211224333444
1112123233424434	1231211432243344
1112123233424434	1211321432243344
1112123233424434	1211321423233444
1112123233424434	1211321432233444
1112123233424434	1122311432243344
1112123233424434	1122311324243344
1112123233424434	1122311324432344
1112123233424434	1122311434232344
1112123233424434	1231211432233444
1112123233424434	1122331412243344
1112123233424434	1122331414232344
1112123233424434	1211322433142344
1112123233424434	1231211324432344
1112123233424434	1231211423233444
1112123233424434	1231411223233444
1112123233424434	1211322413342344
1112123233424434	1231421312243344
1112123233424434	1231411223243344
1112123233424434	1211321423243344
1112123233424434	1231421323142344
1112123233424434	1231211434232344
1112123233424434	1231211423342344
1112123233424434	1231411223342344
1112123233442344	1231211432234434
1112123233442344	1211322433124434
1112123233442344	1211322413324434
1112123233442344	1231211423324434
1112123233442344	1231421323124434
1112123233442344	1231411223324434
1112123233442344	1231411223234434
1112123233442434	1231211432234344
1112123233442434	1211322433124344
1112123233442434	1211322413324344
1112123233442434	1211321423234344
1112123233442434	1231421323124344
1112123233442434	1231411223234344
1112123233442434	1231411223324344
1112123233442434	1231211423324344
1112123234233444	1122311322443344
1112123234233444	1211321322443344
1112123234233444	1231211322443344
1112123234233444	1121221333444234
1112123234233444	1211221333444234
1112123234233444	1121221333424434
1112123234233444	1211322431324434
1112123234233444	1211221333424434
1112123234233444	1231421321324434
1112123234233444	1121322331424434
1112123234233444	1121322431324434
1112123234233444	1121322431434234
1112123234233444	1211321422334344
1112123234233444	1211321322434434
1112123234233444	1211322431434234
1112123234233444	1211322331424434
1112123234233444	1122331421434234
1112123234233444	1122331421324434
1112123234233444	1211321432434234
1112123234233444	1122311322434434
1112123234233444	1231421321434234
1112123234233444	1122311432434234
1112123234233444	1231211432434234
1112123234233444	1231211422334344
1112123234233444	1231211322434434
1112123234234344	1211321422333444
1112123234234344	1231211422333444
1112123234234344	1122311322443434
1112123234234344	1211321322443434
1112123234234344	1231211322443434
1112123234234344	1211322431432434
1112123234234344	1122331421432434
1112123234234344	1231211432432434
1112123234234344	1211321432432434
1112123234234344	1122311432432434
1112123234234344	1231421321432434
1112123234234434	1122311322443344
1112123234234434	1211321422333444
1112123234234434	1122311432432344
1112123234234434	1122331421432344
1112123234234434	1231211422333444
1112123234234434	1231211432432344
1112123234234434	1211322431432344
1112123234234434	1231421321432344
1112123234243344	1211321422333444
1112123234243344	1211321432323444
1112123234243344	1211322431323444
1112123234243344	1231211422333444
1112123234243344	1231211432323444
1112123234243344	1211322431324434
1112123234243344	1122311322443434
1112123234243344	1211321322443434
1112123234243344	1231211322443434
1112123234243344	1231211432423434
1112123234243344	1211321432423434
1112123234243344	1122311432423434
1112123234243344	1231421321324434
1112123234243344	1211321422334434
1112123234243344	1122331441223434
1112123234243344	1231211422334434
1112123234243344	1211322431423434
1112123234243344	1122331421423434
1112123234243344	1231421321423434
1112123234243434	1122311322443344
1112123234243434	1122311432423344
1112123234243434	1122331421423344
1112123234243434	1122331441223344
1112123234243434	1231211432423344
1112123234243434	1211321432423344
1112123234243434	1211322431324344
1112123234243434	1211321422334344
1112123234243434	1231421321423344
1112123234323444	1121221333244434
1112123234323444	1122311322443344
1112123234323444	1121322331244434
1112123234323444	1211321322443344
1112123234323444	1231211322443344
1112123234323444	1121322331444234
1112123234323444	1211322331444234
1112123234323444	1211322431344234
1112123234323444	1231411222343344
1112123234323444	1122331421344234
1112123234323444	1231211422343344
1112123234323444	1231421321344234
1112123234323444	1231211432344234
1112123234324344	1211322431342434
1112123234324344	1211322431432434
1112123234324344	1122331421432434
1112123234324344	1231421321432434
1112123234324344	1231421321342434
1112123234324344	1231411222343434
1112123234324344	1231211432342434
1112123234324434	1122311322443344
1112123234324434	1231211432243344
1112123234324434	1211321422333444
1112123234324434	1211321432243344
1112123234324434	1122311432243344
1112123234324434	1122311432432344
1112123234324434	1122331421243344
1112123234324434	1122331441232344
1112123234324434	1231211422333444
1112123234324434	1231411222333444
1112123234324434	1211322431342344
1112123234324434	1231421321243344
1112123234324434	1231211432432344
1112123234324434	1231411222343344
1112123234324434	1211321422343344
1112123234324434	1231421321342344
1112123234324434	1231211432342344
1112123234342344	1211322431324434
1112123234342344	1231211432324434
1112123234342344	1231421321324434
1112123234342344	1231411222334434
1112123234342434	1231211432324344
1112123234342434	1211322431324344
1112123234342434	1211321422334344
1112123234342434	1231421321324344
1112123234342434	1231411222334344
1112123234344234	1211321422333444
1112123234344234	1211321432323444
1112123234344234	1211322431323444
1112123234344234	1231211422333444
1112123234344234	1231211432323444
1112123234344234	1231411222333444
1112123234344234	1231421321323444
1112123234423344	1231211432243434
1112123234423344	1211321432243434
1112123234423344	1211322431243434
1112123234423344	1231421321243434
1112123234423434	1231211432243344
1112123234423434	1211321432243344
1112123234423434	1122311432243344
1112123234423434	1122331421243344
1112123234423434	1231421321243344
1112123234434234	1211321432233444
1112123234434234	1211322431233444
1112123234434234	1231211432233444
1112123234434234	1231421321233444
1112123242333444	1121322313244434
1112123242333444	1122331213244434
1112123242333444	1211322433144234
1112123242333444	1211322313244434
1112123242333444	1122331214243344
1112123242333444	1122331412243344
1112123242333444	1211321223344434
1112123242333444	1211322413324434
1112123242333444	1211321224334344
1112123242333444	1121322413324434
1112123242333444	1211322413344234
1112123242333444	1121322413344234
1112123242333444	1211322413243344
1112123242333444	1231421312243344
1112123242333444	1211322413234344
1112123242333444	1122331414234234
1112123242333444	1211322413234434
1112123242333444	1122331412234434
1112123242333444	1231421312234434
1112123242333444	1122331214434234
1112123242333444	1211322314434234
1112123242333444	1231421213324434
1112123242333444	1121322314434234
1112123242333444	1121322314324434
1112123242333444	1211322314324434
1112123242333444	1121322334124434
1112123242333444	1211321224334434
1112123242333444	1122331214324434
1112123242333444	1121322434134234
1112123242333444	1211322314243344
1112123242333444	1211322314234434
1112123242333444	1122331214234434
1112123242333444	1231421314234234
1112123242333444	1211321224343344
1112123242333444	1231421213344234
1112123242333444	1211322334124434
1112123242333444	1211322434134234
1112123242334344	1211321224333444
1112123242334344	1211322413233444
1112123242334344	1122331214432434
1112123242334344	1211322314432434
1112123242334344	1211322413342434
1112123242334344	1122331414232434
1112123242334344	1211322413243434
1112123242334344	1122331412243434
1112123242334344	1231421312243434
1112123242334344	1211322314243434
1112123242334344	1122331214243434
1112123242334344	1231421314232434
1112123242334344	1211321224343434
1112123242334344	1231421213342434
1112123242334434	1211321224333444
1112123242334434	1122331214243344
1112123242334434	1122331214432344
1112123242334434	1122331412243344
1112123242334434	1122331414232344
1112123242334434	1211322314432344
1112123242334434	1211322413342344
1112123242334434	1231421312243344
1112123242334434	1231421314232344
1112123242343344	1211321224333444
1112123242343344	1211322413323444
1112123242343344	1211322413324434
1112123242343344	1122331414223434
1112123242343344	1231421213324434
1112123242343344	1211322314423434
1112123242343344	1122331214423434
1112123242343344	1231421314223434
1112123242343344	1211321224334434
1112123242343434	1122331214423344
1112123242343434	1122331414223344
1112123242343434	1211322413324344
1112123242343434	1231421314223344
1112123243233444	1122331212443344
1112123243233444	1211322312443344
1112123243233444	1211322413324434
1112123243233444	1211322431324434
1112123243233444	1121322413324434
1112123243233444	1211322413434234
1112123243233444	1121322413434234
1112123243233444	1211322313424434
1112123243233444	1121322313424434
1112123243233444	1211322412334344
1112123243233444	1122331412434234
1112123243233444	1211322312434434
1112123243233444	1122331212434434
1112123243233444	1231421312434234
1112123243233444	1121322331424434
1112123243233444	1121322431324434
1112123243233444	1121322431434234
1112123243233444	1211322431434234
1112123243233444	1211322331424434
1112123243234344	1211322412333444
1112123243234344	1122331212443434
1112123243234344	1211322312443434
1112123243234344	1211322413432434
1112123243234344	1122331412432434
1112123243234344	1231421312432434
1112123243234344	1211322431432434
1112123243234434	1122331212443344
1112123243234434	1122331412432344
1112123243234434	1211322413432344
1112123243234434	1231421312432344
1112123243243344	1211322413323444
1112123243243344	1211322413324434
1112123243243344	1122331212443434
1112123243243344	1122331414223434
1112123243243344	1211322312443434
1112123243243344	1211322413423434
1112123243243344	1122331412423434
1112123243243344	1231421312423434
1112123243243434	1122331212443344
1112123243243434	1122331412423344
1112123243243434	1122331414223344
1112123243243434	1211322413324344
1112123243243434	1231421312423344
1112123243342344	1211322413324434
1112123243342344	1211322431324434
1112123243342344	1231421312324434
1112123243342344	1231421212334434
1112123243344234	1211322412333444
1112123243344234	1211322413323444
1112123243344234	1231421212333444
1112123243344234	1231421312323444
1112123243423344	1211322413243434
1112123243423344	1231421312243434
1112123243423434	1122331412243344
1112123243423434	1231421312243344
1112123243432344	1231421312234434
1112123243432434	1231421312234344
1112123243434234	1211322413233444
1112123243434234	1231421312233444
1112123323243444	1211322143324434
1112123323243444	1121322143324434
1112123323243444	1122311322443344
1112123323243444	1211322143324344
1112123323243444	1122331122443344
1112123323243444	1122331144223344
1112123323243444	1211321322443344
1112123323243444	1211322132443344
1112123323243444	1122311342423344
1112123323243444	1122311344223344
1112123323243444	1211322143434234
1112123323243444	1211322143423344
1112123323243444	1122331142423344
1112123323243444	1121322133424434
1112123323243444	1231421132423344
1112123323243444	1211322133444234
1112123323243444	1121322133444234
1112123323243444	1121221333424434
1112123323243444	1122331243414234
1112123323243444	1231421233414234
1112123323243444	1231411232423344
1112123323243444	1231211243434234
1112123323244344	1211322143324434
1112123323244344	1231211243324434
1112123323244344	1211321242333444
1112123323244344	1211321243323444
1112123323244344	1211321422333444
1112123323244344	1211321432323444
1112123323244344	1211322142333444
1112123323244344	1211322143432434
1112123323244344	1122331142432434
1112123323244344	1231421132423434
1112123323244344	1231421132323444
1112123323244344	1231421132432434
1112123323244344	1231421122333444
1112123323244344	1231411222333444
1112123323244344	1122331244312434
1112123323244344	1231411232323444
1112123323244344	1231211243432434
1112123323244344	1122331241432434
1112123323244344	1122311342432434
1112123323244344	1122311342423434
1112123323244344	1231421233412434
1112123323244344	1231411232423434
1112123323423444	1121221333244434
1112123323423444	1121322133244434
1112123323423444	1211322143344234
1112123323423444	1211322143243344
1112123323423444	1122331142243344
1112123323423444	1231421132243344
1112123323423444	1122311342243344
1112123323423444	1231211243344234
1112123323423444	1231411232243344
1112123323423444	1122331243144234
1112123323423444	1231421233144234
1112123323424344	1211322143342434
1112123323424344	1231421132243434
1112123323424344	1231211243342434
1112123323424344	1122331244132434
1112123323424344	1231411232243434
1112123323424344	1231421233142434
1112123323424434	1211322143342344
1112123323424434	1122331144232344
1112123323424434	1211322143233444
1112123323424434	1211321243233444
1112123323424434	1211321432243344
1112123323424434	1211321432233444
1112123323424434	1122331142243344
1112123323424434	1231421132243344
1112123323424434	1231421132233444
1112123323424434	1122311342243344
1112123323424434	1122311344232344
1112123323424434	1231211243233444
1112123323424434	1231411232233444
1112123323424434	1231211243342344
1112123323424434	1211321243243344
1112123323424434	1231411232243344
1112123323424434	1231421233142344
1112123323442344	1211322143324434
1112123323442344	1231211243324434
1112123323442344	1231421233124434
1112123323442344	1231411232234434
1112123323442434	1211322143324344
1112123323442434	1231211243324344
1112123323442434	1211321243234344
1112123323442434	1231421233124344
1112123323442434	1231411232234344
1112123324323444	1121221333244434
1112123324323444	1122311322443344
1112123324323444	1121322133244434
1112123324323444	1211322143344234
1112123324323444	1211321322443344
1112123324323444	1231411222343344
1112123324323444	1231421321344234
1112123324323444	1122331241344234
1112123324323444	1231421231344234
1112123324323444	1231411232344234
1112123324324344	1211322143342434
1112123324324344	1231421321342434
1112123324324344	1231411222343434
1112123324324344	1122331241432434
1112123324324344	1231421231342434
1112123324324344	1231411232342434
1112123324324434	1122311322443344
1112123324324434	1211322143342344
1112123324324434	1122331144232344
1112123324324434	1211321242333444
1112123324324434	1211321422333444
1112123324324434	1211321432243344
1112123324324434	1122331142243344
1112123324324434	1231421132243344
1112123324324434	1122311342243344
1112123324324434	1122311342432344
1112123324324434	1122311344232344
1112123324324434	1122331241243344
1112123324324434	1231211242333444
1112123324324434	1231411222333444
1112123324324434	1211321242343344
1112123324324434	1231421321243344
1112123324324434	1231411222343344
1112123324324434	1231421231243344
1112123324324434	1211321422343344
1112123324324434	1231421321342344
1112123324324434	1231421231342344
1112123324324434	1231411232342344
1112123324342344	1211322143324434
1112123324342344	1231421231324434
1112123324342344	1231411232324434
1112123324342344	1231411222334434
1112123324342434	1211322143324344
1112123324342434	1211321242334344
1112123324342434	1211321422334344
1112123324342434	1231411222334344
1112123324342434	1231421231324344
1112123324342434	1231411232324344
1112123324344234	1211322143323444
1112123324344234	1211321242333444
1112123324344234	1211321422333444
1112123324344234	1211321432323444
1112123324344234	1231211242333444
1112123324344234	1231411222333444
1112123324344234	1231411232323444
1112123324344234	1231421231323444
1112123324423344	1211322143243434
1112123324423344	1231421132243434
1112123324423344	1211321432243434
1112123324423344	1211321242343434
1112123324423344	1231421321243434
1112123324423344	1211321422343434
1112123324423344	1231411222343434
1112123324423344	1231421231243434
1112123324423344	1231211242343434
1112123324423434	1122311322443344
1112123324423434	1211321432243344
1112123324423434	1122331142243344
1112123324423434	1231421132243344
1112123324423434	1122311342243344
1112123324423434	1122331241243344
1112123324423434	1211321242343344
1112123324423434	1231421321243344
1112123324423434	1231411222343344
1112123324423434	1231421231243344
1112123324423434	1211321422343344
1112123324434234	1211322143233444
1112123324434234	1211321242333444
1112123324434234	1211321422333444
1112123324434234	1211321432233444
1112123324434234	1231421132233444
1112123324434234	1231211242333444
1112123324434234	1231411222333444
1112123324434234	1231411232233444
1112123324434234	1231421231233444
1112123324434234	1231421321233444
1112123342233444	1122331212443344
1112123342233444	1122331213444234
1112123342233444	1211321224334344
1112123342233444	1122331214434234
1112123342233444	1231421213324434
1112123342233444	1231421212334344
1112123342233444	1231421213434234
1112123342234344	1211321224333444
1112123342234344	1122331214432434
1112123342234344	1231421213432434
1112123342234434	1211321224333444
1112123342234434	1122331212443344
1112123342234434	1122331214432344
1112123342234434	1231421213432344
1112123342243344	1211321224333444
1112123342243344	1231421213323444
1112123342243344	1231421312323444
1112123342243344	1122331212443434
1112123342243344	1211321223443434
1112123342243344	1231421213324434
1112123342243344	1122331214423434
1112123342243344	1231421213423434
1112123342243434	1122331212443344
1112123342243434	1122331214423344
1112123342243434	1231421213324344
1112123342243434	1231421213423344
1112123342323444	1211321224343344
1112123342323444	1122331214344234
1112123342323444	1231421213344234
1112123342324344	1122331214432434
1112123342324344	1231421213342434
1112123342324434	1211321224333444
1112123342324434	1122331214243344
1112123342324434	1231421312243344
1112123342324434	1231421213342344
1112123342324434	1231421213243344
1112123342342344	1231421213324434
1112123342342434	1231421213324344
1112123342344234	1211321224333444
1112123342344234	1231421213323444
1112123342423344	1231421312243434
1112123342423344	1211321224343434
1112123342423344	1231421213243434
1112123342423434	1122331214243344
1112123342423434	1231421312243344
1112123342423434	1231421213243344
1112123342432344	1231421312234434
1112123342432344	1231421213234434
1112123342432434	1231421312234344
1112123342432434	1231421213234344
1112123342434234	1211321224333444
1112123342434234	1231421213233444
1112123342434234	1231421312233444
1112123344232344	1231421312324434
1112123344232344	1231421212334434
1112123344232434	1231421212334344
1112123344234234	1231421212333444
1112123422333444	1211322143324434
1112123422333444	1121322143324434
1112123422333444	1121322133244434
1112123422333444	1211322143344234
1112123422333444	1121322143344234
1112123422333444	1211322143243344
1112123422333444	1122331142243344
1112123422333444	1211322133244434
1112123422333444	1231421132243344
1112123422333444	1122331123244434
1112123422333444	1211322143234344
1112123422333444	1122331144234234
1112123422333444	1211322143234434
1112123422333444	1122331142234434
1112123422333444	1231421132234434
1112123422333444	1122331124243344
1112123422333444	1211322123344434
1112123422333444	1211322134434234
1112123422333444	1121322134434234
1112123422333444	1211322134324434
1112123422333444	1121322134324434
1112123422333444	1211322124334344
1112123422333444	1122331124434234
1112123422333444	1211322124334434
1112123422333444	1231421123324434
1112123422333444	1211322134243344
1112123422333444	1211322134234434
1112123422333444	1122331124234434
1112123422333444	1231421134234234
1112123422333444	1211322124343344
1112123422333444	1231421123344234
1112123422334344	1211322124333444
1112123422334344	1211322143342434
1112123422334344	1211322143233444
1112123422334344	1122331144232434
1112123422334344	1211322143243434
1112123422334344	1122331142243434
1112123422334344	1231421132243434
1112123422334344	1122331124432434
1112123422334344	1211322134432434
1112123422334344	1211322134243434
1112123422334344	1122331124243434
1112123422334344	1231421134232434
1112123422334344	1211322124343434
1112123422334344	1231421123342434
1112123422334434	1211322124333444
1112123422334434	1211322143342344
1112123422334434	1122331144232344
1112123422334434	1122331142243344
1112123422334434	1231421132243344
1112123422334434	1122331124243344
1112123422334434	1122331124432344
1112123422334434	1211322134432344
1112123422334434	1231421134232344
1112123422343344	1211322143324434
1112123422343344	1211322124333444
1112123422343344	1211322143323444
1112123422343344	1122331144223434
1112123422343344	1211322134423434
1112123422343344	1122331124423434
1112123422343344	1231421134223434
1112123422343434	1211322143324344
1112123422343434	1122331144223344
1112123422343434	1122331124423344
1112123422343434	1231421134223344
1112123423233444	1211322143324434
1112123423233444	1121322143324434
1112123423233444	1122331122443344
1112123423233444	1211322132443344
1112123423233444	1211322143434234
1112123423233444	1121322143434234
1112123423233444	1211322133424434
1112123423233444	1121322133424434
1112123423233444	1211322142334344
1112123423233444	1122331142434234
1112123423233444	1211322132434434
1112123423233444	1122331122434434
1112123423233444	1231421132434234
1112123423234344	1211322142333444
1112123423234344	1211322143432434
1112123423234344	1122331142432434
1112123423234344	1211322132443434
1112123423234344	1122331122443434
1112123423234344	1231421132432434
1112123423234434	1122331122443344
1112123423234434	1211322143432344
1112123423234434	1122331142432344
1112123423234434	1231421132432344
1112123423243344	1211322143324434
1112123423243344	1211322143323444
1112123423243344	1122331144223434
1112123423243344	1211322143423434
1112123423243344	1122331142423434
1112123423243344	1231421132423434
1112123423243344	1211322132443434
1112123423243344	1122331122443434
1112123423243434	1211322143324344
1112123423243434	1122331122443344
1112123423243434	1122331144223344
1112123423243434	1122331142423344
1112123423243434	1231421132423344
1112123423323444	1122331122443344
1112123423323444	1121322133244434
1112123423323444	1211322143344234
1112123423323444	1211322132443344
1112123423323444	1211322133444234
1112123423323444	1121322133444234
1112123423323444	1211322142343344
1112123423323444	1122331142344234
1112123423323444	1231421132344234
1112123423323444	1231421122343344
1112123423324344	1211322143342434
1112123423324344	1211322143432434
1112123423324344	1231421132342434
1112123423324344	1231421122343434
1112123423324434	1122331122443344
1112123423324434	1211322143342344
1112123423324434	1122331144232344
1112123423324434	1122331142243344
1112123423324434	1211322142333444
1112123423324434	1231421132243344
1112123423324434	1122331142432344
1112123423324434	1231421132432344
1112123423324434	1231421122333444
1112123423324434	1231421132342344
1112123423324434	1231421122343344
1112123423342344	1211322143324434
1112123423342344	1231421132324434
1112123423342344	1231421122334434
1112123423342434	1211322143324344
1112123423342434	1231421132324344
1112123423342434	1231421122334344
1112123423344234	1211322143323444
1112123423344234	1211322142333444
1112123423344234	1231421132323444
1112123423344234	1231421122333444
1112123423423344	1211322143243434
1112123423423344	1231421132243434
1112123423423434	1122331142243344
1112123423423434	1231421132243344
1112123423432344	1231421132234434
1112123423432434	1231421132234344
1112123423434234	1211322143233444
1112123423434234	1231421132233444
1112123432324344	1211322143342434
1112123432324344	1211322134432434
1112123432324344	1231421123342434
1112123432324434	1211322124333444
1112123432324434	1211322143342344
1112123432324434	1122331144232344
1112123432324434	1122331142243344
1112123432324434	1231421132243344
1112123432324434	1122331124243344
1112123432324434	1122331124432344
1112123432324434	1231421134232344
1112123432324434	1231421123342344
1112123432342344	1211322143324434
1112123432342344	1231421123324434
1112123432342434	1211322143324344
1112123432342434	1231421123324344
1112123432344234	1211322124333444
1112123432344234	1211322143323444
1112123432344234	1231421123323444
1112123432432344	1231421132234434
1112123432432344	1231421123324434
1112123432432344	1231421123234434
1112123432432434	1231421132234344
1112123432432434	1231421123234344
1112123432434234	1211322124333444
1112123432434234	1211322143233444
1112123432434234	1231421132233444
1112123432434234	1231421123233444
1112123434223344	1211322143243434
1112123434223344	1231421132243434
1112123434223344	1211322142343434
1112123434223344	1231421122343434
1112123434223434	1122331122443344
1112123434223434	1231421122343344
1112123434232344	1231421132324434
1112123434232344	1231421122334434
1112123434232434	1231421122334344
1112123434234234	1211322142333444
1112123434234234	1231421122333444
1112132232433444	1122113324243344
1112132232433444	1231114223234344
1112132232433444	1231114223234434
1112132232433444	1122311432243344
1112132232433444	1122113324434234
1112132232433444	1122311324243344
1112132232433444	1231112432234344
1112132232433444	1231112432234434
1112132232433444	1231211432234434
1112132232433444	1231212433124434
1112132232433444	1211312432234344
1112132232433444	1122331442134234
1112132232433444	1122313442134234
1112132232433444	1122112334344234
1112132232433444	1231112434234234
1112132232433444	1211312224334344
1112132232433444	1122311324434234
1112132232433444	1231212413324434
1112132232433444	1211312423234344
1112132232433444	1231412323124434
1112132232433444	1231411223234434
1112132232433444	1122312334144234
1112132232433444	1122331424134234
1112132232433444	1122312434134234
1112132232433444	1122313424134234
1112132232433444	1231411223234344
1112132232433444	1122311434234234
1112132232433444	1231211434234234
1112132232433444	1231212334144234
1112132232433444	1231212434134234
1112132232433444	1231412324134234
1112132232434344	1211312224333444
1112132232434344	1231114223233444
1112132232434344	1211312423233444
1112132232434344	1211312432233444
1112132232434344	1122113324432434
1112132232434344	1122311324432434
1112132232434344	1231211432243434
1112132232434344	1231112432233444
1112132232434344	1231411223233444
1112132232434344	1231112434232434
1112132232434344	1122331424132434
1112132232434344	1122313424132434
1112132232434344	1122311434232434
1112132232434344	1231211434232434
1112132232434344	1231212434132434
1112132232434344	1231412324132434
1112132232434434	1122113324243344
1112132232434434	1211312224333444
1112132232434434	1122113324432344
1112132232434434	1231112224333444
1112132232434434	1231211224333444
1112132232434434	1231114223233444
1112132232434434	1211312423233444
1112132232434434	1211312432233444
1112132232434434	1231211432243344
1112132232434434	1122311432243344
1112132232434434	1122311324243344
1112132232434434	1122311324432344
1112132232434434	1122311434232344
1112132232434434	1122313424132344
1112132232434434	1231211432233444
1112132232434434	1231112432233444
1112132232434434	1122331424132344
1112132232434434	1231211423233444
1112132232434434	1231411223233444
1112132232434434	1231112434232344
1112132232434434	1231211434232344
1112132232434434	1231212434132344
1112132232434434	1231412324132344
1112132233243444	1122113322443344
1112132233243444	1122113324423344
1112132233243444	1122311322443344
1112132233243444	1211312322443344
1112132233243444	1122113324434234
1112132233243444	1211312223443344
1112132233243444	1231211322443344
1112132233243444	1231114223423344
1112132233243444	1231114223434234
1112132233243444	1122311324423344
1112132233243444	1122311432423344
1112132233243444	1122311434223344
1112132233243444	1122313214423344
1112132233243444	1122313412423344
1112132233243444	1122313414223344
1112132233243444	1122331214423344
1112132233243444	1122331412423344
1112132233243444	1122331414223344
1112132233243444	1122312331444234
1112132233243444	1122313213444234
1112132233243444	1122331213444234
1112132233243444	1231112432423344
1112132233243444	1231212331444234
1112132233243444	1231112434223344
1112132233243444	1211312224334344
1112132233243444	1231211432423344
1112132233243444	1231212433414234
1112132233243444	1122312433414234
1112132233243444	1122313214434234
1112132233243444	1122331214434234
1112132233243444	1122311324434234
1112132233243444	1231212413324434
1112132233243444	1231212314434234
1112132233243444	1231412213324434
1112132233243444	1122312334414234
1112132233243444	1231212334414234
1112132233243444	1231412213324344
1112132233243444	1122313423414234
1112132233243444	1231211434223344
1112132233243444	1231412314223344
1112132233243444	1122331423414234
1112132233243444	1231411223423344
1112132233243444	1231211423434234
1112132233243444	1231411223434234
1112132233243444	1231412213434234
1112132233243444	1231412213423344
1112132233243444	1231412312423344
1112132233243444	1231212413434234
1112132233243444	1231412323414234
1112132233423444	1122113324243344
1112132233423444	1231114223243344
1112132233423444	1231211432243344
1112132233423444	1231112432243344
1112132233423444	1122311432243344
1112132233423444	1231114223344234
1112132233423444	1231212433144234
1112132233423444	1122312433144234
1112132233423444	1122311324243344
1112132233423444	1122313412243344
1112132233423444	1122331412243344
1112132233423444	1211312224343344
1112132233423444	1211312324243344
1112132233423444	1231412312243344
1112132233423444	1231411223243344
1112132233423444	1122312334144234
1112132233423444	1122313423144234
1112132233423444	1122331423144234
1112132233423444	1231211423344234
1112132233423444	1231411223344234
1112132233423444	1231412323144234
1112132233423444	1231212413344234
1112132233423444	1231212334144234
1112132233424344	1231114223243434
1112132233424344	1231114223342434
1112132233424344	1231211432243434
1112132233424344	1231112432243434
1112132233424344	1231212433142434
1112132233424344	1122331442132434
1112132233424344	1122313442132434
1112132233424344	1122331424132434
1112132233424344	1122313424132434
1112132233424344	1231411223243434
1112132233424344	1231211423342434
1112132233424344	1231411223342434
1112132233424344	1231212434132434
1112132233424344	1231212413342434
1112132233424344	1231412324132434
1112132233424344	1231412323142434
1112132233424434	1122113324243344
1112132233424434	1211312224333444
1112132233424434	1122113324432344
1112132233424434	1231112224333444
1112132233424434	1231211224333444
1112132233424434	1231114223233444
1112132233424434	1211312423233444
1112132233424434	1211312432233444
1112132233424434	1231114223243344
1112132233424434	1231211432243344
1112132233424434	1231112432243344
1112132233424434	1211312432243344
1112132233424434	1122311432243344
1112132233424434	1231114223342344
1112132233424434	1122311324243344
1112132233424434	1122311324432344
1112132233424434	1122311434232344
1112132233424434	1122313412243344
1112132233424434	1122313414232344
1112132233424434	1231211432233444
1112132233424434	1231112432233444
1112132233424434	1122331412243344
1112132233424434	1122331414232344
1112132233424434	1231212433142344
1112132233424434	1231211423233444
1112132233424434	1231411223233444
1112132233424434	1231112434232344
1112132233424434	1211312423243344
1112132233424434	1231412312243344
1112132233424434	1231411223243344
1112132233424434	1231211434232344
1112132233424434	1231211423342344
1112132233424434	1231411223342344
1112132233424434	1231212413342344
1112132233424434	1231412323142344
1112132233442344	1231114223234434
1112132233442344	1231114223324434
1112132233442344	1231112432234434
1112132233442344	1231211432234434
1112132233442344	1231212433124434
1112132233442344	1231212413324434
1112132233442344	1231211423324434
1112132233442344	1231412323124434
1112132233442344	1231411223324434
1112132233442344	1231411223234434
1112132233442434	1231114223234344
1112132233442434	1231114223324344
1112132233442434	1231112432234344
1112132233442434	1231211432234344
1112132233442434	1231212433124344
1112132233442434	1211312423234344
1112132233442434	1231411223234344
1112132233442434	1231411223324344
1112132233442434	1231211423324344
1112132233442434	1231212413324344
1112132233442434	1231412323124344
1112132234233444	1122113322443344
1112132234233444	1122311322443344
1112132234233444	1231114222334344
1112132234233444	1122312331444234
1112132234233444	1122112333444234
1112132234233444	1231112432434234
1112132234233444	1231212331444234
1112132234233444	1211312422334344
1112132234233444	1231212431324434
1112132234233444	1231412321324434
1112132234233444	1122331421434234
1112132234233444	1231411222334344
1112132234233444	1122311432434234
1112132234233444	1231211432434234
1112132234233444	1231212431434234
1112132234233444	1122312431434234
1112132234233444	1122313421434234
1112132234233444	1231412321434234
1112132234234344	1231114222333444
1112132234234344	1211312422333444
1112132234234344	1231112432432434
1112132234234344	1231411222333444
1112132234234344	1122331421432434
1112132234234344	1231211432432434
1112132234234344	1122311432432434
1112132234234344	1231212431432434
1112132234234344	1122313421432434
1112132234234344	1231412321432434
1112132234234434	1122113322443344
1112132234234434	1231114222333444
1112132234234434	1122311322443344
1112132234234434	1211312422333444
1112132234234434	1122311432432344
1112132234234434	1122313421432344
1112132234234434	1122331421432344
1112132234234434	1231112432432344
1112132234234434	1231211422333444
1112132234234434	1231411222333444
1112132234234434	1231211432432344
1112132234234434	1231212431432344
1112132234234434	1231412321432344
1112132234243344	1122113322443434
1112132234243344	1231114222333444
1112132234243344	1231114222334434
1112132234243344	1211312422333444
1112132234243344	1211312432323444
1112132234243344	1231112432323444
1112132234243344	1231112432423434
1112132234243344	1231112322443434
1112132234243344	1231211422333444
1112132234243344	1231211432323444
1112132234243344	1231212431323444
1112132234243344	1231411222333444
1112132234243344	1231412321323444
1112132234243344	1122311322443434
1112132234243344	1211312322443434
1112132234243344	1231211322443434
1112132234243344	1211312422334434
1112132234243344	1231211432423434
1112132234243344	1231212431324434
1112132234243344	1211312432423434
1112132234243344	1122311432423434
1112132234243344	1231412321324434
1112132234243344	1231411222334434
1112132234243344	1122331441223434
1112132234243344	1231211422334434
1112132234243344	1122313441223434
1112132234243344	1122331421423434
1112132234243344	1122313421423434
1112132234243344	1231212431423434
1112132234243344	1231412321423434
1112132234243434	1122113322443344
1112132234243434	1122311322443344
1112132234243434	1231114222334344
1112132234243434	1122311432423344
1112132234243434	1122313421423344
1112132234243434	1122313441223344
1112132234243434	1122331421423344
1112132234243434	1122331441223344
1112132234243434	1231112432423344
1112132234243434	1231211432423344
1112132234243434	1211312432423344
1112132234243434	1211312422334344
1112132234243434	1231212431324344
1112132234243434	1231411222334344
1112132234243434	1231412321423344
1112132234243434	1231412321324344
1112132234323444	1122113322443344
1112132234323444	1231114222343344
1112132234323444	1231112432243344
1112132234323444	1231112432344234
1112132234323444	1122313421344234
1112132234323444	1231412321344234
1112132234323444	1231212431344234
1112132234324344	1231114222343434
1112132234324344	1231112432342434
1112132234324344	1122331421432434
1112132234324344	1122313421432434
1112132234324344	1231212431342434
1112132234324344	1231412321342434
1112132234324434	1122113322443344
1112132234324434	1231114222333444
1112132234324434	1231114222343344
1112132234324434	1211312422333444
1112132234324434	1231211432243344
1112132234324434	1122311432243344
1112132234324434	1122313421243344
1112132234324434	1122313441232344
1112132234324434	1122331421243344
1112132234324434	1122331441232344
1112132234324434	1231112432342344
1112132234324434	1211312422343344
1112132234324434	1231412321243344
1112132234324434	1231212431342344
1112132234324434	1231412321342344
1112132234342344	1231114222334434
1112132234342344	1231112432324434
1112132234342344	1231212431324434
1112132234342344	1231412321324434
1112132234342434	1231114222334344
1112132234342434	1231112432324344
1112132234342434	1211312422334344
1112132234342434	1231212431324344
1112132234342434	1231412321324344
1112132234344234	1231114222333444
1112132234344234	1211312422333444
1112132234344234	1211312432323444
1112132234344234	1231112432323444
1112132234344234	1231212431323444
1112132234344234	1231412321323444
1112132234423344	1231114222343434
1112132234423344	1231211432243434
1112132234423344	1231112432243434
1112132234423344	1211312432243434
1112132234423344	1211312422343434
1112132234423344	1231212431243434
1112132234423344	1231412321243434
1112132234423434	1122113322443344
1112132234423434	1231114222343344
1112132234423434	1231211432243344
1112132234423434	1231112432243344
1112132234423434	1211312432243344
1112132234423434	1122311432243344
1112132234423434	1122313421243344
1112132234423434	1122331421243344
1112132234423434	1211312422343344
1112132234423434	1231412321243344
1112132243233444	1122113322443344
1112132243233444	1122311322443344
1112132243233444	1122113322434434
1112132243233444	1122313212443344
1112132243233444	1231114222334344
1112132243233444	1122331212443344
1112132243233444	1211312322443344
1112132243233444	1122113324434234
1112132243233444	1211312223443344
1112132243233444	1231112224334344
1112132243233444	1231211322443344
1112132243233444	1122113323424434
1112132243233444	1231112322443344
1112132243233444	1122113323444234
1112132243233444	1231112223443344
1112132243233444	1231212312443344
1112132243233444	1231114223434234
1112132243233444	1231211223443344
1112132243233444	1231112223434434
1112132243233444	1122112333424434
1112132243233444	1122112333444234
1112132243233444	1122312313444234
1112132243233444	1231112432434234
1112132243233444	1122311323444234
1112132243233444	1231112322434434
1112132243233444	1122112334324434
1112132243233444	1211212333444234
1112132243233444	1122112334434234
1112132243233444	1211312323444234
1112132243233444	1231112324434234
1112132243233444	1211312224334344
1112132243233444	1231211224334344
1112132243233444	1211312223434434
1112132243233444	1122313214434234
1112132243233444	1211312422334344
1112132243233444	1122331214434234
1112132243233444	1122311324434234
1112132243233444	1211312322434434
1112132243233444	1231212413324434
1112132243233444	1231212431324434
1112132243233444	1231212314434234
1112132243233444	1211312423434234
1112132243233444	1231412213324434
1112132243233444	1231412321324434
1112132243233444	1122331412434234
1112132243233444	1211312324434234
1112132243233444	1122312314434234
1112132243233444	1211312432434234
1112132243233444	1122331212434434
1112132243233444	1211212334434234
1112132243233444	1122331214324434
1112132243233444	1122312431324434
1112132243233444	1122331213424434
1112132243233444	1122313214324434
1112132243233444	1122312413324434
1112132243233444	1231212314324434
1112132243233444	1122313421324434
1112132243233444	1122331421434234
1112132243233444	1122331421324434
1112132243233444	1122312314324434
1112132243233444	1122311322434434
1112132243233444	1122313212434434
1112132243233444	1231411222334344
1112132243233444	1122312331424434
1112132243233444	1122311432434234
1112132243233444	1122312313424434
1112132243233444	1231211432434234
1112132243233444	1122313213424434
1112132243233444	1231211422334344
1112132243233444	1122311323424434
1112132243233444	1231211322434434
1112132243233444	1122312413434234
1112132243233444	1231212431434234
1112132243233444	1122312431434234
1112132243233444	1122313421434234
1112132243233444	1122311423434234
1112132243233444	1231212331424434
1112132243233444	1122313412434234
1112132243233444	1231412321434234
1112132243233444	1231212313424434
1112132243233444	1231211423434234
1112132243233444	1231211323424434
1112132243233444	1231212312434434
1112132243233444	1231411223434234
1112132243233444	1231211223434434
1112132243233444	1231212412334344
1112132243233444	1231412213434234
1112132243233444	1231412212334344
1112132243233444	1231412312434234
1112132243233444	1231212413434234
1112132243234344	1211312224333444
1112132243234344	1122113322443434
1112132243234344	1231114222333444
1112132243234344	1231112224333444
1112132243234344	1231211224333444
1112132243234344	1211312422333444
1112132243234344	1122113324432434
1112132243234344	1231114223432434
1112132243234344	1231112223443434
1112132243234344	1122313214432434
1112132243234344	1122331214432434
1112132243234344	1122311324432434
1112132243234344	1231212314432434
1112132243234344	1231112324432434
1112132243234344	1211312324432434
1112132243234344	1231112432432434
1112132243234344	1231112322443434
1112132243234344	1231211422333444
1112132243234344	1231212412333444
1112132243234344	1231411222333444
1112132243234344	1231412212333444
1112132243234344	1122311322443434
1112132243234344	1122313212443434
1112132243234344	1122331212443434
1112132243234344	1211312223443434
1112132243234344	1211312322443434
1112132243234344	1231211322443434
1112132243234344	1231212312443434
1112132243234344	1231211223443434
1112132243234344	1122331412432434
1112132243234344	1211312423432434
1112132243234344	1211312432432434
1112132243234344	1122331421432434
1112132243234344	1231211432432434
1112132243234344	1122311432432434
1112132243234344	1231212431432434
1112132243234344	1122313421432434
1112132243234344	1231412321432434
1112132243234344	1231412213432434
1112132243234344	1231412312432434
1112132243234344	1231411223432434
1112132243234344	1231212413432434
1112132243234344	1231211423432434
1112132243234344	1122313412432434
1112132243234434	1122113322443344
1112132243234434	1211312224333444
1112132243234434	1122113324432344
1112132243234434	1122311322443344
1112132243234434	1122313212443344
1112132243234434	1122331212443344
1112132243234434	1231112224333444
1112132243234434	1231211224333444
1112132243234434	1231114223432344
1112132243234434	1122311324432344
1112132243234434	1122311432432344
1112132243234434	1122313214432344
1112132243234434	1122313412432344
1112132243234434	1122331214432344
1112132243234434	1122331412432344
1112132243234434	1231212314432344
1112132243234434	1231112324432344
1112132243234434	1231112432432344
1112132243234434	1231211432432344
1112132243234434	1231211423432344
1112132243234434	1231411223432344
1112132243234434	1231412213432344
1112132243234434	1231412312432344
1112132243234434	1231212413432344
1112132243243344	1211312224333444
1112132243243344	1122113322443434
1112132243243344	1231112224333444
1112132243243344	1231211224333444
1112132243243344	1211312423323444
1112132243243344	1211312432323444
1112132243243344	1122113324423434
1112132243243344	1231114223323444
1112132243243344	1231114223423434
1112132243243344	1231112223443434
1112132243243344	1231112432323444
1112132243243344	1231112432423434
1112132243243344	1231112322443434
1112132243243344	1231211423323444
1112132243243344	1231211432323444
1112132243243344	1231212413323444
1112132243243344	1231411223323444
1112132243243344	1231112434223434
1112132243243344	1231412213323444
1112132243243344	1231412312323444
1112132243243344	1231112324423434
1112132243243344	1122311322443434
1112132243243344	1211312223443434
1112132243243344	1122331414223434
1112132243243344	1211312322443434
1112132243243344	1231211322443434
1112132243243344	1231211223443434
1112132243243344	1231212413324434
1112132243243344	1231211432423434
1112132243243344	1211312432423434
1112132243243344	1122311432423434
1112132243243344	1211312423423434
1112132243243344	1122331412423434
1112132243243344	1231412213324434
1112132243243344	1211312324423434
1112132243243344	1211312434223434
1112132243243344	1122331214423434
1112132243243344	1122313214423434
1112132243243344	1122311324423434
1112132243243344	1122311434223434
1112132243243344	1231211434223434
1112132243243344	1122313412423434
1112132243243344	1122313414223434
1112132243243344	1231411223423434
1112132243243344	1231211423423434
1112132243243344	1231212314423434
1112132243243344	1231412314223434
1112132243243344	1231412213423434
1112132243243344	1231412312423434
1112132243243344	1231212413423434
1112132243243434	1122113322443344
1112132243243434	1122113324423344
1112132243243434	1122311322443344
1112132243243434	1231114223423344
1112132243243434	1122311324423344
1112132243243434	1122311432423344
1112132243243434	1122311434223344
1112132243243434	1122313214423344
1112132243243434	1122313412423344
1112132243243434	1122313414223344
1112132243243434	1122331214423344
1112132243243434	1122331412423344
1112132243243434	1122331414223344
1112132243243434	1231112432423344
1112132243243434	1231112434223344
1112132243243434	1231211432423344
1112132243243434	1211312432423344
1112132243243434	1211312423423344
1112132243243434	1211312324423344
1112132243243434	1211312434223344
1112132243243434	1231412213324344
1112132243243434	1231211434223344
1112132243243434	1231212413324344
1112132243243434	1231412314223344
1112132243243434	1231411223423344
1112132243243434	1231412213423344
1112132243243434	1231412312423344
1112132243344234	1211312224333444
1112132243344234	1231114222333444
1112132243344234	1231112224333444
1112132243344234	1231211224333444
1112132243344234	1211312422333444
1112132243344234	1211312423323444
1112132243344234	1211312432323444
1112132243344234	1231114223323444
1112132243344234	1231112432323444
1112132243344234	1231211422333444
1112132243344234	1231211423323444
1112132243344234	1231211432323444
1112132243344234	1231212412333444
1112132243344234	1231212413323444
1112132243344234	1231411222333444
1112132243344234	1231411223323444
1112132243344234	1231412213323444
1112132243344234	1231412312323444
1112132243423344	1231114223243434
1112132243423344	1231112224343434
1112132243423344	1231211432243434
1112132243423344	1231112432243434
1112132243423344	1211312432243434
1112132243423344	1211312224343434
1112132243423344	1211312423243434
1112132243423344	1231411223243434
1112132243423344	1231211423243434
1112132243423344	1231211224343434
1112132243423344	1231412312243434
1112132243423344	1231212413243434
1112132243423434	1122113324243344
1112132243423434	1231114223243344
1112132243423434	1231211432243344
1112132243423434	1231112432243344
1112132243423434	1211312432243344
1112132243423434	1122311432243344
1112132243423434	1122311324243344
1112132243423434	1122313412243344
1112132243423434	1122331412243344
1112132243423434	1211312423243344
1112132243423434	1231412312243344
1112132243423434	1231411223243344
1112132243432344	1231114223234434
1112132243432344	1231112432234434
1112132243432344	1231211432234434
1112132243432344	1231211423324434
1112132243432344	1231411223234434
1112132243432344	1231412312234434
1112132243432434	1231114223234344
1112132243432434	1231112432234344
1112132243432434	1231211432234344
1112132243432434	1211312423234344
1112132243432434	1231411223234344
1112132243432434	1231412312234344
1112132243434234	1211312224333444
1112132243434234	1231112224333444
1112132243434234	1231211224333444
1112132243434234	1231114223233444
1112132243434234	1211312423233444
1112132243434234	1211312432233444
1112132243434234	1231211432233444
1112132243434234	1231112432233444
1112132243434234	1231211423233444
1112132243434234	1231212413233444
1112132243434234	1231411223233444
1112132243434234	1231412312233444
1112132322343444	1122331144223344
1112132322343444	1231212143324434
1112132322343444	1211312243324344
1112132322343444	1122313124423344
1112132322343444	1122313144223344
1112132322343444	1122331124423344
1112132322343444	1122313244314234
1112132322343444	1231212134434234
1112132322343444	1122313234414234
1112132322343444	1231412134223344
1112132322343444	1231412234314234
1112132322433444	1231212143324434
1112132322433444	1122331142243344
1112132322433444	1122331144234234
1112132322433444	1122313124243344
1112132322433444	1122313142243344
1112132322433444	1122331124243344
1112132322433444	1211312224334344
1112132322433444	1211312243234344
1112132322433444	1122313214434234
1112132322433444	1231212134434234
1112132322433444	1231412213324434
1112132322433444	1231412233124434
1112132322433444	1122312134434234
1112132322433444	1231412132234434
1112132322433444	1231412123234434
1112132322433444	1231212143344234
1112132322433444	1122312143344234
1112132322433444	1231412132243344
1112132322433444	1122312134344234
1112132322433444	1122313234144234
1112132322433444	1122313244134234
1112132322433444	1122313144234234
1112132322433444	1231412132234344
1112132322433444	1231212134344234
1112132322433444	1231412123234344
1112132322433444	1231412134234234
1112132322433444	1231412234134234
1112132322434344	1211312224333444
1112132322434344	1211312243233444
1112132322434344	1122331144232434
1112132322434344	1122313214432434
1112132322434344	1231212134432434
1112132322434344	1231412123233444
1112132322434344	1231412132233444
1112132322434344	1231212143342434
1112132322434344	1122313144232434
1112132322434344	1122313244132434
1112132322434344	1231412132243434
1112132322434344	1231412134232434
1112132322434344	1231412234132434
1112132322434434	1211312224333444
1112132322434434	1211312243233444
1112132322434434	1122331144232344
1112132322434434	1122331142243344
1112132322434434	1122313124243344
1112132322434434	1122313142243344
1112132322434434	1122313144232344
1112132322434434	1122313214432344
1112132322434434	1122313244132344
1112132322434434	1122331124243344
1112132322434434	1231212134432344
1112132322434434	1231212143233444
1112132322434434	1231412123233444
1112132322434434	1231412132233444
1112132322434434	1231212143342344
1112132322434434	1231412132243344
1112132322434434	1231412134232344
1112132322434434	1231412234132344
1112132323243444	1122313122443344
1112132323243444	1122331122443344
1112132323243444	1122331144223344
1112132323243444	1231212143324434
1112132323243444	1122313142423344
1112132323243444	1122313144223344
1112132323243444	1122331142423344
1112132323243444	1231212133444234
1112132323243444	1122313243414234
1112132323243444	1231412132423344
1112132323243444	1231212143434234
1112132323243444	1231412233414234
1112132323423444	1122331142243344
1112132323423444	1122313142243344
1112132323423444	1231212143344234
1112132323423444	1231412132243344
1112132323423444	1122313243144234
1112132323423444	1231412233144234
1112132323424344	1231212143342434
1112132323424344	1122313244132434
1112132323424344	1231412132243434
1112132323424344	1231412233142434
1112132323424434	1211312243233444
1112132323424434	1122331144232344
1112132323424434	1122331142243344
1112132323424434	1122313142243344
1112132323424434	1122313144232344
1112132323424434	1231212143233444
1112132323424434	1231412132233444
1112132323424434	1211312243243344
1112132323424434	1231212143342344
1112132323424434	1231412132243344
1112132323424434	1231412233142344
1112132323442344	1231212143324434
1112132323442344	1231412233124434
1112132323442434	1231212143324344
1112132323442434	1211312243234344
1112132323442434	1231412233124344
1112132324233444	1122313122443344
1112132324233444	1122313231444234
1112132324233444	1211312242334344
1112132324233444	1231412231324434
1112132324233444	1122313241434234
1112132324233444	1231412122334344
1112132324233444	1231412231434234
1112132324234344	1211312242333444
1112132324234344	1231412122333444
1112132324234344	1231412231432434
1112132324234344	1122313241432434
1112132324234434	1122313122443344
1112132324234434	1211312242333444
1112132324234434	1122313241432344
1112132324234434	1231412122333444
1112132324234434	1231412231432344
1112132324243344	1211312242333444
1112132324243344	1211312243323444
1112132324243344	1231412122333444
1112132324243344	1231412231323444
1112132324243344	1122313122443434
1112132324243344	1211312242334434
1112132324243344	1211312232443434
1112132324243344	1211312243423434
1112132324243344	1231412231324434
1112132324243344	1122313241423434
1112132324243344	1231412231423434
1112132324243434	1122313122443344
1112132324243434	1122313241423344
1112132324243434	1211312242334344
1112132324243434	1211312243423344
1112132324243434	1231412231423344
1112132324243434	1231412231324344
1112132324323444	1122313241344234
1112132324323444	1231412231344234
1112132324324344	1122313241432434
1112132324324344	1231412231342434
1112132324324434	1211312242333444
1112132324324434	1122313241243344
1112132324324434	1211312242343344
1112132324324434	1231412231243344
1112132324324434	1231412231342344
1112132324342344	1231412231324434
1112132324342434	1211312242334344
1112132324342434	1231412231324344
1112132324344234	1211312242333444
1112132324344234	1211312243323444
1112132324344234	1231412231323444
1112132324423344	1211312242343434
1112132324423344	1211312243243434
1112132324423344	1231412231243434
1112132324423434	1122313241243344
1112132324423434	1211312242343344
1112132324423434	1211312243243344
1112132324423434	1231412231243344
1112132342233444	1122313212443344
1112132342233444	1122313213444234
1112132342233444	1211312224334344
1112132342233444	1122313214434234
1112132342233444	1231412213324434
1112132342233444	1231412213434234
1112132342233444	1231412212334344
1112132342234344	1211312224333444
1112132342234344	1122313214432434
1112132342234344	1231412213432434
1112132342234434	1211312224333444
1112132342234434	1122313212443344
1112132342234434	1122313214432344
1112132342234434	1231412213432344
1112132342243344	1211312224333444
1112132342243344	1231412213323444
1112132342243344	1122313212443434
1112132342243344	1211312223443434
1112132342243344	1231412213324434
1112132342243344	1122313214423434
1112132342243344	1231412213423434
1112132342243434	1122313212443344
1112132342243434	1122313214423344
1112132342243434	1231412213324344
1112132342243434	1231412213423344
1112132342323444	1211312224343344
1112132342323444	1122313214344234
1112132342323444	1231412213344234
1112132342324344	1122313214432434
1112132342324344	1231412213342434
1112132342324434	1211312224333444
1112132342324434	1122313214243344
1112132342324434	1231412213243344
1112132342324434	1231412213342344
1112132342342344	1231412213324434
1112132342342434	1231412213324344
1112132342344234	1211312224333444
1112132342344234	1231412213323444
1112132342423344	1211312224343434
1112132342423344	1231412213243434
1112132342423434	1122313214243344
1112132342423434	1231412213243344
1112132342432344	1231412213234434
1112132342432434	1231412213234344
1112132342434234	1211312224333444
1112132342434234	1231412213233444
1112132344232434	1231412212334344
1112132344234234	1231412212333444
1112132422333444	1231212143324434
1112132422333444	1122312143324434
1112132422333444	1122331142243344
1112132422333444	1122312133244434
1112132422333444	1122313213244434
1112132422333444	1122313123244434
1112132422333444	1122331123244434
1112132422333444	1122331144234234
1112132422333444	1122331142234434
1112132422333444	1122313124243344
1112132422333444	1122313142243344
1112132422333444	1122313214243344
1112132422333444	1122331124243344
1112132422333444	1231212133244434
1112132422333444	1231212123344434
1112132422333444	1122331124434234
1112132422333444	1122331124234434
1112132422333444	1231212124334344
1112132422333444	1122313214434234
1112132422333444	1122313124434234
1112132422333444	1231212134434234
1112132422333444	1122312134434234
1112132422333444	1231412123324434
1112132422333444	1231412132234434
1112132422333444	1231212124334434
1112132422333444	1231212143234434
1112132422333444	1231212143344234
1112132422333444	1122312143344234
1112132422333444	1231412132243344
1112132422333444	1122313214324434
1112132422333444	1231212143243344
1112132422333444	1231212134324434
1112132422333444	1122312134324434
1112132422333444	1122313142234434
1112132422333444	1122313124234434
1112132422333444	1122313214234434
1112132422333444	1231212124343344
1112132422333444	1122313234124434
1112132422333444	1231212134243344
1112132422333444	1122312134344234
1112132422333444	1122313244134234
1112132422333444	1122313124344234
1112132422333444	1122313144234234
1112132422333444	1231212134234434
1112132422333444	1231212143234344
1112132422333444	1231412123344234
1112132422333444	1231412132234344
1112132422333444	1231412123234344
1112132422333444	1231412134234234
1112132422334344	1231212124333444
1112132422334344	1122331144232434
1112132422334344	1122331142243434
1112132422334344	1122313214432434
1112132422334344	1122331124432434
1112132422334344	1122313124432434
1112132422334344	1231212134432434
1112132422334344	1231212143233444
1112132422334344	1122331124243434
1112132422334344	1231412123233444
1112132422334344	1231412132233444
1112132422334344	1231212143342434
1112132422334344	1122313144232434
1112132422334344	1231212143243434
1112132422334344	1122313142243434
1112132422334344	1231412132243434
1112132422334344	1122313124243434
1112132422334344	1122313214243434
1112132422334344	1231212124343434
1112132422334344	1231412123342434
1112132422334344	1231412134232434
1112132422334344	1231212134243434
1112132422334434	1231212124333444
1112132422334434	1122331144232344
1112132422334434	1122331142243344
1112132422334434	1122313124243344
1112132422334434	1122313124432344
1112132422334434	1122313142243344
1112132422334434	1122313144232344
1112132422334434	1122313214243344
1112132422334434	1122313214432344
1112132422334434	1122331124243344
1112132422334434	1122331124432344
1112132422334434	1231212134432344
1112132422334434	1231212143342344
1112132422334434	1231412132243344
1112132422334434	1231412134232344
1112132422334434	1231412123342344
1112132422343344	1122331144223434
1112132422343344	1231212124333444
1112132422343344	1231212143324434
1112132422343344	1231212143323444
1112132422343344	1122331124423434
1112132422343344	1122313144223434
1112132422343344	1231412123323444
1112132422343344	1122313124423434
1112132422343344	1231212134423434
1112132422343344	1231412134223434
1112132422343434	1122331144223344
1112132422343434	1231212143324344
1112132422343434	1122313124423344
1112132422343434	1122313144223344
1112132422343434	1122331124423344
1112132422343434	1231412134223344
1112132423233444	1122313122443344
1112132423233444	1122331122443344
1112132423233444	1231212143324434
1112132423233444	1122312143324434
1112132423233444	1231212132443344
1112132423233444	1122331142434234
1112132423233444	1122331122434434
1112132423233444	1122312133444234
1112132423233444	1122313241324434
1112132423233444	1122313122434434
1112132423233444	1122312133424434
1112132423233444	1122313231424434
1112132423233444	1122312143434234
1112132423233444	1122313241434234
1112132423233444	1122313142434234
1112132423233444	1231212133424434
1112132423233444	1231212132434434
1112132423233444	1231212142334344
1112132423233444	1231412122334344
1112132423233444	1231212143434234
1112132423233444	1231412132434234
1112132423234344	1122331142432434
1112132423234344	1122331122443434
1112132423234344	1231212142333444
1112132423234344	1231412122333444
1112132423234344	1122313122443434
1112132423234344	1231212132443434
1112132423234344	1231412132432434
1112132423234344	1122313241432434
1112132423234344	1231212143432434
1112132423234344	1122313142432434
1112132423234434	1122313122443344
1112132423234434	1122331122443344
1112132423234434	1122331142432344
1112132423234434	1122313142432344
1112132423234434	1231412132432344
1112132423234434	1231212143432344
1112132423243344	1122331144223434
1112132423243344	1231212143324434
1112132423243344	1122331142423434
1112132423243344	1122331122443434
1112132423243344	1231212143323444
1112132423243344	1122313144223434
1112132423243344	1231412132323444
1112132423243344	1122313122443434
1112132423243344	1231212132443434
1112132423243344	1122313142423434
1112132423243344	1231412132423434
1112132423243344	1231212143423434
1112132423243434	1122313122443344
1112132423243434	1122331122443344
1112132423243434	1122331144223344
1112132423243434	1231212143324344
1112132423243434	1122313142423344
1112132423243434	1122313144223344
1112132423243434	1122331142423344
1112132423243434	1231412132423344
1112132423323444	1122313122443344
1112132423323444	1122331122443344
1112132423323444	1122312133244434
1112132423323444	1122313231244434
1112132423323444	1122313122344434
1112132423323444	1122331122344434
1112132423323444	1231212132443344
1112132423323444	1122331142344234
1112132423323444	1122313231444234
1112132423323444	1231212133444234
1112132423323444	1231212143344234
1112132423323444	1231412122343344
1112132423323444	1231212142343344
1112132423323444	1122313241344234
1112132423323444	1231412132344234
1112132423324344	1231212143342434
1112132423324344	1122313241432434
1112132423324344	1231212143432434
1112132423324344	1231412122343434
1112132423324344	1231412132342434
1112132423324434	1122313122443344
1112132423324434	1122331122443344
1112132423324434	1122331144232344
1112132423324434	1122331142243344
1112132423324434	1122331142432344
1112132423324434	1122313142243344
1112132423324434	1122313142432344
1112132423324434	1122313144232344
1112132423324434	1122313241243344
1112132423324434	1231212142333444
1112132423324434	1231412122333444
1112132423324434	1231212143342344
1112132423324434	1231412132243344
1112132423324434	1231412122343344
1112132423324434	1231412132432344
1112132423324434	1231412132342344
1112132423342344	1231212143324434
1112132423342344	1231412132324434
1112132423342344	1231412122334434
1112132423342434	1231212143324344
1112132423342434	1231412122334344
1112132423342434	1231412132324344
1112132423344234	1231212143323444
1112132423344234	1231212142333444
1112132423344234	1231412122333444
1112132423344234	1231412132323444
1112132423423344	1231212143243434
1112132423423344	1231412132243434
1112132423423434	1122331142243344
1112132423423434	1122313142243344
1112132423423434	1231412132243344
1112132423432344	1231412132234434
1112132423432434	1231412132234344
1112132423434234	1231212143233444
1112132423434234	1231412132233444
1112132432342344	1231212143324434
1112132432342344	1231412123324434
1112132432342434	1231212143324344
1112132432342434	1231412123324344
1112132432344234	1231212124333444
1112132432344234	1231212143323444
1112132432344234	1231412123323444
1112132432432344	1231412132234434
1112132432432344	1231412123234434
1112132432432434	1231412132234344
1112132432432434	1231412123234344
1112132432434234	1231212143233444
1112132432434234	1231412123233444
1112132432434234	1231412132233444
1112132434223344	1231412122343434
1112132434223434	1122313122443344
1112132434223434	1231412122343344
1112132434232344	1231412122334434
1112132434232434	1231412122334344
1112132434234234	1231412122333444
1112134223323444	1121221333244434
1112134223323444	1122311322443344
1112134223323444	1122331122443344
1112134223323444	1122311233244434
1112134223323444	1122311322344434
1112134223323444	1122331231244434
1112134223323444	1122331122344434
1112134223323444	1231211232443344
1112134223323444	1122331142344234
1112134223323444	1122331231444234
1112134223323444	1231211233444234
1112134223323444	1231211243344234
1112134223323444	1231411232243344
1112134223323444	1231411222343344
1112134223323444	1231211243243344
1112134223323444	1231211242343344
1112134223323444	1122331241344234
1112134223323444	1231411232344234
1112134223324344	1231211243342434
1112134223324344	1231411222343434
1112134223324344	1231211243432434
1112134223324344	1122331241432434
1112134223324344	1231411232342434
1112134223324434	1122311322443344
1112134223324434	1122331122443344
1112134223324434	1122331144232344
1112134223324434	1122331142243344
1112134223324434	1122311342243344
1112134223324434	1122311342432344
1112134223324434	1122331142432344
1112134223324434	1122311344232344
1112134223324434	1122331241243344
1112134223324434	1231211242333444
1112134223324434	1231411222333444
1112134223324434	1231211243342344
1112134223324434	1231411222343344
1112134223324434	1231411232432344
1112134223324434	1231411232342344
1112134223342344	1231211243324434
1112134223342344	1231411232324434
1112134223342344	1231411222334434
1112134223342434	1231211243324344
1112134223342434	1231411222334344
1112134223342434	1231411232324344
1112134223344234	1231211243323444
1112134223344234	1231211242333444
1112134223344234	1231411222333444
1112134223344234	1231411232323444
1112134223423344	1231211243243434
1112134223423344	1231411232243434
1112134223423434	1122331142243344
1112134223423434	1122311342243344
1112134223423434	1231411232243344
1112134223432344	1231211243324434
1112134223432344	1231411232234434
1112134223432434	1231411232234344
1112134223434234	1231211243233444
1112134223434234	1231411232233444
1112134232233444	1122311322443344
1112134232233444	1122331212443344
1112134232233444	1122331213444234
1112134232233444	1121221333444234
1112134232233444	1122311323444234
1112134232233444	1231211323444234
1112134232233444	1121221334434234
1112134232233444	1231211224334344
1112134232233444	1122331214434234
1112134232233444	1122311324434234
1112134232233444	1231211324434234
1112134232233444	1231411222334344
1112134232233444	1231411223434234
1112134232234344	1231211224333444
1112134232234344	1122331214432434
1112134232234344	1122311324432434
1112134232234344	1231211324432434
1112134232234344	1231411223432434
1112134232234434	1122311322443344
1112134232234434	1122331212443344
1112134232234434	1231211224333444
1112134232234434	1122311324432344
1112134232234434	1122331214432344
1112134232234434	1231211324432344
1112134232234434	1231411223432344
1112134232243344	1231211224333444
1112134232243344	1231411223323444
1112134232243344	1122311322443434
1112134232243344	1231211223443434
1112134232243344	1122331214423434
1112134232243344	1122311324423434
1112134232243344	1231211324423434
1112134232243344	1231411223423434
1112134232243434	1122311322443344
1112134232243434	1122311324423344
1112134232243434	1122331214423344
1112134232243434	1231411223423344
1112134232323444	1121221333244434
1112134232323444	1122331214344234
1112134232323444	1231411223243344
1112134232323444	1231211224343344
1112134232323444	1231211324344234
1112134232323444	1231411223344234
1112134232324344	1122331214432434
1112134232324344	1231411223342434
1112134232324434	1231211224333444
1112134232324434	1122311324243344
1112134232324434	1122311324432344
1112134232324434	1122331214243344
1112134232324434	1231211324432344
1112134232324434	1231411223342344
1112134232342344	1231411223324434
1112134232342434	1231411223324344
1112134232344234	1231211224333444
1112134232344234	1231411223323444
1112134232423344	1231411223243434
1112134232423344	1231211224343434
1112134232423434	1122311324243344
1112134232423434	1231411223243344
1112134232432344	1231411223234434
1112134232432434	1231411223234344
1112134232434234	1231211224333444
1112134232434234	1231411223233444
1112134234223344	1231411222343434
1112134234223434	1122311322443344
1112134234223434	1231411222343344
1112134234232344	1231411222334434
1112134234232434	1231411222334344
1112134234234234	1231411222333444
1112212323343444	1211322143324434
1112212323343444	1211322143324344
1112212323343444	1211132242334344
1112212323343444	1211132242334434
1112212323343444	1231122143324434
1112212323343444	1211132243324434
1112212323343444	1211233122443344
1112212323343444	1211322132443344
1112212323343444	1211132243324344
1112212323343444	1121232143324434
1112212323343444	1211132243423344
1112212323343444	1211132233424434
1112212323343444	1211232143324434
1112212323343444	1211132243434234
1112212323343444	1231231122443344
1112212323343444	1231122132443344
1112212323343444	1231122143324344
1112212323343444	1211322143434234
1112212323343444	1211322143423344
1112212323343444	1211322133424434
1112212323343444	1211322142334344
1112212323343444	1211322142334434
1112212323343444	1231231144223344
1112212323343444	1211233144223344
1112212323343444	1211322132434434
1112212323343444	1211233244314234
1112212323343444	1121232133444234
1112212323343444	1211232133444234
1112212323343444	1211342231324434
1112212323343444	1211233241434234
1112212323343444	1121233241434234
1112212323343444	1211233241324434
1112212323343444	1121233241324434
1112212323343444	1231142231324434
1112212323343444	1121232133424434
1112212323343444	1121232143434234
1112212323343444	1231241132324434
1112212323343444	1211342132324434
1112212323343444	1211342122334434
1112212323343444	1211233122434434
1112212323343444	1211342122334344
1112212323343444	1231122142334434
1112212323343444	1231241122334434
1112212323343444	1211233142423344
1112212323343444	1231122142334344
1112212323343444	1231122132434434
1112212323343444	1231122143423344
1112212323343444	1231122143434234
1112212323343444	1231122133424434
1112212323343444	1211342132423344
1112212323343444	1231142233414234
1112212323343444	1211342132324344
1112212323343444	1211232133424434
1112212323343444	1211342233414234
1112212323343444	1231241132423344
1112212323343444	1211233142324434
1112212323343444	1231243142314234
1112212323343444	1231241132324344
1112212323343444	1211232143434234
1112212323343444	1231231142423344
1112212323343444	1211233142434234
1112212323343444	1231231142434234
1112212323343444	1231231142324434
1112212323343444	1211342132434234
1112212323343444	1231241132434234
1112212323343444	1231241122334344
1112212323343444	1231231122434434
1112212323433444	1211322143324434
1112212323433444	1121232133244434
1112212323433444	1231122143324434
1112212323433444	1211132243324434
1112212323433444	1211322143344234
1112212323433444	1211132243234344
1112212323433444	1211132243234434
1112212323433444	1211322143243344
1112212323433444	1211132233244434
1112212323433444	1211322133244434
1112212323433444	1121232143324434
1112212323433444	1211132243344234
1112212323433444	1211232143324434
1112212323433444	1211322143234344
1112212323433444	1211322143234434
1112212323433444	1211232133244434
1112212323433444	1231122133244434
1112212323433444	1211342233124434
1112212323433444	1121232143344234
1112212323433444	1231142233124434
1112212323433444	1231241132234434
1112212323433444	1121233243124434
1112212323433444	1121233244134234
1112212323433444	1211342132234434
1112212323433444	1231122143234434
1112212323433444	1231241132243344
1112212323433444	1231122143344234
1112212323433444	1211233244134234
1112212323433444	1211233142243344
1112212323433444	1211233243124434
1112212323433444	1211232143344234
1112212323433444	1211342132243344
1112212323433444	1231122143243344
1112212323433444	1231231142243344
1112212323433444	1231142233144234
1112212323433444	1211342233144234
1112212323433444	1231122143234344
1112212323433444	1211233142234434
1112212323433444	1211342132234344
1112212323433444	1231243142134234
1112212323433444	1231241132234344
1112212323433444	1211233144234234
1112212323433444	1231231144234234
1112212323433444	1231231142234434
1112212323434344	1211132243233444
1112212323434344	1211322143342434
1112212323434344	1211322143233444
1112212323434344	1211132243243434
1112212323434344	1211132243342434
1112212323434344	1211322143243434
1112212323434344	1211342132233444
1112212323434344	1231122143233444
1112212323434344	1231241132233444
1112212323434344	1231122143342434
1112212323434344	1231231144232434
1112212323434344	1211233144232434
1112212323434344	1211233244132434
1112212323434344	1231142233142434
1112212323434344	1211342233142434
1112212323434344	1211233142243434
1112212323434344	1231243142132434
1112212323434344	1231122143243434
1112212323434344	1211342132243434
1112212323434344	1231241132243434
1112212323434344	1231231142243434
1112212323434434	1211132243233444
1112212323434434	1211322143342344
1112212323434434	1211322143233444
1112212323434434	1211132243243344
1112212323434434	1211342132233444
1112212323434434	1231122143233444
1112212323434434	1231241132233444
1112212323434434	1231122143342344
1112212323434434	1231231144232344
1112212323434434	1211233244132344
1112212323434434	1231241132243344
1112212323434434	1211342132243344
1112212323434434	1211342233142344
1112212323434434	1231243142132344
1112212324334434	1211132242333444
1112212324334434	1211132242343344
1112212324334434	1211233241432344
1112212324334434	1211342231342344
1112212324334434	1231243141232344
1112212324334434	1211342231243344
1112212324334434	1231243121243344
1112212324343344	1211132242333444
1112212324343344	1211132243323444
1112212324343344	1211132242334434
1112212324343344	1211132243324434
1112212324343344	1211342231323444
1112212324343344	1211342231324434
1112212324343344	1231142231324434
1112212324343344	1211233241423434
1112212324343344	1231243141223434
1112212324343434	1211132242334344
1112212324343434	1211342231324344
1112212324343434	1231243141223344
1112212332343444	1211322143324434
1112212332343444	1211132224334344
1112212332343444	1211132224334434
1112212332343444	1211322143324344
1112212332343444	1231122143324434
1112212332343444	1122133214434234
1112212332343444	1211233214434234
1112212332343444	1121233214434234
1112212332343444	1122133214423344
1112212332343444	1211233214423344
1112212332343444	1122133124423344
1112212332343444	1122132143324434
1112212332343444	1122133214324434
1112212332343444	1211233214324434
1112212332343444	1122133144223344
1112212332343444	1121233214324434
1112212332343444	1231142213324434
1112212332343444	1211342213324434
1112212332343444	1211342213324344
1112212332343444	1231243114223344
1112212332343444	1231122143324344
1112212332343444	1211322134434234
1112212332343444	1211322134423344
1112212332343444	1211322134324434
1112212332343444	1211322124334344
1112212332343444	1211322124334434
1112212332343444	1231122124334344
1112212332343444	1121232134324434
1112212332343444	1121232134434234
1112212332343444	1122133124434234
1112212332343444	1231231124434234
1112212332343444	1231241123324434
1112212332343444	1211233124434234
1112212332343444	1211232134434234
1112212332343444	1231231124423344
1112212332343444	1211342123324434
1112212332343444	1211233124423344
1112212332343444	1231122124334434
1112212332343444	1122133124324434
1112212332343444	1231231124324434
1112212332343444	1211233124324434
1112212332343444	1211232134324434
1112212332343444	1211342134223344
1112212332343444	1211342123324344
1112212332343444	1231241123324344
1112212332343444	1231241134223344
1112212332343444	1231243124314234
1112212332343444	1211342234314234
1112212332433444	1211322143324434
1112212332433444	1211132224334344
1112212332433444	1121232133244434
1112212332433444	1231122143324434
1112212332433444	1122133214434234
1112212332433444	1211233214434234
1112212332433444	1121233214434234
1112212332433444	1122133124243344
1112212332433444	1211322143344234
1112212332433444	1122133142243344
1112212332433444	1122132133244434
1112212332433444	1122132143324434
1112212332433444	1122133214324434
1112212332433444	1211322143243344
1112212332433444	1211233214324434
1112212332433444	1121233214324434
1112212332433444	1211322133244434
1112212332433444	1231142213324434
1112212332433444	1211342213324434
1112212332433444	1211322143234344
1112212332433444	1211322143234434
1112212332433444	1211232133244434
1112212332433444	1231122133244434
1112212332433444	1211322134434234
1112212332433444	1211322134324434
1112212332433444	1211322134243344
1112212332433444	1211322134234434
1112212332433444	1211342233124434
1112212332433444	1121232134324434
1112212332433444	1121232134344234
1112212332433444	1121232134434234
1112212332433444	1231241132234434
1112212332433444	1231243123124434
1112212332433444	1121233234124434
1112212332433444	1211232134434234
1112212332433444	1211342132234434
1112212332433444	1211342123234434
1112212332433444	1231122143234434
1112212332433444	1231241123234434
1112212332433444	1231241132243344
1112212332433444	1231122143344234
1112212332433444	1122133124234434
1112212332433444	1211233124243344
1112212332433444	1122132143344234
1112212332433444	1211342132243344
1112212332433444	1231122143243344
1112212332433444	1122133142234434
1112212332433444	1122133144234234
1112212332433444	1231122143234344
1112212332433444	1211232134324434
1112212332433444	1211342132234344
1112212332433444	1231241132234344
1112212332433444	1231231124243344
1112212332433444	1211342123234344
1112212332433444	1211233234124434
1112212332433444	1211233124234434
1112212332433444	1231231124234434
1112212332433444	1211342234134234
1112212332433444	1231243124134234
1112212332433444	1211342134234234
1112212332433444	1211232134344234
1112212332433444	1231241134234234
1112212332433444	1231241123234344
1112212332434344	1211132224333444
1112212332434344	1122133214432434
1112212332434344	1211233214432434
1112212332434344	1211322143342434
1112212332434344	1211322143233444
1112212332434344	1211322143243434
1112212332434344	1211342123233444
1112212332434344	1211342132233444
1112212332434344	1211322134432434
1112212332434344	1231122143233444
1112212332434344	1211322134243434
1112212332434344	1231241123233444
1112212332434344	1231241132233444
1112212332434344	1231122143342434
1112212332434344	1122133144232434
1112212332434344	1122133124243434
1112212332434344	1122133142243434
1112212332434344	1231122143243434
1112212332434344	1211342132243434
1112212332434344	1231241132243434
1112212332434344	1211342234132434
1112212332434344	1211233124243434
1112212332434344	1231243124132434
1112212332434344	1211342134232434
1112212332434344	1231241134232434
1112212332434344	1231231124243434
1112212332434434	1211132224333444
1112212332434434	1122133214432344
1112212332434434	1211233214432344
1112212332434434	1211322143342344
1112212332434434	1211322143233444
1112212332434434	1122133124243344
1112212332434434	1122133142243344
1112212332434434	1122133144232344
1112212332434434	1211342123233444
1112212332434434	1211342132233444
1112212332434434	1211322134432344
1112212332434434	1231122143233444
1112212332434434	1231241123233444
1112212332434434	1231241132233444
1112212332434434	1231122143342344
1112212332434434	1231241132243344
1112212332434434	1211342132243344
1112212332434434	1211342234132344
1112212332434434	1231243124132344
1112212332434434	1231241134232344
1112212334233444	1122133122443344
1112212334233444	1211233122443344
1112212334233444	1211342231324434
1112212334233444	1231243121324434
1112212334233444	1121233231424434
1112212334233444	1211233231424434
1112212334233444	1211342231434234
1112212334233444	1122133122434434
1112212334233444	1211233122434434
1112212334233444	1211342122334344
1112212334233444	1231243121434234
1112212334234344	1211342122333444
1112212334234344	1122133122443434
1112212334234344	1211233122443434
1112212334234344	1211342231432434
1112212334234344	1231243121432434
1112212334234434	1122133122443344
1112212334234434	1211342122333444
1112212334234434	1211342231432344
1112212334234434	1231243121432344
1112212334243344	1211342122333444
1112212334243344	1211342231323444
1112212334243344	1231243121323444
1112212334243344	1122133122443434
1112212334243344	1211342231324434
1112212334243344	1211233122443434
1112212334243344	1211342231423434
1112212334243344	1231243121423434
1112212334243434	1122133122443344
1112212334243434	1211342231324344
1112212334243434	1211342231423344
1112212334243434	1231243121423344
1112212334323444	1122133122443344
1112212334323444	1121233231244434
1112212334323444	1211233122443344
1112212334323444	1121233231444234
1112212334323444	1211233231444234
1112212334323444	1211342231344234
1112212334323444	1231142122343344
1112212334323444	1231243121344234
1112212334324344	1211342231342434
1112212334324344	1211342231432434
1112212334324344	1231243121432434
1112212334324344	1231142122343434
1112212334324344	1231243121342434
1112212334324434	1122133122443344
1112212334324434	1211342122333444
1112212334324434	1231142122333444
1112212334324434	1211342231342344
1112212334324434	1211342231243344
1112212334324434	1231243121243344
1112212334324434	1231142122343344
1112212334324434	1211342122343344
1112212334324434	1231243121342344
1112212334342344	1211342231324434
1112212334342344	1231243121324434
1112212334342344	1231142122334434
1112212334342434	1211342231324344
1112212334342434	1231142122334344
1112212334342434	1211342122334344
1112212334342434	1231243121324344
1112212334344234	1211342122333444
1112212334344234	1211342231323444
1112212334344234	1231142122333444
1112212334344234	1231243121323444
1112212334423434	1211342231243344
1112212334423434	1231243121243344
1112212342333444	1211132224334344
1112212342333444	1211132224334434
1112212342333444	1211132224343344
1112212342333444	1211132223344434
1112212342333444	1211233214434234
1112212342333444	1121233213244434
1112212342333444	1121233214434234
1112212342333444	1211233214324434
1112212342333444	1121233214324434
1112212342333444	1231142213324434
1112212342333444	1211342213324434
1112212342333444	1211233213244434
1112212342333444	1211233214243344
1112212342333444	1231142213344234
1112212342333444	1211342213344234
1112212342333444	1211342213243344
1112212342333444	1231243112243344
1112212342333444	1211233214234434
1112212342333444	1211342213234344
1112212342333444	1231243114234234
1112212342333444	1211342213234434
1112212342333444	1231243112234434
1112212342333444	1231243112234344
1112212342334344	1211132224333444
1112212342334344	1211132224343434
1112212342334344	1211233214432434
1112212342334344	1211342213233444
1112212342334344	1231142213342434
1112212342334344	1211342213342434
1112212342334344	1211233214243434
1112212342334344	1231243114232434
1112212342334344	1211342213243434
1112212342334344	1231243112243434
1112212342334344	1231243112233444
1112212342334434	1211132224333444
1112212342334434	1211233214432344
1112212342334434	1211342213342344
1112212342334434	1231243114232344
1112212342334434	1211342213243344
1112212342334434	1231243112243344
1112212342343344	1211132224333444
1112212342343344	1211132224334434
1112212342343344	1231142213324434
1112212342343344	1211342213324434
1112212342343344	1211233214423434
1112212342343344	1211342213323444
1112212342343344	1231243114223434
1112212342343434	1211342213324344
1112212342343434	1231243114223344
1112212343234344	1211132224333444
1112212343234344	1122133214432434
1112212343234344	1211233214432434
1112212343234344	1211132223443434
1112212343234344	1211342212333444
1112212343234344	1231142213432434
1112212343234344	1211342213432434
1112212343234344	1122133212443434
1112212343234344	1211233212443434
1112212343234344	1231243112432434
1112212343234434	1211132224333444
1112212343234434	1122133212443344
1112212343234434	1122133214432344
1112212343234434	1211233214432344
1112212343234434	1211342213432344
1112212343234434	1231243112432344
1112212343243344	1211132224333444
1112212343243344	1211132223443434
1112212343243344	1231142213324434
1112212343243344	1211342213324434
1112212343243344	1122133214423434
1112212343243344	1211233214423434
1112212343243344	1211342213323444
1112212343243344	1231243114223434
1112212343243344	1122133212443434
1112212343243344	1211233212443434
1112212343243344	1211342213423434
1112212343243344	1231243112423434
1112212343243344	1231243112323444
1112212343243434	1122133212443344
1112212343243434	1122133214423344
1112212343243434	1211342213324344
1112212343243434	1231243114223344
1112212343243434	1211342213423344
1112212343243434	1231243112423344
1112212343344234	1211132224333444
1112212343344234	1211342212333444
1112212343344234	1231142213323444
1112212343344234	1211342213323444
1112212343344234	1231142212333444
1112212343344234	1231243112323444
1112212343423344	1211132224343434
1112212343423344	1211342213243434
1112212343423344	1231243112243434
1112212343423434	1122133214243344
1112212343423434	1211342213243344
1112212343423434	1231243112243344
1112212343432344	1231142213234434
1112212343432344	1231243112234434
1112212343432434	1231142213234344
1112212343432434	1211342213234344
1112212343432434	1231243112234344
1112212343434234	1211132224333444
1112212343434234	1211342213233444
1112212343434234	1231142213233444
1112212343434234	1231243112233444
1112213223343444	1122131322443344
1112213223343444	1211322143324434
1112213223343444	1211322143324344
1112213223343444	1211132242334344
1112213223343444	1211132242334434
1112213223343444	1122131342423344
1112213223343444	1231211243324434
1112213223343444	1122131344223344
1112213223343444	1211132243324434
1112213223343444	1211231322443344
1112213223343444	1211233122443344
1112213223343444	1211322132443344
1112213223343444	1122131243324434
1112213223343444	1211132243324344
1112213223343444	1121232143324434
1112213223343444	1211132243423344
1112213223343444	1211132233424434
1112213223343444	1211232143324434
1112213223343444	1211132243434234
1112213223343444	1211231243324434
1112213223343444	1231211322443344
1112213223343444	1231231122443344
1112213223343444	1231211243324344
1112213223343444	1211322143434234
1112213223343444	1211322143423344
1112213223343444	1211322133424434
1112213223343444	1211322142334344
1112213223343444	1211322142334434
1112213223343444	1231231144223344
1112213223343444	1211233144223344
1112213223343444	1211231344223344
1112213223343444	1211322132434434
1112213223343444	1211233244314234
1112213223343444	1231231244314234
1112213223343444	1121221333444234
1112213223343444	1121232133444234
1112213223343444	1211232133444234
1112213223343444	1121221333424434
1112213223343444	1122131322434434
1112213223343444	1211342231324434
1112213223343444	1211233241434234
1112213223343444	1121233241434234
1112213223343444	1231211432423344
1112213223343444	1211233241324434
1112213223343444	1121233241324434
1112213223343444	1121232133424434
1112213223343444	1121232143434234
1112213223343444	1122131342324434
1112213223343444	1231211432324434
1112213223343444	1122131342434234
1112213223343444	1231121242334344
1112213223343444	1231121242334434
1112213223343444	1121232341324434
1112213223343444	1231241231324434
1112213223343444	1121232341434234
1112213223343444	1231241132324434
1112213223343444	1122131233424434
1112213223343444	1122131243434234
1112213223343444	1231121243423344
1112213223343444	1231121233424434
1112213223343444	1211341232324434
1112213223343444	1211341222334434
1112213223343444	1211342132324434
1112213223343444	1211342122334434
1112213223343444	1231211432324344
1112213223343444	1211233122434434
1112213223343444	1211342122334344
1112213223343444	1231211422334434
1112213223343444	1231241122334434
1112213223343444	1211231342423344
1112213223343444	1211233142423344
1112213223343444	1211321233424434
1112213223343444	1211342132423344
1112213223343444	1231211432434234
1112213223343444	1231211422334344
1112213223343444	1231211322434434
1112213223343444	1211341232423344
1112213223343444	1211341222334344
1112213223343444	1211341232324344
1112213223343444	1211342132324344
1112213223343444	1211232133424434
1112213223343444	1211342233414234
1112213223343444	1231241132423344
1112213223343444	1211233142324434
1112213223343444	1231243142314234
1112213223343444	1231241132324344
1112213223343444	1211231322434434
1112213223343444	1211232341324434
1112213223343444	1211232143434234
1112213223343444	1231231142423344
1112213223343444	1211233142434234
1112213223343444	1231231142434234
1112213223343444	1231231142324434
1112213223343444	1211231342324434
1112213223343444	1211231233424434
1112213223343444	1211342132434234
1112213223343444	1231241132434234
1112213223343444	1231241122334344
1112213223343444	1231231122434434
1112213223343444	1231231241324434
1112213223343444	1231211233424434
1112213223343444	1211231342434234
1112213223343444	1211231243434234
1112213223343444	1231211243423344
1112213223343444	1211232341434234
1112213223343444	1211342342314234
1112213223343444	1231211243434234
1112213223343444	1231241233414234
1112213223343444	1231231241434234
1112213223343444	1231241342314234
1112213223433444	1121221333244434
1112213223433444	1211322143324434
1112213223433444	1122131342243344
1112213223433444	1231211243324434
1112213223433444	1211132243324434
1112213223433444	1231211432243344
1112213223433444	1211132243234344
1112213223433444	1211132243234434
1112213223433444	1121232143324434
1112213223433444	1211232143324434
1112213223433444	1231211432234434
1112213223433444	1231211432234344
1112213223433444	1211342233124434
1112213223433444	1122131342234434
1112213223433444	1231241233124434
1112213223433444	1121232343124434
1112213223433444	1121232344134234
1112213223433444	1122131344234234
1112213223433444	1231121243234344
1112213223433444	1231121243234434
1112213223433444	1121233243124434
1112213223433444	1121233244134234
1112213223433444	1211341232234434
1112213223433444	1231211243234434
1112213223433444	1211231342243344
1112213223433444	1211233244134234
1112213223433444	1211233243124434
1112213223433444	1211341232234344
1112213223433444	1211232343124434
1112213223433444	1211231342234434
1112213223433444	1231231243124434
1112213223433444	1231211243234344
1112213223433444	1211231344234234
1112213223433444	1231231244134234
1112213223433444	1211232344134234
1112213223433444	1231241342134234
1112213223433444	1211342342134234
1112213223434344	1211132243233444
1112213223434344	1211341232233444
1112213223434344	1231211432243434
1112213223434344	1231211432233444
1112213223434344	1231121243233444
1112213223434344	1231211243233444
1112213223434344	1122131342243434
1112213223434344	1122131344232434
1112213223434344	1211231344232434
1112213223434344	1211233244132434
1112213223434344	1231231244132434
1112213223434344	1231243142132434
1112213223434344	1211231342243434
1112213223434344	1231241342132434
1112213223434344	1211342342132434
1112213223434434	1211132243233444
1112213223434434	1122131342243344
1112213223434434	1122131344232344
1112213223434434	1231211432243344
1112213223434434	1211341232233444
1112213223434434	1231211432233444
1112213223434434	1231121243233444
1112213223434434	1231211243233444
1112213223434434	1211233244132344
1112213223434434	1231231244132344
1112213223434434	1231243142132344
1112213223434434	1211342342132344
1112213223434434	1231241342132344
1112213224343344	1211132242333444
1112213224343344	1211322143324434
1112213224343344	1211132243323444
1112213224343344	1211322143323444
1112213224343344	1211132242334434
1112213224343344	1231211243324434
1112213224343344	1211132243324434
1112213224343344	1211322142333444
1112213224343344	1211132243423434
1112213224343344	1211341222333444
1112213224343344	1211341232323444
1112213224343344	1211342122333444
1112213224343344	1211342132323444
1112213224343344	1211342231323444
1112213224343344	1211322143423434
1112213224343344	1211322142334434
1112213224343344	1211322132443434
1112213224343344	1231211243323444
1112213224343344	1231121242333444
1112213224343344	1231211422333444
1112213224343344	1231211432323444
1112213224343344	1122131344223434
1112213224343344	1231231144223434
1112213224343344	1211233144223434
1112213224343344	1211231344223434
1112213224343344	1231241122333444
1112213224343344	1231241132323444
1112213224343344	1231241231323444
1112213224343344	1122131322443434
1112213224343344	1211342231324434
1112213224343344	1211231322443434
1112213224343344	1211233122443434
1112213224343344	1231211322443434
1112213224343344	1211233241423434
1112213224343344	1231231122443434
1112213224343344	1231243141223434
1112213224343344	1231211432423434
1112213224343344	1122131342423434
1112213224343344	1231211432324434
1112213224343344	1231121242334434
1112213224343344	1231241231324434
1112213224343344	1231241132324434
1112213224343344	1231121243423434
1112213224343344	1211341232324434
1112213224343344	1211341222334434
1112213224343344	1211342132324434
1112213224343344	1211342122334434
1112213224343344	1231211422334434
1112213224343344	1231241122334434
1112213224343344	1211233142423434
1112213224343344	1211342132423434
1112213224343344	1231241132423434
1112213224343344	1231231142423434
1112213224343344	1211341232423434
1112213224343344	1211231342423434
1112213224343344	1211342341223434
1112213224343344	1231211243423434
1112213224343344	1231241341223434
1112213224343344	1231231241423434
1112213224343434	1122131322443344
1112213224343434	1211322143324344
1112213224343434	1211132242334344
1112213224343434	1122131342423344
1112213224343434	1122131344223344
1112213224343434	1211132243423344
1112213224343434	1231211243324344
1112213224343434	1231231144223344
1112213224343434	1211233144223344
1112213224343434	1211231344223344
1112213224343434	1231211432423344
1112213224343434	1211342231324344
1112213224343434	1231243141223344
1112213224343434	1231211432324344
1112213224343434	1211342122334344
1112213224343434	1211231342423344
1112213224343434	1211233142423344
1112213224343434	1211342132423344
1112213224343434	1211342341223344
1112213224343434	1211341232423344
1112213224343434	1211341222334344
1112213224343434	1231241132423344
1112213224343434	1231241132324344
1112213224343434	1231241341223344
1112213224343434	1231241231324344
1112213232343444	1211132224334344
1112213232343444	1211132224334434
1112213232343444	1122131324423344
1112213232343444	1211233214434234
1112213232343444	1121233214434234
1112213232343444	1211233214423344
1112213232343444	1211233214324434
1112213232343444	1121233214324434
1112213232343444	1211342213324434
1112213232343444	1211342213324344
1112213232343444	1231243114223344
1112213232343444	1231121224334344
1112213232343444	1122131324324434
1112213232343444	1122131324434234
1112213232343444	1231121224334434
1112213232343444	1121232314324434
1112213232343444	1121232314434234
1112213232343444	1231241213324434
1112213232343444	1231231214434234
1112213232343444	1211231324434234
1112213232343444	1211232314434234
1112213232343444	1211341223324434
1112213232343444	1231231214423344
1112213232343444	1211231324423344
1112213232343444	1231231214324434
1112213232343444	1211231324324434
1112213232343444	1211232314324434
1112213232343444	1211342314223344
1112213232343444	1211341223324344
1112213232343444	1231241213324344
1112213232343444	1231241314223344
1112213232343444	1231241324314234
1112213232343444	1211342324314234
1112213232433444	1211132224334344
1112213232433444	1122131324243344
1112213232433444	1231121224334344
1112213232433444	1211342323124434
1112213232433444	1122131324234434
1112213232433444	1122131324434234
1112213232433444	1121232334124434
1112213232433444	1231241323124434
1112213232433444	1211231324434234
1112213232433444	1211341223234434
1112213232433444	1211231324243344
1112213232433444	1211341223234344
1112213232433444	1211232334124434
1112213232433444	1211231324234434
1112213232433444	1211342324134234
1112213232433444	1231241324134234
1112213232434344	1211132224333444
1112213232434344	1231121224333444
1112213232434344	1211341223233444
1112213232434344	1122131324432434
1112213232434344	1211231324432434
1112213232434344	1122131324243434
1112213232434344	1211231324243434
1112213232434344	1211342324132434
1112213232434344	1231241324132434
1112213232434434	1211132224333444
1112213232434434	1231121224333444
1112213232434434	1122131324243344
1112213232434434	1122131324432344
1112213232434434	1211341223233444
1112213232434434	1211342324132344
1112213232434434	1231241324132344
1112213233243444	1122131322443344
1112213233243444	1211132224334344
1112213233243444	1211132223443344
1112213233243444	1122131324423344
1112213233243444	1211233214434234
1112213233243444	1211233214423344
1112213233243444	1211231322443344
1112213233243444	1121233214324434
1112213233243444	1211342213324434
1112213233243444	1231243114223344
1112213233243444	1231121223443344
1112213233243444	1211233213444234
1112213233243444	1121233213444234
1112213233243444	1121232331444234
1112213233243444	1211232331444234
1112213233243444	1121233213424434
1112213233243444	1211342213434234
1112213233243444	1231243112423344
1112213233243444	1231231213444234
1112213233243444	1231121224334344
1112213233243444	1231141223423344
1112213233243444	1231141223434234
1112213233243444	1121232313424434
1112213233243444	1121232314324434
1112213233243444	1121232334414234
1112213233243444	1231241213324434
1112213233243444	1231231214434234
1112213233243444	1231231214423344
1112213233243444	1211232334414234
1112213233243444	1231241213324344
1112213233243444	1231241314223344
1112213233243444	1231241312423344
1112213233243444	1211342323414234
1112213233243444	1231241213423344
1112213233243444	1231241213434234
1112213233243444	1231241323414234
1112213233423444	1211132224343344
1112213233423444	1122131324243344
1112213233423444	1121232313244434
1112213233423444	1231141223243344
1112213233423444	1231121224343344
1112213233423444	1231141223344234
1112213233423444	1121232334144234
1112213233423444	1211231324243344
1112213233423444	1231241312243344
1112213233423444	1211342323144234
1112213233423444	1231241323144234
1112213233423444	1211232334144234
1112213233424344	1231141223243434
1112213233424344	1231141223342434
1112213233424344	1211342323142434
1112213233424344	1211342324132434
1112213233424344	1231241324132434
1112213233424344	1231241323142434
1112213233424434	1211132224333444
1112213233424434	1231121224333444
1112213233424434	1122131324243344
1112213233424434	1122131324432344
1112213233424434	1211341223233444
1112213233424434	1231141223233444
1112213233424434	1231141223243344
1112213233424434	1231141223342344
1112213233424434	1231241312243344
1112213233424434	1211342312243344
1112213233424434	1211341223243344
1112213233424434	1211342323142344
1112213233424434	1231241323142344
1112213233442344	1211342323124434
1112213233442344	1231141223234434
1112213233442344	1231141223324434
1112213233442344	1231241323124434
1112213234233444	1122131322443344
1112213234233444	1211231322443344
1112213234233444	1122131322434434
1112213234233444	1211342321324434
1112213234233444	1121232331424434
1112213234233444	1231241321324434
1112213234233444	1211341222334344
1112213234233444	1211231322434434
1112213234233444	1211232331424434
1112213234233444	1231241321434234
1112213234233444	1211342321434234
1112213234234344	1211341222333444
1112213234234344	1122131322443434
1112213234234344	1211231322443434
1112213234234344	1231241321432434
1112213234234344	1211342321432434
1112213234234434	1122131322443344
1112213234234434	1211341222333444
1112213234234434	1211342321432344
1112213234234434	1231241321432344
1112213234243344	1211341222333444
1112213234243344	1211342321323444
1112213234243344	1231241321323444
1112213234243344	1122131322443434
1112213234243344	1211342321324434
1112213234243344	1211231322443434
1112213234243344	1231241321324434
1112213234243344	1211341222334434
1112213234243344	1231241321423434
1112213234243344	1211342321423434
1112213234243434	1122131322443344
1112213234243434	1211342321423344
1112213234243434	1211342321324344
1112213234243434	1211341222334344
1112213234243434	1231241321423344
1112213234243434	1231241321324344
1112213234323444	1122131322443344
1112213234323444	1121232331244434
1112213234323444	1211231322443344
1112213234323444	1121232331444234
1112213234323444	1211232331444234
1112213234323444	1231141222343344
1112213234323444	1211342321344234
1112213234323444	1231241321344234
1112213234324344	1231141222343434
1112213234324344	1231241321432434
1112213234324344	1211342321432434
1112213234324344	1211342321342434
1112213234324344	1231241321342434
1112213234324434	1122131322443344
1112213234324434	1211341222333444
1112213234324434	1231141222333444
1112213234324434	1231141222343344
1112213234324434	1231241321243344
1112213234324434	1211342321243344
1112213234324434	1211341222343344
1112213234324434	1211342321342344
1112213234324434	1231241321342344
1112213234342344	1231141222334434
1112213234342344	1211342321324434
1112213234342344	1231241321324434
1112213234342434	1231141222334344
1112213234342434	1211342321324344
1112213234342434	1211341222334344
1112213234342434	1231241321324344
1112213234344234	1211341222333444
1112213234344234	1211342321323444
1112213234344234	1231141222333444
1112213234344234	1231241321323444
1112213234423434	1231241321243344
1112213234423434	1211342321243344
1112213242334344	1211132224333444
1112213242334344	1211132224343434
1112213242334344	1211233214432434
1112213242334344	1231121224333444
1112213242334344	1211341223233444
1112213242334344	1211342213233444
1112213242334344	1211342312233444
1112213242334344	1122131324432434
1112213242334344	1211342213342434
1112213242334344	1231231214432434
1112213242334344	1211233214243434
1112213242334344	1211231324432434
1112213242334344	1231243114232434
1112213242334344	1211342213243434
1112213242334344	1231243112243434
1112213242334344	1231243112233444
1112213242334344	1231241213233444
1112213242334344	1231241312233444
1112213242334344	1122131324243434
1112213242334344	1231121224343434
1112213242334344	1211341223342434
1112213242334344	1211231324243434
1112213242334344	1211342312243434
1112213242334344	1211342314232434
1112213242334344	1231241312243434
1112213242334344	1231241213243434
1112213242334344	1231241213342434
1112213242334344	1231231214243434
1112213242334344	1231241314232434
1112213242334434	1211132224333444
1112213242334434	1231121224333444
1112213242334434	1211233214432344
1112213242334434	1122131324243344
1112213242334434	1122131324432344
1112213242334434	1211342213342344
1112213242334434	1231243114232344
1112213242334434	1211342213243344
1112213242334434	1231243112243344
1112213242334434	1231231214432344
1112213242334434	1231241312243344
1112213242334434	1211342312243344
1112213242334434	1231241314232344
1112213242334434	1231241213342344
1112213242343344	1211132224333444
1112213242343344	1211132224334434
1112213242343344	1231121224333444
1112213242343344	1211342213324434
1112213242343344	1211341223323444
1112213242343344	1211233214423434
1112213242343344	1211342213323444
1112213242343344	1231243114223434
1112213242343344	1231241213323444
1112213242343344	1122131324423434
1112213242343344	1231121224334434
1112213242343344	1231241213324434
1112213242343344	1211341223324434
1112213242343344	1231231214423434
1112213242343344	1211231324423434
1112213242343344	1231241314223434
1112213242343344	1211342314223434
1112213242343434	1122131324423344
1112213242343434	1211342213324344
1112213242343434	1231243114223344
1112213242343434	1211231324423344
1112213242343434	1211342314223344
1112213242343434	1231241213324344
1112213242343434	1231241314223344
1112213243234344	1211132224333444
1112213243234344	1211233214432434
1112213243234344	1231121224333444
1112213243234344	1211132223443434
1112213243234344	1211341222333444
1112213243234344	1211342212333444
1112213243234344	1122131324432434
1112213243234344	1231231214432434
1112213243234344	1211231324432434
1112213243234344	1211342213432434
1112213243234344	1211233212443434
1112213243234344	1231243112432434
1112213243234344	1231241212333444
1112213243234344	1122131322443434
1112213243234344	1211231322443434
1112213243234344	1231231212443434
1112213243234344	1231121223443434
1112213243234344	1231241321432434
1112213243234344	1211342321432434
1112213243234344	1231241312432434
1112213243234344	1231241213432434
1112213243234344	1211342312432434
1112213243234344	1211341223432434
1112213243234434	1211132224333444
1112213243234434	1122131322443344
1112213243234434	1231121224333444
1112213243234434	1211233214432344
1112213243234434	1122131324432344
1112213243234434	1231231214432344
1112213243234434	1211342213432344
1112213243234434	1231243112432344
1112213243234434	1231241312432344
1112213243234434	1231241213432344
1112213243243344	1211132224333444
1112213243243344	1231121224333444
1112213243243344	1211132223443434
1112213243243344	1211342213324434
1112213243243344	1211341223323444
1112213243243344	1211233214423434
1112213243243344	1211342213323444
1112213243243344	1211342312323444
1112213243243344	1231243114223434
1112213243243344	1231241213323444
1112213243243344	1211342213423434
1112213243243344	1231241312323444
1112213243243344	1231243112423434
1112213243243344	1231243112323444
1112213243243344	1122131322443434
1112213243243344	1211231322443434
1112213243243344	1122131324423434
1112213243243344	1231121223443434
1112213243243344	1231241213324434
1112213243243344	1231231214423434
1112213243243344	1211341223423434
1112213243243344	1211231324423434
1112213243243344	1231241314223434
1112213243243344	1211342312423434
1112213243243344	1211342314223434
1112213243243344	1231241312423434
1112213243243344	1231241213423434
1112213243243434	1122131322443344
1112213243243434	1122131324423344
1112213243243434	1211342213324344
1112213243243434	1231243114223344
1112213243243434	1211342213423344
1112213243243434	1231243112423344
1112213243243434	1211231324423344
1112213243243434	1211342312423344
1112213243243434	1211342314223344
1112213243243434	1211341223423344
1112213243243434	1231241213324344
1112213243243434	1231241314223344
1112213243243434	1231241312423344
1112213243423344	1211132224343434
1112213243423344	1231121224343434
1112213243423344	1211341223243434
1112213243423344	1211342312243434
1112213243423344	1231241312243434
1112213243423434	1122131324243344
1112213243423434	1231241312243344
1112213243423434	1211342312243344
1112213243423434	1211341223243344
1112213243432344	1231141223234434
1112213243432344	1231241312234434
1112213243432434	1231141223234344
1112213243432434	1211341223234344
1112213243432434	1231241312234344
1112213243434234	1211132224333444
1112213243434234	1231121224333444
1112213243434234	1211341223233444
1112213243434234	1211342312233444
1112213243434234	1231141223233444
1112213243434234	1231241312233444
1112213323423444	1121221333244434
1112213323423444	1122131342243344
1112213323423444	1121232133244434
1112213323423444	1231211432243344
1112213323423444	1211322143344234
1112213323423444	1211322143243344
1112213323423444	1231141232243344
1112213323423444	1121232343144234
1112213323423444	1121233243144234
1112213323423444	1231121243243344
1112213323423444	1231121243344234
1112213323423444	1211231342243344
1112213323423444	1231241132243344
1112213323423444	1231211243344234
1112213323423444	1211233142243344
1112213323423444	1231211243243344
1112213323423444	1211233243144234
1112213323423444	1231231142243344
1112213323423444	1211342233144234
1112213323423444	1231231243144234
1112213323423444	1211232343144234
1112213323423444	1231241233144234
1112213323424344	1211322143342434
1112213323424344	1231211432243434
1112213323424344	1231211243342434
1112213323424344	1231121243342434
1112213323424344	1231141232243434
1112213323424344	1211233244132434
1112213323424344	1231231244132434
1112213323424344	1211342233142434
1112213323424344	1231243142132434
1112213323424344	1231241132243434
1112213323424344	1231241233142434
1112213323424344	1231241342132434
1112213323424344	1211342342132434
1112213323424434	1211132243233444
1112213323424434	1122131342243344
1112213323424434	1211322143342344
1112213323424434	1122131344232344
1112213323424434	1211322143233444
1112213323424434	1231211432243344
1112213323424434	1211321243233444
1112213323424434	1211132243243344
1112213323424434	1211341232233444
1112213323424434	1211342132233444
1112213323424434	1231211432233444
1112213323424434	1231121243233444
1112213323424434	1231141232233444
1112213323424434	1231211243233444
1112213323424434	1231241132233444
1112213323424434	1231211243342344
1112213323424434	1231121243342344
1112213323424434	1231141232243344
1112213323424434	1231231144232344
1112213323424434	1231241132243344
1112213323424434	1211321243243344
1112213323424434	1211342132243344
1112213323424434	1211342233142344
1112213323424434	1211341232243344
1112213323424434	1231241233142344
1112213323442344	1211322143324434
1112213323442344	1231211243324434
1112213323442344	1231121243324434
1112213323442344	1231211432234434
1112213323442344	1211342233124434
1112213323442344	1231141232234434
1112213323442344	1231241233124434
1112213324342344	1211322143324434
1112213324342344	1231211243324434
1112213324342344	1231121243324434
1112213324342344	1231141222334434
1112213324342344	1211342231324434
1112213324342344	1231141232324434
1112213324342344	1231211432324434
1112213324342344	1231241231324434
1112213324342344	1231241132324434
1112213324342434	1211322143324344
1112213324342434	1211132242334344
1112213324342434	1231211243324344
1112213324342434	1231121243324344
1112213324342434	1231141222334344
1112213324342434	1211342231324344
1112213324342434	1231141232324344
1112213324342434	1231211432324344
1112213324342434	1211342122334344
1112213324342434	1211321242334344
1112213324342434	1211341222334344
1112213324342434	1231241132324344
1112213324342434	1231241231324344
1112213324344234	1211132242333444
1112213324344234	1211132243323444
1112213324344234	1211322143323444
1112213324344234	1211321242333444
1112213324344234	1211321243323444
1112213324344234	1211322142333444
1112213324344234	1211341222333444
1112213324344234	1211341232323444
1112213324344234	1211342122333444
1112213324344234	1211342132323444
1112213324344234	1211342231323444
1112213324344234	1231211243323444
1112213324344234	1231121243323444
1112213324344234	1231121242333444
1112213324344234	1231141222333444
1112213324344234	1231141232323444
1112213324344234	1231211422333444
1112213324344234	1231211432323444
1112213324344234	1231241122333444
1112213324344234	1231241132323444
1112213324344234	1231241231323444
1112213342234344	1211132224333444
1112213342234344	1211233214432434
1112213342234344	1231121224333444
1112213342234344	1231231214432434
1112213342234344	1211342213432434
1112213342234344	1231141223432434
1112213342234344	1231241213432434
1112213342234434	1211132224333444
1112213342234434	1122131322443344
1112213342234434	1231121224333444
1112213342234434	1211233214432344
1112213342234434	1122131324432344
1112213342234434	1231231214432344
1112213342234434	1211342213432344
1112213342234434	1231243112432344
1112213342234434	1231141223432344
1112213342234434	1231241312432344
1112213342234434	1231241213432344
1112213342243344	1211132224333444
1112213342243344	1211132224334434
1112213342243344	1231121224333444
1112213342243344	1211132223443434
1112213342243344	1211342213324434
1112213342243344	1211341222333444
1112213342243344	1211233214423434
1112213342243344	1211342212333444
1112213342243344	1211342213323444
1112213342243344	1231243114223434
1112213342243344	1211342321323444
1112213342243344	1231141222333444
1112213342243344	1211233212443434
1112213342243344	1231241212333444
1112213342243344	1231241213323444
1112213342243344	1211342213423434
1112213342243344	1231243112423434
1112213342243344	1231241321323444
1112213342243344	1211342212334434
1112213342243344	1122131322443434
1112213342243344	1231141222334434
1112213342243344	1211342321324434
1112213342243344	1211231322443434
1112213342243344	1122131324423434
1112213342243344	1231141223324434
1112213342243344	1231121224334434
1112213342243344	1231231212443434
1112213342243344	1231141223423434
1112213342243344	1231121223443434
1112213342243344	1231241213324434
1112213342243344	1231241321324434
1112213342243344	1211341223324434
1112213342243344	1211341222334434
1112213342243344	1211342312324434
1112213342243344	1231241212334434
1112213342243344	1231241321423434
1112213342243344	1211342321423434
1112213342243344	1231231214423434
1112213342243344	1211341223423434
1112213342243344	1211231324423434
1112213342243344	1231241314223434
1112213342243344	1211342312423434
1112213342243344	1211342314223434
1112213342243344	1231241312423434
1112213342243344	1231241213423434
1112213342243434	1122131322443344
1112213342243434	1211132224334344
1112213342243434	1211132223443344
1112213342243434	1122131324423344
1112213342243434	1211233214423344
1112213342243434	1211231322443344
1112213342243434	1211233212443344
1112213342243434	1211342213324344
1112213342243434	1231243114223344
1112213342243434	1231231212443344
1112213342243434	1231121223443344
1112213342243434	1211342213423344
1112213342243434	1231243112423344
1112213342243434	1211342212334344
1112213342243434	1231141222334344
1112213342243434	1231121224334344
1112213342243434	1231141223423344
1112213342243434	1231231214423344
1112213342243434	1211231324423344
1112213342243434	1211342312423344
1112213342243434	1211342314223344
1112213342243434	1211342321423344
1112213342243434	1211342321324344
1112213342243434	1211341223423344
1112213342243434	1211341222334344
1112213342243434	1231241213324344
1112213342243434	1231241321423344
1112213342243434	1231241314223344
1112213342243434	1231241321324344
1112213342243434	1231241312423344
1112213342243434	1231241213423344
1112213342243434	1231241212334344
1112213342324344	1211233214432434
1112213342324344	1211342213342434
1112213342324344	1231231214432434
1112213342324344	1231141223342434
1112213342324344	1231241213342434
1112213342324434	1211132224333444
1112213342324434	1231121224333444
1112213342324434	1122131324243344
1112213342324434	1122131324432344
1112213342324434	1211342213342344
1112213342324434	1231243114232344
1112213342324434	1211342213243344
1112213342324434	1231243112243344
1112213342324434	1231141223342344
1112213342324434	1231241312243344
1112213342324434	1211342312243344
1112213342324434	1231241314232344
1112213342324434	1231241213342344
1112213342342344	1211342213324434
1112213342342344	1231141223324434
1112213342342344	1231241213324434
1112213342342434	1211342213324344
1112213342342434	1231141223324344
1112213342342434	1231241213324344
1112213342344234	1211132224333444
1112213342344234	1231121224333444
1112213342344234	1211341223323444
1112213342344234	1211342213323444
1112213342344234	1231141223323444
1112213342344234	1231241213323444
1112213342423344	1211132224343434
1112213342423344	1211342213243434
1112213342423344	1231243112243434
1112213342423344	1231141223243434
1112213342423344	1231121224343434
1112213342423344	1211341223243434
1112213342423344	1211342312243434
1112213342423344	1231241312243434
1112213342423344	1231241213243434
1112213342423434	1211132224343344
1112213342423434	1122131324243344
1112213342423434	1211233214243344
1112213342423434	1211342213243344
1112213342423434	1231243112243344
1112213342423434	1231141223243344
1112213342423434	1231121224343344
1112213342423434	1211231324243344
1112213342423434	1231241312243344
1112213342423434	1211342312243344
1112213342423434	1211341223243344
1112213342423434	1231241213243344
1112213342423434	1231231214243344
1112213342432344	1211132224334434
1112213342432344	1211342213234434
1112213342432344	1231243112234434
1112213342432344	1231141223234434
1112213342432344	1231121224334434
1112213342432344	1231241312234434
1112213342432344	1211341223234434
1112213342432344	1211342312234434
1112213342432344	1231241213234434
1112213342432434	1211132224334344
1112213342432434	1211342213234344
1112213342432434	1231243112234344
1112213342432434	1231121224334344
1112213342432434	1231141223234344
1112213342432434	1211341223234344
1112213342432434	1211342312234344
1112213342432434	1231241213234344
1112213342432434	1231241312234344
1112213342434234	1211132224333444
1112213342434234	1231121224333444
1112213342434234	1211341223233444
1112213342434234	1211342213233444
1112213342434234	1211342312233444
1112213342434234	1231243112233444
1112213342434234	1231141223233444
1112213342434234	1231241213233444
1112213342434234	1231241312233444
1112213344234234	1211132224333444
1112213344234234	1231121224333444
1112213344234234	1211341222333444
1112213344234234	1211342212333444
1112213344234234	1231141222333444
1112213344234234	1231241212333444
1112213422334344	1211132224333444
1112213422334344	1211322124333444
1112213422334344	1211132224343434
1112213422334344	1211233214432434
1112213422334344	1231122124333444
1112213422334344	1211322143342434
1112213422334344	1211322143233444
1112213422334344	1211322143243434
1112213422334344	1211322134432434
1112213422334344	1231142213342434
1112213422334344	1231231124432434
1112213422334344	1211233214243434
1112213422334344	1211233124432434
1112213422334344	1231243114232434
1112213422334344	1231243112243434
1112213422334344	1231243112233444
1112213422334344	1231122143233444
1112213422334344	1211322134243434
1112213422334344	1231241123233444
1112213422334344	1231241132233444
1112213422334344	1211322124343434
1112213422334344	1231122143342434
1112213422334344	1231122124343434
1112213422334344	1231122143243434
1112213422334344	1231241132243434
1112213422334344	1211233124243434
1112213422334344	1231241134232434
1112213422334344	1231231124243434
1112213422334344	1231241123342434
1112213422334434	1211132224333444
1112213422334434	1211322124333444
1112213422334434	1231122124333444
1112213422334434	1211233214432344
1112213422334434	1211322143342344
1112213422334434	1231243114232344
1112213422334434	1231243112243344
1112213422334434	1211322134432344
1112213422334434	1231231124432344
1112213422334434	1231122143342344
1112213422334434	1231241132243344
1112213422334434	1231241134232344
1112213422334434	1231241123342344
1112213422343344	1211132224333444
1112213422343344	1211322143324434
1112213422343344	1211322124333444
1112213422343344	1211322143323444
1112213422343344	1231122124333444
1112213422343344	1231122143324434
1112213422343344	1231122143323444
1112213422343344	1211322134423434
1112213422343344	1231241123323444
1112213422343344	1231231124423434
1112213422343344	1211233124423434
1112213422343344	1231241134223434
1112213422343434	1211322143324344
1112213422343434	1231122143324344
1112213422343434	1211233124423344
1112213422343434	1231241134223344
1112213423234344	1211322142333444
1112213423234344	1211322143432434
1112213423234344	1211322132443434
1112213423234344	1231122142333444
1112213423234344	1231241122333444
1112213423234344	1211233122443434
1112213423234344	1231231122443434
1112213423234344	1231122132443434
1112213423234344	1231243121432434
1112213423234344	1231122143432434
1112213423234344	1231241132432434
1112213423234434	1211322143432344
1112213423234434	1231122143432344
1112213423234434	1231241132432344
1112213423243344	1211322143324434
1112213423243344	1211322143323444
1112213423243344	1231122143324434
1112213423243344	1211322143423434
1112213423243344	1211322132443434
1112213423243344	1231122143323444
1112213423243344	1231241132323444
1112213423243344	1211233122443434
1112213423243344	1231231122443434
1112213423243344	1231122132443434
1112213423243344	1231122143423434
1112213423243344	1231241132423434
1112213423243434	1211322143324344
1112213423243434	1231122143324344
1112213423243434	1231241132423344
1112213423324344	1211322143342434
1112213423324344	1211322143432434
1112213423324344	1231122143342434
1112213423324344	1231243121432434
1112213423324344	1231142122343434
1112213423324344	1231243121342434
1112213423324344	1231142132342434
1112213423324344	1231122143432434
1112213423324344	1231241132342434
1112213423324434	1211322143342344
1112213423324434	1211322142333444
1112213423324434	1231122142333444
1112213423324434	1231142122333444
1112213423324434	1231241122333444
1112213423324434	1231122143342344
1112213423324434	1231142122343344
1112213423324434	1231243121342344
1112213423324434	1231241132243344
1112213423324434	1231142132243344
1112213423324434	1231142132342344
1112213423324434	1231142132432344
1112213423324434	1231241132432344
1112213423324434	1231241132342344
1112213423342344	1211322143324434
1112213423342344	1231122143324434
1112213423342344	1231241132324434
1112213423342344	1231142132324434
1112213423342344	1231142122334434
1112213423342434	1211322143324344
1112213423342434	1231122143324344
1112213423342434	1231142122334344
1112213423342434	1231142132324344
1112213423342434	1231241132324344
1112213423344234	1211322143323444
1112213423344234	1211322142333444
1112213423344234	1231122143323444
1112213423344234	1231122142333444
1112213423344234	1231142122333444
1112213423344234	1231142132323444
1112213423344234	1231241122333444
1112213423344234	1231241132323444
1112213423423344	1211322143243434
1112213423423344	1231122143243434
1112213423423344	1231241132243434
1112213423423434	1231241132243344
1112213423432344	1231241132234434
1112213423432344	1231142132234434
1112213423432434	1231142132234344
1112213423432434	1231241132234344
1112213423434234	1211322143233444
1112213423434234	1231122143233444
1112213423434234	1231142132233444
1112213423434234	1231241132233444
1112213432342344	1211322143324434
1112213432342344	1231122143324434
1112213432342344	1231142213324434
1112213432342344	1231241123324434
1112213432342344	1231142123324434
1112213432342434	1211322143324344
1112213432342434	1231142213324344
1112213432342434	1231122143324344
1112213432342434	1231142123324344
1112213432342434	1231241123324344
1112213432344234	1211132224333444
1112213432344234	1211322124333444
1112213432344234	1211322143323444
1112213432344234	1231122124333444
1112213432344234	1231122143323444
1112213432344234	1231142123323444
1112213432344234	1231241123323444
1112213432434234	1211132224333444
1112213432434234	1211322124333444
1112213432434234	1231122124333444
1112213432434234	1211322143233444
1112213432434234	1231142213233444
1112213432434234	1231243112233444
1112213432434234	1231122143233444
1112213432434234	1231142123233444
1112213432434234	1231142132233444
1112213432434234	1231241123233444
1112213432434234	1231241132233444
1112213434223344	1211322143243434
1112213434223344	1211322142343434
1112213434223344	1231243121243434
1112213434223344	1231142122343434
1112213434223344	1231142132243434
1112213434223344	1231122142343434
1112213434223344	1231122143243434
1112213434223344	1231241132243434
1112213434223344	1231241122343434
1112213434223434	1211233122443344
1112213434223434	1211322132443344
1112213434223434	1231231122443344
1112213434223434	1231122132443344
1112213434223434	1211322142343344
1112213434223434	1231142122343344
1112213434223434	1231122142343344
1112213434223434	1231241122343344
1112213434232344	1211322142334434
1112213434232344	1231241132324434
1112213434232344	1231142122334434
1112213434232344	1231122142334434
1112213434232344	1231241122334434
1112213434232434	1211322142334344
1112213434232434	1231142122334344
1112213434232434	1231122142334344
1112213434232434	1231241122334344
1112213434234234	1211322142333444
1112213434234234	1231122142333444
1112213434234234	1231142122333444
1112213434234234	1231241122333444
1112223341234344	1211132224333444
1112223341234344	1211321224333444
1112223341234344	1211233214432434
1112223341234344	1231121224333444
1112223341234344	1122131324432434
1112223341234344	1211322314432434
1112223341234344	1231231214432434
1112223341234344	1231122314432434
1112223341234344	1211231324432434
1112223341234344	1211132324432434
1112223341234434	1211132224333444
1112223341234434	1211321224333444
1112223341234434	1231121224333444
1112223341234434	1211233214432344
1112223341234434	1122131324432344
1112223341234434	1211322314432344
1112223341234434	1231231214432344
1112223341234434	1231122314432344
1112223341243344	1211132224333444
1112223341243344	1211321224333444
1112223341243344	1211132224334434
1112223341243344	1231121224333444
1112223341243344	1231142213324434
1112223341243344	1211322413323444
1112223341243344	1211233214423434
1112223341243344	1231243114223434
1112223341243344	1211132423324434
1112223341243344	1211132324423434
1112223341243344	1211132434223434
1112223341243344	1231122413323444
1112223341243344	1231241213323444
1112223341243344	1211322413324434
1112223341243344	1122131324423434
1112223341243344	1231121224334434
1112223341243344	1231122413324434
1112223341243344	1231241213324434
1112223341243344	1211341223324434
1112223341243344	1211322314423434
1112223341243344	1211321224334434
1112223341243344	1231122314423434
1112223341243344	1231231214423434
1112223341243344	1211231324423434
1112223341243344	1231241314223434
1112223341243344	1231231414223434
1112223341243344	1211233414223434
1112223341243434	1211132224334344
1112223341243434	1122131324423344
1112223341243434	1211233214423344
1112223341243434	1231243114223344
1112223341243434	1211132324423344
1112223341243434	1211132434223344
1112223341243434	1211321224334344
1112223341243434	1211322413324344
1112223341243434	1231121224334344
1112223341243434	1211322314423344
1112223341243434	1231231214423344
1112223341243434	1231122314423344
1112223341243434	1211231324423344
1112223341243434	1211233414223344
1112223341243434	1231122413324344
1112223341243434	1231241213324344
1112223341243434	1231241314223344
1112223341243434	1231231414223344
1112223341324344	1211132224343434
1112223341324344	1211233214432434
1112223341324344	1121233214432434
1112223341324344	1121232313244434
1112223341324344	1121233213244434
1112223341324344	1211233213244434
1112223341324344	1211322313244434
1112223341324344	1211233214342434
1112223341324344	1121233214342434
1112223341324344	1211322314432434
1112223341324344	1231142213342434
1112223341324344	1231231214432434
1112223341324344	1231122314432434
1112223341324344	1211132324243434
1112223341324344	1211233214243434
1112223341324344	1211132324342434
1112223341324344	1121232314432434
1112223341324344	1211122334342434
1112223341324344	1231243112243434
1112223341324344	1211122334432434
1112223341324344	1231122313244434
1112223341324344	1231231213244434
1112223341324344	1211322413342434
1112223341324344	1122131324243434
1112223341324344	1211322413243434
1112223341324344	1122131324342434
1112223341324344	1231121224343434
1112223341324344	1121232314342434
1112223341324344	1121232334142434
1112223341324344	1121232413342434
1112223341324344	1121233424132434
1112223341324344	1211322314342434
1112223341324344	1211322314243434
1112223341324344	1211321224343434
1112223341324344	1211322434132434
1112223341324344	1211322334142434
1112223341324344	1231122413342434
1112223341324344	1231122413243434
1112223341324344	1231122314243434
1112223341324344	1231122314342434
1112223341324344	1231142324132434
1112223341324344	1231122434132434
1112223341324344	1231122334142434
1112223341324344	1211231324243434
1112223341324344	1211231324342434
1112223341324344	1211233412243434
1112223341324344	1211232413342434
1112223341324344	1211233424132434
1112223341324344	1231241312243434
1112223341324344	1231231214342434
1112223341324344	1231241213243434
1112223341324344	1231241213342434
1112223341324344	1231241324132434
1112223341324344	1231231412243434
1112223341324344	1231231214243434
1112223341342344	1211132224334434
1112223341342344	1211233214324434
1112223341342344	1121233214324434
1112223341342344	1231142213324434
1112223341342344	1211132423324434
1112223341342344	1211132324324434
1112223341342344	1211122334324434
1112223341342344	1211322413324434
1112223341342344	1122131324324434
1112223341342344	1231121224334434
1112223341342344	1231122413324434
1112223341342344	1121232314324434
1112223341342344	1231241213324434
1112223341342344	1121232413324434
1112223341342344	1211322314324434
1112223341342344	1211341223324434
1112223341342344	1211321224334434
1112223341342344	1231231214324434
1112223341342344	1231122314324434
1112223341342344	1211231324324434
1112223341342344	1211232413324434
1112223341423344	1211132224343434
1112223341423344	1211132324243434
1112223341423344	1211233214243434
1112223341423344	1231243112243434
1112223341423344	1122131324243434
1112223341423344	1211322413243434
1112223341423344	1211322314243434
1112223341423344	1231122413243434
1112223341423344	1231122314243434
1112223341423344	1211231324243434
1112223341423344	1211233412243434
1112223341423344	1231241312243434
1112223341423344	1231231412243434
1112223341423344	1231231214243434
1112223341423434	1211132224343344
1112223341423434	1122131324243344
1112223341423434	1211233214243344
1112223341423434	1211132324243344
1112223341423434	1231243112243344
1112223341423434	1211322413243344
1112223341423434	1211322314243344
1112223341423434	1211231324243344
1112223341423434	1231241312243344
1112223341423434	1211233412243344
1112223341423434	1231122413243344
1112223341423434	1231231412243344
1112223341423434	1231231214243344
1112223341423434	1231122314243344
1112223341432344	1211132224334434
1112223341432344	1211122333244434
1112223341432344	1211132223344434
1112223341432344	1121232313244434
1112223341432344	1121233213244434
1112223341432344	1211233213244434
1112223341432344	1211322313244434
1112223341432344	1211132423234434
1112223341432344	1211132323244434
1112223341432344	1211132324234434
1112223341432344	1211132324324434
1112223341432344	1211122334324434
1112223341432344	1231122313244434
1112223341432344	1211233214234434
1112223341432344	1122131324234434
1112223341432344	1122131324324434
1112223341432344	1231121224334434
1112223341432344	1211341223234434
1112223341432344	1211321224334434
1112223341432344	1211322314234434
1112223341432344	1211231324324434
1112223341432344	1231122314234434
1112223341432344	1211231324234434
1112223341432344	1231231214234434
1112223343124344	1211233214432434
1112223343124344	1121233214432434
1112223343124344	1211132223443434
1112223343124344	1211132322443434
1112223343124344	1211322314432434
1112223343124344	1231231214432434
1112223343124344	1231122314432434
1112223343124344	1211132323442434
1112223343124344	1121232314432434
1112223343124344	1211122333442434
1112223343124344	1211122334432434
1112223343124344	1211233213442434
1112223343124344	1121233213442434
1112223343124344	1231142213432434
1112223343124344	1211321223443434
1112223343124344	1122131323442434
1112223343124344	1231121223443434
1112223343124344	1211322413432434
1112223343124344	1121232313442434
1112223343124344	1121232413432434
1112223343124344	1211322313442434
1112223343124344	1231122313442434
1112223343124344	1231231213442434
1112223343124344	1211231323442434
1112223343124344	1231122413432434
1112223343124344	1231241213432434
1112223343124344	1211232413432434
1112223343142344	1211132223434434
1112223343142344	1211233214324434
1112223343142344	1121233214324434
1112223343142344	1231142213324434
1112223343142344	1211132323424434
1112223343142344	1211122333424434
1112223343142344	1211233213424434
1112223343142344	1121233213424434
1112223343142344	1211322413324434
1112223343142344	1122131323424434
1112223343142344	1231121223434434
1112223343142344	1231122413324434
1112223343142344	1121232313424434
1112223343142344	1121232314324434
1112223343142344	1211322313424434
1112223343142344	1231241213324434
1112223343142344	1121232413324434
1112223343142344	1211322314324434
1112223343142344	1211321223434434
1112223343142344	1231231214324434
1112223343142344	1231122314324434
1112223343142344	1211232413324434
1112223343142344	1231122313424434
1112223343142344	1211231323424434
1112223343142344	1231231213424434
1112223343412344	1211122333244434
1112223343412344	1211132223344434
1112223343412344	1121232313244434
1112223343412344	1121233213244434
1112223343412344	1122131323244434
1112223343412344	1211233213244434
1112223343412344	1211322313244434
1112223343412344	1211132323244434
1112223343412344	1211231323244434
1112223343412344	1211321223344434
1112223343412344	1231122313244434
1112223343412344	1231231213244434
1112223343412344	1231121223344434
1112223344123344	1211132223443434
1112223344123344	1211132322443434
1112223344123344	1211233212443434
1112223344123344	1122131322443434
1112223344123344	1211231322443434
1112223344123344	1211322312443434
1112223344123344	1231231212443434
1112223344123344	1231122312443434
1112223344123434	1122131322443344
1112223344123434	1211132223443344
1112223344123434	1211231322443344
1112223344123434	1211233212443344
1112223344123434	1211322312443344
1112223344123434	1211132322443344
1112223344123434	1231231212443344
1112223344123434	1231122312443344
1112223412334344	1211132243233444
1112223412334344	1211322143342434
1112223412334344	1211322143233444
1112223412334344	1211132243342434
1112223412334344	1211322143243434
1112223412334344	1231122143233444
1112223412334344	1231241132233444
1112223412334344	1231122143342434
1112223412334344	1231231144232434
1112223412334344	1211233144232434
1112223412334344	1211233142243434
1112223412334344	1231122143243434
1112223412334344	1231241132243434
1112223412334344	1231231142243434
1112223412334434	1211322143342344
1112223412334434	1231122143342344
1112223412334434	1231231144232344
1112223412334434	1231241132243344
1112223412343344	1211322143324434
1112223412343344	1211132243323444
1112223412343344	1211322143323444
1112223412343344	1231122143324434
1112223412343344	1211132243324434
1112223412343344	1231122143323444
1112223412343344	1231231144223434
1112223412343344	1211233144223434
1112223412343434	1211322143324344
1112223412343434	1231122143324344
1112223412343434	1231231144223344
1112223412343434	1211233144223344
1112223413234344	1211132242333444
1112223413234344	1211322142333444
1112223413234344	1211132243432434
1112223413234344	1211322143432434
1112223413234344	1211322132443434
1112223413234344	1231122142333444
1112223413234344	1231241122333444
1112223413234344	1211233241432434
1112223413234344	1211233122443434
1112223413234344	1231231122443434
1112223413234344	1231122132443434
1112223413234344	1231122143432434
1112223413234344	1231241132432434
1112223413234344	1211233142432434
1112223413234344	1231231142432434
1112223413234434	1211322143432344
1112223413234434	1231122143432344
1112223413234434	1231231142432344
1112223413234434	1231241132432344
1112223413243344	1211132242333444
1112223413243344	1211322143324434
1112223413243344	1211322143323444
1112223413243344	1211132242334434
1112223413243344	1231122143324434
1112223413243344	1211132243324434
1112223413243344	1211322142333444
1112223413243344	1211132243423434
1112223413243344	1211322143423434
1112223413243344	1211322142334434
1112223413243344	1211322132443434
1112223413243344	1231122143323444
1112223413243344	1231122142333444
1112223413243344	1231231144223434
1112223413243344	1211233144223434
1112223413243344	1231241122333444
1112223413243344	1211233122443434
1112223413243344	1231142231324434
1112223413243344	1211233241423434
1112223413243344	1231231122443434
1112223413243344	1231122132443434
1112223413243344	1231243141223434
1112223413243344	1231122142334434
1112223413243344	1231241122334434
1112223413243344	1231122143423434
1112223413243344	1211233142423434
1112223413243344	1231241132423434
1112223413243344	1231231142423434
1112223413243434	1211322143324344
1112223413243434	1211132242334344
1112223413243434	1211233122443344
1112223413243434	1211322132443344
1112223413243434	1211132243423344
1112223413243434	1231231122443344
1112223413243434	1231122132443344
1112223413243434	1231122143324344
1112223413243434	1211322143423344
1112223413243434	1211322142334344
1112223413243434	1231231144223344
1112223413243434	1211233144223344
1112223413243434	1211233241423344
1112223413243434	1231243141223344
1112223413243434	1211233142423344
1112223413243434	1231122142334344
1112223413243434	1231122143423344
1112223413243434	1231241132423344
1112223413243434	1231231142423344
1112223413243434	1231241122334344
1112223413324344	1211322143342434
1112223413324344	1121232133244434
1112223413324344	1211132242343434
1112223413324344	1211132232344434
1112223413324344	1121233231244434
1112223413324344	1211132232443434
1112223413324344	1211132243243434
1112223413324344	1211132233244434
1112223413324344	1211322133244434
1112223413324344	1211132243342434
1112223413324344	1211322143243434
1112223413324344	1211132233442434
1112223413324344	1211322143432434
1112223413324344	1211233231244434
1112223413324344	1211322133442434
1112223413324344	1211322132443434
1112223413324344	1231122133244434
1112223413324344	1211322142343434
1112223413324344	1211233241432434
1112223413324344	1121233241432434
1112223413324344	1231122143342434
1112223413324344	1211233122443434
1112223413324344	1121232143342434
1112223413324344	1211232143342434
1112223413324344	1231231122443434
1112223413324344	1231122132443434
1112223413324344	1121232133442434
1112223413324344	1121232143432434
1112223413324344	1211233241342434
1112223413324344	1121233241342434
1112223413324344	1231142231342434
1112223413324344	1211233241243434
1112223413324344	1121233231442434
1112223413324344	1121233243142434
1112223413324344	1121233244132434
1112223413324344	1231243121243434
1112223413324344	1211233231442434
1112223413324344	1231142231432434
1112223413324344	1231243121432434
1112223413324344	1231122133442434
1112223413324344	1211233244132434
1112223413324344	1211233243142434
1112223413324344	1231142233142434
1112223413324344	1231122142343434
1112223413324344	1211233142243434
1112223413324344	1231243142132434
1112223413324344	1231122143243434
1112223413324344	1231122143432434
1112223413324344	1231241132243434
1112223413324344	1231231142243434
1112223413324344	1211232143432434
1112223413324344	1211233142342434
1112223413324344	1231241132342434
1112223413324344	1231231142342434
1112223413342344	1211322143324434
1112223413342344	1211132242334434
1112223413342344	1231122143324434
1112223413342344	1211132243324434
1112223413342344	1121232143324434
1112223413342344	1211132233424434
1112223413342344	1211232143324434
1112223413342344	1211322133424434
1112223413342344	1211322142334434
1112223413342344	1211322132434434
1112223413342344	1211233241324434
1112223413342344	1121233241324434
1112223413342344	1231142231324434
1112223413342344	1121232133424434
1112223413342344	1231241132324434
1112223413342344	1211233122434434
1112223413342344	1231122142334434
1112223413342344	1231241122334434
1112223413342344	1231122132434434
1112223413342344	1231122133424434
1112223413342344	1211233142324434
1112223413342344	1231231142324434
1112223413342344	1231231122434434
1112223413423344	1211132243243434
1112223413423344	1211322143243434
1112223413423344	1211233142243434
1112223413423344	1231122143243434
1112223413423344	1231241132243434
1112223413423344	1231231142243434
1112223413423434	1211322143243344
1112223413423434	1211132243243344
1112223413423434	1231241132243344
1112223413423434	1211233142243344
1112223413423434	1231122143243344
1112223413423434	1231231142243344
1112223413432344	1121232133244434
1112223413432344	1211132243234434
1112223413432344	1211132233244434
1112223413432344	1211322133244434
1112223413432344	1211322143234434
1112223413432344	1231122133244434
1112223413432344	1231241132234434
1112223413432344	1231122143234434
1112223413432344	1211233142234434
1112223413432344	1231231142234434
1112223431234344	1211132224333444
1112223431234344	1211322124333444
1112223431234344	1211233214432434
1112223431234344	1231122124333444
1112223431234344	1211322134432434
1112223431234344	1231231124432434
1112223431234344	1211233124432434
1112223431234434	1211132224333444
1112223431234434	1211322124333444
1112223431234434	1231122124333444
1112223431234434	1211233214432344
1112223431234434	1211322134432344
1112223431234434	1231231124432344
1112223431243344	1211132224333444
1112223431243344	1211322143324434
1112223431243344	1211322124333444
1112223431243344	1211322143323444
1112223431243344	1231122124333444
1112223431243344	1231122143324434
1112223431243344	1231122143323444
1112223431243344	1211322134423434
1112223431243344	1231231124423434
1112223431243344	1211233124423434
1112223431243344	1231241134223434
1112223431243434	1211322143324344
1112223431243434	1231122143324344
1112223431243434	1211322134423344
1112223431243434	1231231124423344
1112223431243434	1211233124423344
1112223431243434	1231241134223344
1112223431342344	1211322143324434
1112223431342344	1211132224334434
1112223431342344	1231122143324434
1112223431342344	1211233214324434
1112223431342344	1121233214324434
1112223431342344	1231142213324434
1112223431342344	1211322134324434
1112223431342344	1211322124334434
1112223431342344	1121232134324434
1112223431342344	1231241123324434
1112223431342344	1231122124334434
1112223431342344	1231231124324434
1112223431342344	1211233124324434
1112223431423344	1211322143243434
1112223431423344	1211322134243434
1112223431423344	1231122143243434
1112223431423344	1231241132243434
1112223431423344	1211233124243434
1112223431423344	1231231124243434
1112223431423434	1211322143243344
1112223431423434	1211322134243344
1112223431423434	1231241132243344
1112223431423434	1211233124243344
1112223431423434	1231122143243344
1112223431423434	1231231124243344
1112223434123344	1211322132443434
1112223434123344	1211233122443434
1112223434123344	1231231122443434
1112223434123344	1231122132443434
1112223434123434	1211233122443344
1112223434123434	1211322132443344
1112223434123434	1231231122443344
1112223434123434	1231122132443344
1112223434132344	1211322132434434
1112223434132344	1211233122434434
1112223434132344	1231122132434434
1112223434132344	1231231122434434
1112223434312344	1121232133244434
1112223434312344	1121233231244434
1112223434312344	1211322133244434
1112223434312344	1211233231244434
1112223434312344	1211233122344434
1112223434312344	1211322132344434
1112223434312344	1231122133244434
1112223434312344	1231231122344434
1112223434312344	1231122132344434
1112231223434344	1211314232233444
1112231223434344	1122113342243434
1112231223434344	1122113344232434
1112231223434344	1231112243233444
1112231223434344	1211213344232434
1112231223434344	1211213342243434
1112231223434344	1231213244132434
1112231223434344	1231214342132434
1112231223434434	1122113342243344
1112231223434434	1122113344232344
1112231223434434	1211314232233444
1112231223434434	1231112243233444
1112231223434434	1231213244132344
1112231223434434	1231214342132344
1112231224343344	1122113322443434
1112231224343344	1211213322443434
1112231224343344	1211314222333444
1112231224343344	1211314232323444
1112231224343344	1122113342423434
1112231224343344	1231112242333444
1112231224343344	1231112242334434
1112231224343344	1122113344223434
1112231224343344	1211314222334434
1112231224343344	1231112243423434
1112231224343344	1231214122333444
1112231224343344	1231214132323444
1112231224343344	1231214231323444
1112231224343344	1211213344223434
1112231224343344	1231213122443434
1112231224343344	1231214231324434
1112231224343344	1231214132324434
1112231224343344	1211314232324434
1112231224343344	1211314232423434
1112231224343344	1211213342423434
1112231224343344	1231214122334434
1112231224343344	1231214341223434
1112231224343344	1231214132423434
1112231224343344	1231213241423434
1112231224343434	1122113322443344
1112231224343434	1122113342423344
1112231224343434	1122113344223344
1112231224343434	1211314222334344
1112231224343434	1211213344223344
1112231224343434	1211314232423344
1112231224343434	1211213342423344
1112231224343434	1231214132423344
1112231224343434	1231214341223344
1112231224343434	1231214231324344
1112231224343434	1231214132324344
1112231232434344	1211312224333444
1112231232434344	1231112224333444
1112231232434344	1122113324243434
1112231232434344	1211314223233444
1112231232434344	1122113324432434
1112231232434344	1211213324432434
1112231232434344	1211213324243434
1112231232434344	1231214324132434
1112231232434434	1122113324243344
1112231232434434	1211312224333444
1112231232434434	1122113324432344
1112231232434434	1231112224333444
1112231232434434	1211314223233444
1112231232434434	1231214324132344
1112231233424344	1231114223243434
1112231233424344	1231114223342434
1112231233424344	1231214324132434
1112231233424344	1231214323142434
1112231233424434	1122113324243344
1112231233424434	1211312224333444
1112231233424434	1122113324432344
1112231233424434	1231112224333444
1112231233424434	1231114223233444
1112231233424434	1211314223233444
1112231233424434	1231114223243344
1112231233424434	1231114223342344
1112231233424434	1211314223243344
1112231233424434	1231214312243344
1112231233424434	1231214323142344
1112231233442344	1231114223234434
1112231233442344	1231114223324434
1112231233442344	1231214323124434
1112231234234344	1122113322443434
1112231234234344	1211213322443434
1112231234234344	1211314222333444
1112231234234344	1231214321432434
1112231234234434	1122113322443344
1112231234234434	1211314222333444
1112231234234434	1231214321432344
1112231234243344	1122113322443434
1112231234243344	1211213322443434
1112231234243344	1211314222333444
1112231234243344	1211314222334434
1112231234243344	1231214321324434
1112231234243344	1231214321423434
1112231234243344	1231214321323444
1112231234243434	1122113322443344
1112231234243434	1211314222334344
1112231234243434	1231214321423344
1112231234243434	1231214321324344
1112231234324344	1231114222343434
1112231234324344	1231214321432434
1112231234324344	1231214321342434
1112231234342344	1231114222334434
1112231234342344	1231214321324434
1112231234342434	1231114222334344
1112231234342434	1211314222334344
1112231234342434	1231214321324344
1112231234344234	1231114222333444
1112231234344234	1211314222333444
1112231234344234	1231214321323444
1112231234423434	1122113322443344
1112231234423434	1211314222343344
1112231234423434	1231214321243344
1112231242334344	1211312224333444
1112231242334344	1231112224333444
1112231242334344	1122113324243434
1112231242334344	1211314223233444
1112231242334344	1122113324432434
1112231242334344	1231112224343434
1112231242334344	1231213214432434
1112231242334344	1211213324432434
1112231242334344	1231214213233444
1112231242334344	1231214312233444
1112231242334344	1211312224343434
1112231242334344	1211213324243434
1112231242334344	1211314223342434
1112231242334344	1231214312243434
1112231242334344	1231214213342434
1112231242334344	1231214314232434
1112231242334344	1231213214243434
1112231242334344	1231214213243434
1112231242334434	1122113324243344
1112231242334434	1211312224333444
1112231242334434	1122113324432344
1112231242334434	1231112224333444
1112231242334434	1231213214432344
1112231242334434	1231214312243344
1112231242334434	1231214314232344
1112231242334434	1231214213342344
1112231242343344	1211312224333444
1112231242343344	1231112224333444
1112231242343344	1211314223323444
1112231242343344	1122113324423434
1112231242343344	1231112224334434
1112231242343344	1231214213323444
1112231242343344	1211312224334434
1112231242343344	1231214213324434
1112231242343344	1211314223324434
1112231242343344	1211213324423434
1112231242343344	1231214314223434
1112231242343344	1231213214423434
1112231242343434	1122113324423344
1112231242343434	1211213324423344
1112231242343434	1231214314223344
1112231242343434	1231214213324344
1112231243234344	1122113322443434
1112231243234344	1211213322443434
1112231243234344	1211314222333444
1112231243234344	1231214321432434
1112231243234344	1231213214432434
1112231243234344	1231214212333444
1112231243234344	1231213212443434
1112231243234344	1231214312432434
1112231243234434	1122113322443344
1112231243234434	1231213214432344
1112231243234434	1231214312432344
1112231243243434	1122113322443344
1112231243243434	1231214314223344
1112231243243434	1231214213324344
1112231243243434	1231214312423344
1112231243423344	1231214312243434
1112231243423434	1231214312243344
1112231243432344	1231214312234434
1112231243432434	1231214312234344
1112231243434234	1231214312233444
1112231322434344	1211312224333444
1112231322434344	1231112224333444
1112231322434344	1231212124333444
1112231322434344	1231114223233444
1112231322434344	1231114223342434
1112231322434344	1231114232233444
1112231322434344	1231213214432434
1112231322434344	1231213124432434
1112231322434344	1231112243233444
1112231322434344	1231112243342434
1112231322434344	1231114234232434
1112231322434344	1231212143233444
1112231322434344	1231214123233444
1112231322434344	1231214132233444
1112231322434344	1231214213233444
1112231322434344	1231214312233444
1112231322434344	1231212143342434
1112231322434344	1231214324132434
1112231322434344	1231213144232434
1112231322434344	1231214312243434
1112231322434344	1231213244132434
1112231322434344	1231214213342434
1112231322434344	1231214314232434
1112231322434344	1231214132243434
1112231322434344	1231214123342434
1112231322434344	1231214134232434
1112231322434344	1231214234132434
1112231322434434	1122113324243344
1112231322434434	1211312224333444
1112231322434434	1122113324432344
1112231322434434	1122113342243344
1112231322434434	1122113344232344
1112231322434434	1231112224333444
1112231322434434	1231212124333444
1112231322434434	1211312243233444
1112231322434434	1231114223233444
1112231322434434	1211314223233444
1112231322434434	1211314232233444
1112231322434434	1231114223342344
1112231322434434	1231114232233444
1112231322434434	1231112243233444
1112231322434434	1231112243342344
1112231322434434	1231114234232344
1112231322434434	1231213214432344
1112231322434434	1231213124432344
1112231322434434	1231212143233444
1112231322434434	1231214123233444
1112231322434434	1231214132233444
1112231322434434	1231214213233444
1112231322434434	1231214312233444
1112231322434434	1231214324132344
1112231322434434	1231212143342344
1112231322434434	1231213144232344
1112231322434434	1231214312243344
1112231322434434	1231213244132344
1112231322434434	1231214132243344
1112231322434434	1231214314232344
1112231322434434	1231214213342344
1112231322434434	1231214134232344
1112231322434434	1231214234132344
1112231322434434	1231214123342344
1112231323424344	1231114232243434
1112231323424344	1231112243342434
1112231323424344	1231213244132434
1112231323424344	1231214132243434
1112231323424344	1231214233142434
1112231323424344	1231214342132434
1112231323424434	1122113342243344
1112231323424434	1122113344232344
1112231323424434	1211312243233444
1112231323424434	1211314232233444
1112231323424434	1231114232233444
1112231323424434	1231114232243344
1112231323424434	1231112243233444
1112231323424434	1231112243342344
1112231323424434	1231214132233444
1112231323424434	1211312243243344
1112231323424434	1211314232243344
1112231323424434	1231214132243344
1112231323424434	1231214233142344
1112231323442344	1231112243324434
1112231323442344	1231114232234434
1112231323442344	1231214233124434
1112231324234344	1231114222333444
1112231324234344	1231214321432434
1112231324234344	1231112242333444
1112231324234344	1231114232432434
1112231324234344	1231112243432434
1112231324234344	1231214122333444
1112231324234344	1231214132432434
1112231324234344	1231214231432434
1112231324234344	1231213241432434
1112231324234434	1122113322443344
1112231324234434	1231114222333444
1112231324234434	1122113342432344
1112231324234434	1211312242333444
1112231324234434	1211314222333444
1112231324234434	1231214321432344
1112231324234434	1231112242333444
1112231324234434	1231114232432344
1112231324234434	1231112243432344
1112231324234434	1231214122333444
1112231324234434	1231213241432344
1112231324234434	1231214132432344
1112231324234434	1231214231432344
1112231324243344	1122113322443434
1112231324243344	1231114222333444
1112231324243344	1231114222334434
1112231324243344	1211312242333444
1112231324243344	1211213322443434
1112231324243344	1231112243324434
1112231324243344	1211314222333444
1112231324243344	1211312243324434
1112231324243344	1122113342423434
1112231324243344	1231114232324434
1112231324243344	1231112242333444
1112231324243344	1231112242334434
1112231324243344	1231114232423434
1112231324243344	1231112232443434
1112231324243344	1122113344223434
1112231324243344	1211314222334434
1112231324243344	1231214321324434
1112231324243344	1231112243423434
1112231324243344	1231214321423434
1112231324243344	1231214321323444
1112231324243344	1231214122333444
1112231324243344	1231214231323444
1112231324243344	1211213344223434
1112231324243344	1211312242334434
1112231324243344	1211312232443434
1112231324243344	1211312243423434
1112231324243344	1231213122443434
1112231324243344	1231214231324434
1112231324243344	1211314232324434
1112231324243344	1211314232423434
1112231324243344	1211213342423434
1112231324243344	1231214122334434
1112231324243344	1231214341223434
1112231324243344	1231214132423434
1112231324243344	1231213241423434
1112231324243344	1231214231423434
1112231324243434	1122113322443344
1112231324243434	1211213322443344
1112231324243434	1122113342423344
1112231324243434	1231114222334344
1112231324243434	1122113344223344
1112231324243434	1211312232443344
1112231324243434	1231213122443344
1112231324243434	1231112232443344
1112231324243434	1211314222334344
1112231324243434	1231112242334344
1112231324243434	1231114232423344
1112231324243434	1231214321423344
1112231324243434	1211213344223344
1112231324243434	1231214321324344
1112231324243434	1231112243423344
1112231324243434	1211312242334344
1112231324243434	1211312243423344
1112231324243434	1211314232423344
1112231324243434	1211213342423344
1112231324243434	1231213241423344
1112231324243434	1231214132423344
1112231324243434	1231214341223344
1112231324243434	1231214231423344
1112231324243434	1231214231324344
1112231324243434	1231214122334344
1112231324324344	1231114222343434
1112231324324344	1231214321432434
1112231324324344	1231114232342434
1112231324324344	1231112243342434
1112231324324344	1231214321342434
1112231324324344	1231214231432434
1112231324324344	1231213241432434
1112231324324344	1231214132342434
1112231324324344	1231214231342434
1112231324342344	1231114222334434
1112231324342344	1231112243324434
1112231324342344	1231114232324434
1112231324342344	1231214231324434
1112231324342344	1231214132324434
1112231324342434	1231114222334344
1112231324342434	1231112243324344
1112231324342434	1231114232324344
1112231324342434	1211314222334344
1112231324342434	1211312242334344
1112231324342434	1231214231324344
1112231324342434	1231214132324344
1112231324344234	1231114222333444
1112231324344234	1211312242333444
1112231324344234	1211312243323444
1112231324344234	1211314222333444
1112231324344234	1211314232323444
1112231324344234	1231114232323444
1112231324344234	1231112242333444
1112231324344234	1231112243323444
1112231324344234	1231214122333444
1112231324344234	1231214132323444
1112231324344234	1231214231323444
1112231324423434	1122113322443344
1112231324423434	1211213322443344
1112231324423434	1122113342243344
1112231324423434	1231114222343344
1112231324423434	1211312232443344
1112231324423434	1231213122443344
1112231324423434	1231112232443344
1112231324423434	1231114232243344
1112231324423434	1231112242343344
1112231324423434	1231112243243344
1112231324423434	1211314222343344
1112231324423434	1231214321243344
1112231324423434	1211312242343344
1112231324423434	1211312243243344
1112231324423434	1211314232243344
1112231324423434	1211213342243344
1112231324423434	1231214132243344
1112231324423434	1231214231243344
1112231324423434	1231214122343344
1112231324423434	1231213241243344
1112231342234344	1211312224333444
1112231342234344	1231112224333444
1112231342234344	1231114223432434
1112231342234344	1231213214432434
1112231342234344	1231214213432434
1112231342234434	1122113322443344
1112231342234434	1211312224333444
1112231342234434	1122113324432344
1112231342234434	1231112224333444
1112231342234434	1231114223432344
1112231342234434	1231213214432344
1112231342234434	1231214312432344
1112231342234434	1231214213432344
1112231342243434	1122113322443344
1112231342243434	1122113324423344
1112231342243434	1211213322443344
1112231342243434	1231114222334344
1112231342243434	1211312223443344
1112231342243434	1231112224334344
1112231342243434	1231213212443344
1112231342243434	1231114223423344
1112231342243434	1231112223443344
1112231342243434	1211314222334344
1112231342243434	1231214321423344
1112231342243434	1231214321324344
1112231342243434	1211312224334344
1112231342243434	1231213214423344
1112231342243434	1211314223423344
1112231342243434	1211213324423344
1112231342243434	1231214314223344
1112231342243434	1231214213324344
1112231342243434	1231214312423344
1112231342243434	1231214213423344
1112231342243434	1231214212334344
1112231342324344	1231114223342434
1112231342324344	1231213214432434
1112231342324344	1231214213342434
1112231342324434	1122113324243344
1112231342324434	1211312224333444
1112231342324434	1122113324432344
1112231342324434	1231112224333444
1112231342324434	1231114223342344
1112231342324434	1231214312243344
1112231342324434	1231214314232344
1112231342324434	1231214213342344
1112231342342344	1231114223324434
1112231342342344	1231214213324434
1112231342342434	1231114223324344
1112231342342434	1231214213324344
1112231342344234	1211312224333444
1112231342344234	1231112224333444
1112231342344234	1211314223323444
1112231342344234	1231114223323444
1112231342344234	1231214213323444
1112231342423344	1231114223243434
1112231342423344	1231112224343434
1112231342423344	1211312224343434
1112231342423344	1211314223243434
1112231342423344	1231214312243434
1112231342423344	1231214213243434
1112231342423434	1122113324243344
1112231342423434	1231114223243344
1112231342423434	1231112224343344
1112231342423434	1211213324243344
1112231342423434	1211312224343344
1112231342423434	1211314223243344
1112231342423434	1231214312243344
1112231342423434	1231214213243344
1112231342423434	1231213214243344
1112231342432344	1231114223234434
1112231342432344	1231112224334434
1112231342432344	1211312224334434
1112231342432344	1231214312234434
1112231342432344	1211314223234434
1112231342432344	1231214213234434
1112231342432434	1231114223234344
1112231342432434	1231112224334344
1112231342432434	1211312224334344
1112231342432434	1211314223234344
1112231342432434	1231214312234344
1112231342432434	1231214213234344
1112231342434234	1211312224333444
1112231342434234	1231112224333444
1112231342434234	1231114223233444
1112231342434234	1211314223233444
1112231342434234	1231214213233444
1112231342434234	1231214312233444
1112231344234234	1231114222333444
1112231344234234	1211314222333444
1112231344234234	1231214212333444
1112231422334434	1231212124333444
1112231422334434	1231213124432344
1112231422334434	1231214132243344
1112231422334434	1231214134232344
1112231422334434	1231214123342344
1112231422343344	1231212124333444
1112231422343344	1231214123323444
1112231422343344	1231213124423434
1112231422343344	1231214134223434
1112231422343434	1231214134223344
1112231423234344	1231214122333444
1112231423234344	1231213122443434
1112231423234344	1231214132432434
1112231423234434	1231214132432344
1112231423243344	1231214132323444
1112231423243344	1231213122443434
1112231423243344	1231214132423434
1112231423243434	1231214132423344
1112231423324344	1231214132342434
1112231423342344	1231214132324434
1112231423342434	1231214132324344
1112231423344234	1231214122333444
1112231423344234	1231214132323444
1112231423423344	1231214132243434
1112231423423434	1231214132243344
1112231423432344	1231214132234434
1112231423432434	1231214132234344
1112231423434234	1231214132233444
1112231432342344	1231214123324434
1112231432342434	1231214123324344
1112231432344234	1231212124333444
1112231432344234	1231214123323444
1112231434223344	1231214132243434
1112231434223344	1231214122343434
1112231434223434	1231213122443344
1112231434223434	1231214122343344
1112231434232344	1231214132324434
1112231434232344	1231214122334434
1112231434232434	1231214122334344
1112231434234234	1231214122333444
1112232123434344	1211312432233444
1112232123434344	1231211432243434
1112232123434344	1211312432243434
1112232123434344	1122113432243434
1112232123434344	1211213432243434
1112232123434344	1231212433142434
1112232123434344	1231211432233444
1112232123434344	1231213442132434
1112232123434434	1122113432243344
1112232123434434	1211312432233444
1112232123434434	1231211432243344
1112232123434434	1211312432243344
1112232123434434	1231211432233444
1112232123434434	1231212433142344
1112232123434434	1231213442132344
1112232124343344	1122113322443434
1112232124343344	1211213322443434
1112232124343344	1211312422333444
1112232124343344	1211312432323444
1112232124343344	1211314222333444
1112232124343344	1211314222334434
1112232124343344	1231112422333444
1112232124343344	1122113432423434
1112232124343344	1231112422334434
1112232124343344	1231212431323444
1112232124343344	1211312422334434
1112232124343344	1231212431324434
1112232124343344	1211213432423434
1112232124343344	1211312432324434
1112232124343344	1231213441223434
1112232124343434	1122113322443344
1112232124343434	1122113432423344
1112232124343434	1211314222334344
1112232124343434	1211213432423344
1112232124343434	1211312422334344
1112232124343434	1231212431324344
1112232124343434	1231213441223344
1112232132434344	1211312224333444
1112232132434344	1231112224333444
1112232132434344	1122113324243434
1112232132434344	1211312423233444
1112232132434344	1211312432233444
1112232132434344	1211314223233444
1112232132434344	1122113324432434
1112232132434344	1231112224343434
1112232132434344	1231211432243434
1112232132434344	1122113432243434
1112232132434344	1211213432243434
1112232132434344	1211213324432434
1112232132434344	1231211432233444
1112232132434344	1231112423233444
1112232132434344	1122113434232434
1112232132434344	1231212413233444
1112232132434344	1231214312233444
1112232132434344	1211312224343434
1112232132434344	1211213324243434
1112232132434344	1231214324132434
1112232132434344	1211312423342434
1112232132434344	1211314223342434
1112232132434344	1231214312243434
1112232132434344	1211213434232434
1112232132434344	1231213424132434
1112232132434344	1231212413243434
1112232132434344	1231212413342434
1112232132434344	1231213412243434
1112232132434344	1231213414232434
1112232132434434	1122113324243344
1112232132434434	1211312224333444
1112232132434434	1122113324432344
1112232132434434	1122113432243344
1112232132434434	1231112224333444
1112232132434434	1122113434232344
1112232132434434	1211312423233444
1112232132434434	1211312432233444
1112232132434434	1211314223233444
1112232132434434	1231211432243344
1112232132434434	1231211432233444
1112232132434434	1231112423233444
1112232132434434	1231212413233444
1112232132434434	1231214312233444
1112232132434434	1231214324132344
1112232132434434	1231214312243344
1112232132434434	1231213414232344
1112232132434434	1231213424132344
1112232132434434	1231212413342344
1112232133442344	1121221333244434
1112232133442344	1122112333244434
1112232133442344	1211212333244434
1112232133442344	1121223313244434
1112232133442344	1122113324234434
1112232133442344	1122113323244434
1112232133442344	1122113324324434
1112232133442344	1231112224334434
1112232133442344	1231112223344434
1112232133442344	1211213323244434
1112232133442344	1211312323244434
1112232133442344	1211312223344434
1112232133442344	1231212313244434
1112232133442344	1231112323244434
1112232133442344	1122113432234434
1112232133442344	1231211432234434
1112232133442344	1211312432234434
1112232133442344	1211213432234434
1112232133442344	1231212433124434
1112232133442344	1121223433124434
1112232133442344	1122113423324434
1112232133442344	1231112423234434
1112232133442344	1211312224334434
1112232133442344	1121223334124434
1112232133442344	1121223413324434
1112232133442344	1211213324234434
1112232133442344	1231212413324434
1112232133442344	1211312423234434
1112232133442344	1231214323124434
1112232133442344	1211312423324434
1112232133442344	1231214312234434
1112232133442344	1211314223234434
1112232133442344	1211314223324434
1112232133442344	1211213324324434
1112232133442344	1211213423324434
1112232133442344	1231212413234434
1112232133442344	1231213423124434
1112232133442344	1231213412234434
1112232134234344	1122113322443434
1112232134234344	1211213322443434
1112232134234344	1211312422333444
1112232134234344	1211314222333444
1112232134234344	1231214321432434
1112232134234344	1231112422333444
1112232134234344	1122113432432434
1112232134234344	1211213432432434
1112232134234344	1231213421432434
1112232134234434	1122113322443344
1112232134234434	1122113432432344
1112232134234434	1211312422333444
1112232134234434	1211314222333444
1112232134234434	1231214321432344
1112232134234434	1231112422333444
1112232134234434	1231213421432344
1112232134243344	1122113322443434
1112232134243344	1211213322443434
1112232134243344	1211312422333444
1112232134243344	1211314222333444
1112232134243344	1211314222334434
1112232134243344	1231214321324434
1112232134243344	1231214321423434
1112232134243344	1231214321323444
1112232134243344	1231112422333444
1112232134243344	1122113432423434
1112232134243344	1231112422334434
1112232134243344	1231212431323444
1112232134243344	1211312422334434
1112232134243344	1231212431324434
1112232134243344	1211213432423434
1112232134243344	1211312432324434
1112232134243344	1231213441223434
1112232134243344	1231213421423434
1112232134243434	1122113322443344
1112232134243434	1211213322443344
1112232134243434	1122113432423344
1112232134243434	1211314222334344
1112232134243434	1231214321423344
1112232134243434	1231214321324344
1112232134243434	1231112422334344
1112232134243434	1211213432423344
1112232134243434	1211312422334344
1112232134243434	1231212431324344
1112232134243434	1231213441223344
1112232134243434	1231213421423344
1112232134342344	1122113322434434
1112232134342344	1211213322434434
1112232134342344	1121223331424434
1112232134342344	1211314222334434
1112232134342344	1231214321324434
1112232134342344	1122113432324434
1112232134342344	1231112422334434
1112232134342344	1121223431324434
1112232134342344	1211312422334434
1112232134342344	1231212431324434
1112232134342344	1211312432324434
1112232134342344	1211213432324434
1112232134342344	1231213421324434
1112232134423434	1122113322443344
1112232134423434	1211213322443344
1112232134423434	1122113432243344
1112232134423434	1231211432243344
1112232134423434	1211312432243344
1112232134423434	1211213432243344
1112232134423434	1211314222343344
1112232134423434	1231112422343344
1112232134423434	1231214321243344
1112232134423434	1211312422343344
1112232134423434	1231212431243344
1112232134423434	1231213421243344
1112232142334344	1211312224333444
1112232142334344	1231112224333444
1112232142334344	1122113324243434
1112232142334344	1211312423233444
1112232142334344	1211314223233444
1112232142334344	1122113324432434
1112232142334344	1231112224343434
1112232142334344	1231211432243434
1112232142334344	1122113432243434
1112232142334344	1211213432243434
1112232142334344	1211213324432434
1112232142334344	1231211432233444
1112232142334344	1231112423233444
1112232142334344	1122113434232434
1112232142334344	1231212413233444
1112232142334344	1231214312233444
1112232142334344	1211312224343434
1112232142334344	1211213324243434
1112232142334344	1211312423342434
1112232142334344	1211314223342434
1112232142334344	1231214312243434
1112232142334344	1211213434232434
1112232142334344	1231212413243434
1112232142334344	1231212413342434
1112232142334344	1231213412243434
1112232142334344	1231213414232434
1112232142334434	1122113324243344
1112232142334434	1211312224333444
1112232142334434	1122113324432344
1112232142334434	1122113432243344
1112232142334434	1231112224333444
1112232142334434	1122113434232344
1112232142334434	1231211432243344
1112232142334434	1231214312243344
1112232142334434	1231213414232344
1112232142334434	1231212413342344
1112232142343344	1211312224333444
1112232142343344	1231112224333444
1112232142343344	1211312423323444
1112232142343344	1211314223323444
1112232142343344	1122113324423434
1112232142343344	1231112224334434
1112232142343344	1122113434223434
1112232142343344	1231212413323444
1112232142343344	1211312224334434
1112232142343344	1231212413324434
1112232142343344	1211312423324434
1112232142343344	1211314223324434
1112232142343344	1211213324423434
1112232142343344	1211213434223434
1112232142343344	1231213414223434
1112232142343434	1122113324423344
1112232142343434	1122113434223344
1112232142343434	1211213324423344
1112232142343434	1211213434223344
1112232142343434	1231212413324344
1112232142343434	1231213414223344
1112232143423344	1122113324243434
1112232143423344	1231112224343434
1112232143423344	1231211432243434
1112232143423344	1122113432243434
1112232143423344	1211213432243434
1112232143423344	1231112423243434
1112232143423344	1211312224343434
1112232143423344	1211213324243434
1112232143423344	1211312423243434
1112232143423344	1211314223243434
1112232143423344	1231214312243434
1112232143423344	1231212413243434
1112232143423344	1231213412243434
1112232143423434	1122113324243344
1112232143423434	1122113432243344
1112232143423434	1231211432243344
1112232143423434	1211213432243344
1112232143423434	1231112224343344
1112232143423434	1231112423243344
1112232143423434	1211213324243344
1112232143423434	1211312224343344
1112232143423434	1211312423243344
1112232143423434	1211314223243344
1112232143423434	1231214312243344
1112232143423434	1231212413243344
1112232143423434	1231213412243344
1112232312434344	1211314232233444
1112232312434344	1122113342243434
1112232312434344	1122113344232434
1112232312434344	1231112243233444
1112232312434344	1211213344232434
1112232312434344	1211213342243434
1112232312434344	1231213244132434
1112232312434434	1122113342243344
1112232312434434	1122113344232344
1112232312434434	1211314232233444
1112232312434434	1231112243233444
1112232312434434	1231213244132344
1112232313424344	1121223133244434
1112232313424344	1122113233244434
1112232313424344	1122113342243434
1112232313424344	1211213233244434
1112232313424344	1211312233244434
1112232313424344	1122113243342434
1112232313424344	1231112243243434
1112232313424344	1231112233244434
1112232313424344	1231212133244434
1112232313424344	1231212143342434
1112232313424344	1121223143342434
1112232313424344	1121223343142434
1112232313424344	1121223344132434
1112232313424344	1211213243342434
1112232313424344	1211314232243434
1112232313424344	1211213342243434
1112232313424344	1231213244132434
1112232313424344	1231212143243434
1112232313424344	1231213142243434
1112232313424344	1231213243142434
1112232313424344	1231214132243434
1112232313424344	1231214233142434
1112232313424344	1231214342132434
1112232313442344	1231212143324434
1112232313442344	1122113243324434
1112232313442344	1121223143324434
1112232313442344	1211213243324434
1112232313442344	1122113342234434
1112232313442344	1231112243234434
1112232313442344	1121223343124434
1112232313442344	1231214233124434
1112232313442344	1211314232234434
1112232313442344	1211213342234434
1112232313442344	1231213243124434
1112232314234344	1122113322443434
1112232314234344	1211213322443434
1112232314234344	1211314222333444
1112232314234344	1122113342432434
1112232314234344	1231112242333444
1112232314234344	1211213342432434
1112232314234344	1231213241432434
1112232314234434	1122113322443344
1112232314234434	1122113342432344
1112232314234434	1211314222333444
1112232314234434	1231112242333444
1112232314234434	1231213241432344
1112232314243434	1122113322443344
1112232314243434	1211213322443344
1112232314243434	1122113342423344
1112232314243434	1122113344223344
1112232314243434	1211314222334344
1112232314243434	1231112242334344
1112232314243434	1211213344223344
1112232314243434	1211213342423344
1112232314243434	1231213241423344
1112232314243434	1231214341223344
1112232314243434	1231214231324344
1112232314342344	1122113322434434
1112232314342344	1122113243324434
1112232314342344	1211213243324434
1112232314342344	1211213322434434
1112232314342344	1122113342324434
1112232314342344	1231112242334434
1112232314342344	1211314222334434
1112232314342344	1121223341324434
1112232314342344	1231214231324434
1112232314342344	1211314232324434
1112232314342344	1211213342324434
1112232314342344	1231213241324434
1112232314423434	1122113322443344
1112232314423434	1211213322443344
1112232314423434	1122113342243344
1112232314423434	1231112242343344
1112232314423434	1231112243243344
1112232314423434	1231214321243344
1112232314423434	1211314232243344
1112232314423434	1211213342243344
1112232314423434	1231214132243344
1112232314423434	1231214231243344
1112232314423434	1231213241243344
1112232331424344	1121223133244434
1112232331424344	1122113324243434
1112232331424344	1122113342243434
1112232331424344	1231213214432434
1112232331424344	1231212134432434
1112232331424344	1121223314432434
1112232331424344	1122113243342434
1112232331424344	1122113234432434
1112232331424344	1211213234432434
1112232331424344	1231212133244434
1112232331424344	1122113234342434
1112232331424344	1231112234243434
1112232331424344	1231112234342434
1112232331424344	1211213324243434
1112232331424344	1121223134342434
1112232331424344	1231212143342434
1112232331424344	1121223143342434
1112232331424344	1121223334142434
1112232331424344	1231214324132434
1112232331424344	1121223344132434
1112232331424344	1211213243342434
1112232331424344	1211312234243434
1112232331424344	1211312234342434
1112232331424344	1211213234342434
1112232331424344	1211213342243434
1112232331424344	1231213244132434
1112232331424344	1231212143243434
1112232331424344	1231213142243434
1112232331424344	1231214132243434
1112232331424344	1231212134342434
1112232331424344	1231212134243434
1112232331424344	1231213124243434
1112232331424344	1231214234132434
1112232331424344	1231213234142434
1112232334124344	1122113322443434
1112232334124344	1211213322443434
1112232334124344	1121223331442434
1112232334124344	1231214321432434
1112232334124344	1122113233442434
1112232334124344	1231112232443434
1112232334124344	1122113243432434
1112232334124344	1231112233442434
1112232334124344	1121223133442434
1112232334124344	1211312232443434
1112232334124344	1121223341432434
1112232334124344	1211312233442434
1112232334124344	1231213122443434
1112232334124344	1211213233442434
1112232334124344	1231213231442434
1112232334124344	1211213243432434
1112232334124344	1231214231432434
1112232334124344	1231213241432434
1112232334142344	1122113322434434
1112232334142344	1211213322434434
1112232334142344	1121223331424434
1112232334142344	1122113233424434
1112232334142344	1231112232434434
1112232334142344	1231214321324434
1112232334142344	1231112233424434
1112232334142344	1121223133424434
1112232334142344	1211312232434434
1112232334142344	1121223341324434
1112232334142344	1211312233424434
1112232334142344	1231214231324434
1112232334142344	1211213233424434
1112232334142344	1231213241324434
1112232334142344	1231213231424434
1112232334412344	1122113322344434
1112232334412344	1121223133244434
1112232334412344	1121223331244434
1112232334412344	1122113233244434
1112232334412344	1231112232344434
1112232334412344	1211213233244434
1112232334412344	1211213322344434
1112232334412344	1211312233244434
1112232334412344	1211312232344434
1112232334412344	1231112233244434
1112232334412344	1231213231244434
1112232341234344	1211312224333444
1112232341234344	1231112224333444
1112232341234344	1122113324432434
1112232341234344	1231213214432434
1112232341234344	1211213324432434
1112232341234434	1211312224333444
1112232341234434	1122113324432344
1112232341234434	1231112224333444
1112232341234434	1231213214432344
1112232341243434	1122113324423344
1112232341243434	1231112224334344
1112232341243434	1211312224334344
1112232341243434	1231213214423344
1112232341243434	1211213324423344
1112232341243434	1231214314223344
1112232341243434	1231214213324344
1112232341324344	1122113324243434
1112232341324344	1121223313244434
1112232341324344	1122113324342434
1112232341324344	1231112224343434
1112232341324344	1231213214432434
1112232341324344	1121223314432434
1112232341324344	1231213213244434
1112232341324344	1211312224343434
1112232341324344	1211213324243434
1112232341324344	1121223334142434
1112232341324344	1121223314342434
1112232341324344	1231214324132434
1112232341324344	1211213324342434
1112232341324344	1231214312243434
1112232341324344	1231214213342434
1112232341324344	1231213214342434
1112232341324344	1231213214243434
1112232341324344	1231214213243434
1112232341342344	1122113324324434
1112232341342344	1231112224334434
1112232341342344	1211312224334434
1112232341342344	1121223314324434
1112232341342344	1231214213324434
1112232341342344	1211314223324434
1112232341342344	1211213324324434
1112232341342344	1231213214324434
1112232341423344	1122113324243434
1112232341423344	1231112224343434
1112232341423344	1211312224343434
1112232341423344	1211213324243434
1112232341423344	1231214312243434
1112232341423344	1231213214243434
1112232341423344	1231214213243434
1112232341423434	1122113324243344
1112232341423434	1231112224343344
1112232341423434	1211213324243344
1112232341423434	1211312224343344
1112232341423434	1231214312243344
1112232341423434	1231214213243344
1112232341423434	1231213214243344
1112232341432344	1121223313244434
1112232341432344	1122113324234434
1112232341432344	1122113323244434
1112232341432344	1122113324324434
1112232341432344	1231112224334434
1112232341432344	1231112223344434
1112232341432344	1211213323244434
1112232341432344	1211312223344434
1112232341432344	1231213213244434
1112232341432344	1211312224334434
1112232341432344	1211213324234434
1112232341432344	1211314223234434
1112232341432344	1211213324324434
1112232341432344	1231213214234434
1112232343124344	1122113323442434
1112232343124344	1231112223443434
1112232343124344	1231213214432434
1112232343124344	1121223314432434
1112232343124344	1211312223443434
1112232343124344	1121223313442434
1112232343124344	1211213323442434
1112232343124344	1231213213442434
1112232343124344	1231214213432434
1112232343142344	1122113323424434
1112232343142344	1231112223434434
1112232343142344	1211312223434434
1112232343142344	1121223313424434
1112232343142344	1121223314324434
1112232343142344	1231214213324434
1112232343142344	1211213323424434
1112232343142344	1231213214324434
1112232343142344	1231213213424434
1112232343412344	1121223313244434
1112232343412344	1122113323244434
1112232343412344	1231112223344434
1112232343412344	1211213323244434
1112232343412344	1211312223344434
1112232343412344	1231213213244434
1112232344123344	1122113322443434
1112232344123344	1211213322443434
1112232344123344	1231213212443434
1112232344123434	1122113322443344
1112232344123434	1211213322443344
1112232344123434	1231213212443344
1112232412334344	1231212143233444
1112232412334344	1231214132233444
1112232412334344	1231212143342434
1112232412334344	1231213144232434
1112232412334344	1231212143243434
1112232412334344	1231213142243434
1112232412334344	1231214132243434
1112232412334434	1231212143342344
1112232412334434	1231213144232344
1112232412334434	1231214132243344
1112232412343344	1231212143324434
1112232412343344	1231212143323444
1112232412343344	1231213144223434
1112232412343434	1231212143324344
1112232412343434	1231213144223344
1112232413234344	1231212142333444
1112232413234344	1231214122333444
1112232413234344	1231213122443434
1112232413234344	1231214132432434
1112232413234344	1231213142432434
1112232413234434	1231213142432344
1112232413234434	1231214132432344
1112232413243434	1231213122443344
1112232413243434	1231212143324344
1112232413243434	1231213144223344
1112232413243434	1231213142423344
1112232413243434	1231214132423344
1112232413243434	1231212142334344
1112232413243434	1231214122334344
1112232413342344	1231212143324434
1112232413342344	1121223143324434
1112232413342344	1121223133424434
1112232413342344	1121223341324434
1112232413342344	1231214132324434
1112232413342344	1231212142334434
1112232413342344	1231214122334434
1112232413342344	1231213142324434
1112232413342344	1231213122434434
1112232413423344	1231212143243434
1112232413423344	1231213142243434
1112232413423344	1231214132243434
1112232413423434	1231214132243344
1112232413423434	1231212143243344
1112232413423434	1231213142243344
1112232413432344	1121223133244434
1112232413432344	1231212133244434
1112232413432344	1231214132234434
1112232413432344	1231212143234434
1112232413432344	1231213142234434
1112232431234344	1231212124333444
1112232431234344	1231213124432434
1112232431234434	1231212124333444
1112232431234434	1231213124432344
1112232431243434	1231213124423344
1112232431243434	1231214134223344
1112232431342344	1121223134324434
1112232431342344	1121223314324434
1112232431342344	1231214123324434
1112232431342344	1231212124334434
1112232431342344	1231213124324434
1112232431423434	1231214132243344
1112232431423434	1231213124243344
1112232434123344	1231213122443434
1112232434123434	1231213122443344
1112232434132344	1231213122434434
1112232434312344	1121223133244434
1112232434312344	1121223331244434
1112232434312344	1231213122344434
1112233123424344	1231211432243434
1112233123424344	1231112432243434
1112233123424344	1231212433142434
1112233123424344	1231213442132434
1112233123424434	1122113432243344
1112233123424434	1211312432233444
1112233123424434	1231211432243344
1112233123424434	1231112432243344
1112233123424434	1211312432243344
1112233123424434	1231211432233444
1112233123424434	1231112432233444
1112233123424434	1231212433142344
1112233123442344	1231112432234434
1112233123442344	1231211432234434
1112233123442344	1231212433124434
1112233124234344	1231114222333444
1112233124234344	1231214321432434
1112233124234344	1231112422333444
1112233124234344	1231112432432434
1112233124234344	1231211422333444
1112233124234344	1231211432432434
1112233124234344	1231212431432434
1112233124234344	1231213421432434
1112233124234434	1122113322443344
1112233124234434	1231114222333444
1112233124234434	1122113432432344
1112233124234434	1211312422333444
1112233124234434	1211314222333444
1112233124234434	1231214321432344
1112233124234434	1231112422333444
1112233124234434	1231112432432344
1112233124234434	1231211422333444
1112233124234434	1231211432432344
1112233124234434	1231212431432344
1112233124234434	1231213421432344
1112233124243434	1122113322443344
1112233124243434	1211213322443344
1112233124243434	1231114222334344
1112233124243434	1122113432423344
1112233124243434	1211312322443344
1112233124243434	1231211322443344
1112233124243434	1231112322443344
1112233124243434	1211314222334344
1112233124243434	1231214321423344
1112233124243434	1231214321324344
1112233124243434	1231112422334344
1112233124243434	1231112432423344
1112233124243434	1231211432423344
1112233124243434	1211312432423344
1112233124243434	1211213432423344
1112233124243434	1211312422334344
1112233124243434	1231212431324344
1112233124243434	1231213441223344
1112233124243434	1231211422334344
1112233124243434	1231212431423344
1112233124243434	1231213421423344
1112233124342344	1231114222334434
1112233124342344	1231112432324434
1112233124342344	1231212431324434
1112233124342434	1231114222334344
1112233124342434	1211314222334344
1112233124342434	1231112432324344
1112233124342434	1211312422334344
1112233124342434	1231212431324344
1112233124344234	1231114222333444
1112233124344234	1211312422333444
1112233124344234	1211312432323444
1112233124344234	1211314222333444
1112233124344234	1231112422333444
1112233124344234	1231112432323444
1112233124344234	1231212431323444
1112233124423434	1122113322443344
1112233124423434	1211213322443344
1112233124423434	1122113432243344
1112233124423434	1231114222343344
1112233124423434	1231211432243344
1112233124423434	1231112432243344
1112233124423434	1211312432243344
1112233124423434	1211213432243344
1112233124423434	1211314222343344
1112233124423434	1231112422343344
1112233124423434	1231214321243344
1112233124423434	1211312422343344
1112233124423434	1231212431243344
1112233124423434	1231213421243344
1112233142342344	1231114223324434
1112233142342344	1231112423324434
1112233142342344	1231212413324434
1112233142342434	1231114223324344
1112233142342434	1231112423324344
1112233142342434	1231212413324344
1112233142344234	1211312224333444
1112233142344234	1231112224333444
1112233142344234	1211312423323444
1112233142344234	1211314223323444
1112233142344234	1231114223323444
1112233142344234	1231112423323444
1112233142344234	1231212413323444
1112233234124344	1122113322443434
1112233234124344	1211213322443434
1112233234124344	1121223331442434
1112233234124344	1231214321432434
1112233234124344	1122112333442434
1112233234124344	1231112322443434
1112233234124344	1121221333442434
1112233234124344	1211312322443434
1112233234124344	1231211322443434
1112233234124344	1121223431432434
1112233234124344	1231212331442434
1112233234124344	1231212431432434
1112233234124344	1231213421432434
1112233234142344	1122113322434434
1112233234142344	1211213322434434
1112233234142344	1121223331424434
1112233234142344	1231214321324434
1112233234142344	1122112333424434
1112233234142344	1231112322434434
1112233234142344	1121221333424434
1112233234142344	1211212333424434
1112233234142344	1121223431324434
1112233234142344	1211312322434434
1112233234142344	1231212431324434
1112233234142344	1231211322434434
1112233234142344	1231212331424434
1112233234142344	1231213421324434
1112233234412344	1121221333244434
1112233234412344	1122112333244434
1112233234412344	1211212333244434
1112233234412344	1122113322344434
1112233234412344	1121223331244434
1112233234412344	1211213322344434
1112233234412344	1211312322344434
1112233234412344	1231212331244434
1112233234412344	1231112322344434
1112233412234344	1231212143432434
1112233412234434	1231213142432344
1112233412234434	1231214132432344
1112233412234434	1231212143432344
1112233412243434	1231213122443344
1112233412243434	1231212132443344
1112233412243434	1231212143324344
1112233412243434	1231213144223344
1112233412243434	1231213142423344
1112233412243434	1231214132423344
1112233412243434	1231212143423344
1112233412243434	1231212142334344
1112233412243434	1231214122334344
1112233412324344	1231212143342434
1112233412324434	1231212143342344
1112233412324434	1231213144232344
1112233412324434	1231214132243344
1112233412342344	1231212143324434
1112233412342434	1231212143324344
1112233412344234	1231212143323444
1112233412423344	1231212143243434
1112233412423344	1231214132243434
1112233412423434	1231214132243344
1112233412423434	1231212143243344
1112233412423434	1231213142243344
1112233412432344	1231214132234434
1112233412432344	1231212143234434
1112233412432434	1231212143234344
1112233412432434	1231214132234344
1112233412434234	1231212143233444
1112233412434234	1231214132233444
1112233414223344	1231212143243434
1112233414223344	1231214132243434
1112233414223344	1231212142343434
1112233414223434	1231213122443344
1112233414223434	1231212142343344
1112233414232344	1231214132324434
1112233414232344	1231212142334434
1112233414232344	1231214122334434
1112233414232434	1231212142334344
1112233414232434	1231214122334344
1112233414234234	1231212142333444
1112233414234234	1231214122333444
1112233421234344	1231212124333444
1112233421234344	1231213124432434
1112233421234344	1231212134432434
1112233421234434	1231212124333444
1112233421234434	1231213124432344
1112233421234434	1231212134432344
1112233421243434	1231212143324344
1112233421243434	1231213144223344
1112233421243434	1231213124423344
1112233421243434	1231212134423344
1112233421243434	1231214134223344
1112233421342344	1231212143324434
1112233421342344	1121223143324434
1112233421342344	1121223134324434
1112233421342344	1231212134324434
1112233421423434	1231214132243344
1112233421423434	1231212143243344
1112233421423434	1231213142243344
1112233421423434	1231213124243344
1112233421423434	1231212134243344
1112233423124344	1121223133442434
1112233423124344	1121223143432434
1112233423124344	1231212133442434
1112233423124344	1231212143432434
1112233423142344	1231212143324434
1112233423142344	1121223143324434
1112233423142344	1121223133424434
1112233423142344	1231212133424434
1112233423412344	1121223133244434
1112233423412344	1231212133244434
1112233424123344	1231213122443434
1112233424123344	1231212132443434
1112233424123434	1231213122443344
1112233424123434	1231212132443344
1112233424132344	1231213122434434
1112233424132344	1231212132434434
1112233424312344	1121223133244434
1112233424312344	1121223331244434
1112233424312344	1231212133244434
1112233424312344	1231213122344434
1112233424312344	1231212132344434
1112233441232344	1231214123324434
1112233441232344	1231212124334434
1112233441232434	1231212124334344
1112233441234234	1231212124333444
1112234122334344	1231211224333444
1112234122334344	1231211432243434
1112234122334344	1231211324432434
1112234122334344	1231211432233444
1112234122334344	1231211423233444
1112234122334344	1231211434232434
1112234122334344	1231211324243434
1112234122334344	1231211423342434
1112234122334344	1231211224343434
1112234122334434	1231211224333444
1112234122334434	1231211432243344
1112234122334434	1231211324432344
1112234122334434	1231211434232344
1112234122334434	1231211423342344
1112234122343434	1231211434223344
1112234123234344	1231211422333444
1112234123234344	1231211322443434
1112234123234344	1231211432432434
1112234123234434	1231211432432344
1112234123243434	1231211432423344
1112234123342344	1231211432324434
1112234123342434	1231211432324344
1112234123344234	1231211422333444
1112234123344234	1231211432323444
1112234123423344	1231211432243434
1112234123423434	1231211432243344
1112234123432344	1231211432234434
1112234123432434	1231211432234344
1112234123434234	1231211432233444
1112234132234344	1231211224333444
1112234132234344	1231211324432434
1112234132234344	1231211423432434
1112234132234434	1231211224333444
1112234132234434	1231211324432344
1112234132234434	1231211432432344
1112234132234434	1231211423432344
1112234132324344	1231211423342434
1112234132324434	1231211224333444
1112234132324434	1231211432243344
1112234132324434	1231211324432344
1112234132324434	1231211434232344
1112234132324434	1231211423342344
1112234132342344	1231211423324434
1112234132342434	1231211423324344
1112234132344234	1231211224333444
1112234132344234	1231211423323444
1112234132423344	1231211432243434
1112234132423344	1231211423243434
1112234132423344	1231211224343434
1112234132423434	1231211432243344
1112234132423434	1231211423243344
1112234132423434	1231211224343344
1112234132423434	1231211324243344
1112234132432344	1231211432234434
1112234132432344	1231211423324434
1112234132432344	1231211224334434
1112234132432344	1231211423234434
1112234132432434	1231211432234344
1112234132432434	1231211224334344
1112234132432434	1231211423234344
1112234132434234	1231211224333444
1112234132434234	1231211432233444
1112234132434234	1231211423233444
1112234134223434	1231211322443344
1112234134223434	1231211422343344
1112234134232344	1231211432324434
1112234134232344	1231211422334434
1112234134232434	1231211422334344
1112234134234234	1231211422333444
1112234212334344	1231211432243434
1112234212334344	1231211432233444
1112234212334344	1231211243233444
1112234212334344	1231211344232434
1112234212334344	1231211342243434
1112234212334434	1231211432243344
1112234212334434	1231211344232344
1112234212343434	1231211243324344
1112234212343434	1231211344223344
1112234213234434	1231211432432344
1112234213234434	1231211342432344
1112234213423344	1231211432243434
1112234213423344	1231211342243434
1112234213423434	1231211432243344
1112234213423434	1231211342243344
1112234213432344	1121221333244434
1112234213432344	1231211243324434
1112234213432344	1231211432234434
1112234213432344	1231211243234434
1112234213432344	1231211342234434
1112234231234344	1231211224333444
1112234231234344	1231211324432434
1112234231234434	1231211224333444
1112234231234434	1231211324432344
1112234231243434	1231211324423344
1112234231243434	1231211434223344
1112234231324344	1121221333244434
1112234231324344	1231211432243434
1112234231324344	1121221334432434
1112234231324344	1121221334342434
1112234231324344	1231211324243434
1112234231324344	1231211423342434
1112234231324344	1231211324342434
1112234231324344	1231211224343434
1112234231342344	1121221334324434
1112234231342344	1231211423324434
1112234231342344	1231211224334434
1112234231342344	1231211324324434
1112234231423344	1231211432243434
1112234231423344	1231211324243434
1112234231423434	1231211432243344
1112234231423434	1231211324243344
1112234231432344	1121221333244434
1112234231432344	1231211423324434
1112234231432344	1231211224334434
1112234231432344	1231211423234434
1112234231432344	1231211324324434
1112234231432344	1231211324234434
1112234233124344	1121221334432434
1112234233124344	1121221333442434
1112234233124344	1231211223443434
1112234233124344	1231211323442434
1112234233124344	1231211423432434
1112234233142344	1121221333424434
1112234233142344	1121221334324434
1112234233142344	1231211323424434
1112234233142344	1231211223434434
1112234233412344	1121221333244434
1112234233412344	1231211323244434
1112234233412344	1231211223344434
1112234234123344	1231211322443434
1112234234123434	1231211322443344
1112234234132344	1231211322434434
1112234234312344	1121221333244434
1112234234312344	1231211322344434
1112234312324344	1231211243342434
1112234312324434	1231211243342344
1112234312342344	1231211243324434
1112234312342434	1231211243324344
1112234312344234	1231211243323444
1112234312423344	1231211243243434
1112234312423434	1231211243243344
1112234312432344	1231211243324434
1112234312432344	1231211243234434
1112234312434234	1231211243233444
1112234323412344	1121221333244434
1112234323412344	1231211233244434
1112234341223344	1231211224343434
1112234341223434	1231211224343344
1112234341232344	1231211224334434
1112234341232434	1231211224334344
1112234341234234	1231211224333444
1112234342123344	1231211223443434
1112234342123434	1231211223443344
1112234342132344	1231211223434434
1112234342312344	1121221333244434
1112234342312344	1231211223344434
1112312223434344	1211132243233444
1112312223434344	1211132432233444
1112312223434344	1231121432243434
1112312223434344	1231122433142434
1112312223434344	1231121432233444
1112312223434344	1122133442132434
1112312223434344	1231141232233444
1112312223434344	1122131344232434
1112312223434344	1122133244132434
1112312223434344	1231142342132434
1112312223434434	1211132243233444
1112312223434434	1211132432233444
1112312223434434	1122131342243344
1112312223434434	1122131344232344
1112312223434434	1122131432243344
1112312223434434	1231121432243344
1112312223434434	1211132432243344
1112312223434434	1122133244132344
1112312223434434	1122133442132344
1112312223434434	1231121432233444
1112312223434434	1231122433142344
1112312223434434	1231121243233444
1112312223434434	1231141232233444
1112312223434434	1231142342132344
1112312232434344	1211132224333444
1112312232434344	1211132423233444
1112312232434344	1211132432233444
1112312232434344	1122131324432434
1112312232434344	1231141223233444
1112312232434344	1122133424132434
1112312232434344	1231142324132434
1112312232434344	1231122434132434
1112312232434434	1211132224333444
1112312232434434	1211132423233444
1112312232434434	1211132432233444
1112312232434434	1231121224333444
1112312232434434	1122131324243344
1112312232434434	1122131324432344
1112312232434434	1122133424132344
1112312232434434	1231141223233444
1112312232434434	1231142324132344
1112312232434434	1231122434132344
1112312233424344	1231122433142434
1112312233424344	1122133442132434
1112312233424344	1231141223243434
1112312233424344	1231141223342434
1112312233424344	1122133424132434
1112312233424344	1231122413342434
1112312233424344	1231142323142434
1112312233424344	1231142324132434
1112312233424344	1231122434132434
1112312233424434	1211132224333444
1112312233424434	1211132423233444
1112312233424434	1211132432233444
1112312233424434	1231121224333444
1112312233424434	1122131324243344
1112312233424434	1122131324432344
1112312233424434	1211132432243344
1112312233424434	1122133412243344
1112312233424434	1122133414232344
1112312233424434	1211132423243344
1112312233424434	1231122433142344
1112312233424434	1231141223233444
1112312233424434	1231141223243344
1112312233424434	1231141223342344
1112312233424434	1231142312243344
1112312233424434	1231122413342344
1112312233424434	1231142323142344
1112312233442344	1231122433124434
1112312233442344	1231141223234434
1112312233442344	1231141223324434
1112312233442344	1231122413324434
1112312233442344	1231142323124434
1112312234234344	1211132422333444
1112312234234344	1231141222333444
1112312234234344	1231122431432434
1112312234234344	1122133421432434
1112312234234344	1231142321432434
1112312234234434	1122131322443344
1112312234234434	1211132422333444
1112312234234434	1122133421432344
1112312234234434	1231141222333444
1112312234234434	1231122431432344
1112312234234434	1231142321432344
1112312234243434	1122131322443344
1112312234243434	1122133421423344
1112312234243434	1122133441223344
1112312234243434	1211132422334344
1112312234243434	1211132432423344
1112312234243434	1231141222334344
1112312234243434	1231122431324344
1112312234243434	1231142321324344
1112312234243434	1231142321423344
1112312234342344	1231122431324434
1112312234342344	1231142321324434
1112312234342434	1211132422334344
1112312234342434	1231122431324344
1112312234342434	1231142321324344
1112312234344234	1211132422333444
1112312234344234	1211132432323444
1112312234344234	1231122431323444
1112312234344234	1231142321323444
1112312234423434	1211132432243344
1112312234423434	1122133421243344
1112312234423434	1211132422343344
1112312234423434	1231142321243344
1112312242334344	1211132224333444
1112312242334344	1122133214432434
1112312242334344	1211132423233444
1112312242334344	1211132224343434
1112312242334344	1211132432233444
1112312242334344	1231121224333444
1112312242334344	1122131324432434
1112312242334344	1231142213342434
1112312242334344	1211132423342434
1112312242334344	1231122314432434
1112312242334344	1122133214243434
1112312242334344	1211132324243434
1112312242334344	1231142213233444
1112312242334344	1211132324432434
1112312242334344	1231142213243434
1112312242334344	1211132434232434
1112312242334344	1231122413233444
1112312242334344	1231141223233444
1112312242334344	1231142312233444
1112312242334344	1122131324243434
1112312242334344	1231141223342434
1112312242334344	1231121224343434
1112312242334344	1122133412243434
1112312242334344	1122133414232434
1112312242334344	1231142312243434
1112312242334344	1231122413342434
1112312242334344	1231122413243434
1112312242334344	1231142314232434
1112312242334344	1231122314243434
1112312242334434	1211132224333444
1112312242334434	1122133214432344
1112312242334434	1231121224333444
1112312242334434	1122131324243344
1112312242334434	1122131324432344
1112312242334434	1122133214243344
1112312242334434	1122133412243344
1112312242334434	1122133414232344
1112312242334434	1231142213342344
1112312242334434	1231142213243344
1112312242334434	1231122314432344
1112312242334434	1231141223342344
1112312242334434	1231142312243344
1112312242334434	1231122413342344
1112312242334434	1231142314232344
1112312242343434	1122131324423344
1112312242343434	1122133214423344
1112312242343434	1122133414223344
1112312242343434	1231142213324344
1112312242343434	1211132324423344
1112312242343434	1211132434223344
1112312242343434	1231141223324344
1112312242343434	1231122413324344
1112312242343434	1231142314223344
1112312243234344	1211132224333444
1112312243234344	1211132422333444
1112312243234344	1122133214432434
1112312243234344	1231121224333444
1112312243234344	1211132223443434
1112312243234344	1122131324432434
1112312243234344	1211132322443434
1112312243234344	1231122314432434
1112312243234344	1211132423432434
1112312243234344	1211132324432434
1112312243234344	1211132432432434
1112312243234344	1231122412333444
1112312243234344	1231142213432434
1112312243234344	1231141222333444
1112312243234344	1122133212443434
1112312243234344	1231142212333444
1112312243234344	1122131322443434
1112312243234344	1231122312443434
1112312243234344	1231141223432434
1112312243234344	1231121223443434
1112312243234344	1231122431432434
1112312243234344	1122133421432434
1112312243234344	1122133412432434
1112312243234344	1231142321432434
1112312243234344	1231142312432434
1112312243234344	1231122413432434
1112312243234434	1211132224333444
1112312243234434	1122131322443344
1112312243234434	1122133212443344
1112312243234434	1122133214432344
1112312243234434	1231121224333444
1112312243234434	1122131324432344
1112312243234434	1122133412432344
1112312243234434	1231142213432344
1112312243234434	1231122314432344
1112312243234434	1231141223432344
1112312243234434	1231142312432344
1112312243234434	1231122413432344
1112312243423344	1211132224343434
1112312243423344	1211132423243434
1112312243423344	1211132432243434
1112312243423344	1231141223243434
1112312243423344	1231121224343434
1112312243423344	1231142312243434
1112312243423344	1231122413243434
1112312243423434	1122131324243344
1112312243423434	1211132432243344
1112312243423434	1122133412243344
1112312243423434	1211132423243344
1112312243423434	1231141223243344
1112312243423434	1231142312243344
1112312243432344	1231141223234434
1112312243432344	1231142312234434
1112312243434234	1211132224333444
1112312243434234	1211132423233444
1112312243434234	1211132432233444
1112312243434234	1231121224333444
1112312243434234	1231122413233444
1112312243434234	1231141223233444
1112312243434234	1231142312233444
1112312323424344	1231122143342434
1112312323424344	1122133244132434
1112312323424344	1231142132243434
1112312323424344	1231142233142434
1112312323424434	1211132243233444
1112312323424434	1122133142243344
1112312323424434	1211132243243344
1112312323424434	1122133144232344
1112312323424434	1231122143233444
1112312323424434	1231142132233444
1112312323424434	1231122143342344
1112312323424434	1231142132243344
1112312323424434	1231142233142344
1112312323442344	1231122143324434
1112312323442344	1231142233124434
1112312324234344	1211132242333444
1112312324234344	1231142122333444
1112312324234344	1122133241432434
1112312324234344	1231142231432434
1112312324234434	1211132242333444
1112312324234434	1122133122443344
1112312324234434	1122133241432344
1112312324234434	1231142122333444
1112312324234434	1231142231432344
1112312324243434	1122133122443344
1112312324243434	1211132242334344
1112312324243434	1122133241423344
1112312324243434	1211132243423344
1112312324243434	1231142231324344
1112312324243434	1231142231423344
1112312324342344	1231142231324434
1112312324342434	1211132242334344
1112312324342434	1231142231324344
1112312324344234	1211132242333444
1112312324344234	1211132243323444
1112312324344234	1231142231323444
1112312324423434	1211132242343344
1112312324423434	1211132243243344
1112312324423434	1122133241243344
1112312324423434	1231142231243344
1112312342234344	1211132224333444
1112312342234344	1122133214432434
1112312342234344	1231142213432434
1112312342234434	1211132224333444
1112312342234434	1122133212443344
1112312342234434	1122133214432344
1112312342234434	1231142213432344
1112312342324344	1122133214432434
1112312342324344	1231142213342434
1112312342324434	1211132224333444
1112312342324434	1122133214243344
1112312342324434	1231142213342344
1112312342324434	1231142213243344
1112312342342344	1231142213324434
1112312342342434	1231142213324344
1112312342344234	1211132224333444
1112312342344234	1231142213323444
1112312342423344	1211132224343434
1112312342423344	1231142213243434
1112312342423434	1122133214243344
1112312342423434	1231142213243344
1112312342432344	1231142213234434
1112312342434234	1211132224333444
1112312342434234	1231142213233444
1112312344234234	1211132224333444
1112312344234234	1231142212333444
1112312422343434	1122133124423344
1112312422343434	1122133144223344
1112312422343434	1211132234423344
1112312422343434	1231122143324344
1112312422343434	1231142134223344
1112312423234344	1211132242333444
1112312423234344	1211132232443434
1112312423234344	1211132243432434
1112312423234344	1231122142333444
1112312423234344	1231142122333444
1112312423234344	1122133122443434
1112312423234344	1122133241432434
1112312423234344	1231122132443434
1112312423234344	1231142231432434
1112312423234344	1122133142432434
1112312423234344	1231142132432434
1112312423234344	1231122143432434
1112312423234434	1122133122443344
1112312423234434	1122133142432344
1112312423234434	1231142132432344
1112312423234434	1231122143432344
1112312423243434	1122133122443344
1112312423243434	1122133142423344
1112312423243434	1122133144223344
1112312423243434	1211132243423344
1112312423243434	1231122143324344
1112312423243434	1231142132423344
1112312423342344	1231122143324434
1112312423342344	1231142231324434
1112312423342344	1231142132324434
1112312423342344	1231142122334434
1112312423342434	1211132242334344
1112312423342434	1231122143324344
1112312423342434	1231142122334344
1112312423342434	1231142132324344
1112312423344234	1211132242333444
1112312423344234	1211132243323444
1112312423344234	1231122143323444
1112312423344234	1231122142333444
1112312423344234	1231142122333444
1112312423344234	1231142132323444
1112312423423344	1211132243243434
1112312423423344	1231142132243434
1112312423423344	1231122143243434
1112312423423434	1122133142243344
1112312423423434	1211132243243344
1112312423423434	1231142132243344
1112312423432344	1231142132234434
1112312423434234	1211132243233444
1112312423434234	1231122143233444
1112312423434234	1231142132233444
1112312432344234	1211132224333444
1112312432344234	1231122124333444
1112312432344234	1231122143323444
1112312432344234	1231142123323444
1112312434223434	1122133122443344
1112312434223434	1231142122343344
1112312434232344	1231142122334434
1112312434232434	1231142122334344
1112312434234234	1231142122333444
1112314223432344	1231141232234434
1112314223434234	1231121243233444
1112314223434234	1231141232233444
1112314232234344	1231121224333444
1112314232234344	1122131324432434
1112314232234344	1231141223432434
1112314232234434	1122131322443344
1112314232234434	1231121224333444
1112314232234434	1122131324432344
1112314232234434	1231141223432344
1112314232324344	1231141223342434
1112314232324434	1231121224333444
1112314232324434	1122131324243344
1112314232324434	1122131324432344
1112314232324434	1231141223342344
1112314232342344	1231141223324434
1112314232342434	1231141223324344
1112314232344234	1231121224333444
1112314232344234	1231141223323444
1112314232423344	1231141223243434
1112314232423344	1231121224343434
1112314232423434	1122131324243344
1112314232423434	1231141223243344
1112314232432344	1231141223234434
1112314232434234	1231121224333444
1112314232434234	1231141223233444
1112314234223434	1122131322443344
1112314234223434	1231141222343344
1112314234232344	1231141222334434
1112314234232434	1231141222334344
1112314234234234	1231141222333444
1112321233424344	1231124323142434
1112321233424434	1211132224333444
1112321233424434	1211134223233444
1112321233424434	1211134223243344
1112321233424434	1231124312243344
1112321233424434	1231124323142344
1112321234234344	1231114222333444
1112321234234344	1211134222333444
1112321234234344	1231124321432434
1112321234234434	1122113322443344
1112321234234434	1231114222333444
1112321234234434	1211134222333444
1112321234234434	1231124321432344
1112321234243434	1122113322443344
1112321234243434	1231114222334344
1112321234243434	1211134222334344
1112321234243434	1231124321423344
1112321234243434	1231124321324344
1112321234342344	1231114222334434
1112321234342344	1231124321324434
1112321234342434	1231114222334344
1112321234342434	1211134222334344
1112321234342434	1231124321324344
1112321234344234	1231114222333444
1112321234344234	1211134222333444
1112321234344234	1231124321323444
1112321243234434	1122113322443344
1112321243234434	1211132224333444
1112321243234434	1122133212443344
1112321243234434	1122133214432344
1112321243234434	1231124312432344
1112321243234434	1231124213432344
1112321243423344	1211132224343434
1112321243423344	1211134223243434
1112321243423344	1231124312243434
1112321243423434	1211134223243344
1112321243423434	1231124312243344
1112321243432344	1231124312234434
1112321243434234	1211132224333444
1112321243434234	1211134223233444
1112321243434234	1231124312233444
1112321342234344	1211132224333444
1112321342234344	1122133214432434
1112321342234344	1231124213432434
1112321342234434	1122113322443344
1112321342234434	1211132224333444
1112321342234434	1122133212443344
1112321342234434	1122133214432344
1112321342234434	1231124312432344
1112321342234434	1231124213432344
1112321342324344	1122133214432434
1112321342324344	1231124213342434
1112321342342344	1231124213324434
1112321342342434	1231124213324344
1112321342344234	1211132224333444
1112321342344234	1211134223323444
1112321342344234	1231124213323444
1112321342423344	1211132224343434
1112321342423344	1211134223243434
1112321342423344	1231124312243434
1112321342423344	1231124213243434
1112321342423434	1211132224343344
1112321342423434	1122133214243344
1112321342423434	1211134223243344
1112321342423434	1231124312243344
1112321342423434	1231124213243344
1112321342432344	1211132224334434
1112321342432344	1211134223234434
1112321342432344	1231124312234434
1112321342432344	1231124213234434
1112321342434234	1211132224333444
1112321342434234	1211134223233444
1112321342434234	1231124213233444
1112321342434234	1231124312233444
1112322343412344	1211132223344434
1112322343412344	1122123313244434
1112322343412344	1122133213244434
1112322343412344	1211123323244434
1112322343412344	1231123213244434
1112323122434344	1211132224333444
1112323122434344	1211132423233444
1112323122434344	1211132432233444
1112323122434344	1122131324432434
1112323122434344	1231121432243434
1112323122434344	1231121324432434
1112323122434344	1231121432233444
1112323122434344	1231121423342434
1112323122434344	1231121434232434
1112323122434344	1122133424132434
1112323122434344	1122133414232434
1112323122434344	1231122413342434
1112323122434344	1231122434132434
1112323123424344	1231121432243434
1112323123424344	1231122433142434
1112323123424344	1122133442132434
1112323124234344	1211132422333444
1112323124234344	1231121432432434
1112323124234344	1231122431432434
1112323124234344	1122133421432434
1112323124243434	1122131322443344
1112323124243434	1211132322443344
1112323124243434	1122133421423344
1112323124243434	1122133441223344
1112323124243434	1231121322443344
1112323124243434	1211132422334344
1112323124243434	1211132432423344
1112323124243434	1231121432423344
1112323124243434	1231121422334344
1112323124243434	1231122431324344
1112323124243434	1231122431423344
1112323124342344	1231122431324434
1112323124342434	1211132422334344
1112323124342434	1231122431324344
1112323124344234	1211132422333444
1112323124344234	1211132432323444
1112323124344234	1231122431323444
1112323142234344	1211132224333444
1112323142234344	1122133214432434
1112323142234344	1231122413432434
1112323142324344	1231122413342434
1112323142342344	1231122413324434
1112323142342434	1231122413324344
1112323142344234	1211132224333444
1112323142344234	1211132423323444
1112323142344234	1231122413323444
1112323142423344	1211132224343434
1112323142423344	1211132423243434
1112323142423344	1211132432243434
1112323142423344	1231122413243434
1112323142423434	1211132224343344
1112323142423434	1211132432243344
1112323142423434	1122133412243344
1112323142423434	1211132423243344
1112323142423434	1231122413243344
1112323142432344	1211132224334434
1112323142432344	1211132423234434
1112323142432344	1211132432234434
1112323142432344	1231122413234434
1112323142434234	1211132224333444
1112323142434234	1211132423233444
1112323142434234	1211132432233444
1112323142434234	1231122413233444
1112323212434344	1211132243233444
1112323212434344	1211132432233444
1112323212434344	1231121432243434
1112323212434344	1231121432233444
1112323212434344	1231121344232434
1112323212434344	1122133244132434
1112323212434344	1231122344132434
1112323213424344	1122121333244434
1112323213424344	1211122333244434
1112323213424344	1231121432243434
1112323213424344	1211132432243434
1112323213424344	1231122433142434
1112323213424344	1122132433142434
1112323213424344	1122133442132434
1112323213424344	1211132342243434
1112323213424344	1122121343342434
1112323213424344	1122133244132434
1112323213424344	1231122344132434
1112323213424344	1122132344132434
1112323213424344	1122132343142434
1112323213424344	1231122343142434
1112323231424344	1122121333244434
1112323231424344	1231121432243434
1112323231424344	1211132324243434
1112323231424344	1122121334432434
1112323231424344	1122131324243434
1112323231424344	1122121334342434
1112323231424344	1122132334142434
1112323231424344	1122132434132434
1112323231424344	1122133424132434
1112323231424344	1231122434132434
1112323231424344	1231122334142434
1112323234124344	1211132322443434
1112323234124344	1122131322443434
1112323234124344	1122132331442434
1112323234124344	1122121333442434
1112323234124344	1231122331442434
1112323234124344	1231122431432434
1112323234124344	1122132431432434
1112323234124344	1122133421432434
1112323234142344	1211132322434434
1112323234142344	1211122333424434
1112323234142344	1122121333424434
1112323234142344	1122131322434434
1112323234142344	1231122431324434
1112323234142344	1122132431324434
1112323234142344	1122133421324434
1112323234142344	1122132331424434
1112323234142344	1231122331424434
1112323234412344	1122121333244434
1112323234412344	1211122333244434
1112323234412344	1122132331244434
1112323234412344	1211132322344434
1112323234412344	1231122331244434
1112323241234344	1211132224333444
1112323241234344	1122133214432434
1112323241234344	1122131324432434
1112323241234344	1231122314432434
1112323241243434	1211132224334344
1112323241243434	1122131324423344
1112323241243434	1122133214423344
1112323241243434	1122133414223344
1112323241243434	1211132324423344
1112323241243434	1211132434223344
1112323241243434	1231121224334344
1112323241243434	1231122314423344
1112323241243434	1231122413324344
1112323241324344	1122133214432434
1112323241324344	1211132224343434
1112323241324344	1122132313244434
1112323241324344	1122133213244434
1112323241324344	1122133214342434
1112323241324344	1231122314432434
1112323241324344	1122133214243434
1112323241324344	1211132324243434
1112323241324344	1122132314432434
1112323241324344	1231122313244434
1112323241324344	1122131324243434
1112323241324344	1122132314342434
1112323241324344	1122132334142434
1112323241324344	1122132413342434
1112323241324344	1122132434132434
1112323241324344	1122133424132434
1112323241324344	1122133412243434
1112323241324344	1231122413342434
1112323241324344	1231122314342434
1112323241324344	1231122434132434
1112323241324344	1231122334142434
1112323241342344	1211132224334434
1112323241342344	1122133214324434
1112323241342344	1211132423324434
1112323241342344	1211132324324434
1112323241342344	1211122334324434
1112323241342344	1122131324324434
1112323241342344	1231122413324434
1112323241342344	1122132413324434
1112323241342344	1122132314324434
1112323241342344	1231122314324434
1112323241423344	1211132224343434
1112323241423344	1122133214243434
1112323241423344	1211132324243434
1112323241423344	1122131324243434
1112323241423344	1122133412243434
1112323241423344	1231122413243434
1112323241423344	1231122314243434
1112323241423434	1211132224343344
1112323241423434	1122131324243344
1112323241423434	1122133214243344
1112323241423434	1122133412243344
1112323241423434	1211132324243344
1112323241423434	1231122413243344
1112323241423434	1231122314243344
1112323243124344	1122133214432434
1112323243124344	1211132223443434
1112323243124344	1211132322443434
1112323243124344	1122133213442434
1112323243124344	1122132313442434
1112323243124344	1231122313442434
1112323243124344	1122132413432434
1112323243124344	1231122413432434
1112323243412344	1211122333244434
1112323243412344	1211132223344434
1112323243412344	1122132313244434
1112323243412344	1211132323244434
1112323243412344	1231122313244434
1112323244123434	1122131322443344
1112323244123434	1122133212443344
1112323244123434	1211132223443344
1112323244123434	1211132322443344
1112323244123434	1231122312443344
1112323412234344	1231122143432434
1112323412243434	1122133122443344
1112323412243434	1211132242334344
1112323412243434	1122133142423344
1112323412243434	1122133144223344
1112323412243434	1122133241423344
1112323412243434	1211132243423344
1112323412243434	1231122132443344
1112323412243434	1231122143324344
1112323412243434	1231122142334344
1112323412243434	1231122143423344
1112323412324344	1231122143342434
1112323412342344	1231122143324434
1112323412342434	1231122143324344
1112323412344234	1211132243323444
1112323412344234	1231122143323444
1112323412423344	1211132243243434
1112323412423344	1231122143243434
1112323412423434	1122133142243344
1112323412423434	1211132243243344
1112323412423434	1231122143243344
1112323412432344	1211132243234434
1112323412432344	1231122143234434
1112323412434234	1211132243233444
1112323412434234	1231122143233444
1112323414223434	1122133122443344
1112323414223434	1211132242343344
1112323414223434	1211132232443344
1112323414223434	1211132243243344
1112323414223434	1231122132443344
1112323414223434	1231122142343344
1112323414232344	1211132242334434
1112323414232344	1231122142334434
1112323414232434	1211132242334344
1112323414232434	1231122142334344
1112323414234234	1211132242333444
1112323414234234	1231122142333444
1112323421234344	1211132224333444
1112323421234344	1122133214432434
1112323421234344	1122133124432434
1112323421234344	1231122134432434
1112323421243434	1122133124423344
1112323421243434	1122133144223344
1112323421243434	1211132234423344
1112323421243434	1231122143324344
1112323421243434	1231122134423344
1112323423124344	1211132232443434
1112323423124344	1122132133442434
1112323423124344	1231122133442434
1112323423124344	1122132143432434
1112323423124344	1231122143432434
1112323423142344	1231122143324434
1112323423142344	1122132143324434
1112323423142344	1211132233424434
1112323423142344	1122132133424434
1112323423142344	1231122133424434
1112323423412344	1122132133244434
1112323423412344	1211132233244434
1112323423412344	1231122133244434
1112323424123344	1211132232443434
1112323424123344	1122133122443434
1112323424123344	1231122132443434
1112323424123434	1122133122443344
1112323424123434	1211132232443344
1112323424123434	1231122132443344
1112323424132344	1211132232434434
1112323424132344	1211132233424434
1112323424132344	1122133122434434
1112323424132344	1231122132434434
1112323424312344	1211132232344434
1112323424312344	1122132133244434
1112323424312344	1211132233244434
1112323424312344	1122133231244434
1112323424312344	1122133122344434
1112323424312344	1231122133244434
1112323424312344	1231122132344434
1112323441234234	1211132224333444
1112323441234234	1231122124333444
1112324122334344	1231121224333444
1112324122334344	1122131324432434
1112324122334344	1231121432243434
1112324122334344	1231121324432434
1112324122334344	1231121432233444
1112324122334344	1231121423233444
1112324122334344	1122131324243434
1112324122334344	1231121224343434
1112324122334344	1231121423342434
1112324122334344	1231121434232434
1112324122334344	1231121324243434
1112324122343434	1122131324423344
1112324122343434	1231121434223344
1112324123234344	1231121422333444
1112324123234344	1122131322443434
1112324123234344	1231121322443434
1112324123234344	1231121432432434
1112324123243434	1122131322443344
1112324123243434	1231121432423344
1112324123342344	1231121432324434
1112324123342434	1231121432324344
1112324123344234	1231121422333444
1112324123344234	1231121432323444
1112324123423344	1231121432243434
1112324123423434	1231121432243344
1112324123432344	1231121432234434
1112324123434234	1231121432233444
1112324132324344	1231121423342434
1112324132342344	1231121423324434
1112324132342434	1231121423324344
1112324132344234	1231121224333444
1112324132344234	1231121423323444
1112324132423344	1231121432243434
1112324132423344	1231121224343434
1112324132423344	1231121423243434
1112324132423434	1122131324243344
1112324132423434	1231121432243344
1112324132423434	1231121224343344
1112324132423434	1231121423243344
1112324132432344	1231121432234434
1112324132432344	1231121224334434
1112324132432344	1231121423234434
1112324132434234	1231121224333444
1112324132434234	1231121432233444
1112324132434234	1231121423233444
1112324134232344	1231121422334434
1112324134232434	1231121422334344
1112324134234234	1231121422333444
1112324212343434	1231121243324344
1112324212343434	1231121344223344
1112324231234344	1231121224333444
1112324231234344	1122131324432434
1112324231234344	1231121324432434
1112324231243434	1122131324423344
1112324231243434	1231121324423344
1112324231243434	1231121434223344
1112324231324344	1122121333244434
1112324231324344	1231121432243434
1112324231324344	1122121334432434
1112324231324344	1122131324243434
1112324231324344	1122131324342434
1112324231324344	1231121224343434
1112324231324344	1122121334342434
1112324231324344	1231121324243434
1112324231324344	1231121324342434
1112324231342344	1122131324324434
1112324231342344	1231121224334434
1112324231342344	1231121423324434
1112324231342344	1122121334324434
1112324231342344	1231121324324434
1112324231423344	1231121432243434
1112324231423344	1122131324243434
1112324231423344	1231121324243434
1112324231423434	1122131324243344
1112324231423434	1231121432243344
1112324231423434	1231121324243344
1112324233124344	1122121334432434
1112324233124344	1122131323442434
1112324233124344	1231121223443434
1112324233124344	1122121333442434
1112324233124344	1231121323442434
1112324233412344	1122121333244434
1112324233412344	1122131323244434
1112324233412344	1231121323244434
1112324233412344	1231121223344434
1112324234123344	1122131322443434
1112324234123344	1231121322443434
1112324234123434	1122131322443344
1112324234123434	1231121322443344
1112324234132344	1122131322434434
1112324234132344	1231121322434434
1112324234312344	1122121333244434
1112324234312344	1122131322344434
1112324234312344	1231121322344434
1112324312342344	1231121243324434
1112324312342434	1231121243324344
1112324312344234	1231121243323444
1112324341223344	1231121224343434
1112324341223434	1231121224343344
1112324341232344	1231121224334434
1112324341232434	1231121224334344
1112324341234234	1231121224333444
1112324342123344	1231121223443434
1112324342123434	1122131322443344
1112324342123434	1231121223443344
1112324342312344	1122131323244434
1112324342312344	1231121223344434
1112341223234344	1122113322443434
1112341223234344	1231114222333444
1112341223234344	1122113342432434
1112341223234344	1231112242333444
1112341223234344	1231114232432434
1112341223234344	1231112232443434
1112341223234344	1231112243432434
1112341223243434	1122113322443344
1112341223243434	1122113342423344
1112341223243434	1122113344223344
1112341223243434	1231114232423344
1112341223342344	1231114222334434
1112341223342344	1231112243324434
1112341223342344	1231114232324434
1112341223342434	1231114222334344
1112341223342434	1231112243324344
1112341223342434	1231114232324344
1112341223344234	1231114222333444
1112341223344234	1231114232323444
1112341223344234	1231112242333444
1112341223344234	1231112243323444
1112341223423344	1231114232243434
1112341223423344	1231112243243434
1112341223423434	1122113342243344
1112341223423434	1231114232243344
1112341223434234	1231114232233444
1112341223434234	1231112243233444
1112341232324344	1231114223342434
1112341232342344	1231114223324434
1112341232342434	1231114223324344
1112341232344234	1231112224333444
1112341232344234	1231114223323444
1112341232423344	1231114223243434
1112341232423344	1231112224343434
1112341232423434	1122113324243344
1112341232423434	1231114223243344
1112341232434234	1231112224333444
1112341232434234	1231114223233444
1112341234232344	1231114222334434
1112341234232434	1231114222334344
1112341234234234	1231114222333444
1112342123434234	1231112432233444
1112342312234344	1231112243432434
1112342312243434	1122113322443344
1112342312243434	1122113342423344
1112342312243434	1231114222334344
1112342312243434	1122113344223344
1112342312243434	1231112242334344
1112342312243434	1231114232423344
1112342312243434	1231112243423344
1112342312324344	1231112243342434
1112342312342344	1231112243324434
1112342312342434	1231112243324344
1112342312423344	1231114232243434
1112342312423344	1231112243243434
1112342312423434	1122113342243344
1112342312423434	1231114232243344
1112342312423434	1231112243243344
1112342312434234	1231114232233444
1112342312434234	1231112243233444
1112342314232344	1231114222334434
1112342314232344	1231112242334434
1112342314232434	1231114222334344
1112342314232434	1231112242334344
1112342314234234	1231114222333444
1112342314234234	1231112242333444
1112342321234344	1231112224333444
1112342321234344	1122113324432434
1112342321234344	1231112234432434
1112342323124344	1122113233442434
1112342323124344	1231112232443434
1112342323124344	1122113243432434
1112342323124344	1231112233442434
1112342323142344	1122113233424434
1112342323142344	1231112233424434
1112342323412344	1122113233244434
1112342323412344	1231112233244434
1112342324123344	1122113322443434
1112342324123344	1231112232443434
1112342324123434	1122113322443344
1112342324123434	1231112232443344
1112342324132344	1122113322434434
1112342324132344	1231112232434434
1112342324132344	1231112233424434
1112342341223344	1231112224343434
1112342341223434	1231112224343344
1112342341232344	1231112224334434
1112342341232434	1231112224334344
1112342341234234	1231112224333444
1112342342123434	1122113322443344
1112342342123434	1231112223443344
1112342342312344	1122113323244434
1112342342312344	1231112223344434
1121212233434344	1211132224333444
1121212233434344	1213121224333444
1121212233434344	1211132224343434
1121212233434344	1213122413233444
1121212233434344	1212131324432434
1121212233434344	1213122433142434
1121212233434344	1211132324243434
1121212233434344	1213241312233444
1121212233434344	1212133442132434
1121212233434344	1212133424132434
1121212233434344	1213241312243434
1121212233434344	1213121224343434
1121212233434344	1213241324132434
1121212233434344	1213122413243434
1121212233434344	1213122434132434
1121212233434344	1212133412243434
1121212233434344	1213243412132434
1121212233434344	1212131324243434
1121212233434344	1213122413342434
1121212233434344	1212133414232434
1121212233434344	1213241323142434
1121212234343434	1212133441223344
1121212234343434	1213122431324344
1121212234343434	1213241321423344
1121212234343434	1213243411223344
1121212234343434	1213241321324344
1121212323434344	1213122143233444
1121212323434344	1213241132233444
1121212323434344	1213122143342434
1121212323434344	1213231144232434
1121212323434344	1212133144232434
1121212323434344	1212133244132434
1121212323434344	1212133142243434
1121212323434344	1213243142132434
1121212323434344	1213241132243434
1121212323434344	1213122143243434
1121212323434344	1213231142243434
1121212324343434	1213243141223344
1121212334234344	1212133122443434
1121212334234344	1213243121432434
1121212334243434	1213243121423344
1121212342334344	1211132224333444
1121212342334344	1212133214432434
1121212342334344	1211132224343434
1121212342334344	1212133214243434
1121212342334344	1213243114232434
1121212342334344	1213243112243434
1121212342334344	1213243112233444
1121212342343434	1213243114223344
1121212343423344	1211132224343434
1121212343423344	1213243112243434
1121212343423434	1213243112243344
1121212343434234	1211132224333444
1121212343434234	1213142213233444
1121212343434234	1213243112233444
1121213232434344	1213121224333444
1121213232434344	1212131324432434
1121213232434344	1213241324132434
1121213232434344	1212131324243434
1121213233424344	1213241324132434
1121213233424344	1213241323142434
1121213234234344	1212131322443434
1121213234234344	1213241321432434
1121213234243434	1213241321423344
1121213234243434	1213241321324344
1121213234342344	1213241321324434
1121213234342434	1213141222334344
1121213234342434	1213241321324344
1121213242334344	1213121224333444
1121213242334344	1213231214432434
1121213242334344	1213243114232434
1121213242334344	1213241213233444
1121213242334344	1213241312233444
1121213242334344	1213243112243434
1121213242334344	1213243112233444
1121213242334344	1213241312243434
1121213242334344	1213121224343434
1121213242334344	1213241314232434
1121213242334344	1213231214243434
1121213242334344	1213241213342434
1121213242334344	1213241213243434
1121213242343434	1213243114223344
1121213242343434	1213241314223344
1121213242343434	1213241213324344
1121213243423344	1213241312243434
1121213243423344	1213121224343434
1121213243423434	1213241312243344
1121213342342344	1213241213324434
1121213342342434	1213241213324344
1121213342434234	1213121224333444
1121213342434234	1213241213233444
1121213342434234	1213241312233444
1121213342434234	1213243112233444
1121213423234344	1213122142333444
1121213423234344	1213241122333444
1121213423234344	1213231122443434
1121213423234344	1213122132443434
1121213423234344	1213243121432434
1121213423234344	1213241132432434
1121213423234344	1213122143432434
1121213423243434	1213122143324344
1121213423243434	1213241132423344
1121213423342344	1213122143324434
1121213423342344	1213241132324434
1121213423342434	1213122143324344
1121213423342434	1213241132324344
1121213423423344	1213241132243434
1121213423423344	1213122143243434
1121213423423434	1213241132243344
1121213423434234	1213122143233444
1121213423434234	1213241132233444
1121213434234234	1213122142333444
1121213434234234	1213241122333444
1121223133424344	1112221333244434
1121223133424344	1112221334342434
1121223133424344	1112232313244434
1121223133424344	1212121333244434
1121223133424344	1213211432243434
1121223133424344	1112221334432434
1121223133424344	1112232334142434
1121223133424344	1212131323244434
1121223133424344	1212131432243434
1121223133424344	1213211324243434
1121223133424344	1112232413342434
1121223133424344	1213122313244434
1121223133424344	1213122433142434
1121223133424344	1213211423342434
1121223133424344	1112232433142434
1121223133424344	1213211323244434
1121223133424344	1112232434132434
1121223133424344	1213211423243434
1121223133424344	1112233423142434
1121223133424344	1213121323244434
1121223133424344	1213231442132434
1121223133424344	1213211324342434
1121223133424344	1112233424132434
1121223133424344	1213121223344434
1121223133424344	1212121334432434
1121223133424344	1213211224343434
1121223133424344	1112233442132434
1121223133424344	1213211223344434
1121223133424344	1212121334342434
1121223133424344	1213121224343434
1121223133424344	1213231424132434
1121223133424344	1213122413243434
1121223133424344	1212131324342434
1121223133424344	1213122434132434
1121223133424344	1213121324243434
1121223133424344	1213121324342434
1121223133424344	1212131324243434
1121223133424344	1213122413342434
1121223133424344	1212131423342434
1121223133424344	1213231412243434
1121223133424344	1213122334142434
1121223133424344	1213231423142434
1121223134234344	1213211432432434
1121223134234344	1213211422333444
1121223134234344	1213211322443434
1121223134234344	1212131322443434
1121223134234344	1213121322443434
1121223134234344	1212131432432434
1121223134234344	1213122431432434
1121223134234344	1213231421432434
1121223134243434	1212131322443344
1121223134243434	1213211432423344
1121223134243434	1213211322443344
1121223134243434	1213121322443344
1121223134243434	1213211422334344
1121223134243434	1212131432423344
1121223134243434	1213231421423344
1121223134243434	1213231441223344
1121223134243434	1213122431324344
1121223134243434	1213122431423344
1121223134342344	1112221333424434
1121223134342344	1213211432324434
1121223134342344	1213211322434434
1121223134342344	1213211422334434
1121223134342344	1112232331424434
1121223134342344	1112232431324434
1121223134342344	1112233421324434
1121223134342344	1212121333424434
1121223134342344	1213122431324434
1121223134342344	1212131432324434
1121223134342344	1212131322434434
1121223134342344	1213231421324434
1121223134342344	1213121322434434
1121223134342344	1213122331424434
1121223142334344	1213122413233444
1121223142334344	1213231414232434
1121223142334344	1213122413243434
1121223142334344	1213122413342434
1121223142334344	1213231412243434
1121223142343434	1213231414223344
1121223142343434	1213122413324344
1121223143423434	1213231412243344
1121223143423434	1213122413243344
1121223341234344	1213121224333444
1121223341234344	1213231214432434
1121223341234344	1213122314432434
1121223341243434	1213121224334344
1121223341243434	1213231214423344
1121223341243434	1213122314423344
1121223341243434	1213231414223344
1121223341243434	1213122413324344
1121223341342344	1112233214324434
1121223341342344	1112232314324434
1121223341342344	1112232413324434
1121223341342344	1213122413324434
1121223341342344	1213121224334434
1121223341342344	1213231214324434
1121223341342344	1213122314324434
1121223341423434	1213231214243344
1121223341423434	1213231412243344
1121223341423434	1213122413243344
1121223341423434	1213122314243344
1121223412343434	1213122143324344
1121223412343434	1213231144223344
1121223413234344	1213122142333444
1121223413234344	1213231122443434
1121223413234344	1213122132443434
1121223413234344	1213122143432434
1121223413234344	1213231142432434
1121223413243434	1213231122443344
1121223413243434	1213122132443344
1121223413243434	1213122143324344
1121223413243434	1213231144223344
1121223413243434	1213231142423344
1121223413243434	1213122143423344
1121223413243434	1213122142334344
1121223413342344	1213122143324434
1121223413342344	1112232143324434
1121223413342344	1112232133424434
1121223413342344	1112233241324434
1121223413342344	1213122142334434
1121223413342344	1213231142324434
1121223413342344	1213231122434434
1121223413342344	1213122133424434
1121223413342344	1213122132434434
1121223413423344	1213122143243434
1121223413423344	1213231142243434
1121223413423434	1213231142243344
1121223413423434	1213122143243344
1121223434123344	1213231122443434
1121223434123344	1213122132443434
1121223434123434	1213231122443344
1121223434123434	1213122132443344
1121231234234344	1212113322443434
1121231234234344	1213214321432434
1121231234243434	1213214321423344
1121231234243434	1213214321324344
1121231234342344	1213214321324434
1121231242343434	1212113324423344
1121231242343434	1213214314223344
1121231242343434	1213214213324344
1121231243423434	1213214312243344
1121231323424344	1213214132243434
1121231323424344	1213213244132434
1121231323424344	1213214342132434
1121231323424344	1213214233142434
1121231324234344	1213214321432434
1121231324234344	1213214122333444
1121231324234344	1213214132432434
1121231324234344	1213213241432434
1121231324234344	1213214231432434
1121231324342344	1213214132324434
1121231324342344	1213214231324434
1121231342324344	1213213214432434
1121231342324344	1213214213342434
1121231342342344	1213214213324434
1121231342342434	1213214213324344
1121231342423434	1212113324243344
1121231342423434	1213213214243344
1121231342423434	1213114223243344
1121231342423434	1213214312243344
1121231342423434	1213214213243344
1121231342423434	1213112224343344
1121231342434234	1213112224333444
1121231342434234	1213114223233444
1121231342434234	1213214213233444
1121231342434234	1213214312233444
1121231423243434	1213214132423344
1121231423342344	1213214132324434
1121231423423344	1213214132243434
1121231423423434	1213214132243344
1121231423434234	1213214132233444
1121232314234344	1212113322443434
1121232314234344	1213213241432434
1121232314234344	1212113342432434
1121232314243434	1212113322443344
1121232314243434	1212113344223344
1121232314243434	1212113342423344
1121232314243434	1213213241423344
1121232314243434	1213214341223344
1121232314243434	1213214231324344
1121232341234344	1213112224333444
1121232341234344	1213213214432434
1121232341234344	1212113324432434
1121232341243434	1212113324423344
1121232341243434	1213112224334344
1121232341243434	1213213214423344
1121232341243434	1213214314223344
1121232341243434	1213214213324344
1121232341342344	1112223314324434
1121232341342344	1213214213324434
1121232341342344	1213112224334434
1121232341342344	1212113324324434
1121232341342344	1213213214324434
1121232341423344	1212113324243434
1121232341423344	1213214312243434
1121232341423344	1213213214243434
1121232341423344	1213214213243434
1121232341423344	1213112224343434
1121232341423434	1212113324243344
1121232341423434	1213213214243344
1121232341423434	1213214312243344
1121232341423434	1213214213243344
1121232341423434	1213112224343344
1121232343412344	1112223313244434
1121232343412344	1212113323244434
1121232343412344	1213213213244434
1121232343412344	1213112223344434
1121232412343434	1213212143324344
1121232412343434	1213213144223344
1121232434123434	1213213122443344
1121233412342344	1213212143324434
1121233412342434	1213212143324344
1121234123234344	1213211432432434
1121234123234344	1213211422333444
1121234123234344	1213211322443434
1121234123423344	1213211432243434
1121234123423434	1213211432243344
1121234123434234	1213211432233444
1121234132324344	1213211423342434
1121234132342344	1213211423324434
1121234132342434	1213211423324344
1121234132434234	1213211224333444
1121234132434234	1213211432233444
1121234132434234	1213211423233444
1121234134232434	1213211422334344
1121234134234234	1213211422333444
1121234231423344	1213211432243434
1121234231423344	1213211324243434
1121234231423434	1213211432243344
1121234231423434	1213211324243344
1121234233412344	1112221333244434
1121234233412344	1213211323244434
1121234233412344	1213211223344434
1121234234123344	1213211322443434
1121234234123434	1213211322443344
1121234234132344	1213211322434434
1121314234232434	1213141222334344
1121314234234234	1213141222333444
1121323142324344	1213122413342434
1121323142342344	1213122413324434
1121323142342434	1213122413324344
1121323412342344	1213122143324434
1121323412342434	1213122143324344
1121323412423434	1213122143243344
1121323414234234	1213122142333444
1121341223423434	1212113342243344
1121341223423434	1213112243243344
1121341223423434	1213114232243344
1121341234234234	1213114222333444
1121342341223434	1213112224343344
1121342341232434	1213112224334344
1121342341234234	1213112224333444
1122341231423434	1212113324243344
1122341234123434	1212113322443344
1123123412423434	1211322143243344
1123412341234234	1211132224333444
