w_idx	w_word	x_word	x_index	status	final_pairing_value	used_three_strand_relation	pairing_value_warning	active_term_count	discharged_term_count	elapsed_sec	error
93	1111223223443434	1213211432243344	18961	fallback_evaluated_by_x_component_coloring	-1	no		6	9	50.298	
92	1111223223443344	1213211432243434	18962	fallback_evaluated_by_x_component_coloring	-1	no		10	8	124.980	
158	1111223322344434	1213121224333444	17842	fallback_evaluated_by_x_component_coloring	0	no		10	7	95.319	
157	1111223322344344	1112221334324434	1231	fallback_evaluated_by_x_component_coloring	0	yes	WARNING: 3-strand relation used	18	25	189.398	
176	1111223324234434	1122131322443344	7032	fallback_evaluated_by_x_component_coloring	0	no		10	9	99.395	
192	1111223342234434	1213121224333444	17842	fallback_evaluated_by_x_component_coloring	-1	no		6	7	37.598	
234	1111223432234434	1122133122443344	7346	fallback_evaluated_by_x_component_coloring	0	no		6	10	61.408	
259	1111232223434434	1213211432243344	18961	fallback_evaluated_by_x_component_coloring	0	no		6	9	46.269	
261	1111232223443434	1213211432243344	18961	fallback_evaluated_by_x_component_coloring	0	no		6	9	46.066	
273	1111232232434434	1122113324243344	6579	fallback_evaluated_by_x_component_coloring	0	yes	WARNING: 3-strand relation used	10	28	80.444	
275	1111232232443434	1122113324243344	6579	fallback_evaluated_by_x_component_coloring	1	yes	WARNING: 3-strand relation used	8	30	76.752	
288	1111232234234434	1122113322443344	6564	fallback_evaluated_by_x_component_coloring	0	no		4	10	24.730	
290	1111232234243434	1122113322443344	6564	fallback_evaluated_by_x_component_coloring	1	no		4	11	32.196	
301	1111232234434234	1231114222333444	20761	fallback_evaluated_by_x_component_coloring	1	no		2	8	12.267	
289	1111232234243344	1122113322443434	6565	fallback_evaluated_by_x_component_coloring	1	no		10	9	104.216	
298	1111232234423434	1122113322443344	6564	fallback_evaluated_by_x_component_coloring	0	no		4	12	40.856	
297	1111232234423344	1213211432243434	18962	fallback_evaluated_by_x_component_coloring	0	no		4	10	48.285	
299	1111232234432344	1112221333244434	1217	fallback_evaluated_by_x_component_coloring	0	no		4	11	29.030	
325	1111232322344344	1213112224333444	17632	fallback_evaluated_by_x_component_coloring	0	no		6	9	52.995	
329	1111232322434434	1122113324243344	6579	fallback_evaluated_by_x_component_coloring	0	yes	WARNING: 3-strand relation used	8	30	79.927	
344	1111232324234434	1122113322443344	6564	fallback_evaluated_by_x_component_coloring	0	no		4	11	29.621	
360	1111232342234434	1122113322443344	6564	fallback_evaluated_by_x_component_coloring	0	no		4	12	40.908	
444	1111234232234434	1213211224333444	18820	fallback_evaluated_by_x_component_coloring	-1	no		2	7	8.384	
555	1112123223443434	1211322143324344	14233	fallback_evaluated_by_x_component_coloring	0	no		3	9	19.590	
654	1112123342234434	1211321224333444	14014	fallback_evaluated_by_x_component_coloring	-1	no		4	9	25.087	
735	1112132232434434	1122113324243344	6579	fallback_evaluated_by_x_component_coloring	0	yes	WARNING: 3-strand relation used	10	28	96.871	
750	1112132234234434	1122113322443344	6564	fallback_evaluated_by_x_component_coloring	0	no		4	10	29.416	
791	1112132322434434	1211312224333444	13804	fallback_evaluated_by_x_component_coloring	-1	no		10	9	117.318	
806	1112132324234434	1122313122443344	8114	fallback_evaluated_by_x_component_coloring	0	no		3	8	17.372	
822	1112132342234434	1211312224333444	13804	fallback_evaluated_by_x_component_coloring	-1	no		4	9	25.979	
906	1112134232234434	1122311322443344	7800	fallback_evaluated_by_x_component_coloring	0	no		3	10	23.493	
1690	1112232134423434	1122113322443344	6564	fallback_evaluated_by_x_component_coloring	1	no		4	12	55.240	
2017	1112233412344234	1231112243323444	20652	fallback_evaluated_by_x_component_coloring	0	no		1	7	5.348	
2185	1112234312344234	1231211243323444	21840	fallback_evaluated_by_x_component_coloring	-1	no		1	6	2.547	
2251	1112312223434434	1211132243233444	12319	fallback_evaluated_by_x_component_coloring	-1	yes	WARNING: 3-strand relation used	3	16	15.711	
2265	1112312232434434	1211132224333444	12274	fallback_evaluated_by_x_component_coloring	0	no		4	11	38.583	
2280	1112312234234434	1122131322443344	7032	fallback_evaluated_by_x_component_coloring	0	no		2	10	23.979	
2336	1112312324234434	1211132242333444	12314	fallback_evaluated_by_x_component_coloring	-1	yes	WARNING: 3-strand relation used	2	16	11.689	
2352	1112312342234434	1211132224333444	12274	fallback_evaluated_by_x_component_coloring	-1	no		2	11	26.226	
2436	1112314232234434	1122131322443344	7032	fallback_evaluated_by_x_component_coloring	0	no		4	11	39.950	
2490	1112321234234434	1122113322443344	6564	fallback_evaluated_by_x_component_coloring	0	no		1	12	26.863	
3163	1112324312344234	1231121243323444	20862	fallback_evaluated_by_x_component_coloring	1	no		1	6	2.669	
3285	1112342123434234	1231112432233444	20740	fallback_evaluated_by_x_component_coloring	-1	no		1	7	5.003	
92	1111223223443344	1123211432243434	10382	fallback_evaluated_by_x_component_coloring	0	no		4	6	17.826	
93	1111223223443434	1123211432243344	10381	fallback_evaluated_by_x_component_coloring	0	no		2	8	18.737	
158	1111223322344434	1213122124333444	18010	fallback_evaluated_by_x_component_coloring	0	no		4	6	16.524	
176	1111223324234434	1123211322443344	10308	fallback_evaluated_by_x_component_coloring	0	no		4	7	16.395	
157	1111223322344344	1213121224333444	17842	fallback_evaluated_by_x_component_coloring	0	no		10	11	199.333	
192	1111223342234434	1213211224333444	18820	fallback_evaluated_by_x_component_coloring	0	no		2	7	9.728	
234	1111223432234434	1122133212443344	7402	fallback_evaluated_by_x_component_coloring	0	no		2	8	14.938	
259	1111232223434434	1123211432243344	10381	fallback_evaluated_by_x_component_coloring	0	no		2	8	14.078	
261	1111232223443434	1123211432243344	10381	fallback_evaluated_by_x_component_coloring	0	no		2	8	15.088	
275	1111232232443434	1122113324423344	6587	fallback_evaluated_by_x_component_coloring	0	yes	WARNING: 3-strand relation used	4	26	63.336	
273	1111232232434434	1213211432243344	18961	fallback_evaluated_by_x_component_coloring	0	no		5	12	103.807	
289	1111232234243344	1112221333442434	1222	fallback_evaluated_by_x_component_coloring	0	yes	WARNING: 3-strand relation used	2	12	11.012	
288	1111232234234434	1231114222333444	20761	fallback_evaluated_by_x_component_coloring	1	no		2	8	13.248	
290	1111232234243434	1212113322443344	15144	fallback_evaluated_by_x_component_coloring	0	no		2	11	21.698	
297	1111232234423344	1123211432243434	10382	fallback_evaluated_by_x_component_coloring	0	no		2	7	10.950	
301	1111232234434234	1213211432233444	18958	fallback_evaluated_by_x_component_coloring	0	no		2	7	9.254	
298	1111232234423434	1212113322443344	15144	fallback_evaluated_by_x_component_coloring	0	no		2	12	26.999	
299	1111232234432344	1122112333244434	6443	fallback_evaluated_by_x_component_coloring	0	no		8	6	45.950	
325	1111232322344344	1213212124333444	18988	fallback_evaluated_by_x_component_coloring	0	no		2	6	7.702	
329	1111232322434434	1122113324432344	6589	fallback_evaluated_by_x_component_coloring	0	no		4	7	18.701	
344	1111232324234434	1231114222333444	20761	fallback_evaluated_by_x_component_coloring	0	no		2	9	16.892	
360	1111232342234434	1122113324432344	6589	fallback_evaluated_by_x_component_coloring	0	no		4	8	19.822	
441	1111234223434234	1213211243233444	18865	fallback_proved_zero	0	no		0	4	0.994	
452	1111234232344234	1213211423323444	18947	fallback_proved_zero	0	no		0	4	0.899	
444	1111234232234434	1123211322443344	10308	fallback_evaluated_by_x_component_coloring	0	no		2	8	14.630	
555	1112123223443434	1122331144223344	8542	fallback_evaluated_by_x_component_coloring	0	no		2	7	9.856	
654	1112123342234434	1122331212443344	8554	fallback_evaluated_by_x_component_coloring	0	no		1	7	5.560	
750	1112132234234434	1231114222333444	20761	fallback_evaluated_by_x_component_coloring	0	no		2	8	14.407	
735	1112132232434434	1211312224333444	13804	fallback_evaluated_by_x_component_coloring	0	no		10	9	132.601	
791	1112132322434434	1211312243233444	13849	fallback_partial		yes	WARNING: 3-strand relation used	7	17	39.568	
806	1112132324234434	1122331122443344	8498	fallback_evaluated_by_x_component_coloring	0	no		1	8	9.504	
822	1112132342234434	1122313212443344	8170	fallback_evaluated_by_x_component_coloring	0	no		2	7	9.676	
903	1112134223434234	1231211243233444	21835	fallback_proved_zero	0	no		0	4	0.517	
906	1112134232234434	1122331212443344	8554	fallback_evaluated_by_x_component_coloring	0	no		1	7	5.510	
914	1112134232344234	1231211423323444	21917	fallback_evaluated_by_x_component_coloring	0	no		1	6	2.533	
1634	1112231432344234	1231421123323444	23321	fallback_evaluated_by_x_component_coloring	0	no		1	4	0.542	
1690	1112232134423434	1211213322443344	12636	fallback_evaluated_by_x_component_coloring	1	no		2	12	33.296	
1828	1112232431234434	1231213124432344	22197	fallback_evaluated_by_x_component_coloring	1	no		1	5	1.831	
2030	1112233421234434	1231112234432344	20639	fallback_evaluated_by_x_component_coloring	0	no		1	4	0.174	
2100	1112234132234434	1231211324432344	21883	fallback_evaluated_by_x_component_coloring	0	no		2	5	6.651	
2108	1112234132344234	1231211423323444	21917	fallback_evaluated_by_x_component_coloring	1	no		1	6	3.518	
2142	1112234231234434	1231211324432344	21883	fallback_evaluated_by_x_component_coloring	1	no		1	6	4.100	
2251	1112312223434434	1211132432233444	12412	fallback_evaluated_by_x_component_coloring	-1	no		1	9	13.628	
2280	1112312234234434	1211132422333444	12391	fallback_evaluated_by_x_component_coloring	-1	yes	WARNING: 3-strand relation used	3	16	20.185	
2265	1112312232434434	1211132423233444	12396	fallback_partial		yes	WARNING: 3-strand relation used	5	18	38.066	
2336	1112312324234434	1122133122443344	7346	fallback_evaluated_by_x_component_coloring	0	no		1	11	23.393	
2352	1112312342234434	1122133212443344	7402	fallback_evaluated_by_x_component_coloring	0	no		1	9	13.930	
2490	1112321234234434	1231114222333444	20761	fallback_evaluated_by_x_component_coloring	0	no		1	9	14.101	
2436	1112314232234434	1211132422333444	12391	fallback_partial		yes	WARNING: 3-strand relation used	5	19	44.129	
3075	1112324123434234	1231121432233444	20950	fallback_evaluated_by_x_component_coloring	1	no		1	7	5.414	
3101	1112324212343434	1231121243324344	20863	fallback_proved_zero	0	no		0	4	0.529	
3162	1112324312342434	1231121243324344	20863	fallback_evaluated_by_x_component_coloring	-1	no		1	6	2.904	
3372	1112342312342434	1231112243324344	20653	fallback_evaluated_by_x_component_coloring	-1	no		1	7	6.039	
93	1111223223443434	1213211432234344	18959	fallback_evaluated_by_x_component_coloring	0	no		2	6	6.355	
92	1111223223443344	1213211432233444	18958	fallback_evaluated_by_x_component_coloring	0	no		2	7	9.227	
150	1111223243423344	1123211324432434	10334	fallback_evaluated_by_x_component_coloring	0	no		4	9	42.124	
157	1111223322344344	1213122124333444	18010	fallback_evaluated_by_x_component_coloring	0	no		4	6	15.495	
158	1111223322344434	1213211224333444	18820	fallback_evaluated_by_x_component_coloring	0	no		2	7	10.650	
176	1111223324234434	1123231122443344	11006	fallback_evaluated_by_x_component_coloring	0	no		2	6	5.715	
192	1111223342234434	1123231212443344	11062	fallback_evaluated_by_x_component_coloring	0	no		2	6	5.105	
200	1111223342344234	1213211423323444	18947	fallback_evaluated_by_x_component_coloring	0	no		2	6	5.610	
234	1111223432234434	1213122124333444	18010	fallback_evaluated_by_x_component_coloring	-1	no		4	6	13.101	
273	1111232232434434	1122113324432344	6589	fallback_evaluated_by_x_component_coloring	0	no		4	7	16.808	
259	1111232223434434	1122113342243344	6595	fallback_evaluated_by_x_component_coloring	0	yes	WARNING: 3-strand relation used	6	24	59.128	
261	1111232223443434	1122113342243344	6595	fallback_evaluated_by_x_component_coloring	1	yes	WARNING: 3-strand relation used	8	22	67.996	
290	1111232234243434	1231114222334344	20762	fallback_evaluated_by_x_component_coloring	1	no		2	7	9.913	
288	1111232234234434	1123211322443344	10308	fallback_evaluated_by_x_component_coloring	0	no		2	8	12.632	
289	1111232234243344	1231114222333444	20761	fallback_evaluated_by_x_component_coloring	1	no		4	7	15.014	
297	1111232234423344	1213211432233444	18958	fallback_evaluated_by_x_component_coloring	0	no		2	7	8.223	
301	1111232234434234	1213114222333444	17791	fallback_proved_zero	0	no		0	4	3.006	
275	1111232232443434	1213211432243344	18961	fallback_evaluated_by_x_component_coloring	0	no		5	12	84.779	
298	1111232234423434	1213211432243344	18961	fallback_evaluated_by_x_component_coloring	0	no		2	12	29.167	
299	1111232234432344	1122113322434434	6563	fallback_evaluated_by_x_component_coloring	0	no		6	10	65.602	
325	1111232322344344	1231112224333444	20602	fallback_evaluated_by_x_component_coloring	0	no		2	8	13.577	
344	1111232324234434	1122113342432344	6605	fallback_evaluated_by_x_component_coloring	0	yes	WARNING: 3-strand relation used	2	15	10.029	
329	1111232322434434	1122113342243344	6595	fallback_evaluated_by_x_component_coloring	0	yes	WARNING: 3-strand relation used	4	26	56.465	
360	1111232342234434	1231114222333444	20761	fallback_evaluated_by_x_component_coloring	0	no		2	10	19.966	
383	1111232422343434	1231112243324344	20653	fallback_evaluated_by_x_component_coloring	0	no		2	7	8.235	
409	1111232432342434	1231112243324344	20653	fallback_evaluated_by_x_component_coloring	0	no		2	7	7.790	
410	1111232432344234	1231112243323444	20652	fallback_evaluated_by_x_component_coloring	0	no		1	8	7.207	
444	1111234232234434	1213211432432344	18971	fallback_proved_zero	0	no		0	4	0.643	
440	1111234223432434	1123211344223344	10352	fallback_evaluated_by_x_component_coloring	0	no		1	8	7.223	
555	1112123223443434	1231211432243344	21931	fallback_evaluated_by_x_component_coloring	-1	no		3	9	19.815	
654	1112123342234434	1231211224333444	21790	fallback_evaluated_by_x_component_coloring	0	no		2	6	7.191	
677	1112123422343434	1122331124423344	8521	fallback_evaluated_by_x_component_coloring	0	no		1	7	5.228	
704	1112123432344234	1231421123323444	23321	fallback_evaluated_by_x_component_coloring	-1	no		1	4	0.115	
703	1112123432342434	1122331124423344	8521	fallback_evaluated_by_x_component_coloring	0	no		1	7	5.299	
735	1112132232434434	1122113324432344	6589	fallback_evaluated_by_x_component_coloring	0	no		4	7	17.589	
750	1112132234234434	1122311322443344	7800	fallback_evaluated_by_x_component_coloring	0	no		2	9	19.421	
756	1112132234342344	1231112432324434	20747	fallback_evaluated_by_x_component_coloring	0	no		1	6	3.772	
791	1112132322434434	1122331144232344	8544	fallback_evaluated_by_x_component_coloring	0	no		4	5	8.568	
806	1112132324234434	1211312242333444	13844	fallback_evaluated_by_x_component_coloring	-1	yes	WARNING: 3-strand relation used	3	14	11.843	
822	1112132342234434	1211314222333444	13963	fallback_evaluated_by_x_component_coloring	0	no		3	8	14.364	
898	1112134223344234	1231211243323444	21840	fallback_evaluated_by_x_component_coloring	0	no		1	7	3.318	
902	1112134223432434	1122311344223344	7844	fallback_evaluated_by_x_component_coloring	0	no		2	6	5.410	
906	1112134232234434	1231211224333444	21790	fallback_evaluated_by_x_component_coloring	-1	no		2	6	5.949	
1605	1112231422334434	1231213124432344	22197	fallback_evaluated_by_x_component_coloring	0	no		1	6	2.173	
1617	1112231423342434	1231112243324344	20653	fallback_evaluated_by_x_component_coloring	0	no		2	6	5.671	
1634	1112231432344234	1231214123323444	22391	fallback_evaluated_by_x_component_coloring	1	no		1	5	1.356	
1643	1112231434232434	1231112243324344	20653	fallback_evaluated_by_x_component_coloring	0	no		2	6	5.525	
1690	1112232134423434	1122113432243344	6637	fallback_evaluated_by_x_component_coloring	0	no		5	8	26.038	
2014	1112233412324434	1231112243342344	20655	fallback_evaluated_by_x_component_coloring	0	no		1	6	3.419	
2016	1112233412342434	1231112243324344	20653	fallback_evaluated_by_x_component_coloring	0	no		1	7	4.667	
2030	1112233421234434	1231213124432344	22197	fallback_evaluated_by_x_component_coloring	0	no		1	5	1.540	
2032	1112233421243434	1231112243324344	20653	fallback_evaluated_by_x_component_coloring	0	no		2	6	5.481	
2105	1112234132324434	1231211324432344	21883	fallback_evaluated_by_x_component_coloring	0	no		1	7	4.270	
2190	1112234312434234	1231211243233444	21835	fallback_evaluated_by_x_component_coloring	1	no		1	6	2.458	
2184	1112234312342434	1122311344223344	7844	fallback_evaluated_by_x_component_coloring	0	no		1	7	4.486	
2251	1112312223434434	1122131342243344	7063	fallback_evaluated_by_x_component_coloring	0	yes	WARNING: 3-strand relation used	3	10	8.815	
2265	1112312232434434	1211132432233444	12412	fallback_evaluated_by_x_component_coloring	0	no		1	8	8.505	
2280	1112312234234434	1122131432432344	7115	fallback_evaluated_by_x_component_coloring	0	no		1	7	4.878	
2336	1112312324234434	1122133142432344	7387	fallback_evaluated_by_x_component_coloring	0	no		2	6	5.866	
2352	1112312342234434	1122133214432344	7427	fallback_evaluated_by_x_component_coloring	0	no		2	8	12.628	
2444	1112314232344234	1231121423323444	20939	fallback_evaluated_by_x_component_coloring	0	no		1	6	2.461	
2436	1112314232234434	1231121224333444	20812	fallback_evaluated_by_x_component_coloring	-1	no		2	7	9.866	
2498	1112321234344234	1231124321323444	21527	fallback_evaluated_by_x_component_coloring	-1	no		1	4	0.111	
2490	1112321234234434	1211134222333444	12433	fallback_evaluated_by_x_component_coloring	-1	no		1	9	11.696	
3073	1112324123432344	1211132432234434	12414	fallback_evaluated_by_x_component_coloring	0	no		1	7	4.665	
3086	1112324132344234	1231121423323444	20939	fallback_evaluated_by_x_component_coloring	-1	no		1	6	2.565	
92	1111223223443344	1112221343342434	1254	fallback_evaluated_by_x_component_coloring	0	yes	WARNING: 3-strand relation used	6	17	35.430	
93	1111223223443434	1122131342243344	7063	fallback_evaluated_by_x_component_coloring	0	yes	WARNING: 3-strand relation used	8	22	68.624	
158	1111223322344434	1231121224333444	20812	fallback_evaluated_by_x_component_coloring	0	no		4	6	12.146	
176	1111223324234434	1122131342432344	7073	fallback_evaluated_by_x_component_coloring	0	yes	WARNING: 3-strand relation used	4	12	8.973	
157	1111223322344344	1112221334432434	1238	fallback_evaluated_by_x_component_coloring	0	no		11	6	105.946	
192	1111223342234434	1122131324432344	7057	fallback_evaluated_by_x_component_coloring	0	no		4	7	16.403	
201	1111223342423344	1123211324432434	10334	fallback_evaluated_by_x_component_coloring	0	no		4	9	38.292	
234	1111223432234434	1122133214432344	7427	fallback_evaluated_by_x_component_coloring	0	no		8	6	43.467	
259	1111232223434434	1213211432233444	18958	fallback_evaluated_by_x_component_coloring	0	no		2	7	12.286	
261	1111232223443434	1122113344223344	6608	fallback_evaluated_by_x_component_coloring	0	no		4	6	16.492	
273	1111232232434434	1123211432243344	10381	fallback_evaluated_by_x_component_coloring	0	no		2	8	14.238	
275	1111232232443434	1123211432243344	10381	fallback_evaluated_by_x_component_coloring	0	no		2	8	14.825	
288	1111232234234434	1122113432432344	6647	fallback_evaluated_by_x_component_coloring	0	no		2	6	4.365	
289	1111232234243344	1231114222334434	20763	fallback_evaluated_by_x_component_coloring	1	no		2	6	5.546	
290	1111232234243434	1123211322443344	10308	fallback_evaluated_by_x_component_coloring	0	no		2	9	14.472	
296	1111232234344234	1213112432323444	17775	fallback_proved_zero	0	no		0	4	0.459	
301	1111232234434234	1213112422333444	17749	fallback_proved_zero	0	no		0	4	0.648	
297	1111232234423344	1231114222343434	20765	fallback_evaluated_by_x_component_coloring	1	no		2	6	4.912	
299	1111232234432344	1212112333244434	15023	fallback_evaluated_by_x_component_coloring	0	no		4	6	9.324	
298	1111232234423434	1123211432243344	10381	fallback_evaluated_by_x_component_coloring	0	no		2	8	11.318	
325	1111232322344344	1213212143324434	19040	fallback_evaluated_by_x_component_coloring	1	no		5	8	24.794	
329	1111232322434434	1213112224333444	17632	fallback_evaluated_by_x_component_coloring	-1	no		6	9	54.823	
340	1111232323442434	1231112243324344	20653	fallback_evaluated_by_x_component_coloring	0	no		2	6	4.906	
344	1111232324234434	1123213122443344	10622	fallback_evaluated_by_x_component_coloring	0	no		2	7	9.041	
351	1111232324342434	1231112243324344	20653	fallback_evaluated_by_x_component_coloring	0	no		2	8	9.126	
360	1111232342234434	1213112224333444	17632	fallback_evaluated_by_x_component_coloring	-1	no		4	8	21.469	
383	1111232422343434	1123213144223344	10666	fallback_evaluated_by_x_component_coloring	0	no		2	6	5.673	
393	1111232423342434	1231112243324344	20653	fallback_evaluated_by_x_component_coloring	0	no		2	8	10.058	
398	1111232423432434	1231112243324344	20653	fallback_evaluated_by_x_component_coloring	0	no		2	6	4.882	
407	1111232432324434	1231112243342344	20655	fallback_evaluated_by_x_component_coloring	0	no		4	5	8.615	
444	1111234232234434	1123211432432344	10391	fallback_proved_zero	0	no		0	4	0.958	
414	1111232432432434	1231112243324344	20653	fallback_evaluated_by_x_component_coloring	0	no		4	6	9.955	
419	1111232434232434	1231112243324344	20653	fallback_evaluated_by_x_component_coloring	0	no		1	9	9.045	
555	1112123223443434	1211321432243344	14155	fallback_evaluated_by_x_component_coloring	0	no		3	8	15.091	
645	1112123324342434	1122311344223344	7844	fallback_evaluated_by_x_component_coloring	0	no		1	8	6.500	
654	1112123342234434	1211322412333444	14333	fallback_evaluated_by_x_component_coloring	0	no		1	8	9.338	
680	1112123423234434	1122331142432344	8539	fallback_evaluated_by_x_component_coloring	0	no		1	7	4.688	
708	1112123432432434	1122331124423344	8521	fallback_evaluated_by_x_component_coloring	0	no		1	7	4.328	
735	1112132232434434	1231112224333444	20602	fallback_evaluated_by_x_component_coloring	0	no		4	7	15.496	
750	1112132234234434	1211312422333444	13921	fallback_evaluated_by_x_component_coloring	-1	yes	WARNING: 3-strand relation used	4	14	13.825	
758	1112132234344234	1231112432323444	20745	fallback_evaluated_by_x_component_coloring	0	no		1	6	2.941	
791	1112132322434434	1211314232233444	13984	fallback_evaluated_by_x_component_coloring	0	no		2	6	5.212	
806	1112132324234434	1122331142432344	8539	fallback_evaluated_by_x_component_coloring	0	no		2	6	5.524	
822	1112132342234434	1122313214432344	8195	fallback_evaluated_by_x_component_coloring	0	no		2	8	9.680	
897	1112134223342434	1122311344223344	7844	fallback_evaluated_by_x_component_coloring	0	no		1	8	6.065	
906	1112134232234434	1122311324432344	7825	fallback_evaluated_by_x_component_coloring	0	no		2	7	7.179	
1006	1112212343432344	1211233213244434	13479	fallback_evaluated_by_x_component_coloring	0	no		2	7	7.249	
1473	1112223434312344	1211233231244434	13505	fallback_proved_zero	0	no		0	4	0.680	
1575	1112231324342434	1231112243324344	20653	fallback_evaluated_by_x_component_coloring	0	no		2	6	5.894	
1618	1112231423344234	1231112243323444	20652	fallback_evaluated_by_x_component_coloring	0	no		1	7	5.446	
1622	1112231423432434	1231112243324344	20653	fallback_evaluated_by_x_component_coloring	0	no		1	7	4.808	
1690	1112232134423434	1231211432243344	21931	fallback_evaluated_by_x_component_coloring	0	no		3	10	22.569	
1905	1112233142342434	1231112423324344	20730	fallback_evaluated_by_x_component_coloring	0	no		1	6	2.364	
2026	1112233414232434	1231112243324344	20653	fallback_evaluated_by_x_component_coloring	0	no		2	6	5.725	
2066	1112233441232434	1231112243324344	20653	fallback_evaluated_by_x_component_coloring	0	no		2	6	5.639	
2079	1112234122334434	1231211324432344	21883	fallback_evaluated_by_x_component_coloring	0	no		1	7	4.444	
2121	1112234212334434	1231211243233444	21835	fallback_evaluated_by_x_component_coloring	0	no		1	6	2.505	
2120	1112234212334344	1231211243233444	21835	fallback_evaluated_by_x_component_coloring	0	no		2	5	3.513	
2251	1112312223434434	1122131344232344	7078	fallback_evaluated_by_x_component_coloring	0	no		1	6	2.740	
2280	1112312234234434	1122133421432344	7519	fallback_evaluated_by_x_component_coloring	0	yes	WARNING: 3-strand relation used	1	10	1.665	
2265	1112312232434434	1231121224333444	20812	fallback_evaluated_by_x_component_coloring	0	no		2	7	10.328	
2352	1112312342234434	1231142213432344	21673	fallback_evaluated_by_x_component_coloring	1	no		1	5	0.811	
2336	1112312324234434	1122133241432344	7463	fallback_evaluated_by_x_component_coloring	0	no		2	7	8.617	
2436	1112314232234434	1122131324432344	7057	fallback_evaluated_by_x_component_coloring	0	no		2	8	12.170	
2490	1112321234234434	1231124321432344	21535	fallback_evaluated_by_x_component_coloring	-1	no		1	5	0.787	
2497	1112321234342434	1231124321324344	21528	fallback_evaluated_by_x_component_coloring	-1	no		1	5	2.400	
2770	1112322343412344	1211123323244434	12179	fallback_evaluated_by_x_component_coloring	0	no		2	6	5.510	
2868	1112323124344234	1231121432323444	20955	fallback_evaluated_by_x_component_coloring	0	no		1	6	2.341	
3070	1112324123344234	1231121432323444	20955	fallback_evaluated_by_x_component_coloring	1	no		1	6	2.418	
3091	1112324132434234	1231121432233444	20950	fallback_evaluated_by_x_component_coloring	0	no		2	6	5.164	
3238	1112341223344234	1231112243323444	20652	fallback_evaluated_by_x_component_coloring	0	no		1	7	5.222	
3237	1112341223342434	1231112243324344	20653	fallback_evaluated_by_x_component_coloring	0	no		2	6	5.375	
3382	1112342314232434	1231112243324344	20653	fallback_evaluated_by_x_component_coloring	0	no		2	6	5.469	
84	1111222343434234	1231124312233444	21501	fallback_evaluated_by_x_component_coloring	0	no		2	4	2.597	
92	1111223223443344	1213211432234434	18960	fallback_evaluated_by_x_component_coloring	0	no		4	6	12.298	
93	1111223223443434	1122131344223344	7076	fallback_evaluated_by_x_component_coloring	0	no		4	6	15.323	
117	1111223233444234	1213211423323444	18947	fallback_evaluated_by_x_component_coloring	0	no		4	5	6.711	
157	1111223322344344	1213211224333444	18820	fallback_evaluated_by_x_component_coloring	0	no		2	7	9.423	
176	1111223324234434	1122131432432344	7115	fallback_evaluated_by_x_component_coloring	0	no		2	6	5.203	
192	1111223342234434	1122133412432344	7498	fallback_evaluated_by_x_component_coloring	0	no		4	4	7.025	
191	1111223342234344	1123211324432434	10334	fallback_evaluated_by_x_component_coloring	0	no		3	8	22.090	
215	1111223422343434	1123231124423344	11029	fallback_evaluated_by_x_component_coloring	0	no		2	5	3.340	
206	1111223344223344	1123211324432434	10334	fallback_evaluated_by_x_component_coloring	0	no		8	8	72.440	
234	1111223432234434	1212133214432344	16007	fallback_evaluated_by_x_component_coloring	0	no		4	6	9.426	
242	1111223432344234	1213241123323444	19889	fallback_evaluated_by_x_component_coloring	0	no		1	5	1.643	
259	1111232223434434	1122113344232344	6610	fallback_evaluated_by_x_component_coloring	0	no		2	6	5.797	
261	1111232223443434	1122113432243344	6637	fallback_evaluated_by_x_component_coloring	0	no		2	8	12.305	
275	1111232232443434	1122113432243344	6637	fallback_evaluated_by_x_component_coloring	0	no		4	7	16.235	
158	1111223322344434	1122131324423344	7055	fallback_evaluated_by_x_component_coloring	0	yes	WARNING: 3-strand relation used	20	33	306.287	
273	1111232232434434	1213112224333444	17632	fallback_evaluated_by_x_component_coloring	0	no		6	8	38.034	
288	1111232234234434	1213211432432344	18971	fallback_evaluated_by_x_component_coloring	0	yes	WARNING: 3-strand relation used	1	11	3.563	
290	1111232234243434	1122113432423344	6645	fallback_evaluated_by_x_component_coloring	0	yes	WARNING: 3-strand relation used	2	15	8.220	
301	1111232234434234	1213112432233444	17770	fallback_proved_zero	0	no		0	4	1.121	
299	1111232234432344	1231114222334434	20763	fallback_evaluated_by_x_component_coloring	1	no		2	6	5.539	
297	1111232234423344	1213214321432434	19544	fallback_evaluated_by_x_component_coloring	0	no		4	6	10.074	
289	1111232234243344	1212113322443434	15145	fallback_evaluated_by_x_component_coloring	0	no		5	9	30.825	
298	1111232234423434	1122113432243344	6637	fallback_evaluated_by_x_component_coloring	0	no		4	8	17.196	
329	1111232322434434	1122113344232344	6610	fallback_evaluated_by_x_component_coloring	0	no		4	6	11.582	
325	1111232322344344	1231112243324434	20654	fallback_evaluated_by_x_component_coloring	1	no		3	8	23.146	
341	1111232323444234	1231112243323444	20652	fallback_evaluated_by_x_component_coloring	0	no		2	6	4.510	
344	1111232324234434	1213114222333444	17791	fallback_evaluated_by_x_component_coloring	0	no		2	8	12.682	
360	1111232342234434	1231112224333444	20602	fallback_evaluated_by_x_component_coloring	0	no		2	8	11.450	
394	1111232423344234	1231112243323444	20652	fallback_evaluated_by_x_component_coloring	0	no		1	8	6.711	
410	1111232432344234	1213214123323444	19421	fallback_evaluated_by_x_component_coloring	0	no		1	6	2.746	
409	1111232432342434	1123213144223344	10666	fallback_evaluated_by_x_component_coloring	0	no		2	6	4.939	
436	1111234223344234	1213211243323444	18870	fallback_evaluated_by_x_component_coloring	0	no		1	7	4.836	
444	1111234232234434	1213211422333444	18937	fallback_proved_zero	0	no		0	4	1.556	
555	1112123223443434	1122311432243344	7873	fallback_evaluated_by_x_component_coloring	0	no		1	9	12.265	
603	1112123243234434	1122331412432344	8650	fallback_evaluated_by_x_component_coloring	0	no		1	6	3.102	
634	1112123323442434	1122311344223344	7844	fallback_evaluated_by_x_component_coloring	0	no		2	6	5.460	
654	1112123342234434	1122311324432344	7825	fallback_evaluated_by_x_component_coloring	0	no		2	7	7.353	
735	1112132232434434	1231211224333444	21790	fallback_evaluated_by_x_component_coloring	0	no		2	6	6.484	
750	1112132234234434	1122311432432344	7883	fallback_evaluated_by_x_component_coloring	0	no		1	7	4.951	
791	1112132322434434	1122331142243344	8529	fallback_evaluated_by_x_component_coloring	0	no		2	7	8.603	
806	1112132324234434	1122313142432344	8155	fallback_evaluated_by_x_component_coloring	0	no		2	5	3.314	
822	1112132342234434	1122314312432344	8434	fallback_evaluated_by_x_component_coloring	0	no		1	5	0.908	
872	1112132432344234	1231421123323444	23321	fallback_evaluated_by_x_component_coloring	0	no		1	4	0.435	
906	1112134232234434	1122311432432344	7883	fallback_evaluated_by_x_component_coloring	0	no		1	7	5.255	
1606	1112231422343344	1231214123323444	22391	fallback_evaluated_by_x_component_coloring	0	no		1	5	1.360	
1610	1112231423234434	1231213142432344	22213	fallback_evaluated_by_x_component_coloring	0	no		1	5	1.550	
1690	1112232134423434	1211312432243344	13945	fallback_evaluated_by_x_component_coloring	0	no		2	6	5.966	
1877	1112233123442344	1231112432234434	20742	fallback_evaluated_by_x_component_coloring	0	no		1	6	2.823	
2009	1112233412234434	1231112243432344	20660	fallback_evaluated_by_x_component_coloring	0	no		1	5	2.376	
2251	1112312223434434	1122131432243344	7105	fallback_evaluated_by_x_component_coloring	0	no		1	9	10.898	
2280	1112312234234434	1211132432432344	12425	fallback_evaluated_by_x_component_coloring	0	no		1	6	3.245	
2265	1112312232434434	1122131324243344	7047	fallback_evaluated_by_x_component_coloring	0	yes	WARNING: 3-strand relation used	3	19	15.548	
2336	1112312324234434	1211132243432344	12332	fallback_evaluated_by_x_component_coloring	0	no		1	7	6.312	
2352	1112312342234434	1231142212333444	21655	fallback_evaluated_by_x_component_coloring	0	no		1	6	3.380	
2436	1112314232234434	1122133412432344	7498	fallback_evaluated_by_x_component_coloring	0	no		2	5	3.617	
2496	1112321234342344	1231124321324434	21529	fallback_evaluated_by_x_component_coloring	-1	no		1	6	3.066	
2575	1112321342434234	1231124312233444	21501	fallback_evaluated_by_x_component_coloring	0	no		1	5	1.027	
2573	1112321342432344	1211123323244434	12179	fallback_evaluated_by_x_component_coloring	0	no		2	6	5.415	
2884	1112323142344234	1231121423323444	20939	fallback_evaluated_by_x_component_coloring	0	no		1	6	2.458	
2946	1112323234412344	1211132322344434	12338	fallback_evaluated_by_x_component_coloring	0	no		2	6	5.471	
3149	1112324234312344	1211132322344434	12338	fallback_evaluated_by_x_component_coloring	0	no		2	6	5.515	
3367	1112342312243434	1231112243324344	20653	fallback_evaluated_by_x_component_coloring	0	no		2	6	5.473	
92	1111223223443344	1123211432234434	10380	fallback_evaluated_by_x_component_coloring	0	no		2	6	6.692	
93	1111223223443434	1122131432243344	7105	fallback_evaluated_by_x_component_coloring	0	no		2	8	13.104	
135	1111223242334344	1123211324432434	10334	fallback_evaluated_by_x_component_coloring	0	no		4	9	36.994	
158	1111223322344434	1122131324432344	7057	fallback_evaluated_by_x_component_coloring	0	no		4	6	12.670	
157	1111223322344344	1112221343324434	1252	fallback_evaluated_by_x_component_coloring	0	no		6	7	31.062	
172	1111223323442434	1231121243324344	20863	fallback_evaluated_by_x_component_coloring	0	no		2	5	3.188	
176	1111223324234434	1213211432432344	18971	fallback_evaluated_by_x_component_coloring	0	yes	WARNING: 3-strand relation used	6	11	12.091	
192	1111223342234434	1213122412333444	18161	fallback_evaluated_by_x_component_coloring	0	no		2	6	7.369	
218	1111223423234434	1123231142432344	11047	fallback_evaluated_by_x_component_coloring	0	no		2	5	3.247	
234	1111223432234434	1123231122443344	11006	fallback_evaluated_by_x_component_coloring	0	no		2	6	5.474	
242	1111223432344234	1234121123323444	23783	fallback_evaluated_by_x_component_coloring	-1	no		1	3	0.011	
243	1111223432423344	1112232134432434	1692	fallback_evaluated_by_x_component_coloring	0	no		2	7	7.193	
261	1111232223443434	1213211432234344	18959	fallback_evaluated_by_x_component_coloring	0	no		2	6	5.788	
259	1111232223434434	1122113432243344	6637	fallback_evaluated_by_x_component_coloring	0	no		2	8	11.761	
273	1111232232434434	1213211224333444	18820	fallback_evaluated_by_x_component_coloring	0	no		2	7	9.357	
275	1111232232443434	1122113434223344	6650	fallback_evaluated_by_x_component_coloring	0	no		4	6	11.638	
288	1111232234234434	1123211432432344	10391	fallback_evaluated_by_x_component_coloring	0	no		1	7	4.277	
289	1111232234243344	1213211432423434	18970	fallback_evaluated_by_x_component_coloring	0	yes	WARNING: 3-strand relation used	3	12	4.656	
290	1111232234243434	1213211432423344	18969	fallback_evaluated_by_x_component_coloring	0	yes	WARNING: 3-strand relation used	2	14	7.870	
297	1111232234423344	1123214321432434	10964	fallback_evaluated_by_x_component_coloring	0	no		2	6	5.715	
298	1111232234423434	1231114222343344	20764	fallback_evaluated_by_x_component_coloring	1	no		2	6	6.058	
301	1111232234434234	1231112432233444	20740	fallback_evaluated_by_x_component_coloring	0	no		2	7	7.885	
299	1111232234432344	1122113322344434	6560	fallback_evaluated_by_x_component_coloring	0	no		2	8	11.996	
329	1111232322434434	1231112224333444	20602	fallback_evaluated_by_x_component_coloring	0	no		2	8	13.360	
340	1111232323442434	1123213144223344	10666	fallback_evaluated_by_x_component_coloring	0	no		2	7	7.872	
344	1111232324234434	1213214321432344	19543	fallback_evaluated_by_x_component_coloring	0	no		1	8	9.467	
325	1111232322344344	1122113324423434	6588	fallback_evaluated_by_x_component_coloring	0	yes	WARNING: 3-strand relation used	8	22	62.981	
360	1111232342234434	1123213212443344	10678	fallback_evaluated_by_x_component_coloring	0	no		2	6	6.131	
407	1111232432324434	1231112234432344	20639	fallback_evaluated_by_x_component_coloring	0	no		1	5	1.428	
428	1111234223234434	1123211342432344	10349	fallback_evaluated_by_x_component_coloring	0	no		2	5	2.725	
437	1111234223423344	1123211344232434	10355	fallback_evaluated_by_x_component_coloring	0	no		1	7	3.526	
435	1111234223342434	1123211344223344	10352	fallback_evaluated_by_x_component_coloring	0	no		1	8	6.707	
444	1111234232234434	1234111222333444	23563	fallback_evaluated_by_x_component_coloring	0	no		1	6	4.897	
453	1111234232423344	1123211324432434	10334	fallback_evaluated_by_x_component_coloring	0	no		4	6	9.948	
517	1112122334324434	1122331142432344	8539	fallback_evaluated_by_x_component_coloring	0	no		2	7	7.443	
555	1112123223443434	1122311342243344	7831	fallback_evaluated_by_x_component_coloring	0	yes	WARNING: 3-strand relation used	2	10	4.599	
654	1112123342234434	1122331214432344	8579	fallback_evaluated_by_x_component_coloring	0	no		2	6	4.804	
683	1112123423323444	1121322133444234	5625	fallback_evaluated_by_x_component_coloring	0	no		2	7	7.351	
750	1112132234234434	1122313421432344	8287	fallback_evaluated_by_x_component_coloring	0	yes	WARNING: 3-strand relation used	2	8	0.297	
751	1112132234243344	1231112432323444	20745	fallback_evaluated_by_x_component_coloring	0	no		2	6	4.208	
735	1112132232434434	1231114223233444	20766	fallback_evaluated_by_x_component_coloring	0	no		5	7	22.275	
757	1112132234342434	1231112432324344	20746	fallback_evaluated_by_x_component_coloring	0	no		1	7	3.888	
791	1112132322434434	1231421132233444	23332	fallback_evaluated_by_x_component_coloring	0	no		2	4	3.909	
806	1112132324234434	1122313241432344	8231	fallback_evaluated_by_x_component_coloring	0	no		2	7	7.654	
822	1112132342234434	1122334112432344	8720	fallback_evaluated_by_x_component_coloring	0	no		1	5	2.365	
845	1112132422343434	1122331124423344	8521	fallback_evaluated_by_x_component_coloring	0	no		1	7	5.345	
848	1112132423234434	1122331142432344	8539	fallback_evaluated_by_x_component_coloring	0	no		2	6	5.540	
853	1112132423324434	1122331142432344	8539	fallback_evaluated_by_x_component_coloring	0	no		2	7	7.494	
872	1112132432344234	1231214123323444	22391	fallback_evaluated_by_x_component_coloring	0	no		1	5	1.317	
906	1112134232234434	1122331214432344	8579	fallback_evaluated_by_x_component_coloring	0	no		2	6	4.785	
1039	1112213233442344	1211132432234434	12414	fallback_evaluated_by_x_component_coloring	0	no		1	7	4.430	
1444	1112223431234434	1231231124432344	22581	fallback_evaluated_by_x_component_coloring	-1	no		1	5	1.237	
1690	1112232134423434	1211312322443344	13872	fallback_evaluated_by_x_component_coloring	0	no		2	7	9.298	
1906	1112233142344234	1231112423323444	20729	fallback_evaluated_by_x_component_coloring	0	no		1	6	2.103	
1889	1112233124342434	1231112432324344	20746	fallback_evaluated_by_x_component_coloring	0	no		1	7	3.762	
2011	1112233412243434	1231112243324344	20653	fallback_evaluated_by_x_component_coloring	0	no		2	6	5.528	
2251	1112312223434434	1231121432243344	20953	fallback_evaluated_by_x_component_coloring	0	no		2	7	7.070	
2280	1112312234234434	1231121422333444	20929	fallback_evaluated_by_x_component_coloring	0	no		1	7	4.802	
2265	1112312232434434	1122131324432344	7057	fallback_evaluated_by_x_component_coloring	0	no		2	7	10.185	
2336	1112312324234434	1231122142333444	21020	fallback_evaluated_by_x_component_coloring	0	no		1	7	5.702	
2436	1112314232234434	1211132423432344	12409	fallback_evaluated_by_x_component_coloring	0	yes	WARNING: 3-strand relation used	1	9	0.294	
2524	1112321243434234	1231124312233444	21501	fallback_evaluated_by_x_component_coloring	1	no		1	5	1.039	
93	1111223223443434	1231121432243344	20953	fallback_evaluated_by_x_component_coloring	-1	no		3	9	26.008	
133	1111223234434234	1231121432233444	20950	fallback_evaluated_by_x_component_coloring	0	no		3	6	7.729	
157	1111223322344344	1231121224333444	20812	fallback_evaluated_by_x_component_coloring	0	no		4	6	13.290	
158	1111223322344434	1122131344223344	7076	fallback_evaluated_by_x_component_coloring	0	no		4	5	10.760	
176	1111223324234434	1123211432432344	10391	fallback_evaluated_by_x_component_coloring	0	no		2	6	4.966	
192	1111223342234434	1213211324432344	18913	fallback_evaluated_by_x_component_coloring	0	no		4	6	9.958	
200	1111223342344234	1231121423323444	20939	fallback_evaluated_by_x_component_coloring	0	no		1	7	3.465	
233	1111223432234344	1112232134432434	1692	fallback_evaluated_by_x_component_coloring	0	no		3	6	6.544	
234	1111223432234434	1122133124432344	7371	fallback_evaluated_by_x_component_coloring	0	no		4	6	16.139	
259	1111232223434434	1231112432243344	20743	fallback_evaluated_by_x_component_coloring	0	no		3	6	9.202	
261	1111232223443434	1231112432243344	20743	fallback_evaluated_by_x_component_coloring	-1	no		3	6	9.346	
273	1111232232434434	1213211432233444	18958	fallback_evaluated_by_x_component_coloring	0	no		2	7	8.368	
275	1111232232443434	1231114223234344	20767	fallback_evaluated_by_x_component_coloring	1	no		3	7	16.707	
289	1111232234243344	1123211432423434	10390	fallback_evaluated_by_x_component_coloring	0	yes	WARNING: 3-strand relation used	2	9	1.666	
290	1111232234243434	1123211432423344	10389	fallback_evaluated_by_x_component_coloring	0	yes	WARNING: 3-strand relation used	1	11	3.184	
288	1111232234234434	1213211422333444	18937	fallback_evaluated_by_x_component_coloring	0	no		1	8	7.971	
294	1111232234342344	1231112432324434	20747	fallback_evaluated_by_x_component_coloring	0	no		2	5	3.262	
295	1111232234342434	1231112432324344	20746	fallback_evaluated_by_x_component_coloring	0	no		2	5	3.363	
301	1111232234434234	1213212431233444	19160	fallback_proved_zero	0	no		0	4	0.182	
92	1111223223443344	1213122143324434	18062	fallback_evaluated_by_x_component_coloring	0	no		14	16	385.847	
298	1111232234423434	1231112432243344	20743	fallback_evaluated_by_x_component_coloring	0	no		2	7	7.482	
297	1111232234423344	1213112432233444	17770	fallback_evaluated_by_x_component_coloring	0	no		4	6	9.626	
299	1111232234432344	1213211432234434	18960	fallback_evaluated_by_x_component_coloring	0	no		2	10	20.073	
321	1111232243432434	1123213414223344	10777	fallback_evaluated_by_x_component_coloring	0	no		4	5	8.785	
325	1111232322344344	1123212143324434	10460	fallback_evaluated_by_x_component_coloring	0	no		4	6	9.216	
339	1111232323442344	1231114232234434	20784	fallback_evaluated_by_x_component_coloring	0	no		2	5	3.263	
344	1111232324234434	1123214321432344	10963	fallback_evaluated_by_x_component_coloring	0	no		1	6	4.191	
329	1111232322434434	1231114223233444	20766	fallback_evaluated_by_x_component_coloring	0	no		3	10	30.509	
360	1111232342234434	1213114222333444	17791	fallback_evaluated_by_x_component_coloring	0	no		2	9	13.834	
407	1111232432324434	1123213124432344	10647	fallback_evaluated_by_x_component_coloring	0	no		2	6	3.895	
398	1111232423432434	1123213144223344	10666	fallback_evaluated_by_x_component_coloring	0	no		2	7	7.788	
428	1111234223234434	1213211342432344	18929	fallback_proved_zero	0	no		0	4	0.476	
414	1111232432432434	1123213144223344	10666	fallback_evaluated_by_x_component_coloring	0	no		4	6	9.893	
444	1111234232234434	1213211324432344	18913	fallback_proved_zero	0	no		0	4	1.257	
447	1111234232323444	1123211324344234	10330	fallback_evaluated_by_x_component_coloring	0	no		2	4	2.604	
553	1112123223434434	1122311344232344	7846	fallback_evaluated_by_x_component_coloring	0	no		1	6	2.396	
555	1112123223443434	1231211243324344	21841	fallback_evaluated_by_x_component_coloring	0	no		2	5	2.625	
560	1112123224343434	1122311344223344	7844	fallback_evaluated_by_x_component_coloring	0	no		1	8	6.093	
652	1112123342233444	1121322313444234	5681	fallback_evaluated_by_x_component_coloring	0	no		2	6	3.810	
654	1112123342234434	1211322314432344	14275	fallback_evaluated_by_x_component_coloring	0	no		1	7	5.337	
657	1112123342323444	1121322314344234	5692	fallback_evaluated_by_x_component_coloring	0	no		1	7	3.922	
659	1112123342324434	1231211324432344	21883	fallback_evaluated_by_x_component_coloring	0	no		1	7	4.330	
685	1112123423324434	1122331142432344	8539	fallback_evaluated_by_x_component_coloring	0	no		1	7	5.375	
701	1112123432324434	1122331124432344	8523	fallback_evaluated_by_x_component_coloring	0	no		1	7	5.205	
750	1112132234234434	1122331421432344	8671	fallback_evaluated_by_x_component_coloring	0	no		1	6	3.090	
751	1112132234243344	1231112432324434	20747	fallback_evaluated_by_x_component_coloring	0	no		1	7	3.882	
735	1112132232434434	1211312423233444	13926	fallback_partial		yes	WARNING: 3-strand relation used	7	17	42.697	
791	1112132322434434	1122313124243344	8129	fallback_evaluated_by_x_component_coloring	0	yes	WARNING: 3-strand relation used	5	15	11.815	
806	1112132324234434	1122314132432344	8357	fallback_evaluated_by_x_component_coloring	0	no		1	6	3.070	
822	1112132342234434	1231213214432344	22253	fallback_evaluated_by_x_component_coloring	0	no		2	5	3.694	
906	1112134232234434	1122331412432344	8650	fallback_evaluated_by_x_component_coloring	0	no		1	6	3.044	
907	1112134232243344	1231211423323444	21917	fallback_evaluated_by_x_component_coloring	0	no		2	6	3.830	
1052	1112213234344234	1231121432323444	20955	fallback_evaluated_by_x_component_coloring	0	no		1	6	2.416	
1127	1112213342432344	1211233213244434	13479	fallback_evaluated_by_x_component_coloring	0	no		4	6	10.997	
1166	1112213432344234	1231241123323444	22859	fallback_evaluated_by_x_component_coloring	1	no		1	4	0.278	
1408	1112223343412344	1211233213244434	13479	fallback_evaluated_by_x_component_coloring	0	no		2	6	5.549	
1690	1112232134423434	1211213432243344	12709	fallback_evaluated_by_x_component_coloring	0	no		3	6	9.037	
1877	1112233123442344	1211312432234434	13944	fallback_evaluated_by_x_component_coloring	0	no		1	6	2.220	
1876	1112233123424434	1231112432233444	20740	fallback_evaluated_by_x_component_coloring	0	no		1	8	5.320	
1890	1112233124344234	1231112432323444	20745	fallback_evaluated_by_x_component_coloring	0	no		1	6	2.908	
1968	1112233234412344	1211312322344434	13868	fallback_evaluated_by_x_component_coloring	0	no		2	5	4.192	
2020	1112233412432344	1231114232234434	20784	fallback_evaluated_by_x_component_coloring	0	no		2	5	3.270	
2137	1112234213432344	1231211243234434	21837	fallback_evaluated_by_x_component_coloring	0	no		1	4	0.107	
2126	1112234213234434	1231211342432344	21899	fallback_evaluated_by_x_component_coloring	1	no		1	5	1.569	
2182	1112234312324434	1122311344232344	7846	fallback_evaluated_by_x_component_coloring	0	no		1	6	2.347	
2251	1112312223434434	1211132243243344	12322	fallback_evaluated_by_x_component_coloring	0	yes	WARNING: 3-strand relation used	2	11	5.729	
2265	1112312232434434	1122131434232344	7120	fallback_evaluated_by_x_component_coloring	0	no		1	6	3.237	
2280	1112312234234434	1231141222333444	21571	fallback_evaluated_by_x_component_coloring	0	no		1	8	9.077	
2336	1112312324234434	1231142122333444	21613	fallback_evaluated_by_x_component_coloring	0	no		1	7	6.407	
2431	1112314223432344	1231141232234434	21594	fallback_evaluated_by_x_component_coloring	-1	no		1	5	1.611	
2436	1112314232234434	1211132324432344	12367	fallback_evaluated_by_x_component_coloring	0	no		1	6	3.289	
2492	1112321234243434	1231124321324344	21528	fallback_evaluated_by_x_component_coloring	0	no		1	5	2.401	
2867	1112323124342434	1231121432324344	20956	fallback_evaluated_by_x_component_coloring	0	no		1	6	2.459	
2853	1112323123424344	1231121432233444	20950	fallback_evaluated_by_x_component_coloring	0	no		1	7	5.344	
3059	1112324122343434	1231121423324344	20940	fallback_evaluated_by_x_component_coloring	0	no		1	6	2.526	
3085	1112324132342434	1231121423324344	20940	fallback_evaluated_by_x_component_coloring	1	no		1	6	2.568	
78	1111222343342434	1231124321324344	21528	fallback_evaluated_by_x_component_coloring	0	no		1	6	3.201	
82	1111222343432344	1211123323244434	12179	fallback_evaluated_by_x_component_coloring	0	no		2	7	7.639	
93	1111223223443434	1213121432243344	17983	fallback_evaluated_by_x_component_coloring	0	no		3	7	10.414	
92	1111223223443344	1213211243324434	18872	fallback_evaluated_by_x_component_coloring	0	no		6	9	54.076	
128	1111223234344234	1231121432323444	20955	fallback_evaluated_by_x_component_coloring	0	no		2	5	2.932	
137	1111223242343344	1123211324432434	10334	fallback_evaluated_by_x_component_coloring	0	no		2	8	25.040	
158	1111223322344434	1122131434223344	7118	fallback_evaluated_by_x_component_coloring	0	no		2	6	6.588	
173	1111223323444234	1213211243233444	18865	fallback_proved_zero	0	no		0	4	1.215	
176	1111223324234434	1213211422333444	18937	fallback_evaluated_by_x_component_coloring	0	no		2	7	8.989	
192	1111223342234434	1123211324432344	10333	fallback_evaluated_by_x_component_coloring	0	no		2	9	18.705	
193	1111223342243344	1123211324432434	10334	fallback_evaluated_by_x_component_coloring	0	no		5	8	50.888	
234	1111223432234434	1122133142432344	7387	fallback_evaluated_by_x_component_coloring	0	no		4	5	7.895	
238	1111223432324344	1112232134432434	1692	fallback_evaluated_by_x_component_coloring	0	no		2	7	7.276	
259	1111232223434434	1213112432243344	17773	fallback_evaluated_by_x_component_coloring	0	no		2	6	6.130	
261	1111232223443434	1213112432243344	17773	fallback_evaluated_by_x_component_coloring	0	no		2	6	6.198	
273	1111232232434434	1122113432243344	6637	fallback_evaluated_by_x_component_coloring	0	no		4	7	14.744	
275	1111232232443434	1231112432243344	20743	fallback_evaluated_by_x_component_coloring	0	no		5	6	23.864	
289	1111232234243344	1213211432323444	18963	fallback_evaluated_by_x_component_coloring	0	no		1	7	4.617	
288	1111232234234434	1213114222333444	17791	fallback_evaluated_by_x_component_coloring	0	no		1	9	11.716	
296	1111232234344234	1231112432323444	20745	fallback_evaluated_by_x_component_coloring	0	no		2	5	2.784	
301	1111232234434234	1213214321233444	19530	fallback_evaluated_by_x_component_coloring	0	no		1	5	1.144	
297	1111232234423344	1231112432243434	20744	fallback_evaluated_by_x_component_coloring	0	no		2	6	5.273	
298	1111232234423434	1213112432243344	17773	fallback_evaluated_by_x_component_coloring	0	no		2	6	5.844	
299	1111232234432344	1123211432234434	10380	fallback_evaluated_by_x_component_coloring	0	no		2	6	6.121	
290	1111232234243434	1213211322443344	18888	fallback_evaluated_by_x_component_coloring	0	no		2	8	12.821	
325	1111232322344344	1231114223323444	20771	fallback_evaluated_by_x_component_coloring	0	no		2	7	9.060	
329	1111232322434434	1231114223342344	20774	fallback_evaluated_by_x_component_coloring	0	no		2	5	5.270	
344	1111232324234434	1213112242333444	17672	fallback_evaluated_by_x_component_coloring	-1	yes	WARNING: 3-strand relation used	2	14	7.773	
352	1111232324344234	1231112243323444	20652	fallback_evaluated_by_x_component_coloring	0	no		1	8	6.613	
360	1111232342234434	1231114223432344	20779	fallback_evaluated_by_x_component_coloring	0	no		2	4	2.601	
386	1111232423234434	1231112243432344	20660	fallback_evaluated_by_x_component_coloring	0	no		1	6	3.111	
397	1111232423432344	1231114232234434	20784	fallback_evaluated_by_x_component_coloring	0	no		2	5	3.297	
393	1111232423342434	1123213144223344	10666	fallback_evaluated_by_x_component_coloring	0	no		2	8	9.232	
439	1111234223432344	1213211243234434	18867	fallback_evaluated_by_x_component_coloring	0	no		1	5	1.029	
449	1111234232324434	1213211324432344	18913	fallback_proved_zero	0	no		0	4	1.135	
419	1111232434232434	1123213144223344	10666	fallback_evaluated_by_x_component_coloring	0	no		1	9	9.160	
444	1111234232234434	1123211324432344	10333	fallback_evaluated_by_x_component_coloring	0	no		2	7	7.236	
157	1111223322344344	1213122143324434	18062	fallback_evaluated_by_x_component_coloring	1	no		20	9	371.021	
555	1112123223443434	1122311344223344	7844	fallback_evaluated_by_x_component_coloring	0	no		2	6	5.484	
654	1112123342234434	1231211324432344	21883	fallback_evaluated_by_x_component_coloring	0	no		2	5	4.072	
735	1112132232434434	1211312432233444	13942	fallback_evaluated_by_x_component_coloring	0	no		2	6	4.591	
750	1112132234234434	1231112432432344	20753	fallback_evaluated_by_x_component_coloring	0	no		1	5	2.113	
784	1112132243434234	1231112432233444	20740	fallback_evaluated_by_x_component_coloring	0	no		2	6	4.967	
791	1112132322434434	1122313142243344	8145	fallback_evaluated_by_x_component_coloring	0	yes	WARNING: 3-strand relation used	3	9	3.803	
806	1112132324234434	1231421122333444	23311	fallback_evaluated_by_x_component_coloring	0	no		1	5	1.169	
822	1112132342234434	1211213324432344	12661	fallback_evaluated_by_x_component_coloring	0	no		2	6	5.614	
871	1112132432342434	1122331124423344	8521	fallback_evaluated_by_x_component_coloring	0	no		1	7	5.126	
901	1112134223432344	1231411232234434	23124	fallback_evaluated_by_x_component_coloring	-1	no		1	4	0.117	
906	1112134232234434	1231211324432344	21883	fallback_evaluated_by_x_component_coloring	0	no		2	5	4.077	
995	1112212343234434	1231243112432344	23030	fallback_evaluated_by_x_component_coloring	1	no		1	4	0.066	
994	1112212343234344	1211233213442434	13484	fallback_evaluated_by_x_component_coloring	0	no		1	6	2.920	
1051	1112213234342434	1231121432324344	20956	fallback_evaluated_by_x_component_coloring	0	no		1	6	2.468	
1076	1112213243432344	1211233213244434	13479	fallback_evaluated_by_x_component_coloring	0	no		4	6	10.899	
1107	1112213324342434	1231121243324344	20863	fallback_evaluated_by_x_component_coloring	0	no		2	5	3.337	
1446	1112223431243434	1231231124423344	22579	fallback_evaluated_by_x_component_coloring	1	no		1	5	1.416	
1562	1112231323424434	1231112243342344	20655	fallback_evaluated_by_x_component_coloring	0	no		1	6	3.146	
1576	1112231324344234	1231112243323444	20652	fallback_evaluated_by_x_component_coloring	0	no		1	7	5.253	
1621	1112231423432344	1231114232234434	20784	fallback_evaluated_by_x_component_coloring	0	no		2	5	3.263	
1690	1112232134423434	1231112322443344	20670	fallback_evaluated_by_x_component_coloring	0	no		1	6	4.255	
1812	1112232413234434	1231213142432344	22213	fallback_evaluated_by_x_component_coloring	-1	no		1	5	1.577	
1888	1112233124342344	1231112432324434	20747	fallback_evaluated_by_x_component_coloring	0	no		1	6	3.231	
1965	1112233234142344	1231112432324434	20747	fallback_evaluated_by_x_component_coloring	0	no		1	6	3.285	
2188	1112234312432344	1231411232234434	23124	fallback_evaluated_by_x_component_coloring	0	no		1	4	0.113	
2251	1112312223434434	1211132432243344	12415	fallback_evaluated_by_x_component_coloring	0	no		2	7	9.274	
2280	1112312234234434	1231121432432344	20963	fallback_evaluated_by_x_component_coloring	0	no		1	6	2.413	
2265	1112312232434434	1122133214243344	7417	fallback_evaluated_by_x_component_coloring	0	no		2	9	16.470	
2336	1112312324234434	1231142231432344	21689	fallback_evaluated_by_x_component_coloring	-1	no		1	5	0.974	
2436	1112314232234434	1211132432432344	12425	fallback_evaluated_by_x_component_coloring	0	no		1	6	3.301	
2443	1112314232342434	1231121423324344	20940	fallback_evaluated_by_x_component_coloring	0	no		1	6	2.611	
2447	1112314232432344	1211132432234434	12414	fallback_evaluated_by_x_component_coloring	0	no		1	7	4.470	
2900	1112323212434344	1231121432233444	20950	fallback_evaluated_by_x_component_coloring	0	no		1	8	6.235	
3069	1112324123342434	1231121432324344	20956	fallback_evaluated_by_x_component_coloring	-1	no		1	6	2.542	
3095	1112324134232434	1231121432324344	20956	fallback_evaluated_by_x_component_coloring	0	no		1	6	2.552	
3071	1112324123423344	1231121432233444	20950	fallback_evaluated_by_x_component_coloring	0	no		1	7	5.356	
79	1111222343344234	1231124321323444	21527	fallback_evaluated_by_x_component_coloring	0	no		1	4	0.412	
92	1111223223443344	1231121243324434	20864	fallback_evaluated_by_x_component_coloring	0	no		4	5	8.650	
93	1111223223443434	1122133442123344	7546	fallback_evaluated_by_x_component_coloring	0	no		4	4	10.439	
101	1111223232344344	1123211324432434	10334	fallback_evaluated_by_x_component_coloring	1	no		2	8	24.879	
104	1111223232434344	1123211324432434	10334	fallback_evaluated_by_x_component_coloring	0	no		4	9	36.566	
141	1111223243234434	1123243112432344	11480	fallback_evaluated_by_x_component_coloring	0	no		1	4	0.444	
137	1111223242343344	1213211423323444	18947	fallback_evaluated_by_x_component_coloring	0	no		2	6	5.484	
158	1111223322344434	1122133424312344	7537	fallback_evaluated_by_x_component_coloring	0	yes	WARNING: 3-strand relation used	4	10	1.243	
173	1111223323444234	1231121432233444	20950	fallback_evaluated_by_x_component_coloring	0	no		1	8	6.045	
176	1111223324234434	1234111222333444	23563	fallback_evaluated_by_x_component_coloring	0	no		2	5	5.068	
157	1111223322344344	1213211243324434	18872	fallback_evaluated_by_x_component_coloring	1	no		5	8	37.318	
172	1111223323442434	1123211344223344	10352	fallback_evaluated_by_x_component_coloring	0	no		3	9	38.060	
192	1111223342234434	1213211423432344	18955	fallback_evaluated_by_x_component_coloring	0	no		2	4	2.765	
193	1111223342243344	1213211423323444	18947	fallback_evaluated_by_x_component_coloring	0	no		4	6	10.121	
223	1111223423324434	1123231142432344	11047	fallback_evaluated_by_x_component_coloring	0	no		2	6	4.106	
234	1111223432234434	1213122142333444	18050	fallback_evaluated_by_x_component_coloring	0	no		2	7	9.770	
259	1111232223434434	1213112243233444	17677	fallback_evaluated_by_x_component_coloring	-1	yes	WARNING: 3-strand relation used	4	13	10.075	
261	1111232223443434	1213212143324344	19039	fallback_evaluated_by_x_component_coloring	0	no		3	7	10.408	
275	1111232232443434	1213112432243344	17773	fallback_evaluated_by_x_component_coloring	0	no		3	6	8.321	
273	1111232232434434	1231112224333444	20602	fallback_evaluated_by_x_component_coloring	0	no		2	8	12.654	
285	1111232233444234	1213112432233444	17770	fallback_proved_zero	0	no		0	4	0.768	
288	1111232234234434	1234111222333444	23563	fallback_evaluated_by_x_component_coloring	0	no		1	6	3.734	
290	1111232234243434	1213211432324344	18964	fallback_evaluated_by_x_component_coloring	0	no		1	7	5.019	
289	1111232234243344	1213211432324434	18965	fallback_evaluated_by_x_component_coloring	0	no		1	9	10.065	
295	1111232234342434	1123213441223344	10817	fallback_evaluated_by_x_component_coloring	0	no		1	6	3.026	
301	1111232234434234	1231112422333444	20719	fallback_proved_zero	0	no		0	4	0.899	
297	1111232234423344	1213112432243434	17774	fallback_evaluated_by_x_component_coloring	0	no		2	5	3.199	
298	1111232234423434	1213112322443344	17700	fallback_evaluated_by_x_component_coloring	0	no		2	6	7.523	
299	1111232234432344	1212113322434434	15143	fallback_evaluated_by_x_component_coloring	0	no		3	10	23.966	
321	1111232243432434	1123213442123344	10822	fallback_evaluated_by_x_component_coloring	0	no		1	5	1.461	
325	1111232322344344	1122113324324434	6583	fallback_evaluated_by_x_component_coloring	0	yes	WARNING: 3-strand relation used	4	14	12.409	
331	1111232322443434	1231112243324344	20653	fallback_evaluated_by_x_component_coloring	0	no		4	6	10.190	
338	1111232323424434	1231112243342344	20655	fallback_evaluated_by_x_component_coloring	0	no		2	5	3.818	
344	1111232324234434	1231112242333444	20642	fallback_evaluated_by_x_component_coloring	0	yes	WARNING: 3-strand relation used	1	11	3.215	
360	1111232342234434	1213214212333444	19453	fallback_evaluated_by_x_component_coloring	0	no		1	6	3.017	
329	1111232322434434	1213112243233444	17677	fallback_partial		yes	WARNING: 3-strand relation used	5	18	38.032	
386	1111232423234434	1123213142432344	10663	fallback_evaluated_by_x_component_coloring	0	no		2	5	3.033	
381	1111232422334434	1231112243342344	20655	fallback_evaluated_by_x_component_coloring	0	no		4	5	8.781	
413	1111232432432344	1231114232234434	20784	fallback_evaluated_by_x_component_coloring	0	no		2	5	3.305	
439	1111234223432344	1234111232234434	23586	fallback_evaluated_by_x_component_coloring	-1	no		1	3	0.010	
444	1111234232234434	1213211423432344	18955	fallback_proved_zero	0	no		0	4	0.161	
430	1111234223243434	1123211344223344	10352	fallback_evaluated_by_x_component_coloring	0	no		1	8	6.702	
449	1111234232324434	1123211324432344	10333	fallback_evaluated_by_x_component_coloring	0	no		2	7	6.988	
555	1112123223443434	1231211344223344	21902	fallback_evaluated_by_x_component_coloring	0	no		2	6	6.578	
654	1112123342234434	1211321324432344	14107	fallback_evaluated_by_x_component_coloring	0	no		2	5	3.927	
676	1112123422343344	1122331124423434	8522	fallback_evaluated_by_x_component_coloring	0	no		1	6	2.735	
675	1112123422334434	1122331124432344	8523	fallback_evaluated_by_x_component_coloring	0	no		1	7	5.081	
750	1112132234234434	1231211422333444	21907	fallback_evaluated_by_x_component_coloring	0	no		1	7	5.117	
779	1112132243344234	1231112432323444	20745	fallback_evaluated_by_x_component_coloring	0	no		2	5	3.155	
786	1112132322343444	1122331124423344	8521	fallback_evaluated_by_x_component_coloring	0	no		1	8	6.123	
791	1112132322434434	1122313144232344	8160	fallback_evaluated_by_x_component_coloring	0	no		2	5	3.179	
806	1112132324234434	1122334121432344	8741	fallback_evaluated_by_x_component_coloring	0	no		1	5	1.157	
822	1112132342234434	1231214212333444	22423	fallback_evaluated_by_x_component_coloring	0	no		1	5	0.915	
735	1112132232434434	1231211432243344	21931	fallback_evaluated_by_x_component_coloring	0	no		9	9	95.678	
901	1112134223432344	1231211243234434	21837	fallback_evaluated_by_x_component_coloring	0	no		1	4	0.115	
906	1112134232234434	1231211422333444	21907	fallback_evaluated_by_x_component_coloring	0	no		1	7	5.829	
994	1112212343234344	1121233213442434	4904	fallback_evaluated_by_x_component_coloring	0	no		2	5	3.255	
1037	1112213233424344	1211233213244434	13479	fallback_evaluated_by_x_component_coloring	0	no		4	6	10.734	
1120	1112213342324344	1211233213244434	13479	fallback_evaluated_by_x_component_coloring	0	no		4	6	10.541	
1124	1112213342344234	1231121423323444	20939	fallback_evaluated_by_x_component_coloring	0	no		1	6	2.507	
1139	1112213422343434	1231231124423344	22579	fallback_evaluated_by_x_component_coloring	0	no		1	5	1.407	
1142	1112213423234434	1231231142432344	22597	fallback_evaluated_by_x_component_coloring	0	no		1	5	1.329	
1388	1112223341234434	1231211324432344	21883	fallback_evaluated_by_x_component_coloring	0	no		2	5	4.044	
1392	1112223341324344	1211233213244434	13479	fallback_evaluated_by_x_component_coloring	0	no		4	6	10.863	
1443	1112223431234344	1121232134432434	4662	fallback_evaluated_by_x_component_coloring	0	no		2	5	3.847	
1563	1112231323442344	1231114232234434	20784	fallback_evaluated_by_x_component_coloring	0	no		2	5	3.254	
1568	1112231324234434	1231112243432344	20660	fallback_evaluated_by_x_component_coloring	0	no		1	5	2.408	
1690	1112232134423434	1211314222343344	13966	fallback_evaluated_by_x_component_coloring	0	no		1	7	5.656	
2188	1112234312432344	1231211243234434	21837	fallback_evaluated_by_x_component_coloring	1	no		1	4	0.108	
2066	1112233441232434	1122331124423344	8521	fallback_evaluated_by_x_component_coloring	0	no		1	7	5.194	
2265	1112312232434434	1122133412243344	7488	fallback_evaluated_by_x_component_coloring	0	yes	WARNING: 3-strand relation used	1	11	3.634	
2280	1112312234234434	1231122431432344	21165	fallback_evaluated_by_x_component_coloring	0	no		1	5	0.989	
2251	1112312223434434	1211132243342344	12327	fallback_evaluated_by_x_component_coloring	0	no		1	8	9.439	
2336	1112312324234434	1231142132432344	21647	fallback_evaluated_by_x_component_coloring	0	no		1	5	0.935	
2436	1112314232234434	1231122412333444	21131	fallback_evaluated_by_x_component_coloring	0	no		1	6	3.638	
2453	1112314234232434	1231121432324344	20956	fallback_evaluated_by_x_component_coloring	0	no		1	6	2.571	
2883	1112323142342434	1231121423324344	20940	fallback_evaluated_by_x_component_coloring	0	no		1	6	2.518	
2571	1112321342423344	1211123323244434	12179	fallback_evaluated_by_x_component_coloring	0	no		4	6	9.285	
3064	1112324123243434	1231121432324344	20956	fallback_evaluated_by_x_component_coloring	0	no		1	6	2.593	
3089	1112324132432344	1211132432234434	12414	fallback_evaluated_by_x_component_coloring	0	no		1	7	4.345	
57	1111222334342434	1231112243324344	20653	fallback_evaluated_by_x_component_coloring	0	no		2	8	9.448	
79	1111222343344234	1231124312323444	21506	fallback_evaluated_by_x_component_coloring	0	no		2	3	0.372	
92	1111223223443344	1213121243324434	17894	fallback_evaluated_by_x_component_coloring	0	no		2	5	4.617	
101	1111223232344344	1213211423323444	18947	fallback_evaluated_by_x_component_coloring	0	no		2	6	5.561	
93	1111223223443434	1213122143324344	18061	fallback_evaluated_by_x_component_coloring	0	no		6	8	36.052	
141	1111223243234434	1123231412432344	11158	fallback_evaluated_by_x_component_coloring	0	no		2	5	2.355	
157	1111223322344344	1231121243324434	20864	fallback_evaluated_by_x_component_coloring	1	no		3	6	10.561	
173	1111223323444234	1213211243323444	18870	fallback_evaluated_by_x_component_coloring	0	no		2	6	5.211	
176	1111223324234434	1122133421432344	7519	fallback_evaluated_by_x_component_coloring	0	yes	WARNING: 3-strand relation used	4	12	8.394	
189	1111223324434234	1231121432233444	20950	fallback_evaluated_by_x_component_coloring	0	no		3	7	9.916	
192	1111223342234434	1234111223432344	23581	fallback_evaluated_by_x_component_coloring	0	no		1	2	0.009	
221	1111223423323444	1123122133444234	9453	fallback_evaluated_by_x_component_coloring	0	no		2	6	5.264	
237	1111223432323444	1112233214344234	1946	fallback_evaluated_by_x_component_coloring	0	no		1	8	6.229	
234	1111223432234434	1213142122333444	18643	fallback_evaluated_by_x_component_coloring	0	no		3	6	10.107	
261	1111232223443434	1213211243324344	18871	fallback_evaluated_by_x_component_coloring	0	no		1	7	4.692	
259	1111232223434434	1231114232233444	20782	fallback_evaluated_by_x_component_coloring	1	no		2	6	5.577	
273	1111232232434434	1122113434232344	6652	fallback_evaluated_by_x_component_coloring	0	no		2	5	3.529	
275	1111232232443434	1231114223324344	20772	fallback_evaluated_by_x_component_coloring	0	no		2	6	5.048	
285	1111232233444234	1213211423323444	18947	fallback_evaluated_by_x_component_coloring	0	no		1	7	4.489	
158	1111223322344434	1213122143324344	18061	fallback_evaluated_by_x_component_coloring	1	no		12	7	141.992	
288	1111232234234434	1213214321432344	19543	fallback_evaluated_by_x_component_coloring	0	no		2	6	6.618	
289	1111232234243344	1123211432324434	10385	fallback_evaluated_by_x_component_coloring	0	no		1	7	5.810	
290	1111232234243434	1213211422334344	18938	fallback_evaluated_by_x_component_coloring	0	no		1	7	6.007	
298	1111232234423434	1231112322443344	20670	fallback_evaluated_by_x_component_coloring	0	no		1	6	3.190	
301	1111232234434234	1234112321233444	23724	fallback_evaluated_by_x_component_coloring	-1	no		1	2	0.008	
299	1111232234432344	1212113322344434	15140	fallback_evaluated_by_x_component_coloring	0	no		1	8	7.244	
297	1111232234423344	1122113432243434	6638	fallback_evaluated_by_x_component_coloring	0	no		4	7	15.564	
321	1111232243432434	1231112423324344	20730	fallback_evaluated_by_x_component_coloring	0	no		2	6	3.916	
329	1111232322434434	1231114232233444	20782	fallback_evaluated_by_x_component_coloring	0	no		2	6	5.624	
325	1111232322344344	1122113243324434	6548	fallback_evaluated_by_x_component_coloring	0	no		4	6	12.569	
344	1111232324234434	1231114232432344	20795	fallback_evaluated_by_x_component_coloring	0	no		2	4	2.748	
360	1111232342234434	1123213214432344	10703	fallback_evaluated_by_x_component_coloring	0	no		2	7	7.494	
388	1111232423243434	1123213144223344	10666	fallback_evaluated_by_x_component_coloring	0	no		2	8	9.369	
407	1111232432324434	1123213144232344	10668	fallback_evaluated_by_x_component_coloring	0	no		2	6	3.923	
431	1111234223323444	1123211233444234	10263	fallback_evaluated_by_x_component_coloring	0	no		1	4	0.445	
444	1111234232234434	1234111223432344	23581	fallback_evaluated_by_x_component_coloring	-1	no		1	2	0.007	
443	1111234232234344	1123211324432434	10334	fallback_evaluated_by_x_component_coloring	0	no		3	6	7.710	
555	1112123223443434	1122331244123344	8628	fallback_evaluated_by_x_component_coloring	0	no		1	5	1.111	
559	1112123224343344	1122311344223434	7845	fallback_evaluated_by_x_component_coloring	0	no		1	7	3.826	
654	1112123342234434	1231421212333444	23353	fallback_evaluated_by_x_component_coloring	0	no		1	4	0.135	
750	1112132234234434	1231411222333444	23101	fallback_evaluated_by_x_component_coloring	0	no		1	7	6.753	
735	1112132232434434	1122311432243344	7873	fallback_evaluated_by_x_component_coloring	0	no		4	7	14.946	
806	1112132324234434	1231212142333444	21998	fallback_evaluated_by_x_component_coloring	0	no		1	6	3.259	
809	1112132324323444	1121324321344234	6154	fallback_evaluated_by_x_component_coloring	0	no		1	5	1.701	
791	1112132322434434	1122313214432344	8195	fallback_evaluated_by_x_component_coloring	0	no		5	7	20.183	
822	1112132342234434	1231412212333444	23185	fallback_evaluated_by_x_component_coloring	0	no		1	5	1.317	
825	1112132342323444	1121323214344234	5894	fallback_evaluated_by_x_component_coloring	0	no		1	6	3.553	
895	1112134223324434	1122331142432344	8539	fallback_evaluated_by_x_component_coloring	0	no		1	7	5.448	
911	1112134232324434	1231211324432344	21883	fallback_evaluated_by_x_component_coloring	0	no		1	7	4.308	
906	1112134232234434	1231411222333444	23101	fallback_evaluated_by_x_component_coloring	0	no		2	7	10.030	
978	1112212334324344	1211233231244434	13505	fallback_evaluated_by_x_component_coloring	0	no		2	6	4.307	
1015	1112213223434434	1231211243233444	21835	fallback_evaluated_by_x_component_coloring	0	no		1	7	3.775	
1036	1112213233423444	1121233214344234	4916	fallback_evaluated_by_x_component_coloring	0	no		2	6	4.210	
1048	1112213234324344	1211132322344434	12338	fallback_evaluated_by_x_component_coloring	0	no		2	7	7.559	
1405	1112223343142344	1211233213424434	13482	fallback_evaluated_by_x_component_coloring	0	no		2	6	3.850	
1399	1112223341432344	1211233213244434	13479	fallback_evaluated_by_x_component_coloring	0	no		4	6	11.200	
1570	1112231324243434	1231112243324344	20653	fallback_evaluated_by_x_component_coloring	0	no		2	6	5.559	
1690	1112232134423434	1231112422343344	20722	fallback_evaluated_by_x_component_coloring	0	no		1	5	2.097	
1968	1112233234412344	1231112322344434	20666	fallback_evaluated_by_x_component_coloring	0	no		1	4	0.098	
2265	1112312232434434	1122133414232344	7503	fallback_evaluated_by_x_component_coloring	0	no		2	5	4.036	
2280	1112312234234434	1231142321432344	21745	fallback_evaluated_by_x_component_coloring	1	no		1	5	1.003	
2251	1112312223434434	1122133244132344	7478	fallback_evaluated_by_x_component_coloring	0	no		1	8	8.271	
2336	1112312324234434	1231122143432344	21038	fallback_evaluated_by_x_component_coloring	0	yes	WARNING: 3-strand relation used	1	9	0.301	
2436	1112314232234434	1231122314432344	21073	fallback_evaluated_by_x_component_coloring	0	no		1	5	0.914	
3212	1112324341232434	1231121423324344	20940	fallback_evaluated_by_x_component_coloring	0	no		1	6	2.511	
3129	1112324231423344	1231121432233444	20950	fallback_evaluated_by_x_component_coloring	0	no		2	7	7.237	
83	1111222343432434	1231124323124344	21539	fallback_evaluated_by_x_component_coloring	0	no		1	5	1.496	
93	1111223223443434	1213211243324344	18871	fallback_evaluated_by_x_component_coloring	0	no		2	6	5.957	
92	1111223223443344	1123211243324434	10292	fallback_evaluated_by_x_component_coloring	0	no		4	6	12.362	
132	1111223234432434	1231121432234344	20951	fallback_evaluated_by_x_component_coloring	0	no		3	5	4.640	
173	1111223323444234	1231121243323444	20862	fallback_evaluated_by_x_component_coloring	0	no		2	5	2.728	
176	1111223324234434	1213121242333444	17882	fallback_evaluated_by_x_component_coloring	-1	yes	WARNING: 3-strand relation used	3	12	4.644	
158	1111223322344434	1213211434223344	18974	fallback_evaluated_by_x_component_coloring	0	yes	WARNING: 3-strand relation used	7	16	31.584	
157	1111223322344344	1123122143324434	9482	fallback_evaluated_by_x_component_coloring	0	no		8	8	61.270	
192	1111223342234434	1123231214432344	11087	fallback_evaluated_by_x_component_coloring	0	no		2	6	5.312	
183	1111223324342434	1123211344223344	10352	fallback_evaluated_by_x_component_coloring	0	no		4	9	46.546	
234	1111223432234434	1213142212333444	18685	fallback_evaluated_by_x_component_coloring	0	no		1	6	3.357	
241	1111223432342434	1123231124423344	11029	fallback_evaluated_by_x_component_coloring	0	no		2	5	3.274	
261	1111232223443434	1231114232234344	20783	fallback_evaluated_by_x_component_coloring	1	no		2	5	3.791	
259	1111232223434434	1213112432233444	17770	fallback_evaluated_by_x_component_coloring	1	no		1	8	5.863	
275	1111232232443434	1231112224334344	20603	fallback_evaluated_by_x_component_coloring	0	no		2	7	10.009	
288	1111232234234434	1123214321432344	10963	fallback_evaluated_by_x_component_coloring	0	no		1	6	3.240	
273	1111232232434434	1231114223233444	20766	fallback_evaluated_by_x_component_coloring	1	no		3	9	17.830	
289	1111232234243344	1213211432432434	18972	fallback_evaluated_by_x_component_coloring	0	yes	WARNING: 3-strand relation used	1	11	3.698	
290	1111232234243434	1213112322443344	17700	fallback_evaluated_by_x_component_coloring	0	no		2	6	9.180	
292	1111232234324344	1213112432233444	17770	fallback_evaluated_by_x_component_coloring	0	no		4	6	9.713	
299	1111232234432344	1213212331244434	19087	fallback_evaluated_by_x_component_coloring	0	no		2	4	2.710	
297	1111232234423344	1213212433142434	19180	fallback_evaluated_by_x_component_coloring	0	no		1	6	3.794	
298	1111232234423434	1213114222343344	17794	fallback_evaluated_by_x_component_coloring	0	no		1	7	5.846	
325	1111232322344344	1231114223324434	20773	fallback_evaluated_by_x_component_coloring	0	no		2	6	6.034	
329	1111232322434434	1213114223233444	17796	fallback_evaluated_by_x_component_coloring	0	no		3	7	10.231	
331	1111232322443434	1123213144223344	10666	fallback_evaluated_by_x_component_coloring	0	no		4	6	10.170	
344	1111232324234434	1213212142333444	19028	fallback_evaluated_by_x_component_coloring	0	no		1	7	5.560	
355	1111232324432344	1231114232234434	20784	fallback_evaluated_by_x_component_coloring	0	no		3	5	4.596	
360	1111232342234434	1213213214432344	19283	fallback_evaluated_by_x_component_coloring	0	no		2	6	5.869	
407	1111232432324434	1213213124432344	19227	fallback_evaluated_by_x_component_coloring	0	no		1	6	3.232	
411	1111232432423344	1123213124432434	10648	fallback_evaluated_by_x_component_coloring	0	no		4	5	6.549	
427	1111234223234344	1123211342432434	10350	fallback_evaluated_by_x_component_coloring	0	no		2	5	2.943	
552	1112123223434344	1231211243233444	21835	fallback_evaluated_by_x_component_coloring	0	no		2	5	3.297	
555	1112123223443434	1211321344223344	14126	fallback_evaluated_by_x_component_coloring	0	no		2	5	4.041	
632	1112123323424434	1122311344232344	7846	fallback_evaluated_by_x_component_coloring	0	no		1	6	2.346	
627	1112123323243444	1122311344223344	7844	fallback_evaluated_by_x_component_coloring	0	no		1	8	6.106	
643	1112123324324434	1122311344232344	7846	fallback_evaluated_by_x_component_coloring	0	no		1	7	3.658	
654	1112123342234434	1211322413432344	14351	fallback_evaluated_by_x_component_coloring	0	yes	WARNING: 3-strand relation used	2	9	3.618	
735	1112132232434434	1231114223342344	20774	fallback_evaluated_by_x_component_coloring	0	no		2	5	4.282	
750	1112132234234434	1211312432432344	13955	fallback_evaluated_by_x_component_coloring	0	no		1	5	0.977	
759	1112132234423344	1231112432233444	20740	fallback_evaluated_by_x_component_coloring	0	no		4	6	10.404	
779	1112132243344234	1231211423323444	21917	fallback_evaluated_by_x_component_coloring	0	no		1	7	3.582	
791	1112132322434434	1122313244132344	8246	fallback_evaluated_by_x_component_coloring	0	no		3	5	7.041	
806	1112132324234434	1231214122333444	22381	fallback_evaluated_by_x_component_coloring	0	no		1	6	3.220	
822	1112132342234434	1211314223432344	13981	fallback_evaluated_by_x_component_coloring	0	no		1	5	1.006	
848	1112132423234434	1231213142432344	22213	fallback_evaluated_by_x_component_coloring	0	no		1	5	1.626	
895	1112134223324434	1122311344232344	7846	fallback_evaluated_by_x_component_coloring	0	no		1	7	3.744	
893	1112134223323444	1121322133444234	5625	fallback_evaluated_by_x_component_coloring	0	no		2	7	7.256	
906	1112134232234434	1231421212333444	23353	fallback_evaluated_by_x_component_coloring	0	no		1	4	0.137	
1027	1112213232433444	1211132432234434	12414	fallback_evaluated_by_x_component_coloring	0	no		2	7	6.091	
1123	1112213342342434	1231121423324344	20940	fallback_evaluated_by_x_component_coloring	0	no		1	6	2.521	
1690	1112232134423434	1231214321243344	22503	fallback_evaluated_by_x_component_coloring	0	no		2	5	4.637	
1884	1112233124243434	1231112432324344	20746	fallback_evaluated_by_x_component_coloring	0	no		1	7	3.749	
2009	1112233412234434	1231213142432344	22213	fallback_evaluated_by_x_component_coloring	0	no		1	5	1.585	
2265	1112312232434434	1122133424132344	7534	fallback_evaluated_by_x_component_coloring	0	yes	WARNING: 3-strand relation used	1	9	0.280	
2251	1112312223434434	1122133442132344	7548	fallback_evaluated_by_x_component_coloring	0	no		2	4	3.275	
2282	1112312234243434	1231121432324344	20956	fallback_evaluated_by_x_component_coloring	0	no		1	6	2.460	
2250	1112312223434344	1231121432233444	20950	fallback_evaluated_by_x_component_coloring	0	no		1	8	6.297	
2312	1112312243432344	1211132432234434	12414	fallback_evaluated_by_x_component_coloring	0	no		1	7	4.427	
2436	1112314232234434	1231121324432344	20905	fallback_evaluated_by_x_component_coloring	0	no		2	4	2.687	
2441	1112314232324434	1231121324432344	20905	fallback_evaluated_by_x_component_coloring	0	no		1	5	1.698	
2862	1112323124243434	1231121432324344	20956	fallback_evaluated_by_x_component_coloring	0	no		1	6	2.600	
2887	1112323142432344	1211132432234434	12414	fallback_evaluated_by_x_component_coloring	0	no		1	7	4.432	
2909	1112323213424344	1231121432233444	20950	fallback_evaluated_by_x_component_coloring	0	no		1	8	6.232	
23	1111222323443434	1231112243324344	20653	fallback_evaluated_by_x_component_coloring	0	no		2	6	5.059	
91	1111223223434434	1213211243233444	18865	fallback_evaluated_by_x_component_coloring	0	no		1	8	6.355	
93	1111223223443434	1231121243324344	20863	fallback_evaluated_by_x_component_coloring	0	no		2	5	3.190	
92	1111223223443344	1122131243324434	7016	fallback_evaluated_by_x_component_coloring	0	no		8	5	48.412	
102	1111223232344434	1213211423323444	18947	fallback_evaluated_by_x_component_coloring	0	no		2	8	9.641	
141	1111223243234434	1231121423432344	20947	fallback_evaluated_by_x_component_coloring	0	no		1	5	1.487	
157	1111223322344344	1123211243324434	10292	fallback_evaluated_by_x_component_coloring	0	no		3	6	9.406	
158	1111223322344434	1213211243324344	18871	fallback_evaluated_by_x_component_coloring	1	no		3	6	9.065	
170	1111223323424434	1213211243233444	18865	fallback_evaluated_by_x_component_coloring	0	no		1	8	6.193	
176	1111223324234434	1213121422333444	17959	fallback_evaluated_by_x_component_coloring	0	yes	WARNING: 3-strand relation used	1	11	3.751	
184	1111223324344234	1231121432323444	20955	fallback_evaluated_by_x_component_coloring	0	no		2	6	3.557	
192	1111223342234434	1213122314432344	18103	fallback_evaluated_by_x_component_coloring	0	no		2	5	4.483	
213	1111223422334434	1123231124432344	11031	fallback_evaluated_by_x_component_coloring	0	no		2	6	4.187	
234	1111223432234434	1213241122333444	19879	fallback_evaluated_by_x_component_coloring	0	no		1	6	2.941	
259	1111232223434434	1231114232243344	20785	fallback_evaluated_by_x_component_coloring	0	no		2	6	6.211	
261	1111232223443434	1231112243324344	20653	fallback_evaluated_by_x_component_coloring	0	no		2	6	5.000	
258	1111232223434344	1213112432233444	17770	fallback_evaluated_by_x_component_coloring	0	no		3	7	9.662	
273	1111232232434434	1231114223342344	20774	fallback_evaluated_by_x_component_coloring	0	no		2	5	3.347	
290	1111232234243434	1234111222334344	23564	fallback_evaluated_by_x_component_coloring	0	no		1	5	1.610	
288	1111232234234434	1213112422333444	17749	fallback_evaluated_by_x_component_coloring	-1	yes	WARNING: 3-strand relation used	1	11	3.660	
289	1111232234243344	1123211432432434	10392	fallback_evaluated_by_x_component_coloring	0	no		1	7	4.917	
295	1111232234342434	1213112432324344	17776	fallback_evaluated_by_x_component_coloring	0	no		1	6	2.612	
297	1111232234423344	1123212433142434	10600	fallback_evaluated_by_x_component_coloring	0	no		1	5	0.941	
298	1111232234423434	1123213421243344	10785	fallback_evaluated_by_x_component_coloring	0	no		2	4	2.609	
299	1111232234432344	1213114222334434	17793	fallback_evaluated_by_x_component_coloring	0	no		1	7	5.538	
275	1111232232443434	1213211434223344	18974	fallback_partial		yes	WARNING: 3-strand relation used	5	18	38.267	
329	1111232322434434	1213114232233444	17812	fallback_evaluated_by_x_component_coloring	0	no		1	7	4.896	
325	1111232322344344	1122113324432434	6590	fallback_evaluated_by_x_component_coloring	0	no		2	8	13.118	
338	1111232323424434	1123213144232344	10668	fallback_evaluated_by_x_component_coloring	0	no		1	7	3.768	
344	1111232324234434	1213214122333444	19411	fallback_evaluated_by_x_component_coloring	0	no		1	7	5.817	
349	1111232324324434	1231112243342344	20655	fallback_evaluated_by_x_component_coloring	0	no		3	6	10.618	
360	1111232342234434	1212113324432344	15169	fallback_evaluated_by_x_component_coloring	0	no		2	8	10.442	
382	1111232422343344	1123213124432434	10648	fallback_evaluated_by_x_component_coloring	0	no		1	7	3.825	
386	1111232423234434	1213213142432344	19243	fallback_evaluated_by_x_component_coloring	0	no		1	6	2.547	
391	1111232423324434	1231112243342344	20655	fallback_evaluated_by_x_component_coloring	0	no		3	6	10.493	
433	1111234223324434	1123211342432344	10349	fallback_evaluated_by_x_component_coloring	0	no		2	6	3.598	
533	1112122343234434	1231423112432344	23492	fallback_evaluated_by_x_component_coloring	-1	no		1	4	0.113	
553	1112123223434434	1231211243233444	21835	fallback_evaluated_by_x_component_coloring	0	no		1	6	2.341	
555	1112123223443434	1122331442123344	8698	fallback_evaluated_by_x_component_coloring	0	no		1	5	1.239	
654	1112123342234434	1231421312432344	23422	fallback_evaluated_by_x_component_coloring	0	no		1	4	0.107	
750	1112132234234434	1231211432432344	21941	fallback_evaluated_by_x_component_coloring	0	yes	WARNING: 3-strand relation used	2	9	1.879	
753	1112132234323444	1231112432344234	20750	fallback_evaluated_by_x_component_coloring	0	no		1	4	0.286	
752	1112132234243434	1231112432324344	20746	fallback_evaluated_by_x_component_coloring	0	no		1	7	3.777	
759	1112132234423344	1211312322344434	13868	fallback_evaluated_by_x_component_coloring	0	no		2	6	5.420	
735	1112132232434434	1122311324243344	7815	fallback_evaluated_by_x_component_coloring	0	yes	WARNING: 3-strand relation used	5	16	18.599	
754	1112132234324344	1231112432233444	20740	fallback_evaluated_by_x_component_coloring	0	no		4	6	10.459	
791	1112132322434434	1122314132243344	8347	fallback_evaluated_by_x_component_coloring	0	no		4	6	12.322	
822	1112132342234434	1231214312432344	22492	fallback_evaluated_by_x_component_coloring	0	yes	WARNING: 3-strand relation used	2	7	0.074	
806	1112132324234434	1231412122333444	23143	fallback_evaluated_by_x_component_coloring	0	no		2	5	5.577	
859	1112132423432344	1211314232234434	13986	fallback_evaluated_by_x_component_coloring	0	no		1	6	2.463	
906	1112134232234434	1231421213432344	23371	fallback_evaluated_by_x_component_coloring	0	no		1	3	0.027	
988	1112212342333444	1211233213244434	13479	fallback_evaluated_by_x_component_coloring	0	no		2	7	7.355	
1428	1112223413234434	1231231142432344	22597	fallback_evaluated_by_x_component_coloring	1	no		1	5	1.333	
1468	1112223434123344	1211233231442434	13510	fallback_evaluated_by_x_component_coloring	0	no		1	6	3.505	
1533	1112231243234434	1231423112432344	23492	fallback_evaluated_by_x_component_coloring	0	no		1	4	0.104	
1690	1112232134423434	1211312422343344	13924	fallback_evaluated_by_x_component_coloring	0	yes	WARNING: 3-strand relation used	4	12	10.729	
2265	1112312232434434	1122133442132344	7548	fallback_evaluated_by_x_component_coloring	0	no		1	5	1.128	
2251	1112312223434434	1231121432233444	20950	fallback_evaluated_by_x_component_coloring	0	no		1	7	4.494	
2561	1112321342234344	1211123323442434	12184	fallback_evaluated_by_x_component_coloring	0	no		2	4	2.605	
2436	1112314232234434	1231141222333444	21571	fallback_evaluated_by_x_component_coloring	0	no		2	7	9.441	
2522	1112321243432344	1211123323244434	12179	fallback_evaluated_by_x_component_coloring	0	no		2	6	5.524	
2520	1112321243423344	1211123323244434	12179	fallback_evaluated_by_x_component_coloring	0	no		4	6	9.321	
3209	1112324341223344	1231121432233444	20950	fallback_evaluated_by_x_component_coloring	0	no		1	8	7.316	
83	1111222343432434	1231124312234344	21502	fallback_evaluated_by_x_component_coloring	0	no		2	3	0.439	
91	1111223223434434	1231121432233444	20950	fallback_evaluated_by_x_component_coloring	0	no		1	8	6.250	
90	1111223223434344	1213211243233444	18865	fallback_evaluated_by_x_component_coloring	0	no		2	7	7.592	
92	1111223223443344	1211122343324434	12088	fallback_evaluated_by_x_component_coloring	0	no		4	4	10.762	
93	1111223223443434	1123231144223344	11050	fallback_evaluated_by_x_component_coloring	0	no		3	8	23.176	
116	1111223233442434	1231121432234344	20951	fallback_evaluated_by_x_component_coloring	0	no		4	5	6.678	
106	1111223232443344	1123211324432434	10334	fallback_evaluated_by_x_component_coloring	0	no		5	8	49.438	
117	1111223233444234	1231121432233444	20950	fallback_evaluated_by_x_component_coloring	0	no		4	6	9.936	
158	1111223322344434	1123211434223344	10394	fallback_evaluated_by_x_component_coloring	0	no		2	6	5.710	
157	1111223322344344	1122131243324434	7016	fallback_evaluated_by_x_component_coloring	0	no		4	6	13.078	
170	1111223323424434	1231121432233444	20950	fallback_evaluated_by_x_component_coloring	0	no		1	8	6.150	
176	1111223324234434	1213122142333444	18050	fallback_evaluated_by_x_component_coloring	0	no		2	7	9.742	
192	1111223342234434	1231121324432344	20905	fallback_evaluated_by_x_component_coloring	0	no		2	5	3.285	
195	1111223342323444	1123211324344234	10330	fallback_evaluated_by_x_component_coloring	0	no		2	5	3.599	
197	1111223342324434	1213211324432344	18913	fallback_evaluated_by_x_component_coloring	0	no		2	7	7.289	
214	1111223422343344	1234121123323444	23783	fallback_evaluated_by_x_component_coloring	0	no		1	3	0.020	
234	1111223432234434	1123231124432344	11031	fallback_evaluated_by_x_component_coloring	0	no		2	6	4.671	
239	1111223432324434	1123231124432344	11031	fallback_evaluated_by_x_component_coloring	0	no		2	6	4.264	
246	1111223432432434	1123231124423344	11029	fallback_evaluated_by_x_component_coloring	0	no		2	5	3.300	
259	1111232223434434	1213114232233444	17812	fallback_evaluated_by_x_component_coloring	0	no		1	7	4.925	
261	1111232223443434	1231114232243344	20785	fallback_evaluated_by_x_component_coloring	0	no		2	6	6.209	
269	1111232232344344	1123211324432434	10334	fallback_evaluated_by_x_component_coloring	0	no		1	8	6.288	
275	1111232232443434	1123211434223344	10394	fallback_evaluated_by_x_component_coloring	0	no		1	8	7.083	
273	1111232232434434	1213112423233444	17754	fallback_evaluated_by_x_component_coloring	-1	yes	WARNING: 3-strand relation used	4	12	9.619	
288	1111232234234434	1231112422333444	20719	fallback_evaluated_by_x_component_coloring	0	no		1	7	4.329	
290	1111232234243434	1231112322443344	20670	fallback_evaluated_by_x_component_coloring	0	no		1	6	4.186	
298	1111232234423434	1231112422343344	20722	fallback_evaluated_by_x_component_coloring	0	no		1	5	0.751	
299	1111232234432344	1213112322344434	17696	fallback_evaluated_by_x_component_coloring	0	no		2	4	2.878	
289	1111232234243344	1213211422333444	18937	fallback_evaluated_by_x_component_coloring	0	no		2	7	8.409	
306	1111232242343434	1123213414223344	10777	fallback_evaluated_by_x_component_coloring	0	no		2	5	3.859	
325	1111232322344344	1231112224334434	20604	fallback_evaluated_by_x_component_coloring	0	no		1	7	8.165	
329	1111232322434434	1213212143233444	19033	fallback_evaluated_by_x_component_coloring	0	no		1	7	5.398	
297	1111232234423344	1231112432233444	20740	fallback_evaluated_by_x_component_coloring	0	no		2	9	22.893	
344	1111232324234434	1231112243432344	20660	fallback_evaluated_by_x_component_coloring	0	no		1	6	3.230	
360	1111232342234434	1123214312432344	10942	fallback_evaluated_by_x_component_coloring	0	no		1	5	0.754	
324	1111232322343444	1231112243324344	20653	fallback_evaluated_by_x_component_coloring	-1	no		3	9	40.840	
381	1111232422334434	1231112234432344	20639	fallback_evaluated_by_x_component_coloring	0	no		1	5	1.466	
380	1111232422334344	1123213124432434	10648	fallback_evaluated_by_x_component_coloring	0	no		4	5	6.781	
391	1111232423324434	1231112243432344	20660	fallback_evaluated_by_x_component_coloring	0	no		1	6	3.085	
433	1111234223324434	1123211344232344	10354	fallback_evaluated_by_x_component_coloring	0	no		1	8	5.406	
512	1112122334234434	1122331142432344	8539	fallback_evaluated_by_x_component_coloring	0	no		2	6	5.500	
555	1112123223443434	1231211432234344	21929	fallback_evaluated_by_x_component_coloring	0	no		1	6	2.710	
563	1112123232344344	1231211423323444	21917	fallback_evaluated_by_x_component_coloring	0	no		1	6	2.312	
574	1112123233423444	1121322314344234	5692	fallback_evaluated_by_x_component_coloring	0	no		1	7	4.191	
599	1112123242343344	1231211423323444	21917	fallback_evaluated_by_x_component_coloring	0	no		1	6	2.192	
632	1112123323424434	1231211243233444	21835	fallback_evaluated_by_x_component_coloring	0	no		1	6	2.479	
641	1112123324323444	1121322341344234	5728	fallback_evaluated_by_x_component_coloring	0	no		1	6	2.080	
654	1112123342234434	1231421213432344	23371	fallback_evaluated_by_x_component_coloring	1	no		1	3	0.024	
735	1112132232434434	1122311324432344	7825	fallback_evaluated_by_x_component_coloring	0	no		2	6	6.644	
750	1112132234234434	1231212431432344	22143	fallback_evaluated_by_x_component_coloring	0	no		1	4	0.103	
748	1112132234233444	1231112432324344	20746	fallback_evaluated_by_x_component_coloring	0	no		2	6	4.329	
754	1112132234324344	1211312322344434	13868	fallback_evaluated_by_x_component_coloring	0	no		2	6	5.490	
791	1112132322434434	1122314134232344	8362	fallback_evaluated_by_x_component_coloring	0	no		1	5	1.946	
806	1112132324234434	1211312243432344	13862	fallback_evaluated_by_x_component_coloring	0	no		1	6	5.297	
822	1112132342234434	1231423112432344	23492	fallback_evaluated_by_x_component_coloring	0	no		1	4	0.141	
899	1112134223423344	1122311344232434	7847	fallback_evaluated_by_x_component_coloring	0	no		1	6	2.567	
906	1112134232234434	1231211432432344	21941	fallback_evaluated_by_x_component_coloring	0	yes	WARNING: 3-strand relation used	2	9	3.648	
1014	1112213223434344	1231211243233444	21835	fallback_evaluated_by_x_component_coloring	0	no		2	6	4.353	
1108	1112213324344234	1231211243323444	21840	fallback_evaluated_by_x_component_coloring	0	no		2	6	4.055	
1138	1112213422343344	1121232134432434	4662	fallback_evaluated_by_x_component_coloring	0	no		4	5	9.675	
1445	1112223431243344	1121232134432434	4662	fallback_evaluated_by_x_component_coloring	0	no		4	5	9.635	
1690	1112232134423434	1231212431243344	22133	fallback_evaluated_by_x_component_coloring	0	no		1	4	0.109	
1736	1112232314234434	1231213142432344	22213	fallback_evaluated_by_x_component_coloring	0	no		1	5	1.638	
2186	1112234312423344	1122311344232434	7847	fallback_evaluated_by_x_component_coloring	0	no		1	6	2.496	
2265	1112312232434434	1211132423342344	12404	fallback_evaluated_by_x_component_coloring	0	yes	WARNING: 3-strand relation used	1	10	1.747	
2251	1112312223434434	1231122433142344	21171	fallback_evaluated_by_x_component_coloring	0	no		2	4	3.454	
2298	1112312242343434	1231121423324344	20940	fallback_evaluated_by_x_component_coloring	0	no		1	6	2.580	
2436	1112314232234434	1231141223432344	21589	fallback_evaluated_by_x_component_coloring	-1	no		1	4	0.166	
2441	1112314232324434	1231121423342344	20942	fallback_evaluated_by_x_component_coloring	0	no		1	5	1.737	
2566	1112321342324344	1231124312233444	21501	fallback_evaluated_by_x_component_coloring	0	no		1	5	2.378	
2483	1112321233424344	1211123323244434	12179	fallback_evaluated_by_x_component_coloring	0	no		4	6	9.208	
2954	1112323241243434	1231121423324344	20940	fallback_evaluated_by_x_component_coloring	0	no		1	6	2.546	
3082	1112324132324344	1231121432233444	20950	fallback_evaluated_by_x_component_coloring	0	no		2	7	7.435	
23	1111222323443434	1123213144223344	10666	fallback_evaluated_by_x_component_coloring	-1	no		3	9	40.629	
90	1111223223434344	1231121432233444	20950	fallback_evaluated_by_x_component_coloring	1	no		2	8	24.928	
92	1111223223443344	1213121243233444	17887	fallback_evaluated_by_x_component_coloring	0	yes	WARNING: 3-strand relation used	8	14	26.281	
93	1111223223443434	1123211344223344	10352	fallback_evaluated_by_x_component_coloring	1	no		3	9	38.880	
106	1111223232443344	1213211423323444	18947	fallback_evaluated_by_x_component_coloring	0	no		4	5	6.958	
144	1111223243323444	1123211323444234	10319	fallback_evaluated_by_x_component_coloring	0	no		1	5	1.418	
158	1111223322344434	1213211423323444	18947	fallback_evaluated_by_x_component_coloring	0	no		3	7	9.875	
157	1111223322344344	1122121343324434	6730	fallback_evaluated_by_x_component_coloring	0	no		4	6	13.469	
176	1111223324234434	1213211242333444	18860	fallback_evaluated_by_x_component_coloring	0	no		1	7	4.863	
192	1111223342234434	1123243112432344	11480	fallback_evaluated_by_x_component_coloring	0	no		1	4	0.440	
199	1111223342342434	1231121423324344	20940	fallback_evaluated_by_x_component_coloring	0	no		1	7	4.004	
197	1111223342324434	1123211324432344	10333	fallback_evaluated_by_x_component_coloring	0	no		2	8	9.618	
234	1111223432234434	1213231124432344	19611	fallback_evaluated_by_x_component_coloring	0	no		2	5	3.412	
239	1111223432324434	1213231124432344	19611	fallback_evaluated_by_x_component_coloring	0	no		1	7	3.725	
259	1111232223434434	1213211243233444	18865	fallback_evaluated_by_x_component_coloring	0	no		2	6	5.400	
269	1111232232344344	1213211423323444	18947	fallback_evaluated_by_x_component_coloring	0	no		1	7	5.123	
261	1111232223443434	1123213144223344	10666	fallback_evaluated_by_x_component_coloring	0	no		2	7	9.085	
273	1111232232434434	1213112432233444	17770	fallback_evaluated_by_x_component_coloring	0	no		1	7	5.584	
275	1111232232443434	1213211423324344	18948	fallback_evaluated_by_x_component_coloring	0	no		1	7	5.891	
288	1111232234234434	1123213421432344	10795	fallback_evaluated_by_x_component_coloring	0	no		2	4	2.510	
290	1111232234243434	1213114222334344	17792	fallback_evaluated_by_x_component_coloring	0	no		1	8	9.448	
297	1111232234423344	1213214321233444	19530	fallback_evaluated_by_x_component_coloring	0	no		1	5	1.158	
299	1111232234432344	1231112322344434	20666	fallback_evaluated_by_x_component_coloring	0	no		1	4	0.106	
289	1111232234243344	1213114222333444	17791	fallback_evaluated_by_x_component_coloring	0	no		2	8	12.221	
298	1111232234423434	1213214321243344	19533	fallback_evaluated_by_x_component_coloring	0	no		2	6	6.593	
188	1111223324432434	1123211344223344	10352	fallback_evaluated_by_x_component_coloring	0	no		8	8	93.235	
306	1111232242343434	1231112423324344	20730	fallback_evaluated_by_x_component_coloring	0	no		1	7	3.899	
325	1111232322344344	1212113243324434	15128	fallback_evaluated_by_x_component_coloring	0	no		2	6	6.920	
316	1111232243342434	1123213414223344	10777	fallback_evaluated_by_x_component_coloring	0	no		3	6	10.683	
329	1111232322434434	1231112243233444	20647	fallback_evaluated_by_x_component_coloring	0	no		1	8	6.995	
344	1111232324234434	1123213142432344	10663	fallback_evaluated_by_x_component_coloring	0	no		2	5	3.144	
360	1111232342234434	1234112212333444	23647	fallback_evaluated_by_x_component_coloring	0	no		1	4	0.210	
381	1111232422334434	1123213124432344	10647	fallback_evaluated_by_x_component_coloring	0	no		2	6	3.922	
342	1111232324233444	1231112243324344	20653	fallback_evaluated_by_x_component_coloring	0	no		4	9	50.621	
515	1112122334323444	1121322133444234	5625	fallback_evaluated_by_x_component_coloring	0	no		4	6	10.691	
555	1112123223443434	1211322433124344	14371	fallback_evaluated_by_x_component_coloring	0	no		2	6	7.140	
654	1112123342234434	1211321423432344	14149	fallback_evaluated_by_x_component_coloring	0	no		1	5	3.248	
735	1112132232434434	1122311434232344	7888	fallback_evaluated_by_x_component_coloring	0	no		1	6	2.988	
750	1112132234234434	1231412321432344	23275	fallback_evaluated_by_x_component_coloring	1	no		1	4	0.171	
755	1112132234324434	1231112432342344	20748	fallback_evaluated_by_x_component_coloring	0	no		1	6	1.795	
791	1112132322434434	1122314342132344	8484	fallback_evaluated_by_x_component_coloring	0	no		1	4	0.171	
806	1112132324234434	1211314232432344	13997	fallback_evaluated_by_x_component_coloring	0	no		1	5	1.121	
822	1112132342234434	1231412213432344	23203	fallback_evaluated_by_x_component_coloring	1	no		1	4	0.124	
906	1112134232234434	1231211423432344	21925	fallback_evaluated_by_x_component_coloring	0	no		1	4	0.099	
1049	1112213234324434	1231121432342344	20958	fallback_evaluated_by_x_component_coloring	0	no		1	5	1.395	
1076	1112213243432344	1211132432234434	12414	fallback_evaluated_by_x_component_coloring	0	no		1	7	4.414	
1108	1112213324344234	1231121243323444	20862	fallback_evaluated_by_x_component_coloring	0	no		1	6	2.838	
1127	1112213342432344	1211132432234434	12414	fallback_evaluated_by_x_component_coloring	0	no		1	7	4.527	
1148	1112213423342344	1211233231424434	13508	fallback_evaluated_by_x_component_coloring	0	no		1	7	4.030	
1470	1112223434132344	1211233231424434	13508	fallback_evaluated_by_x_component_coloring	0	no		1	7	4.025	
1584	1112231342234434	1231423112432344	23492	fallback_evaluated_by_x_component_coloring	0	no		1	4	0.104	
1690	1112232134423434	1231213421243344	22335	fallback_evaluated_by_x_component_coloring	1	no		1	4	0.173	
1875	1112233123424344	1231112432233444	20740	fallback_evaluated_by_x_component_coloring	0	no		2	7	6.995	
2020	1112233412432344	1211314232234434	13986	fallback_evaluated_by_x_component_coloring	0	no		1	6	2.517	
2181	1112234312324344	1122311344232434	7847	fallback_evaluated_by_x_component_coloring	0	no		1	6	2.467	
2265	1112312232434434	1231142213342344	21668	fallback_evaluated_by_x_component_coloring	0	yes	WARNING: 3-strand relation used	2	8	1.548	
2251	1112312223434434	1231121243233444	20857	fallback_evaluated_by_x_component_coloring	0	no		2	5	2.614	
2436	1112314232234434	1231121423432344	20947	fallback_evaluated_by_x_component_coloring	0	no		1	4	0.442	
2571	1112321342423344	1231124312233444	21501	fallback_evaluated_by_x_component_coloring	0	no		1	5	2.411	
3124	1112324231324344	1231121432233444	20950	fallback_evaluated_by_x_component_coloring	0	no		2	7	7.483	
58	1111222334344234	1231112243323444	20652	fallback_evaluated_by_x_component_coloring	0	no		1	8	6.715	
77	1111222343342344	1231124321324434	21529	fallback_evaluated_by_x_component_coloring	0	no		1	6	4.068	
80	1111222343423344	1211123323244434	12179	fallback_evaluated_by_x_component_coloring	0	no		4	6	10.916	
92	1111223223443344	1231121432243434	20954	fallback_evaluated_by_x_component_coloring	-1	no		5	6	21.992	
93	1111223223443434	1213211344223344	18932	fallback_evaluated_by_x_component_coloring	0	no		5	6	24.009	
102	1111223232344434	1213211324432344	18913	fallback_evaluated_by_x_component_coloring	0	no		3	6	6.501	
100	1111223232343444	1123211324434234	10335	fallback_evaluated_by_x_component_coloring	1	no		2	7	17.708	
127	1111223234342434	1231121432324344	20956	fallback_evaluated_by_x_component_coloring	0	no		2	5	3.347	
157	1111223322344344	1212121343324434	15310	fallback_evaluated_by_x_component_coloring	0	no		2	5	4.132	
158	1111223322344434	1231121243324344	20863	fallback_evaluated_by_x_component_coloring	-1	no		2	6	5.149	
172	1111223323442434	1231121432234344	20951	fallback_evaluated_by_x_component_coloring	0	no		1	7	3.860	
176	1111223324234434	1123211342432344	10349	fallback_evaluated_by_x_component_coloring	0	no		2	6	4.521	
192	1111223342234434	1213121324432344	17935	fallback_evaluated_by_x_component_coloring	0	no		2	4	2.835	
234	1111223432234434	1213142213432344	18703	fallback_evaluated_by_x_component_coloring	0	no		2	4	2.732	
259	1111232223434434	1231112432233444	20740	fallback_evaluated_by_x_component_coloring	0	no		1	9	8.915	
275	1111232232443434	1213211324243344	18903	fallback_evaluated_by_x_component_coloring	0	yes	WARNING: 3-strand relation used	3	9	4.494	
273	1111232232434434	1213114223233444	17796	fallback_evaluated_by_x_component_coloring	0	no		2	8	8.568	
261	1111232223443434	1123211344223344	10352	fallback_evaluated_by_x_component_coloring	0	no		1	10	16.417	
288	1111232234234434	1231112432432344	20753	fallback_evaluated_by_x_component_coloring	0	no		2	4	2.437	
285	1111232233444234	1231112432233444	20740	fallback_evaluated_by_x_component_coloring	0	no		2	6	5.046	
293	1111232234324434	1231112432342344	20748	fallback_evaluated_by_x_component_coloring	0	no		2	5	2.249	
297	1111232234423344	1213112322344434	17696	fallback_evaluated_by_x_component_coloring	0	no		2	5	3.915	
298	1111232234423434	1123214321243344	10953	fallback_evaluated_by_x_component_coloring	0	no		1	6	3.273	
290	1111232234243434	1213214321423344	19541	fallback_evaluated_by_x_component_coloring	0	no		3	6	8.656	
289	1111232234243344	1213211322443434	18889	fallback_evaluated_by_x_component_coloring	0	no		4	6	12.487	
299	1111232234432344	1122113432234434	6636	fallback_evaluated_by_x_component_coloring	0	no		4	6	16.104	
324	1111232322343444	1123213144223344	10666	fallback_evaluated_by_x_component_coloring	0	no		2	6	5.051	
329	1111232322434434	1213214123233444	19416	fallback_evaluated_by_x_component_coloring	0	no		2	5	3.282	
344	1111232324234434	1123213241432344	10739	fallback_evaluated_by_x_component_coloring	0	no		2	6	6.657	
325	1111232322344344	1213112243323444	17682	fallback_evaluated_by_x_component_coloring	0	no		5	6	23.904	
360	1111232342234434	1213214312432344	19522	fallback_evaluated_by_x_component_coloring	0	yes	WARNING: 3-strand relation used	1	9	0.291	
391	1111232423324434	1123213142432344	10663	fallback_evaluated_by_x_component_coloring	0	no		2	6	4.085	
429	1111234223243344	1213211243323444	18870	fallback_evaluated_by_x_component_coloring	0	no		2	6	4.886	
432	1111234223324344	1123211344232434	10355	fallback_evaluated_by_x_component_coloring	0	no		1	8	5.939	
445	1111234232243344	1123211324432434	10334	fallback_evaluated_by_x_component_coloring	0	no		3	7	9.985	
504	1112122333423444	1121322134344234	5636	fallback_evaluated_by_x_component_coloring	0	no		2	6	4.563	
555	1112123223443434	1211321243234344	14060	fallback_evaluated_by_x_component_coloring	0	yes	WARNING: 3-strand relation used	3	13	8.211	
598	1112123242334434	1231211324432344	21883	fallback_evaluated_by_x_component_coloring	0	no		1	7	4.317	
654	1112123342234434	1231411223432344	23119	fallback_evaluated_by_x_component_coloring	0	no		1	3	0.025	
746	1112132233442434	1231112432234344	20741	fallback_evaluated_by_x_component_coloring	0	no		2	6	3.465	
753	1112132234323444	1121323421344234	5986	fallback_evaluated_by_x_component_coloring	0	no		1	4	0.434	
759	1112132234423344	1231112432342434	20749	fallback_evaluated_by_x_component_coloring	0	no		1	6	2.132	
735	1112132232434434	1122313214243344	8185	fallback_evaluated_by_x_component_coloring	0	no		5	7	21.577	
783	1112132243432434	1231112432234344	20741	fallback_evaluated_by_x_component_coloring	0	no		2	6	3.498	
791	1112132322434434	1122331124243344	8513	fallback_evaluated_by_x_component_coloring	0	no		2	6	4.682	
806	1112132324234434	1211213342432344	12677	fallback_evaluated_by_x_component_coloring	0	yes	WARNING: 3-strand relation used	2	8	0.241	
809	1112132324323444	1121323241344234	5930	fallback_evaluated_by_x_component_coloring	0	no		1	6	2.440	
822	1112132342234434	1231214213432344	22441	fallback_evaluated_by_x_component_coloring	0	no		1	4	0.083	
906	1112134232234434	1231411223432344	23119	fallback_evaluated_by_x_component_coloring	-1	no		1	3	0.029	
977	1112212334323444	1211233231444234	13511	fallback_evaluated_by_x_component_coloring	0	no		1	7	3.849	
1094	1112213323424434	1231211243233444	21835	fallback_evaluated_by_x_component_coloring	0	no		1	7	3.834	
1137	1112213422334434	1231231124432344	22581	fallback_evaluated_by_x_component_coloring	0	no		1	6	1.738	
1141	1112213423234344	1211233231442434	13510	fallback_evaluated_by_x_component_coloring	0	no		1	6	3.594	
1432	1112223413324344	1211233231244434	13505	fallback_evaluated_by_x_component_coloring	0	no		2	6	4.615	
1453	1112223431423344	1121232134432434	4662	fallback_evaluated_by_x_component_coloring	0	no		2	6	5.171	
1621	1112231423432344	1211314232234434	13986	fallback_evaluated_by_x_component_coloring	0	no		1	6	2.528	
1731	1112232313442344	1211314232234434	13986	fallback_evaluated_by_x_component_coloring	0	no		1	6	2.596	
2251	1112312223434434	1231141232233444	21592	fallback_evaluated_by_x_component_coloring	0	no		2	5	3.035	
2265	1112312232434434	1231142213233444	21660	fallback_evaluated_by_x_component_coloring	0	no		1	6	4.580	
2436	1112314232234434	1231142312432344	21724	fallback_evaluated_by_x_component_coloring	0	no		1	4	0.104	
2301	1112312243234434	1231121324432344	20905	fallback_evaluated_by_x_component_coloring	0	no		2	4	2.686	
2484	1112321233424434	1231124323142344	21541	fallback_evaluated_by_x_component_coloring	1	no		1	4	0.455	
2520	1112321243423344	1231124312233444	21501	fallback_evaluated_by_x_component_coloring	0	no		1	5	2.430	
2935	1112323231424344	1231121432233444	20950	fallback_evaluated_by_x_component_coloring	0	no		2	7	7.284	
3056	1112324122334344	1231121432233444	20950	fallback_evaluated_by_x_component_coloring	0	no		2	7	7.426	
3087	1112324132423344	1231121432233444	20950	fallback_evaluated_by_x_component_coloring	0	no		2	7	7.331	
62	1111222334432434	1231112243324344	20653	fallback_evaluated_by_x_component_coloring	0	no		3	7	9.322	
92	1111223223443344	1213121243323444	17892	fallback_evaluated_by_x_component_coloring	0	no		2	6	4.652	
93	1111223223443434	1231121344223344	20924	fallback_evaluated_by_x_component_coloring	0	no		3	4	5.444	
102	1111223232344434	1123211324432344	10333	fallback_evaluated_by_x_component_coloring	-1	no		2	8	19.557	
117	1111223233444234	1231121423323444	20939	fallback_evaluated_by_x_component_coloring	0	no		2	6	3.649	
157	1111223322344344	1211122343324434	12088	fallback_evaluated_by_x_component_coloring	0	no		1	5	2.954	
158	1111223322344434	1213211423324344	18948	fallback_evaluated_by_x_component_coloring	0	no		2	6	6.319	
176	1111223324234434	1231121242333444	20852	fallback_evaluated_by_x_component_coloring	0	yes	WARNING: 3-strand relation used	2	9	1.724	
192	1111223342234434	1123231412432344	11158	fallback_evaluated_by_x_component_coloring	0	no		2	5	2.332	
234	1111223432234434	1213243112432344	20060	fallback_evaluated_by_x_component_coloring	0	no		1	5	0.749	
259	1111232223434434	1231112243233444	20647	fallback_evaluated_by_x_component_coloring	0	no		1	7	4.723	
261	1111232223443434	1213211344223344	18932	fallback_evaluated_by_x_component_coloring	0	no		3	6	9.016	
273	1111232232434434	1213211434232344	18976	fallback_evaluated_by_x_component_coloring	0	yes	WARNING: 3-strand relation used	4	12	9.703	
275	1111232232443434	1123211324243344	10323	fallback_evaluated_by_x_component_coloring	0	yes	WARNING: 3-strand relation used	3	15	12.711	
281	1111232233424344	1213112432233444	17770	fallback_evaluated_by_x_component_coloring	0	no		2	6	5.450	
284	1111232233442434	1231112432234344	20741	fallback_evaluated_by_x_component_coloring	0	no		2	5	3.065	
288	1111232234234434	1213112432432344	17783	fallback_evaluated_by_x_component_coloring	0	no		1	5	0.954	
290	1111232234243434	1123214321423344	10961	fallback_evaluated_by_x_component_coloring	0	no		1	6	3.447	
298	1111232234423434	1234112321243344	23727	fallback_evaluated_by_x_component_coloring	1	no		1	3	0.026	
297	1111232234423344	1123213442132434	10825	fallback_evaluated_by_x_component_coloring	0	no		1	5	2.135	
299	1111232234432344	1231112432234434	20742	fallback_evaluated_by_x_component_coloring	0	no		2	6	4.389	
289	1111232234243344	1123211322443434	10309	fallback_evaluated_by_x_component_coloring	0	no		5	7	25.778	
316	1111232243342434	1123213441223344	10817	fallback_evaluated_by_x_component_coloring	0	no		1	6	3.046	
329	1111232322434434	1231112243342344	20655	fallback_evaluated_by_x_component_coloring	0	no		4	5	8.967	
344	1111232324234434	1123214132432344	10865	fallback_evaluated_by_x_component_coloring	0	no		1	6	2.807	
360	1111232342234434	1213214213432344	19471	fallback_evaluated_by_x_component_coloring	0	no		1	5	0.984	
325	1111232322344344	1123213214432434	10704	fallback_evaluated_by_x_component_coloring	0	no		5	7	30.478	
405	1111232432323444	1123213124344234	10644	fallback_evaluated_by_x_component_coloring	0	no		2	3	0.425	
431	1111234223323444	1123211342344234	10346	fallback_evaluated_by_x_component_coloring	0	no		2	3	0.365	
445	1111234232243344	1213211423323444	18947	fallback_proved_zero	0	no		0	4	1.071	
391	1111232423324434	1123213144232344	10668	fallback_evaluated_by_x_component_coloring	0	no		2	7	7.926	
492	1112122332343444	1122331124423344	8521	fallback_evaluated_by_x_component_coloring	0	no		1	8	6.817	
555	1112123223443434	1211321243243344	14062	fallback_evaluated_by_x_component_coloring	0	yes	WARNING: 3-strand relation used	1	10	1.643	
572	1112123233244344	1231211423323444	21917	fallback_evaluated_by_x_component_coloring	0	no		2	6	4.026	
576	1112123233424434	1231211324432344	21883	fallback_evaluated_by_x_component_coloring	0	no		1	7	4.387	
633	1112123323442344	1231411232234434	23124	fallback_evaluated_by_x_component_coloring	0	no		1	4	0.096	
735	1112132232434434	1122313412243344	8256	fallback_evaluated_by_x_component_coloring	0	yes	WARNING: 3-strand relation used	3	8	2.127	
745	1112132233442344	1231112432234434	20742	fallback_evaluated_by_x_component_coloring	0	no		2	5	3.000	
791	1112132322434434	1122334124132344	8756	fallback_evaluated_by_x_component_coloring	0	no		1	4	0.228	
806	1112132324234434	1231213142432344	22213	fallback_evaluated_by_x_component_coloring	0	no		1	5	1.640	
996	1112212343243344	1211233213442434	13484	fallback_evaluated_by_x_component_coloring	0	no		1	7	4.048	
1048	1112213234324344	1231121432233444	20950	fallback_evaluated_by_x_component_coloring	0	no		4	6	10.266	
1121	1112213342324434	1231121324432344	20905	fallback_evaluated_by_x_component_coloring	0	no		1	5	1.933	
1553	1112231322434434	1231112243342344	20655	fallback_evaluated_by_x_component_coloring	0	no		2	5	4.537	
1568	1112231324234434	1231213142432344	22213	fallback_evaluated_by_x_component_coloring	0	no		1	5	1.638	
1823	1112232413432344	1211314232234434	13986	fallback_evaluated_by_x_component_coloring	0	no		1	6	2.546	
2251	1112312223434434	1231121243342344	20865	fallback_evaluated_by_x_component_coloring	0	no		1	5	1.525	
2265	1112312232434434	1231142213243344	21663	fallback_evaluated_by_x_component_coloring	0	no		1	6	4.434	
2436	1112314232234434	1231122413432344	21149	fallback_evaluated_by_x_component_coloring	0	yes	WARNING: 3-strand relation used	2	7	0.059	
2561	1112321342234344	1231123213442434	21260	fallback_evaluated_by_x_component_coloring	0	no		1	4	0.106	
2483	1112321233424344	1231124312233444	21501	fallback_evaluated_by_x_component_coloring	0	no		1	5	2.432	
21	1111222323434434	1231112243342344	20655	fallback_evaluated_by_x_component_coloring	0	no		2	5	4.091	
73	1111222343243434	1231124321324344	21528	fallback_evaluated_by_x_component_coloring	0	no		1	6	3.266	
93	1111223223443434	1213121344223344	17954	fallback_evaluated_by_x_component_coloring	0	no		2	4	3.799	
91	1111223223434434	1123211344232344	10354	fallback_evaluated_by_x_component_coloring	1	no		2	7	11.239	
92	1111223223443344	1213121432243434	17984	fallback_evaluated_by_x_component_coloring	0	no		4	6	11.087	
98	1111223224343434	1123211344223344	10352	fallback_evaluated_by_x_component_coloring	0	no		4	9	47.573	
144	1111223243323444	1123122313444234	9509	fallback_evaluated_by_x_component_coloring	0	no		2	5	2.990	
158	1111223322344434	1213121243324344	17893	fallback_evaluated_by_x_component_coloring	0	no		2	6	5.111	
157	1111223322344344	1123231214432434	11088	fallback_evaluated_by_x_component_coloring	0	no		5	6	21.172	
156	1111223322343444	1231121243324344	20863	fallback_evaluated_by_x_component_coloring	-1	no		3	8	25.267	
170	1111223323424434	1123211344232344	10354	fallback_evaluated_by_x_component_coloring	0	no		2	7	11.348	
176	1111223324234434	1231121422333444	20929	fallback_evaluated_by_x_component_coloring	0	no		1	7	4.855	
169	1111223323424344	1231121432233444	20950	fallback_evaluated_by_x_component_coloring	0	no		2	8	24.733	
192	1111223342234434	1123241312432344	11410	fallback_evaluated_by_x_component_coloring	0	no		1	4	0.087	
234	1111223432234434	1123243112432344	11480	fallback_evaluated_by_x_component_coloring	0	no		1	4	0.104	
259	1111232223434434	1231112243342344	20655	fallback_evaluated_by_x_component_coloring	0	no		2	5	3.818	
261	1111232223443434	1231112243234344	20648	fallback_evaluated_by_x_component_coloring	0	no		1	6	3.083	
273	1111232232434434	1123211434232344	10396	fallback_evaluated_by_x_component_coloring	0	no		1	6	2.817	
275	1111232232443434	1213211423234344	18943	fallback_evaluated_by_x_component_coloring	0	no		2	5	3.407	
282	1111232233424434	1213112432233444	17770	fallback_evaluated_by_x_component_coloring	0	no		1	7	4.497	
288	1111232234234434	1213212431432344	19173	fallback_evaluated_by_x_component_coloring	0	no		1	5	0.939	
284	1111232233442434	1123213414223344	10777	fallback_evaluated_by_x_component_coloring	0	no		4	5	8.785	
297	1111232234423344	1231112322344434	20666	fallback_evaluated_by_x_component_coloring	0	no		1	4	0.430	
293	1111232234324434	1123213441232344	10819	fallback_evaluated_by_x_component_coloring	0	no		1	5	1.086	
290	1111232234243434	1213214321324344	19536	fallback_evaluated_by_x_component_coloring	0	no		1	6	3.309	
289	1111232234243344	1234111222333444	23563	fallback_evaluated_by_x_component_coloring	0	no		2	5	5.034	
298	1111232234423434	1213212431243344	19163	fallback_evaluated_by_x_component_coloring	0	no		1	5	0.961	
299	1111232234432344	1122113432324434	6641	fallback_evaluated_by_x_component_coloring	0	no		4	5	7.736	
317	1111232243344234	1231112423323444	20729	fallback_evaluated_by_x_component_coloring	0	no		1	8	5.451	
316	1111232243342434	1231112423324344	20730	fallback_evaluated_by_x_component_coloring	0	no		2	7	8.036	
325	1111232322344344	1123213124432434	10648	fallback_evaluated_by_x_component_coloring	0	no		1	7	3.796	
329	1111232322434434	1213214132233444	19432	fallback_evaluated_by_x_component_coloring	0	no		2	6	7.014	
344	1111232324234434	1234112122333444	23605	fallback_evaluated_by_x_component_coloring	0	no		1	5	1.654	
360	1111232342234434	1234112213432344	23665	fallback_evaluated_by_x_component_coloring	1	no		1	3	0.027	
381	1111232422334434	1123213144232344	10668	fallback_evaluated_by_x_component_coloring	0	no		2	6	3.964	
426	1111234223233444	1123211342434234	10351	fallback_evaluated_by_x_component_coloring	0	no		2	5	2.368	
433	1111234223324434	1213211342432344	18929	fallback_proved_zero	0	no		0	4	0.682	
429	1111234223243344	1123211344223434	10353	fallback_evaluated_by_x_component_coloring	0	no		1	8	5.275	
555	1112123223443434	1211321342243344	14113	fallback_evaluated_by_x_component_coloring	0	no		2	6	7.110	
735	1112132232434434	1122313414232344	8271	fallback_evaluated_by_x_component_coloring	0	no		2	4	2.312	
753	1112132234323444	1231412321344234	23272	fallback_evaluated_by_x_component_coloring	-1	no		1	4	0.297	
754	1112132234324344	1231112432342434	20749	fallback_evaluated_by_x_component_coloring	0	no		1	6	2.187	
791	1112132322434434	1122334142132344	8770	fallback_evaluated_by_x_component_coloring	0	no		2	3	0.803	
806	1112132324234434	1231213241432344	22289	fallback_evaluated_by_x_component_coloring	0	no		2	4	2.444	
996	1112212343243344	1121233213442434	4904	fallback_evaluated_by_x_component_coloring	0	no		2	6	4.326	
1147	1112213423324434	1231231142432344	22597	fallback_evaluated_by_x_component_coloring	0	no		1	6	2.053	
2265	1112312232434434	1211132434232344	12430	fallback_evaluated_by_x_component_coloring	0	no		1	5	1.213	
2251	1112312223434434	1231141232243344	21595	fallback_evaluated_by_x_component_coloring	0	no		1	6	4.189	
2301	1112312243234434	1231121423432344	20947	fallback_evaluated_by_x_component_coloring	0	no		1	4	0.488	
2483	1112321233424344	1231124323142434	21542	fallback_evaluated_by_x_component_coloring	1	no		1	5	1.803	
2520	1112321243423344	1231124323142434	21542	fallback_evaluated_by_x_component_coloring	0	no		1	5	1.767	
46	1111222333442434	1231112243324344	20653	fallback_evaluated_by_x_component_coloring	0	no		4	6	10.506	
77	1111222343342344	1211123323424434	12182	fallback_evaluated_by_x_component_coloring	0	no		2	6	5.588	
93	1111223223443434	1211132344223344	12386	fallback_evaluated_by_x_component_coloring	0	no		2	5	4.753	
92	1111223223443344	1213121432233444	17980	fallback_evaluated_by_x_component_coloring	0	no		3	6	7.726	
110	1111223233244344	1123211324432434	10334	fallback_evaluated_by_x_component_coloring	0	no		5	8	53.942	
129	1111223234423344	1231121432233444	20950	fallback_evaluated_by_x_component_coloring	0	no		3	8	22.208	
158	1111223322344434	1213121243323444	17892	fallback_evaluated_by_x_component_coloring	-1	no		3	5	6.229	
175	1111223324234344	1123211342432434	10350	fallback_evaluated_by_x_component_coloring	0	no		2	6	5.309	
157	1111223322344344	1213211434223434	18975	fallback_evaluated_by_x_component_coloring	0	yes	WARNING: 3-strand relation used	8	14	26.386	
192	1111223342234434	1234121212333444	23815	fallback_evaluated_by_x_component_coloring	0	no		1	3	0.031	
176	1111223324234434	1231141222333444	21571	fallback_evaluated_by_x_component_coloring	0	no		5	7	25.842	
197	1111223342324434	1231121324432344	20905	fallback_evaluated_by_x_component_coloring	0	no		1	6	2.554	
234	1111223432234434	1212133124432344	15951	fallback_evaluated_by_x_component_coloring	0	no		2	6	6.806	
259	1111232223434434	1213212433142344	19179	fallback_evaluated_by_x_component_coloring	0	no		2	4	3.403	
261	1111232223443434	1231112344223344	20714	fallback_evaluated_by_x_component_coloring	0	no		2	4	3.115	
275	1111232232443434	1234111223234344	23569	fallback_evaluated_by_x_component_coloring	0	no		2	3	0.585	
273	1111232232434434	1213211423233444	18942	fallback_evaluated_by_x_component_coloring	0	no		2	6	5.168	
288	1111232234234434	1234112321432344	23737	fallback_evaluated_by_x_component_coloring	1	no		1	3	0.032	
290	1111232234243434	1231112432324344	20746	fallback_evaluated_by_x_component_coloring	0	no		2	5	3.472	
298	1111232234423434	1213112422343344	17752	fallback_evaluated_by_x_component_coloring	0	yes	WARNING: 3-strand relation used	1	9	0.275	
299	1111232234432344	1213112432234434	17772	fallback_evaluated_by_x_component_coloring	0	no		2	5	3.140	
297	1111232234423344	1122113432432434	6648	fallback_evaluated_by_x_component_coloring	0	no		4	5	7.903	
289	1111232234243344	1213214321432434	19544	fallback_evaluated_by_x_component_coloring	0	no		2	8	13.244	
305	1111232242343344	1123211324432434	10334	fallback_evaluated_by_x_component_coloring	0	no		1	8	6.292	
309	1111232243234434	1123213412432344	10774	fallback_evaluated_by_x_component_coloring	0	no		2	4	1.548	
292	1111232234324344	1231112432233444	20740	fallback_evaluated_by_x_component_coloring	0	no		2	9	22.914	
329	1111232322434434	1231114234232344	20800	fallback_evaluated_by_x_component_coloring	0	no		2	3	0.533	
325	1111232322344344	1213114223323444	17801	fallback_evaluated_by_x_component_coloring	0	no		2	6	6.506	
344	1111232324234434	1212113342432344	15185	fallback_evaluated_by_x_component_coloring	0	yes	WARNING: 3-strand relation used	1	10	1.635	
360	1111232342234434	1213114223432344	17809	fallback_evaluated_by_x_component_coloring	0	no		1	5	1.009	
381	1111232422334434	1213213124432344	19227	fallback_evaluated_by_x_component_coloring	0	no		1	6	3.262	
382	1111232422343344	1231112243323444	20652	fallback_evaluated_by_x_component_coloring	0	no		3	9	38.695	
555	1112123223443434	1231211243243344	21838	fallback_evaluated_by_x_component_coloring	0	no		1	5	0.942	
548	1112123223343444	1122311344223344	7844	fallback_evaluated_by_x_component_coloring	0	no		1	8	6.715	
567	1112123232434434	1231211324432344	21883	fallback_evaluated_by_x_component_coloring	0	no		1	7	4.262	
735	1112132232434434	1122313424132344	8302	fallback_evaluated_by_x_component_coloring	0	yes	WARNING: 3-strand relation used	3	6	0.099	
734	1112132232434344	1231112432233444	20740	fallback_evaluated_by_x_component_coloring	0	no		4	6	9.417	
743	1112132233424344	1231112432233444	20740	fallback_evaluated_by_x_component_coloring	0	no		4	6	9.508	
791	1112132322434434	1122334412132344	8784	fallback_evaluated_by_x_component_coloring	0	no		1	3	0.052	
806	1112132324234434	1231214132432344	22415	fallback_evaluated_by_x_component_coloring	0	yes	WARNING: 3-strand relation used	3	7	0.411	
1094	1112213323424434	1231121243342344	20865	fallback_evaluated_by_x_component_coloring	0	no		1	5	1.587	
1563	1112231323442344	1211314232234434	13986	fallback_evaluated_by_x_component_coloring	0	no		1	6	2.528	
1675	1112232133442344	1211312432234434	13944	fallback_evaluated_by_x_component_coloring	0	no		1	6	2.267	
2251	1112312223434434	1231142233142344	21695	fallback_evaluated_by_x_component_coloring	0	no		1	5	2.836	
2265	1112312232434434	1231121423233444	20934	fallback_evaluated_by_x_component_coloring	0	no		2	5	3.289	
2566	1112321342324344	1231124323142434	21542	fallback_evaluated_by_x_component_coloring	0	no		1	5	1.836	
71	1111222343234434	1123234112432344	11228	fallback_evaluated_by_x_component_coloring	0	no		2	3	0.666	
93	1111223223443434	1123211342243344	10339	fallback_evaluated_by_x_component_coloring	0	no		2	7	9.036	
92	1111223223443344	1122131432243434	7106	fallback_evaluated_by_x_component_coloring	0	no		4	6	13.332	
110	1111223233244344	1213211423323444	18947	fallback_evaluated_by_x_component_coloring	0	no		4	6	11.859	
121	1111223234243344	1231121432323444	20955	fallback_evaluated_by_x_component_coloring	0	no		2	6	5.303	
138	1111223242343434	1231121423324344	20940	fallback_evaluated_by_x_component_coloring	0	no		1	7	4.015	
153	1111223243432434	1231121423324344	20940	fallback_evaluated_by_x_component_coloring	0	no		2	6	4.023	
157	1111223322344344	1123231124432434	11032	fallback_evaluated_by_x_component_coloring	0	no		2	6	5.261	
158	1111223322344434	1213121423323444	17969	fallback_evaluated_by_x_component_coloring	0	no		2	5	4.602	
167	1111223323244434	1231121243324344	20863	fallback_evaluated_by_x_component_coloring	0	no		3	6	8.465	
176	1111223324234434	1213211342432344	18929	fallback_evaluated_by_x_component_coloring	0	no		2	5	3.359	
192	1111223342234434	1231121423432344	20947	fallback_evaluated_by_x_component_coloring	0	no		1	5	1.445	
234	1111223432234434	1123231142432344	11047	fallback_evaluated_by_x_component_coloring	0	no		2	5	3.252	
259	1111232223434434	1123213442132344	10824	fallback_evaluated_by_x_component_coloring	0	no		2	3	0.465	
268	1111232232343444	1123211324434234	10335	fallback_evaluated_by_x_component_coloring	0	no		1	7	5.070	
261	1111232223443434	1212113344223344	15188	fallback_evaluated_by_x_component_coloring	0	no		2	6	7.043	
272	1111232232434344	1213112432233444	17770	fallback_evaluated_by_x_component_coloring	0	no		2	6	5.466	
273	1111232232434434	1123211324243344	10323	fallback_evaluated_by_x_component_coloring	0	yes	WARNING: 3-strand relation used	3	14	9.700	
275	1111232232443434	1213211324423344	18911	fallback_evaluated_by_x_component_coloring	0	no		1	7	5.177	
284	1111232233442434	1123213442123344	10822	fallback_evaluated_by_x_component_coloring	0	no		1	5	1.469	
291	1111232234323444	1231112432344234	20750	fallback_evaluated_by_x_component_coloring	0	no		2	3	0.432	
290	1111232234243434	1231112422334344	20720	fallback_evaluated_by_x_component_coloring	0	no		1	6	2.819	
299	1111232234432344	1231112432324434	20747	fallback_evaluated_by_x_component_coloring	0	no		2	5	3.238	
289	1111232234243344	1123214321432434	10964	fallback_evaluated_by_x_component_coloring	0	no		1	8	8.439	
297	1111232234423344	1122113432342434	6643	fallback_evaluated_by_x_component_coloring	0	no		4	4	7.063	
305	1111232242343344	1213211423323444	18947	fallback_evaluated_by_x_component_coloring	0	no		1	7	4.453	
318	1111232243423344	1123213442132434	10825	fallback_evaluated_by_x_component_coloring	0	no		1	6	3.065	
329	1111232322434434	1231112234432344	20639	fallback_evaluated_by_x_component_coloring	0	no		1	5	1.463	
347	1111232324323444	1123213142344234	10660	fallback_evaluated_by_x_component_coloring	0	no		2	3	0.418	
344	1111232324234434	1213214132432344	19445	fallback_evaluated_by_x_component_coloring	0	yes	WARNING: 3-strand relation used	2	9	1.902	
325	1111232322344344	1213213214432434	19284	fallback_evaluated_by_x_component_coloring	0	no		3	7	11.367	
429	1111234223243344	1123211342432434	10350	fallback_evaluated_by_x_component_coloring	0	no		2	6	3.656	
552	1112123223434344	1122311344232434	7847	fallback_evaluated_by_x_component_coloring	0	no		1	6	2.617	
558	1112123224334434	1122311344232344	7846	fallback_evaluated_by_x_component_coloring	0	no		1	7	3.774	
555	1112123223443434	1231211342243344	21889	fallback_evaluated_by_x_component_coloring	0	no		1	6	4.282	
735	1112132232434434	1122313442132344	8316	fallback_evaluated_by_x_component_coloring	0	no		1	4	0.151	
791	1112132322434434	1231112234432344	20639	fallback_evaluated_by_x_component_coloring	0	no		1	4	0.458	
782	1112132243432344	1231112432234434	20742	fallback_evaluated_by_x_component_coloring	0	no		2	5	2.962	
806	1112132324234434	1231423121432344	23513	fallback_evaluated_by_x_component_coloring	0	no		1	4	0.504	
851	1112132423323444	1121324321344234	6154	fallback_evaluated_by_x_component_coloring	0	no		1	5	1.651	
843	1112132422334434	1122331124432344	8523	fallback_evaluated_by_x_component_coloring	0	no		2	7	7.275	
958	1112212332434344	1121232134432434	4662	fallback_evaluated_by_x_component_coloring	0	no		2	6	5.241	
980	1112212334342344	1211233231424434	13508	fallback_evaluated_by_x_component_coloring	0	no		1	7	3.952	
1047	1112213234323444	1121233421344234	5008	fallback_evaluated_by_x_component_coloring	0	no		1	4	0.439	
1116	1112213342234434	1231121324432344	20905	fallback_evaluated_by_x_component_coloring	0	no		2	4	2.682	
1138	1112213422343344	1231241123323444	22859	fallback_evaluated_by_x_component_coloring	0	no		1	4	0.286	
1136	1112213422334344	1121232134432434	4662	fallback_evaluated_by_x_component_coloring	0	no		2	6	5.280	
1427	1112223413234344	1211233231442434	13510	fallback_evaluated_by_x_component_coloring	0	no		1	6	3.510	
1445	1112223431243344	1231231124423434	22580	fallback_evaluated_by_x_component_coloring	1	no		1	4	0.301	
1434	1112223413342344	1211233231424434	13508	fallback_evaluated_by_x_component_coloring	0	no		1	7	4.048	
1553	1112231322434434	1231213124432344	22197	fallback_evaluated_by_x_component_coloring	0	no		1	6	2.285	
2251	1112312223434434	1231142342132344	21774	fallback_evaluated_by_x_component_coloring	1	no		1	3	0.030	
2274	1112312233424434	1231121324432344	20905	fallback_evaluated_by_x_component_coloring	0	no		1	5	1.697	
2265	1112312232434434	1231122413233444	21136	fallback_evaluated_by_x_component_coloring	0	no		1	6	3.758	
2571	1112321342423344	1231124323142434	21542	fallback_evaluated_by_x_component_coloring	0	no		1	5	1.803	
28	1111222324343434	1231112243324344	20653	fallback_evaluated_by_x_component_coloring	0	no		2	8	9.448	
57	1111222334342434	1231124321324344	21528	fallback_evaluated_by_x_component_coloring	0	no		2	5	3.711	
58	1111222334344234	1231124321323444	21527	fallback_evaluated_by_x_component_coloring	0	no		2	3	0.503	
80	1111222343423344	1231124312233444	21501	fallback_evaluated_by_x_component_coloring	0	no		2	5	3.561	
93	1111223223443434	1213211342243344	18919	fallback_evaluated_by_x_component_coloring	0	no		2	6	6.714	
92	1111223223443344	1213122143323444	18060	fallback_evaluated_by_x_component_coloring	0	no		6	7	40.483	
124	1111223234324344	1231121432233444	20950	fallback_evaluated_by_x_component_coloring	0	no		3	8	22.699	
157	1111223322344344	1123211434223434	10395	fallback_evaluated_by_x_component_coloring	0	no		3	5	4.959	
158	1111223322344434	1213122143323444	18060	fallback_evaluated_by_x_component_coloring	0	no		4	6	12.527	
171	1111223323442344	1213211243234434	18867	fallback_evaluated_by_x_component_coloring	0	no		1	5	2.393	
176	1111223324234434	1123231142432344	11047	fallback_evaluated_by_x_component_coloring	0	no		2	5	3.376	
192	1111223342234434	1213122413432344	18179	fallback_evaluated_by_x_component_coloring	0	yes	WARNING: 3-strand relation used	5	10	7.608	
190	1111223342233444	1123211324434234	10335	fallback_evaluated_by_x_component_coloring	0	no		5	7	44.249	
185	1111223324423344	1231121432233444	20950	fallback_evaluated_by_x_component_coloring	0	no		5	8	50.882	
234	1111223432234434	1123241132432344	11333	fallback_evaluated_by_x_component_coloring	0	no		1	5	0.980	
261	1111232223443434	1231112243243344	20650	fallback_evaluated_by_x_component_coloring	0	no		1	6	3.118	
259	1111232223434434	1123211342243344	10339	fallback_evaluated_by_x_component_coloring	0	no		3	6	5.531	
273	1111232232434434	1234111223233444	23568	fallback_evaluated_by_x_component_coloring	0	no		2	4	2.698	
272	1111232232434344	1123211324432434	10334	fallback_evaluated_by_x_component_coloring	0	no		4	6	10.213	
275	1111232232443434	1123211324423344	10331	fallback_evaluated_by_x_component_coloring	0	no		2	6	5.683	
289	1111232234243344	1213211422334434	18939	fallback_evaluated_by_x_component_coloring	0	no		1	6	3.564	
290	1111232234243434	1123213421423344	10793	fallback_evaluated_by_x_component_coloring	0	no		2	4	2.755	
299	1111232234432344	1231112422334434	20721	fallback_evaluated_by_x_component_coloring	0	no		1	5	0.952	
297	1111232234423344	1231112432342434	20749	fallback_evaluated_by_x_component_coloring	0	no		2	5	2.905	
292	1111232234324344	1213112322344434	17696	fallback_evaluated_by_x_component_coloring	0	no		2	5	3.868	
309	1111232243234434	1231112423432344	20737	fallback_evaluated_by_x_component_coloring	0	no		1	5	1.151	
325	1111232322344344	1213212134432434	19026	fallback_evaluated_by_x_component_coloring	0	no		3	5	7.069	
344	1111232324234434	1213213241432344	19319	fallback_evaluated_by_x_component_coloring	0	no		2	5	4.055	
329	1111232322434434	1123213214432344	10703	fallback_evaluated_by_x_component_coloring	0	no		5	6	24.074	
334	1111232323244344	1231112243323444	20652	fallback_evaluated_by_x_component_coloring	0	no		4	9	47.730	
387	1111232423243344	1231112243323444	20652	fallback_evaluated_by_x_component_coloring	0	no		4	9	47.346	
532	1112122343234344	1121323213442434	5882	fallback_evaluated_by_x_component_coloring	0	no		2	5	3.522	
555	1112123223443434	1211322344123344	14324	fallback_evaluated_by_x_component_coloring	0	no		1	5	2.777	
735	1112132232434434	1231211432233444	21928	fallback_evaluated_by_x_component_coloring	0	no		4	5	7.435	
791	1112132322434434	1231212134432344	21995	fallback_evaluated_by_x_component_coloring	0	no		2	3	0.437	
806	1112132324234434	1231412231432344	23219	fallback_evaluated_by_x_component_coloring	-1	no		1	4	0.181	
780	1112132243423344	1231112432233444	20740	fallback_evaluated_by_x_component_coloring	0	no		4	6	9.489	
973	1112212334234344	1211233231442434	13510	fallback_evaluated_by_x_component_coloring	0	no		1	6	3.516	
1116	1112213342234434	1231243112432344	23030	fallback_evaluated_by_x_component_coloring	0	no		1	4	0.284	
1121	1112213342324434	1231121423342344	20942	fallback_evaluated_by_x_component_coloring	0	no		1	5	1.830	
2265	1112312232434434	1231121324432344	20905	fallback_evaluated_by_x_component_coloring	0	no		1	5	1.695	
2844	1112323122434344	1231121432233444	20950	fallback_evaluated_by_x_component_coloring	0	no		2	7	7.557	
14	1111222234343434	1231124321324344	21528	fallback_evaluated_by_x_component_coloring	-1	no		2	6	14.093	
21	1111222323434434	1123213144232344	10668	fallback_evaluated_by_x_component_coloring	-1	no		2	7	13.430	
71	1111222343234434	1234123112432344	23954	fallback_evaluated_by_x_component_coloring	-1	no		1	3	0.018	
93	1111223223443434	1213211243234344	18866	fallback_evaluated_by_x_component_coloring	0	no		1	7	4.670	
92	1111223223443344	1213122433123444	18198	fallback_evaluated_by_x_component_coloring	0	no		4	4	14.506	
102	1111223232344434	1231121423323444	20939	fallback_evaluated_by_x_component_coloring	0	no		2	7	6.984	
122	1111223234243434	1231121432324344	20956	fallback_evaluated_by_x_component_coloring	0	no		2	5	3.304	
136	1111223242334434	1213211324432344	18913	fallback_evaluated_by_x_component_coloring	0	no		2	7	7.460	
158	1111223322344434	1123231144223344	11050	fallback_evaluated_by_x_component_coloring	0	no		4	6	11.128	
157	1111223322344344	1123211324432434	10334	fallback_evaluated_by_x_component_coloring	0	no		2	8	25.204	
171	1111223323442344	1234111232234434	23586	fallback_evaluated_by_x_component_coloring	0	no		1	3	0.013	
176	1111223324234434	1123231241432344	11123	fallback_evaluated_by_x_component_coloring	0	no		2	5	3.765	
192	1111223342234434	1213121423432344	17977	fallback_evaluated_by_x_component_coloring	0	no		1	4	0.530	
188	1111223324432434	1231121432234344	20951	fallback_evaluated_by_x_component_coloring	0	no		3	6	8.294	
178	1111223324243434	1123211344223344	10352	fallback_evaluated_by_x_component_coloring	0	no		4	9	47.576	
214	1111223422343344	1123231124423434	11030	fallback_evaluated_by_x_component_coloring	0	no		2	5	2.785	
234	1111223432234434	1234121122333444	23773	fallback_evaluated_by_x_component_coloring	0	no		1	4	0.222	
261	1111232223443434	1213112344223344	17744	fallback_evaluated_by_x_component_coloring	0	no		2	3	0.925	
258	1111232223434344	1213211243233444	18865	fallback_evaluated_by_x_component_coloring	0	no		2	7	6.429	
259	1111232223434434	1123211344232344	10354	fallback_evaluated_by_x_component_coloring	0	no		1	8	6.358	
273	1111232232434434	1213211423342344	18950	fallback_evaluated_by_x_component_coloring	0	no		1	6	3.136	
275	1111232232443434	1213211224334344	18821	fallback_evaluated_by_x_component_coloring	0	no		2	6	7.555	
284	1111232233442434	1213112432234344	17771	fallback_evaluated_by_x_component_coloring	0	no		1	6	2.252	
289	1111232234243344	1234111222334434	23565	fallback_evaluated_by_x_component_coloring	0	no		1	4	0.225	
297	1111232234423344	1231112422343434	20723	fallback_evaluated_by_x_component_coloring	0	no		1	4	0.103	
299	1111232234432344	1231112322434434	20669	fallback_evaluated_by_x_component_coloring	0	no		1	4	0.129	
290	1111232234243434	1123213441223344	10817	fallback_evaluated_by_x_component_coloring	0	no		1	6	3.105	
292	1111232234324344	1123213442132434	10825	fallback_evaluated_by_x_component_coloring	0	no		1	5	2.182	
309	1111232243234434	1213213412432344	19354	fallback_evaluated_by_x_component_coloring	0	no		1	5	1.453	
325	1111232322344344	1231112234432434	20640	fallback_evaluated_by_x_component_coloring	0	no		2	3	0.580	
329	1111232322434434	1123213124243344	10637	fallback_evaluated_by_x_component_coloring	0	yes	WARNING: 3-strand relation used	3	13	9.888	
337	1111232323424344	1123213144232434	10669	fallback_evaluated_by_x_component_coloring	0	no		1	7	3.991	
344	1111232324234434	1213212143432344	19046	fallback_evaluated_by_x_component_coloring	0	yes	WARNING: 3-strand relation used	2	8	0.301	
382	1111232422343344	1213214123323444	19421	fallback_evaluated_by_x_component_coloring	0	no		1	6	2.789	
389	1111232423323444	1123212133444234	10431	fallback_evaluated_by_x_component_coloring	0	no		2	5	3.113	
405	1111232432323444	1123212134344234	10442	fallback_evaluated_by_x_component_coloring	0	no		1	5	1.435	
395	1111232423423344	1123213144232434	10669	fallback_evaluated_by_x_component_coloring	0	no		1	7	4.007	
512	1112122334234434	1231213142432344	22213	fallback_evaluated_by_x_component_coloring	0	no		1	5	1.651	
532	1112122343234344	1211323213442434	14462	fallback_evaluated_by_x_component_coloring	0	no		2	5	3.498	
555	1112123223443434	1231211243234344	21836	fallback_evaluated_by_x_component_coloring	0	no		1	5	1.618	
735	1112132232434434	1231112432233444	20740	fallback_evaluated_by_x_component_coloring	0	no		2	7	5.731	
782	1112132243432344	1211312432234434	13944	fallback_evaluated_by_x_component_coloring	0	no		1	6	2.170	
791	1112132322434434	1211312234432344	13841	fallback_evaluated_by_x_component_coloring	0	no		1	5	3.280	
806	1112132324234434	1231412132432344	23177	fallback_evaluated_by_x_component_coloring	0	no		1	4	0.126	
958	1112212332434344	1211232134432434	13242	fallback_evaluated_by_x_component_coloring	0	no		1	5	1.710	
1038	1112213233424434	1231121324432344	20905	fallback_evaluated_by_x_component_coloring	0	no		1	5	1.762	
1065	1112213243234434	1231243112432344	23030	fallback_evaluated_by_x_component_coloring	0	no		1	4	0.311	
1445	1112223431243344	1211233234412434	13519	fallback_evaluated_by_x_component_coloring	0	no		1	4	0.415	
2265	1112312232434434	1231141223233444	21576	fallback_evaluated_by_x_component_coloring	0	no		2	6	6.258	
22	1111222323443344	1231114232234434	20784	fallback_evaluated_by_x_component_coloring	0	no		4	4	5.616	
46	1111222333442434	1123213144223344	10666	fallback_evaluated_by_x_component_coloring	0	no		5	8	47.452	
63	1111222334434234	1231124132233444	21424	fallback_evaluated_by_x_component_coloring	0	no		3	6	10.926	
66	1111222342334434	1231124312233444	21501	fallback_evaluated_by_x_component_coloring	0	no		2	4	2.686	
93	1111223223443434	1234111232234344	23585	fallback_evaluated_by_x_component_coloring	0	no		1	3	0.036	
92	1111223223443344	1213122433142434	18202	fallback_evaluated_by_x_component_coloring	0	no		6	5	28.207	
136	1111223242334434	1123211324432344	10333	fallback_evaluated_by_x_component_coloring	0	no		2	8	9.687	
157	1111223322344344	1213211423323444	18947	fallback_evaluated_by_x_component_coloring	0	no		2	6	5.603	
158	1111223322344434	1213211324432344	18913	fallback_evaluated_by_x_component_coloring	0	no		3	6	7.036	
176	1111223324234434	1123231421432344	11179	fallback_evaluated_by_x_component_coloring	0	no		2	4	3.024	
192	1111223342234434	1234121312432344	23884	fallback_evaluated_by_x_component_coloring	0	no		1	3	0.026	
204	1111223342432434	1231121423324344	20940	fallback_evaluated_by_x_component_coloring	0	no		2	6	4.173	
234	1111223432234434	1212133142432344	15967	fallback_evaluated_by_x_component_coloring	0	no		2	5	4.086	
259	1111232223434434	1213211344232344	18934	fallback_evaluated_by_x_component_coloring	0	no		2	5	3.911	
261	1111232223443434	1123211342243344	10339	fallback_evaluated_by_x_component_coloring	0	no		3	6	8.069	
275	1111232232443434	1234111223324344	23574	fallback_evaluated_by_x_component_coloring	0	no		1	4	0.260	
258	1111232223434344	1231112432233444	20740	fallback_evaluated_by_x_component_coloring	-1	no		2	8	23.238	
273	1111232232434434	1213211324432344	18913	fallback_evaluated_by_x_component_coloring	0	no		1	7	5.380	
284	1111232233442434	1231112423324344	20730	fallback_evaluated_by_x_component_coloring	0	no		2	6	3.921	
292	1111232234324344	1231112322344434	20666	fallback_evaluated_by_x_component_coloring	0	no		1	4	0.443	
290	1111232234243434	1231112432423344	20751	fallback_evaluated_by_x_component_coloring	0	no		2	6	6.822	
299	1111232234432344	1213214321234434	19532	fallback_evaluated_by_x_component_coloring	0	no		2	4	3.566	
289	1111232234243344	1213112422333444	17749	fallback_evaluated_by_x_component_coloring	0	yes	WARNING: 3-strand relation used	6	11	12.434	
297	1111232234423344	1122112333442434	6448	fallback_evaluated_by_x_component_coloring	0	yes	WARNING: 3-strand relation used	4	12	8.212	
329	1111232322434434	1123213142243344	10653	fallback_evaluated_by_x_component_coloring	0	no		2	6	4.991	
325	1111232322344344	1122113344223434	6609	fallback_evaluated_by_x_component_coloring	0	no		4	6	15.320	
344	1111232324234434	1234112132432344	23639	fallback_evaluated_by_x_component_coloring	0	no		1	3	0.038	
515	1112122334323444	1211324321344234	14734	fallback_evaluated_by_x_component_coloring	0	no		2	5	3.980	
555	1112123223443434	1231421342123344	23470	fallback_evaluated_by_x_component_coloring	-1	no		1	3	0.027	
627	1112123323243444	1121322133444234	5625	fallback_evaluated_by_x_component_coloring	0	no		2	7	6.121	
735	1112132232434434	1122331214243344	8569	fallback_evaluated_by_x_component_coloring	0	no		2	6	5.194	
744	1112132233424434	1231112432233444	20740	fallback_evaluated_by_x_component_coloring	0	no		2	7	5.717	
773	1112132243243434	1231112432324344	20746	fallback_evaluated_by_x_component_coloring	0	no		2	6	4.133	
791	1112132322434434	1231212143233444	22003	fallback_evaluated_by_x_component_coloring	0	no		1	6	2.989	
806	1112132324234434	1231214231432344	22457	fallback_evaluated_by_x_component_coloring	0	no		1	4	0.114	
1095	1112213323442344	1231141232234434	21594	fallback_evaluated_by_x_component_coloring	0	no		2	5	2.653	
2265	1112312232434434	1231142312233444	21711	fallback_evaluated_by_x_component_coloring	0	no		1	5	1.195	
47	1111222333444234	1231112243323444	20652	fallback_evaluated_by_x_component_coloring	0	no		2	7	7.173	
58	1111222334344234	1231124132323444	21429	fallback_evaluated_by_x_component_coloring	0	no		2	5	2.296	
63	1111222334434234	1231124321233444	21522	fallback_evaluated_by_x_component_coloring	0	no		2	3	0.429	
76	1111222343324434	1123234112432344	11228	fallback_evaluated_by_x_component_coloring	0	no		2	4	1.794	
90	1111223223434344	1123211344232434	10355	fallback_evaluated_by_x_component_coloring	-1	no		2	7	13.267	
92	1111223223443344	1123122433142434	9622	fallback_evaluated_by_x_component_coloring	0	no		3	5	6.871	
93	1111223223443434	1213211243243344	18868	fallback_evaluated_by_x_component_coloring	0	no		1	6	4.341	
102	1111223232344434	1231121324432344	20905	fallback_evaluated_by_x_component_coloring	0	no		2	4	2.167	
132	1111223234432434	1231121432324344	20956	fallback_evaluated_by_x_component_coloring	0	no		2	5	3.379	
156	1111223322343444	1123211344223344	10352	fallback_evaluated_by_x_component_coloring	0	no		2	8	10.308	
157	1111223322344344	1122131324432434	7058	fallback_evaluated_by_x_component_coloring	0	no		4	6	13.272	
158	1111223322344434	1213211243323444	18870	fallback_evaluated_by_x_component_coloring	0	no		2	8	24.101	
176	1111223324234434	1123241132432344	11333	fallback_evaluated_by_x_component_coloring	0	no		1	5	0.928	
192	1111223342234434	1234121213432344	23833	fallback_evaluated_by_x_component_coloring	1	no		1	2	0.007	
195	1111223342323444	1123122314344234	9520	fallback_evaluated_by_x_component_coloring	0	no		1	6	2.629	
234	1111223432234434	1213231142432344	19627	fallback_proved_zero	0	no		0	4	0.440	
259	1111232223434434	1123213244132344	10754	fallback_evaluated_by_x_component_coloring	0	no		2	4	3.263	
261	1111232223443434	1231112432234344	20741	fallback_evaluated_by_x_component_coloring	0	no		1	8	6.319	
273	1111232232434434	1231112432233444	20740	fallback_evaluated_by_x_component_coloring	0	no		2	6	5.235	
275	1111232232443434	1123213414223344	10777	fallback_evaluated_by_x_component_coloring	0	no		4	5	9.077	
291	1111232234323444	1234112321344234	23734	fallback_evaluated_by_x_component_coloring	-1	no		1	3	0.011	
289	1111232234243344	1213112432323444	17775	fallback_evaluated_by_x_component_coloring	0	no		2	5	3.411	
299	1111232234432344	1123214321234434	10952	fallback_evaluated_by_x_component_coloring	0	no		1	4	0.204	
290	1111232234243434	1213112432423344	17781	fallback_evaluated_by_x_component_coloring	0	no		2	5	4.032	
297	1111232234423344	1231112432432434	20754	fallback_evaluated_by_x_component_coloring	0	no		2	4	3.026	
329	1111232322434434	1213213214432344	19283	fallback_evaluated_by_x_component_coloring	0	no		3	6	8.358	
344	1111232324234434	1213214231432344	19487	fallback_evaluated_by_x_component_coloring	0	no		1	5	1.155	
325	1111232322344344	1231112243323444	20652	fallback_evaluated_by_x_component_coloring	1	no		3	9	39.096	
515	1112122334323444	1121324321344234	6154	fallback_evaluated_by_x_component_coloring	0	no		1	5	1.685	
631	1112123323424344	1122311344232434	7847	fallback_evaluated_by_x_component_coloring	0	no		1	6	2.530	
735	1112132232434434	1122331412243344	8640	fallback_evaluated_by_x_component_coloring	0	no		2	6	6.564	
739	1112132233243444	1231112432324344	20746	fallback_evaluated_by_x_component_coloring	0	no		4	5	7.516	
771	1112132243234434	1122331412432344	8650	fallback_evaluated_by_x_component_coloring	0	no		2	5	4.245	
791	1112132322434434	1231214123233444	22386	fallback_evaluated_by_x_component_coloring	0	no		2	4	2.262	
806	1112132324234434	1231212143432344	22016	fallback_evaluated_by_x_component_coloring	0	yes	WARNING: 3-strand relation used	2	7	0.058	
820	1112132342233444	1121323213444234	5883	fallback_evaluated_by_x_component_coloring	0	no		2	6	4.399	
875	1112132432432344	1211314232234434	13986	fallback_evaluated_by_x_component_coloring	0	no		1	6	2.648	
1403	1112223343124344	1211233213442434	13484	fallback_evaluated_by_x_component_coloring	0	no		2	5	3.170	
1412	1112223344123344	1211233213442434	13484	fallback_evaluated_by_x_component_coloring	0	no		2	5	3.071	
2265	1112312232434434	1231141223342344	21584	fallback_evaluated_by_x_component_coloring	0	no		1	5	1.383	
2274	1112312233424434	1231121423342344	20942	fallback_evaluated_by_x_component_coloring	0	no		1	5	1.805	
2296	1112312242334434	1231121324432344	20905	fallback_evaluated_by_x_component_coloring	0	no		1	5	1.693	
13	1111222234343344	1213112432323444	17775	fallback_evaluated_by_x_component_coloring	0	no		4	4	5.307	
14	1111222234343434	1231112432324344	20746	fallback_evaluated_by_x_component_coloring	0	no		4	4	5.110	
21	1111222323434434	1231124132233444	21424	fallback_evaluated_by_x_component_coloring	0	no		1	7	5.282	
37	1111222332443434	1231112243324344	20653	fallback_evaluated_by_x_component_coloring	0	no		4	6	10.691	
76	1111222343324434	1231124321342344	21530	fallback_evaluated_by_x_component_coloring	0	no		2	4	1.760	
93	1111223223443434	1234111232243344	23587	fallback_evaluated_by_x_component_coloring	0	no		1	4	0.781	
92	1111223223443344	1122132433142434	7324	fallback_evaluated_by_x_component_coloring	0	no		4	4	9.162	
112	1111223233423444	1123211324344234	10330	fallback_evaluated_by_x_component_coloring	0	no		2	5	3.779	
116	1111223233442434	1231121423324344	20940	fallback_evaluated_by_x_component_coloring	0	no		2	6	4.184	
158	1111223322344434	1123211344223344	10352	fallback_evaluated_by_x_component_coloring	0	no		2	8	10.400	
157	1111223322344344	1213211423324434	18949	fallback_evaluated_by_x_component_coloring	0	no		4	6	12.205	
176	1111223324234434	1123241321432344	11431	fallback_evaluated_by_x_component_coloring	0	no		2	4	3.610	
169	1111223323424344	1123211344232434	10355	fallback_evaluated_by_x_component_coloring	0	no		2	7	13.037	
234	1111223432234434	1213241132432344	19913	fallback_evaluated_by_x_component_coloring	0	yes	WARNING: 3-strand relation used	2	8	0.292	
259	1111232223434434	1234111232233444	23584	fallback_evaluated_by_x_component_coloring	0	no		2	3	0.747	
261	1111232223443434	1213211342243344	18919	fallback_evaluated_by_x_component_coloring	0	no		2	6	5.745	
275	1111232232443434	1123213424123344	10808	fallback_evaluated_by_x_component_coloring	0	no		2	3	0.551	
280	1111232233423444	1123211324344234	10330	fallback_evaluated_by_x_component_coloring	0	no		2	4	2.719	
273	1111232232434434	1123211324432344	10333	fallback_evaluated_by_x_component_coloring	0	no		2	7	7.169	
285	1111232233444234	1231112423323444	20729	fallback_evaluated_by_x_component_coloring	0	no		2	6	3.517	
290	1111232234243434	1213212431324344	19166	fallback_evaluated_by_x_component_coloring	0	no		2	5	3.207	
292	1111232234324344	1231112432342434	20749	fallback_evaluated_by_x_component_coloring	0	no		2	5	2.821	
299	1111232234432344	1234112321234434	23726	fallback_evaluated_by_x_component_coloring	1	no		1	1	0.005	
289	1111232234243344	1213114222334434	17793	fallback_evaluated_by_x_component_coloring	0	no		1	7	5.676	
297	1111232234423344	1231112322443434	20671	fallback_evaluated_by_x_component_coloring	0	no		1	5	1.334	
304	1111232242334434	1213211324432344	18913	fallback_evaluated_by_x_component_coloring	0	no		1	7	5.212	
311	1111232243243434	1123213414223344	10777	fallback_evaluated_by_x_component_coloring	0	no		3	6	10.514	
329	1111232322434434	1123213144232344	10668	fallback_evaluated_by_x_component_coloring	0	no		2	6	4.038	
325	1111232322344344	1213212143323444	19038	fallback_evaluated_by_x_component_coloring	0	no		2	6	6.607	
344	1111232324234434	1234112231432344	23681	fallback_evaluated_by_x_component_coloring	-1	no		1	3	0.033	
327	1111232322433444	1231112243324344	20653	fallback_evaluated_by_x_component_coloring	0	no		5	8	47.446	
735	1112132232434434	1122331414232344	8655	fallback_evaluated_by_x_component_coloring	0	no		4	4	7.081	
791	1112132322434434	1231214132233444	22402	fallback_evaluated_by_x_component_coloring	0	no		4	4	7.077	
844	1112132422343344	1122331124423434	8522	fallback_evaluated_by_x_component_coloring	0	no		1	7	4.365	
1403	1112223343124344	1121233213442434	4904	fallback_evaluated_by_x_component_coloring	0	no		2	5	3.193	
1412	1112223344123344	1121233213442434	4904	fallback_evaluated_by_x_component_coloring	0	no		2	5	3.205	
2265	1112312232434434	1231121423342344	20942	fallback_evaluated_by_x_component_coloring	0	no		1	5	1.777	
20	1111222323434344	1231124132233444	21424	fallback_evaluated_by_x_component_coloring	1	no		2	7	19.637	
56	1111222334342344	1231124321324434	21529	fallback_evaluated_by_x_component_coloring	0	no		2	5	4.171	
93	1111223223443434	1231121432234344	20951	fallback_evaluated_by_x_component_coloring	0	no		1	7	3.860	
92	1111223223443344	1213211243233444	18865	fallback_evaluated_by_x_component_coloring	0	no		2	7	7.632	
114	1111223233424434	1231121432233444	20950	fallback_evaluated_by_x_component_coloring	0	no		4	6	10.607	
125	1111223234324434	1231121432342344	20958	fallback_evaluated_by_x_component_coloring	0	no		2	5	2.182	
157	1111223322344344	1123211423324434	10369	fallback_evaluated_by_x_component_coloring	0	no		2	6	6.555	
176	1111223324234434	1123243121432344	11501	fallback_evaluated_by_x_component_coloring	0	no		1	4	0.162	
158	1111223322344434	1123211324432344	10333	fallback_evaluated_by_x_component_coloring	0	no		2	8	20.044	
179	1111223324323444	1123211342344234	10346	fallback_evaluated_by_x_component_coloring	0	no		2	4	1.232	
181	1111223324324434	1123211342432344	10349	fallback_evaluated_by_x_component_coloring	0	no		2	7	6.149	
197	1111223342324434	1231121423342344	20942	fallback_evaluated_by_x_component_coloring	0	no		2	5	2.667	
234	1111223432234434	1213122143432344	18068	fallback_evaluated_by_x_component_coloring	0	yes	WARNING: 3-strand relation used	2	14	9.152	
259	1111232223434434	1213211243342344	18873	fallback_evaluated_by_x_component_coloring	0	no		1	6	3.170	
261	1111232223443434	1123213244123344	10752	fallback_evaluated_by_x_component_coloring	0	no		2	4	3.355	
275	1111232232443434	1123213442123344	10822	fallback_evaluated_by_x_component_coloring	0	no		1	5	1.550	
273	1111232232434434	1213212413233444	19144	fallback_evaluated_by_x_component_coloring	0	no		1	6	3.669	
289	1111232234243344	1213212431323444	19165	fallback_evaluated_by_x_component_coloring	0	no		2	4	2.639	
293	1111232234324434	1213112432342344	17778	fallback_evaluated_by_x_component_coloring	0	no		1	5	1.346	
290	1111232234243434	1213112422334344	17750	fallback_evaluated_by_x_component_coloring	0	yes	WARNING: 3-strand relation used	2	9	1.900	
299	1111232234432344	1213112432324434	17777	fallback_proved_zero	0	no		0	4	0.471	
297	1111232234423344	1213114222343434	17795	fallback_evaluated_by_x_component_coloring	0	no		1	6	3.176	
304	1111232242334434	1123211324432344	10333	fallback_evaluated_by_x_component_coloring	0	no		2	7	6.950	
303	1111232242334344	1123211324432434	10334	fallback_evaluated_by_x_component_coloring	0	no		4	6	10.562	
325	1111232322344344	1123212134432434	10446	fallback_evaluated_by_x_component_coloring	0	no		2	4	3.505	
329	1111232322434434	1123213244132344	10754	fallback_evaluated_by_x_component_coloring	0	no		3	4	5.373	
327	1111232322433444	1231114232234434	20784	fallback_evaluated_by_x_component_coloring	0	no		4	5	7.235	
343	1111232324234344	1123213142432434	10664	fallback_evaluated_by_x_component_coloring	0	no		2	5	3.359	
333	1111232323243444	1123213144223344	10666	fallback_evaluated_by_x_component_coloring	0	no		2	8	9.369	
344	1111232324234434	1213112243432344	17690	fallback_evaluated_by_x_component_coloring	0	no		1	5	2.752	
385	1111232423234344	1123213142432434	10664	fallback_evaluated_by_x_component_coloring	0	no		2	5	3.417	
379	1111232422333444	1231114232234434	20784	fallback_evaluated_by_x_component_coloring	0	no		4	5	7.329	
442	1111234232233444	1123211324434234	10335	fallback_evaluated_by_x_component_coloring	0	no		3	6	10.954	
473	1112122234334344	1211312322344434	13868	fallback_evaluated_by_x_component_coloring	0	no		2	6	5.651	
735	1112132232434434	1122331424132344	8686	fallback_evaluated_by_x_component_coloring	0	no		1	5	1.251	
771	1112132243234434	1231211324432344	21883	fallback_evaluated_by_x_component_coloring	0	no		2	5	4.216	
791	1112132322434434	1231421123233444	23316	fallback_evaluated_by_x_component_coloring	0	no		1	4	0.156	
843	1112132422334434	1231112234432344	20639	fallback_evaluated_by_x_component_coloring	0	no		1	4	0.422	
844	1112132422343344	1231421123323444	23321	fallback_evaluated_by_x_component_coloring	0	no		1	4	0.450	
1033	1112213233243444	1211233213444234	13485	fallback_evaluated_by_x_component_coloring	0	no		4	5	5.705	
1047	1112213234323444	1211342321344234	14944	fallback_evaluated_by_x_component_coloring	0	no		2	5	2.544	
1077	1112213243432434	1231121423324344	20940	fallback_evaluated_by_x_component_coloring	0	no		1	6	2.579	
1146	1112213423324344	1211233231442434	13510	fallback_evaluated_by_x_component_coloring	0	no		1	7	4.029	
2265	1112312232434434	1231121434232344	20968	fallback_evaluated_by_x_component_coloring	0	yes	WARNING: 3-strand relation used	2	7	0.054	
32	1111222332344434	1231112243324344	20653	fallback_evaluated_by_x_component_coloring	0	no		2	7	8.119	
61	1111222334432344	1231114232234434	20784	fallback_evaluated_by_x_component_coloring	0	no		3	6	8.383	
93	1111223223443434	1123231244123344	11136	fallback_evaluated_by_x_component_coloring	0	no		2	3	0.624	
92	1111223223443344	1231121432233444	20950	fallback_evaluated_by_x_component_coloring	0	no		2	8	25.402	
101	1111223232344344	1231121423323444	20939	fallback_evaluated_by_x_component_coloring	-1	no		2	7	13.332	
114	1111223233424434	1213211324432344	18913	fallback_evaluated_by_x_component_coloring	0	no		2	7	7.551	
158	1111223322344434	1213211344223344	18932	fallback_evaluated_by_x_component_coloring	0	no		2	6	6.122	
171	1111223323442344	1231141232234434	21594	fallback_evaluated_by_x_component_coloring	0	no		2	5	2.803	
176	1111223324234434	1234121122333444	23773	fallback_evaluated_by_x_component_coloring	0	no		1	4	0.221	
157	1111223322344344	1213121243323444	17892	fallback_evaluated_by_x_component_coloring	0	no		5	5	16.786	
181	1111223324324434	1123211344232344	10354	fallback_evaluated_by_x_component_coloring	0	no		4	7	27.389	
234	1111223432234434	1213142132432344	18677	fallback_evaluated_by_x_component_coloring	0	no		1	5	1.070	
180	1111223324324344	1231121432233444	20950	fallback_evaluated_by_x_component_coloring	0	no		5	8	50.940	
259	1111232223434434	1234111232243344	23587	fallback_evaluated_by_x_component_coloring	0	no		1	4	0.226	
261	1111232223443434	1213211243234344	18866	fallback_evaluated_by_x_component_coloring	0	no		2	5	2.919	
273	1111232232434434	1213214213233444	19458	fallback_evaluated_by_x_component_coloring	0	no		1	6	3.172	
275	1111232232443434	1123214324123344	10976	fallback_evaluated_by_x_component_coloring	0	no		1	5	1.107	
282	1111232233424434	1213211324432344	18913	fallback_evaluated_by_x_component_coloring	0	no		1	7	5.255	
290	1111232234243434	1213212431423344	19171	fallback_evaluated_by_x_component_coloring	0	no		1	5	1.077	
289	1111232234243344	1213214321324434	19537	fallback_evaluated_by_x_component_coloring	0	no		4	5	8.940	
299	1111232234432344	1213112422334434	17751	fallback_evaluated_by_x_component_coloring	0	yes	WARNING: 3-strand relation used	2	8	0.338	
297	1111232234423344	1213214321342434	19539	fallback_evaluated_by_x_component_coloring	0	no		2	5	4.039	
311	1111232243243434	1123213441223344	10817	fallback_evaluated_by_x_component_coloring	0	no		1	6	3.052	
325	1111232322344344	1213214123323444	19421	fallback_evaluated_by_x_component_coloring	0	no		1	6	2.835	
329	1111232322434434	1213212134432344	19025	fallback_evaluated_by_x_component_coloring	0	no		2	4	2.835	
344	1111232324234434	1213114232432344	17825	fallback_evaluated_by_x_component_coloring	0	no		1	5	1.110	
735	1112132232434434	1122331442132344	8700	fallback_evaluated_by_x_component_coloring	0	no		2	4	3.822	
791	1112132322434434	1231412123233444	23148	fallback_evaluated_by_x_component_coloring	0	no		3	4	4.601	
843	1112132422334434	1231213124432344	22197	fallback_evaluated_by_x_component_coloring	0	no		1	6	2.064	
894	1112134223324344	1122311344232434	7847	fallback_evaluated_by_x_component_coloring	0	no		1	7	4.007	
1033	1112213233243444	1121233213444234	4905	fallback_evaluated_by_x_component_coloring	0	no		4	5	6.793	
1095	1112213323442344	1211341232234434	14796	fallback_evaluated_by_x_component_coloring	0	no		1	5	1.342	
1116	1112213342234434	1231121423432344	20947	fallback_evaluated_by_x_component_coloring	0	no		1	4	0.475	
2265	1112312232434434	1231142312243344	21714	fallback_evaluated_by_x_component_coloring	0	no		2	5	3.878	
14	1111222234343434	1123213441223344	10817	fallback_evaluated_by_x_component_coloring	-1	no		2	6	14.172	
37	1111222332443434	1123213144223344	10666	fallback_evaluated_by_x_component_coloring	0	no		5	8	47.534	
62	1111222334432434	1231124321324344	21528	fallback_evaluated_by_x_component_coloring	0	no		2	5	3.612	
93	1111223223443434	1123231442123344	11206	fallback_evaluated_by_x_component_coloring	0	no		2	3	0.573	
92	1111223223443344	1213211243323444	18870	fallback_evaluated_by_x_component_coloring	0	no		2	6	5.544	
97	1111223224343344	1123211344223434	10353	fallback_evaluated_by_x_component_coloring	0	no		4	7	28.260	
114	1111223233424434	1123211324432344	10333	fallback_evaluated_by_x_component_coloring	0	no		2	8	9.846	
111	1111223233244434	1213211423323444	18947	fallback_evaluated_by_x_component_coloring	1	no		4	9	54.131	
157	1111223322344344	1213121423323444	17969	fallback_evaluated_by_x_component_coloring	0	no		3	5	6.104	
158	1111223322344434	1123211324423344	10331	fallback_evaluated_by_x_component_coloring	0	no		3	6	9.240	
176	1111223324234434	1231141232432344	21605	fallback_evaluated_by_x_component_coloring	0	no		2	3	0.786	
187	1111223324432344	1234111232234434	23586	fallback_evaluated_by_x_component_coloring	0	no		2	2	0.036	
234	1111223432234434	1213142123432344	18661	fallback_evaluated_by_x_component_coloring	0	no		1	3	0.041	
261	1111232223443434	1234111232234344	23585	fallback_evaluated_by_x_component_coloring	0	no		2	2	0.087	
259	1111232223434434	1123214342132344	10992	fallback_evaluated_by_x_component_coloring	0	no		1	4	0.201	
268	1111232232343444	1123213414223344	10777	fallback_evaluated_by_x_component_coloring	0	no		2	5	4.073	
273	1111232232434434	1213214312233444	19509	fallback_evaluated_by_x_component_coloring	0	no		1	6	4.330	
275	1111232232443434	1231112423324344	20730	fallback_evaluated_by_x_component_coloring	0	no		2	6	4.032	
282	1111232233424434	1231112432233444	20740	fallback_evaluated_by_x_component_coloring	0	no		2	6	5.190	
290	1111232234243434	1234112321423344	23735	fallback_evaluated_by_x_component_coloring	-1	no		1	3	0.034	
289	1111232234243344	1213214321323444	19535	fallback_evaluated_by_x_component_coloring	0	no		1	5	1.195	
299	1111232234432344	1213212431234434	19162	fallback_evaluated_by_x_component_coloring	0	no		1	3	0.055	
297	1111232234423344	1123214321342434	10959	fallback_evaluated_by_x_component_coloring	0	no		1	5	1.011	
325	1111232322344344	1122113234432434	6534	fallback_evaluated_by_x_component_coloring	0	no		4	4	10.296	
329	1111232322434434	1123214132243344	10855	fallback_evaluated_by_x_component_coloring	0	no		2	7	10.008	
382	1111232422343344	1123213144223434	10667	fallback_evaluated_by_x_component_coloring	0	no		2	5	3.220	
504	1112122333423444	1121323214344234	5894	fallback_evaluated_by_x_component_coloring	0	no		1	7	4.230	
735	1112132232434434	1231211324432344	21883	fallback_evaluated_by_x_component_coloring	0	no		1	7	4.378	
733	1112132232433444	1231112432234344	20741	fallback_evaluated_by_x_component_coloring	0	no		4	5	6.686	
744	1112132233424434	1231211324432344	21883	fallback_evaluated_by_x_component_coloring	0	no		1	7	4.357	
771	1112132243234434	1231112324432344	20695	fallback_evaluated_by_x_component_coloring	0	no		1	4	0.118	
791	1112132322434434	1231412132233444	23164	fallback_evaluated_by_x_component_coloring	0	no		1	5	1.216	
1038	1112213233424434	1231121423342344	20942	fallback_evaluated_by_x_component_coloring	0	no		1	5	1.802	
1064	1112213243234344	1211233213442434	13484	fallback_evaluated_by_x_component_coloring	0	no		2	5	3.181	
1138	1112213422343344	1231231124423434	22580	fallback_evaluated_by_x_component_coloring	0	no		1	4	0.291	
1172	1112213434223344	1211233231442434	13510	fallback_evaluated_by_x_component_coloring	0	no		1	7	4.050	
2265	1112312232434434	1231122413342344	21144	fallback_evaluated_by_x_component_coloring	0	yes	WARNING: 3-strand relation used	4	11	8.255	
11	1111222234334344	1213112432233444	17770	fallback_evaluated_by_x_component_coloring	0	no		8	6	50.440	
47	1111222333444234	1213214123323444	19421	fallback_evaluated_by_x_component_coloring	0	no		4	4	6.029	
70	1111222343234344	1211123323442434	12184	fallback_evaluated_by_x_component_coloring	0	no		2	5	2.944	
92	1111223223443344	1123231442132434	11209	fallback_evaluated_by_x_component_coloring	0	no		2	4	3.268	
93	1111223223443434	1213122433124344	18199	fallback_evaluated_by_x_component_coloring	0	no		4	4	9.549	
123	1111223234323444	1123142321344234	10192	fallback_evaluated_by_x_component_coloring	0	no		1	4	0.450	
113	1111223233424344	1231121432233444	20950	fallback_evaluated_by_x_component_coloring	0	no		4	9	37.136	
158	1111223322344434	1231121344223344	20924	fallback_evaluated_by_x_component_coloring	0	no		1	5	2.661	
157	1111223322344344	1213211324432434	18914	fallback_evaluated_by_x_component_coloring	0	no		3	6	7.874	
176	1111223324234434	1231121432432344	20963	fallback_evaluated_by_x_component_coloring	0	no		3	5	4.403	
177	1111223324243344	1123211344223434	10353	fallback_evaluated_by_x_component_coloring	0	no		4	7	28.347	
234	1111223432234434	1234121132432344	23807	fallback_evaluated_by_x_component_coloring	0	no		1	4	0.197	
259	1111232223434434	1231112344232344	20716	fallback_evaluated_by_x_component_coloring	0	no		2	2	0.118	
261	1111232223443434	1123213442123344	10822	fallback_evaluated_by_x_component_coloring	0	no		2	3	0.456	
273	1111232232434434	1234111223342344	23576	fallback_evaluated_by_x_component_coloring	0	no		1	3	0.056	
275	1111232232443434	1231112423234344	20725	fallback_evaluated_by_x_component_coloring	0	no		1	5	1.896	
269	1111232232344344	1231112423323444	20729	fallback_evaluated_by_x_component_coloring	1	no		2	7	11.412	
290	1111232234243434	1234112321324344	23730	fallback_evaluated_by_x_component_coloring	0	no		1	3	0.056	
282	1111232233424434	1123211324432344	10333	fallback_evaluated_by_x_component_coloring	0	no		2	7	7.301	
299	1111232234432344	1213112322434434	17699	fallback_evaluated_by_x_component_coloring	0	no		2	4	3.639	
289	1111232234243344	1213214321423434	19542	fallback_evaluated_by_x_component_coloring	0	no		3	5	8.463	
297	1111232234423344	1213214321243434	19534	fallback_evaluated_by_x_component_coloring	0	no		3	5	8.481	
325	1111232322344344	1212113234432434	15114	fallback_evaluated_by_x_component_coloring	0	no		2	3	0.654	
329	1111232322434434	1212113324432344	15169	fallback_evaluated_by_x_component_coloring	0	no		2	7	10.400	
391	1111232423324434	1213213142432344	19243	fallback_evaluated_by_x_component_coloring	0	no		1	6	3.540	
345	1111232324243344	1231112243323444	20652	fallback_evaluated_by_x_component_coloring	0	no		4	9	47.882	
549	1112123223344344	1231211243323444	21840	fallback_evaluated_by_x_component_coloring	0	no		2	6	3.698	
643	1112123324324434	1231211342432344	21899	fallback_evaluated_by_x_component_coloring	0	no		1	6	2.317	
735	1112132232434434	1231112324432344	20695	fallback_evaluated_by_x_component_coloring	0	no		1	4	0.450	
744	1112132233424434	1231112324432344	20695	fallback_evaluated_by_x_component_coloring	0	no		1	4	0.452	
733	1112132232433444	1231112432234434	20742	fallback_evaluated_by_x_component_coloring	0	no		4	5	5.962	
791	1112132322434434	1211312243342344	13857	fallback_evaluated_by_x_component_coloring	0	no		2	6	8.092	
851	1112132423323444	1121323241344234	5930	fallback_evaluated_by_x_component_coloring	0	no		1	6	2.443	
978	1112212334324344	1211233231442434	13510	fallback_evaluated_by_x_component_coloring	0	no		1	7	4.017	
1064	1112213243234344	1121233213442434	4904	fallback_evaluated_by_x_component_coloring	0	no		2	5	3.257	
1095	1112213323442344	1231211243234434	21837	fallback_evaluated_by_x_component_coloring	0	no		1	4	0.485	
1115	1112213342234344	1211233213442434	13484	fallback_evaluated_by_x_component_coloring	0	no		2	5	3.092	
2265	1112312232434434	1231142314232344	21729	fallback_evaluated_by_x_component_coloring	0	no		1	4	0.113	
2296	1112312242334434	1231121423342344	20942	fallback_evaluated_by_x_component_coloring	0	no		1	5	1.795	
11	1111222234334344	1211132322344434	12338	fallback_evaluated_by_x_component_coloring	0	no		4	6	15.173	
22	1111222323443344	1231112243323444	20652	fallback_evaluated_by_x_component_coloring	0	no		2	8	10.248	
55	1111222334324434	1231112243342344	20655	fallback_evaluated_by_x_component_coloring	0	no		3	6	11.161	
74	1111222343323444	1123123213444234	9711	fallback_evaluated_by_x_component_coloring	0	no		2	4	1.805	
80	1111222343423344	1231124323142434	21542	fallback_evaluated_by_x_component_coloring	0	no		1	6	2.575	
88	1111223223344434	1231121243324344	20863	fallback_evaluated_by_x_component_coloring	0	no		3	6	8.524	
91	1111223223434434	1231121243342344	20865	fallback_evaluated_by_x_component_coloring	0	no		2	5	2.524	
93	1111223223443434	1123241342123344	11458	fallback_evaluated_by_x_component_coloring	0	no		1	3	0.028	
105	1111223232434434	1231121432233444	20950	fallback_evaluated_by_x_component_coloring	0	no		4	6	10.096	
92	1111223223443344	1122133442132434	7549	fallback_evaluated_by_x_component_coloring	0	no		8	5	53.650	
95	1111223224334344	1231121432233444	20950	fallback_evaluated_by_x_component_coloring	0	no		5	8	55.984	
103	1111223232433444	1123211324434234	10335	fallback_evaluated_by_x_component_coloring	0	no		5	7	43.044	
134	1111223242333444	1123211324434234	10335	fallback_evaluated_by_x_component_coloring	0	no		5	7	44.668	
158	1111223322344434	1234111223323444	23573	fallback_evaluated_by_x_component_coloring	0	no		2	3	1.104	
170	1111223323424434	1231121243342344	20865	fallback_evaluated_by_x_component_coloring	0	no		2	5	2.493	
166	1111223323244344	1213211243323444	18870	fallback_evaluated_by_x_component_coloring	0	no		4	6	9.784	
176	1111223324234434	1231121342432344	20921	fallback_evaluated_by_x_component_coloring	0	no		1	4	0.433	
156	1111223322343444	1123211324434234	10335	fallback_evaluated_by_x_component_coloring	0	no		2	7	17.128	
234	1111223432234434	1213241123432344	19897	fallback_evaluated_by_x_component_coloring	0	no		1	3	0.046	
261	1111232223443434	1213211243243344	18868	fallback_evaluated_by_x_component_coloring	0	no		1	6	3.090	
259	1111232223434434	1212113344232344	15190	fallback_evaluated_by_x_component_coloring	0	no		1	6	3.576	
273	1111232232434434	1123213442132344	10824	fallback_evaluated_by_x_component_coloring	0	no		1	5	1.467	
275	1111232232443434	1213212433124344	19177	fallback_evaluated_by_x_component_coloring	0	no		2	4	2.648	
289	1111232234243344	1123214321423434	10962	fallback_evaluated_by_x_component_coloring	0	no		1	5	1.344	
297	1111232234423344	1123214321243434	10954	fallback_evaluated_by_x_component_coloring	0	no		1	5	1.327	
157	1111223322344344	1213122143323444	18060	fallback_evaluated_by_x_component_coloring	0	no		8	7	68.137	
329	1111232322434434	1123214134232344	10870	fallback_evaluated_by_x_component_coloring	0	no		1	5	1.966	
325	1111232322344344	1122113234324434	6527	fallback_evaluated_by_x_component_coloring	0	no		4	6	15.188	
389	1111232423323444	1123213142344234	10660	fallback_evaluated_by_x_component_coloring	0	no		2	3	0.477	
647	1112123324423344	1122311344232434	7847	fallback_evaluated_by_x_component_coloring	0	no		1	7	3.955	
735	1112132232434434	1231211423233444	21912	fallback_evaluated_by_x_component_coloring	0	no		2	5	3.216	
791	1112132322434434	1231212143342344	22011	fallback_evaluated_by_x_component_coloring	0	yes	WARNING: 3-strand relation used	4	11	6.966	
844	1112132422343344	1231214123323444	22391	fallback_evaluated_by_x_component_coloring	0	no		1	5	1.376	
1065	1112213243234434	1231231412432344	22708	fallback_evaluated_by_x_component_coloring	0	no		1	4	0.306	
1138	1112213422343344	1211233234412434	13519	fallback_evaluated_by_x_component_coloring	0	no		1	4	0.433	
2265	1112312232434434	1231142323142344	21751	fallback_evaluated_by_x_component_coloring	0	no		1	4	0.512	
55	1111222334324434	1231112243432344	20660	fallback_evaluated_by_x_component_coloring	0	no		1	6	3.126	
74	1111222343323444	1231124321344234	21532	fallback_evaluated_by_x_component_coloring	0	no		2	5	2.134	
78	1111222343342434	1231124312324344	21507	fallback_evaluated_by_x_component_coloring	0	no		2	3	0.481	
93	1111223223443434	1123243142123344	11528	fallback_evaluated_by_x_component_coloring	0	no		1	3	0.058	
92	1111223223443344	1213121233244434	17859	fallback_evaluated_by_x_component_coloring	0	no		2	4	4.111	
97	1111223224343344	1231121432323444	20955	fallback_evaluated_by_x_component_coloring	0	no		3	6	13.048	
105	1111223232434434	1213211324432344	18913	fallback_evaluated_by_x_component_coloring	0	no		2	7	7.356	
136	1111223242334434	1231121324432344	20905	fallback_evaluated_by_x_component_coloring	0	no		1	6	2.537	
144	1111223243323444	1123142321344234	10192	fallback_evaluated_by_x_component_coloring	0	no		1	5	1.423	
158	1111223322344434	1213121344223344	17954	fallback_evaluated_by_x_component_coloring	0	no		1	5	1.277	
176	1111223324234434	1213121432432344	17993	fallback_evaluated_by_x_component_coloring	0	no		2	5	3.108	
183	1111223324342434	1231121432324344	20956	fallback_evaluated_by_x_component_coloring	0	no		2	6	4.177	
157	1111223322344344	1213122314432434	18104	fallback_evaluated_by_x_component_coloring	0	no		6	5	38.775	
209	1111223344232434	1231121423324344	20940	fallback_evaluated_by_x_component_coloring	0	no		1	8	8.389	
165	1111223323243444	1123211344223344	10352	fallback_evaluated_by_x_component_coloring	0	no		4	9	48.165	
234	1111223432234434	1234121123432344	23791	fallback_evaluated_by_x_component_coloring	1	no		1	1	0.003	
167	1111223323244434	1213211243323444	18870	fallback_evaluated_by_x_component_coloring	-1	no		4	9	48.518	
258	1111232223434344	1123213442132434	10825	fallback_evaluated_by_x_component_coloring	0	no		2	4	2.687	
261	1111232223443434	1234111232243344	23587	fallback_evaluated_by_x_component_coloring	0	no		1	4	0.303	
259	1111232223434434	1213112243342344	17685	fallback_evaluated_by_x_component_coloring	0	no		1	6	3.828	
273	1111232232434434	1231112423233444	20724	fallback_evaluated_by_x_component_coloring	0	no		1	6	2.884	
275	1111232232443434	1231112434223344	20756	fallback_evaluated_by_x_component_coloring	0	no		3	4	5.374	
268	1111232232343444	1231112423324344	20730	fallback_evaluated_by_x_component_coloring	-1	no		2	7	13.174	
297	1111232234423344	1234112321233444	23724	fallback_evaluated_by_x_component_coloring	0	no		1	2	0.009	
289	1111232234243344	1231112422333444	20719	fallback_evaluated_by_x_component_coloring	0	no		2	6	4.991	
312	1111232243323444	1123212313444234	10487	fallback_evaluated_by_x_component_coloring	0	no		2	4	1.786	
325	1111232322344344	1231114234223434	20799	fallback_evaluated_by_x_component_coloring	0	no		2	3	0.610	
324	1111232322343444	1123213124434234	10649	fallback_evaluated_by_x_component_coloring	0	no		1	6	2.663	
329	1111232322434434	1123214324132344	10978	fallback_evaluated_by_x_component_coloring	0	no		1	5	2.841	
327	1111232322433444	1123213144223344	10666	fallback_evaluated_by_x_component_coloring	0	no		4	6	10.440	
642	1112123324324344	1122311344232434	7847	fallback_evaluated_by_x_component_coloring	0	no		1	7	4.066	
735	1112132232434434	1231212413233444	22114	fallback_evaluated_by_x_component_coloring	0	no		1	5	1.985	
791	1112132322434434	1231213144232344	22218	fallback_evaluated_by_x_component_coloring	0	no		2	4	1.949	
823	1112132342243344	1121323213442434	5882	fallback_evaluated_by_x_component_coloring	0	no		2	6	4.546	
972	1112212334233444	1211233231424434	13508	fallback_evaluated_by_x_component_coloring	0	no		1	7	4.019	
2265	1112312232434434	1231142324132344	21760	fallback_evaluated_by_x_component_coloring	1	no		1	4	0.173	
35	1111222332434434	1231112243342344	20655	fallback_evaluated_by_x_component_coloring	0	no		4	5	9.317	
55	1111222334324434	1123213142432344	10663	fallback_evaluated_by_x_component_coloring	0	no		2	7	7.280	
74	1111222343323444	1213124321344234	18562	fallback_evaluated_by_x_component_coloring	0	no		3	5	5.823	
92	1111223223443344	1211132344223434	12387	fallback_evaluated_by_x_component_coloring	0	no		3	3	2.333	
87	1111223223344344	1213211243323444	18870	fallback_evaluated_by_x_component_coloring	0	no		4	6	11.143	
93	1111223223443434	1231141232234344	21593	fallback_evaluated_by_x_component_coloring	0	no		4	4	6.432	
105	1111223232434434	1123211324432344	10333	fallback_evaluated_by_x_component_coloring	0	no		2	8	9.686	
104	1111223232434344	1231121432233444	20950	fallback_evaluated_by_x_component_coloring	0	no		4	9	36.918	
158	1111223322344434	1234111223324344	23574	fallback_evaluated_by_x_component_coloring	0	no		1	4	0.322	
137	1111223242343344	1231121423323444	20939	fallback_evaluated_by_x_component_coloring	0	no		2	7	13.109	
109	1111223233243444	1123211324434234	10335	fallback_evaluated_by_x_component_coloring	0	no		5	7	46.987	
176	1111223324234434	1213122431432344	18195	fallback_evaluated_by_x_component_coloring	0	no		4	4	9.619	
181	1111223324324434	1213211342432344	18929	fallback_evaluated_by_x_component_coloring	0	no		2	6	4.327	
177	1111223324243344	1231121432323444	20955	fallback_evaluated_by_x_component_coloring	0	no		3	6	12.970	
166	1111223323244344	1231121243323444	20862	fallback_evaluated_by_x_component_coloring	0	no		4	7	28.097	
167	1111223323244434	1123211344223344	10352	fallback_evaluated_by_x_component_coloring	0	no		4	9	48.341	
259	1111232223434434	1213112344232344	17746	fallback_evaluated_by_x_component_coloring	0	no		1	3	0.041	
261	1111232223443434	1123214342123344	10990	fallback_evaluated_by_x_component_coloring	0	no		1	4	0.141	
157	1111223322344344	1213122134432434	18048	fallback_evaluated_by_x_component_coloring	0	no		8	7	68.700	
275	1111232232443434	1231112324243344	20685	fallback_evaluated_by_x_component_coloring	0	no		1	5	2.906	
273	1111232232434434	1123213214243344	10693	fallback_evaluated_by_x_component_coloring	0	no		3	6	7.955	
283	1111232233442344	1231112432234434	20742	fallback_evaluated_by_x_component_coloring	0	no		2	5	2.992	
289	1111232234243344	1231112432323444	20745	fallback_evaluated_by_x_component_coloring	0	no		2	6	4.586	
297	1111232234423344	1213112322443434	17701	fallback_evaluated_by_x_component_coloring	0	no		2	5	6.867	
304	1111232242334434	1123213442132344	10824	fallback_evaluated_by_x_component_coloring	0	no		1	5	1.500	
325	1111232322344344	1231112234423434	20638	fallback_evaluated_by_x_component_coloring	0	no		1	3	0.029	
329	1111232322434434	1123214342132344	10992	fallback_evaluated_by_x_component_coloring	0	no		1	4	0.152	
387	1111232423243344	1123213144223434	10667	fallback_evaluated_by_x_component_coloring	0	no		2	7	7.928	
549	1112123223344344	1122311344223434	7845	fallback_evaluated_by_x_component_coloring	0	no		1	7	3.989	
735	1112132232434434	1231411223233444	23106	fallback_evaluated_by_x_component_coloring	0	no		3	5	7.095	
772	1112132243243344	1231112432323444	20745	fallback_evaluated_by_x_component_coloring	0	no		4	5	6.715	
791	1112132322434434	1211213344232344	12682	fallback_evaluated_by_x_component_coloring	0	no		2	4	2.914	
1116	1112213342234434	1231231412432344	22708	fallback_evaluated_by_x_component_coloring	0	no		1	4	0.298	
2265	1112312232434434	1231122434132344	21180	fallback_evaluated_by_x_component_coloring	0	no		1	4	0.199	
6	1111222233434344	1213112432233444	17770	fallback_evaluated_by_x_component_coloring	0	no		4	5	31.895	
18	1111222323344434	1231112243324344	20653	fallback_evaluated_by_x_component_coloring	0	no		3	7	10.957	
32	1111222332344434	1123213144223344	10666	fallback_evaluated_by_x_component_coloring	0	no		2	8	11.980	
69	1111222343233444	1231124321324434	21529	fallback_evaluated_by_x_component_coloring	0	no		2	6	5.594	
92	1111223223443344	1231121233244434	20829	fallback_evaluated_by_x_component_coloring	0	no		1	4	0.707	
93	1111223223443434	1231141232243344	21595	fallback_evaluated_by_x_component_coloring	0	no		2	5	5.955	
96	1111223224334434	1231121432233444	20950	fallback_evaluated_by_x_component_coloring	0	no		3	7	10.552	
114	1111223233424434	1231121324432344	20905	fallback_evaluated_by_x_component_coloring	0	no		1	6	2.611	
158	1111223322344434	1211132344223344	12386	fallback_evaluated_by_x_component_coloring	0	no		1	5	3.006	
157	1111223322344344	1213211234432434	18858	fallback_evaluated_by_x_component_coloring	0	no		3	4	6.194	
176	1111223324234434	1234121321432344	23905	fallback_evaluated_by_x_component_coloring	0	no		1	4	0.764	
185	1111223324423344	1123211344232434	10355	fallback_evaluated_by_x_component_coloring	0	no		4	7	31.842	
190	1111223342233444	1123211323444234	10319	fallback_evaluated_by_x_component_coloring	0	no		2	4	1.668	
259	1111232223434434	1213213244132344	19334	fallback_evaluated_by_x_component_coloring	0	no		1	5	1.227	
261	1111232223443434	1213212433124344	19177	fallback_evaluated_by_x_component_coloring	0	no		2	4	3.434	
258	1111232223434344	1123211344232434	10355	fallback_evaluated_by_x_component_coloring	0	no		2	7	7.034	
275	1111232232443434	1231112324423344	20693	fallback_evaluated_by_x_component_coloring	0	no		1	4	0.146	
273	1111232232434434	1123213412243344	10764	fallback_evaluated_by_x_component_coloring	0	no		2	5	3.427	
281	1111232233424344	1231112432233444	20740	fallback_evaluated_by_x_component_coloring	0	no		2	7	7.196	
297	1111232234423344	1123212331442434	10512	fallback_evaluated_by_x_component_coloring	0	no		2	4	3.037	
289	1111232234243344	1122113432423434	6646	fallback_evaluated_by_x_component_coloring	0	yes	WARNING: 3-strand relation used	4	12	8.638	
325	1111232322344344	1231112234324434	20633	fallback_evaluated_by_x_component_coloring	0	no		1	3	0.040	
329	1111232322434434	1213112234432344	17669	fallback_evaluated_by_x_component_coloring	0	no		1	4	0.583	
355	1111232324432344	1213114232234434	17814	fallback_evaluated_by_x_component_coloring	0	no		2	5	3.311	
534	1112122343243344	1121323213442434	5882	fallback_evaluated_by_x_component_coloring	0	no		2	6	4.509	
735	1112132232434434	1231112434232344	20758	fallback_evaluated_by_x_component_coloring	0	no		2	3	0.467	
791	1112132322434434	1211314234232344	14002	fallback_evaluated_by_x_component_coloring	0	no		1	4	0.151	
1021	1112213224343344	1231211243323444	21840	fallback_evaluated_by_x_component_coloring	0	no		4	5	6.750	
6	1111222233434344	1123211324432434	10334	fallback_evaluated_by_x_component_coloring	0	no		4	9	63.040	
26	1111222324334434	1231112243342344	20655	fallback_evaluated_by_x_component_coloring	0	no		3	6	11.291	
32	1111222332344434	1231112243323444	20652	fallback_evaluated_by_x_component_coloring	0	no		2	9	17.365	
44	1111222333424434	1231112243342344	20655	fallback_evaluated_by_x_component_coloring	0	no		4	5	11.798	
50	1111222334234434	1231112243432344	20660	fallback_evaluated_by_x_component_coloring	0	no		1	6	3.219	
52	1111222334243434	1231124321324344	21528	fallback_evaluated_by_x_component_coloring	0	no		2	5	3.724	
74	1111222343323444	1123124321344234	9982	fallback_evaluated_by_x_component_coloring	0	no		1	5	1.133	
92	1111223223443344	1211132344232434	12389	fallback_evaluated_by_x_component_coloring	0	no		2	3	0.773	
93	1111223223443434	1231121243234344	20858	fallback_evaluated_by_x_component_coloring	0	no		2	4	1.795	
157	1111223322344344	1231121324432434	20906	fallback_evaluated_by_x_component_coloring	0	no		2	4	2.776	
158	1111223322344434	1123231214432344	11087	fallback_evaluated_by_x_component_coloring	0	no		3	5	6.082	
176	1111223324234434	1213121342432344	17951	fallback_evaluated_by_x_component_coloring	0	no		1	4	0.145	
259	1111232223434434	1213214342132344	19572	fallback_evaluated_by_x_component_coloring	0	yes	WARNING: 3-strand relation used	2	7	0.088	
261	1111232223443434	1231112342243344	20701	fallback_evaluated_by_x_component_coloring	0	no		1	4	0.814	
273	1111232232434434	1123213414232344	10779	fallback_evaluated_by_x_component_coloring	0	no		2	5	2.356	
257	1111232223433444	1231112243324344	20653	fallback_evaluated_by_x_component_coloring	0	no		2	8	11.905	
297	1111232234423344	1213212331442434	19092	fallback_evaluated_by_x_component_coloring	0	no		1	5	1.090	
286	1111232234233444	1231112432324344	20746	fallback_evaluated_by_x_component_coloring	0	no		2	6	5.021	
289	1111232234243344	1122113432324434	6641	fallback_evaluated_by_x_component_coloring	0	no		4	5	8.076	
275	1111232232443434	1212113324243344	15159	fallback_evaluated_by_x_component_coloring	0	yes	WARNING: 3-strand relation used	4	18	17.834	
329	1111232322434434	1234112123233444	23610	fallback_evaluated_by_x_component_coloring	0	no		2	3	0.623	
325	1111232322344344	1123213144223434	10667	fallback_evaluated_by_x_component_coloring	0	no		2	5	3.289	
515	1112122334323444	1121323241344234	5930	fallback_evaluated_by_x_component_coloring	0	no		1	6	2.519	
534	1112122343243344	1211323213442434	14462	fallback_evaluated_by_x_component_coloring	0	no		2	6	4.526	
551	1112123223433444	1231211243234434	21837	fallback_evaluated_by_x_component_coloring	0	no		1	4	0.196	
735	1112132232434434	1231412213233444	23190	fallback_evaluated_by_x_component_coloring	0	no		2	4	4.263	
791	1112132322434434	1231213244132344	22304	fallback_evaluated_by_x_component_coloring	0	no		2	3	0.709	
31	1111222332344344	1123213124432434	10648	fallback_evaluated_by_x_component_coloring	1	no		2	7	15.204	
47	1111222333444234	1231124123323444	21413	fallback_evaluated_by_x_component_coloring	0	no		2	5	2.071	
50	1111222334234434	1123213142432344	10663	fallback_evaluated_by_x_component_coloring	0	no		2	6	4.930	
74	1111222343323444	1213123213444234	18291	fallback_evaluated_by_x_component_coloring	0	no		3	4	2.935	
92	1111223223443344	1211122343342434	12090	fallback_evaluated_by_x_component_coloring	0	no		2	3	0.790	
93	1111223223443434	1231121243243344	20860	fallback_evaluated_by_x_component_coloring	0	no		1	5	0.959	
157	1111223322344344	1231121234432434	20850	fallback_evaluated_by_x_component_coloring	0	no		2	2	0.204	
158	1111223322344434	1123231124432344	11031	fallback_evaluated_by_x_component_coloring	0	no		2	6	4.631	
111	1111223233244434	1213211324432344	18913	fallback_evaluated_by_x_component_coloring	0	no		6	6	36.224	
166	1111223323244344	1231121432323444	20955	fallback_evaluated_by_x_component_coloring	0	no		3	6	12.889	
176	1111223324234434	1213122143432344	18068	fallback_evaluated_by_x_component_coloring	0	yes	WARNING: 3-strand relation used	5	11	10.308	
187	1111223324432344	1231141232234434	21594	fallback_evaluated_by_x_component_coloring	0	no		3	5	5.889	
259	1111232223434434	1213212344132344	19132	fallback_evaluated_by_x_component_coloring	0	no		1	3	0.057	
257	1111232223433444	1231114232234434	20784	fallback_evaluated_by_x_component_coloring	0	no		2	5	4.033	
273	1111232232434434	1123213424132344	10810	fallback_evaluated_by_x_component_coloring	0	no		2	3	0.523	
282	1111232233424434	1123213414232344	10779	fallback_evaluated_by_x_component_coloring	0	no		2	5	2.407	
261	1111232223443434	1212113342243344	15175	fallback_evaluated_by_x_component_coloring	0	yes	WARNING: 3-strand relation used	4	14	15.367	
297	1111232234423344	1212112333442434	15028	fallback_evaluated_by_x_component_coloring	0	yes	WARNING: 3-strand relation used	2	8	0.292	
289	1111232234243344	1231112432324434	20747	fallback_evaluated_by_x_component_coloring	0	no		2	5	3.450	
275	1111232232443434	1212113324423344	15167	fallback_evaluated_by_x_component_coloring	0	yes	WARNING: 3-strand relation used	2	16	13.230	
329	1111232322434434	1234112132233444	23626	fallback_evaluated_by_x_component_coloring	0	no		1	4	0.266	
325	1111232322344344	1123213244312434	10758	fallback_evaluated_by_x_component_coloring	0	no		3	4	5.410	
735	1112132232434434	1231412312233444	23241	fallback_evaluated_by_x_component_coloring	0	no		1	4	0.223	
791	1112132322434434	1231214132243344	22405	fallback_evaluated_by_x_component_coloring	0	no		9	11	124.203	
19	1111222323433444	1231114232234434	20784	fallback_evaluated_by_x_component_coloring	0	no		2	6	17.551	
13	1111222234343344	1231124321324434	21529	fallback_evaluated_by_x_component_coloring	-1	no		5	7	39.919	
35	1111222332434434	1231112234432344	20639	fallback_evaluated_by_x_component_coloring	0	no		1	5	1.588	
47	1111222333444234	1231124132233444	21424	fallback_evaluated_by_x_component_coloring	0	no		4	5	11.293	
65	1111222342334344	1231124312233444	21501	fallback_evaluated_by_x_component_coloring	0	no		2	5	3.997	
64	1111222342333444	1211123323244434	12179	fallback_evaluated_by_x_component_coloring	0	no		2	7	9.257	
70	1111222343234344	1123123213442434	9710	fallback_evaluated_by_x_component_coloring	0	no		2	4	1.933	
93	1111223223443434	1231121342243344	20911	fallback_evaluated_by_x_component_coloring	0	no		1	5	2.800	
87	1111223223344344	1123211344223434	10353	fallback_evaluated_by_x_component_coloring	1	no		4	7	30.209	
92	1111223223443344	1213211344223434	18933	fallback_evaluated_by_x_component_coloring	0	no		5	5	16.973	
97	1111223224343344	1123211342432434	10350	fallback_evaluated_by_x_component_coloring	0	no		3	6	13.092	
107	1111223232443434	1231121423324344	20940	fallback_evaluated_by_x_component_coloring	0	no		2	6	4.177	
157	1111223322344344	1213211243323444	18870	fallback_evaluated_by_x_component_coloring	0	no		2	7	7.569	
158	1111223322344434	1231121243323444	20862	fallback_evaluated_by_x_component_coloring	0	no		2	8	11.273	
111	1111223233244434	1123211324432344	10333	fallback_evaluated_by_x_component_coloring	0	no		4	9	50.064	
176	1111223324234434	1213122341432344	18139	fallback_evaluated_by_x_component_coloring	0	no		2	4	3.869	
174	1111223324233444	1123211344223344	10352	fallback_evaluated_by_x_component_coloring	0	no		4	9	48.514	
259	1111232223434434	1213112243243344	17680	fallback_evaluated_by_x_component_coloring	0	yes	WARNING: 3-strand relation used	2	9	1.837	
261	1111232223443434	1213213244123344	19332	fallback_evaluated_by_x_component_coloring	0	no		1	5	1.194	
273	1111232232434434	1231112324432344	20695	fallback_evaluated_by_x_component_coloring	0	no		1	5	1.491	
282	1111232233424434	1231112324432344	20695	fallback_evaluated_by_x_component_coloring	0	no		1	5	1.501	
297	1111232234423344	1213112432432434	17784	fallback_evaluated_by_x_component_coloring	0	no		1	5	1.097	
275	1111232232443434	1213112224334344	17633	fallback_evaluated_by_x_component_coloring	0	no		6	7	36.103	
289	1111232234243344	1122113432432434	6648	fallback_evaluated_by_x_component_coloring	0	no		2	6	5.055	
305	1111232242343344	1231112423323444	20729	fallback_evaluated_by_x_component_coloring	0	no		2	7	11.284	
325	1111232322344344	1213213244312434	19338	fallback_evaluated_by_x_component_coloring	0	no		2	4	3.834	
333	1111232323243444	1123212133444234	10431	fallback_evaluated_by_x_component_coloring	0	no		2	5	2.855	
493	1112122332344344	1122331124423434	8522	fallback_evaluated_by_x_component_coloring	0	no		1	7	4.393	
329	1111232322434434	1213214132243344	19435	fallback_evaluated_by_x_component_coloring	0	no		5	11	85.029	
735	1112132232434434	1231421213233444	23358	fallback_evaluated_by_x_component_coloring	0	no		1	4	0.171	
771	1112132243234434	1231213412432344	22324	fallback_evaluated_by_x_component_coloring	0	no		1	4	0.295	
791	1112132322434434	1231412132243344	23167	fallback_evaluated_by_x_component_coloring	0	no		2	5	3.957	
954	1112212332343444	1121232134434234	4663	fallback_evaluated_by_x_component_coloring	0	no		2	5	2.806	
47	1111222333444234	1231124323123444	21538	fallback_evaluated_by_x_component_coloring	0	no		2	2	0.093	
69	1111222343233444	1211123323424434	12182	fallback_evaluated_by_x_component_coloring	0	no		2	6	5.639	
93	1111223223443434	1213121243243344	17890	fallback_evaluated_by_x_component_coloring	0	yes	WARNING: 3-strand relation used	1	9	0.285	
96	1111223224334434	1123211342432344	10349	fallback_evaluated_by_x_component_coloring	0	no		2	7	6.467	
87	1111223223344344	1231121243323444	20862	fallback_evaluated_by_x_component_coloring	1	no		4	7	30.521	
92	1111223223443344	1123211344223434	10353	fallback_evaluated_by_x_component_coloring	1	no		3	8	23.116	
157	1111223322344344	1123122314432434	9524	fallback_evaluated_by_x_component_coloring	0	no		3	5	7.282	
158	1111223322344434	1231121423323444	20939	fallback_evaluated_by_x_component_coloring	0	no		2	7	7.189	
176	1111223324234434	1234121132432344	23807	fallback_evaluated_by_x_component_coloring	0	no		1	4	0.206	
177	1111223324243344	1123211342432434	10350	fallback_evaluated_by_x_component_coloring	0	no		3	6	12.893	
261	1111232223443434	1213214342123344	19570	fallback_evaluated_by_x_component_coloring	0	yes	WARNING: 3-strand relation used	2	7	0.094	
259	1111232223434434	1213114232243344	17815	fallback_evaluated_by_x_component_coloring	0	no		1	7	5.915	
275	1111232232443434	1213114223234344	17797	fallback_evaluated_by_x_component_coloring	0	no		2	7	6.719	
273	1111232232434434	1212113324432344	15169	fallback_evaluated_by_x_component_coloring	0	no		2	7	8.999	
281	1111232233424344	1123213442132434	10825	fallback_evaluated_by_x_component_coloring	0	no		1	6	3.155	
289	1111232234243344	1231112422334434	20721	fallback_evaluated_by_x_component_coloring	0	no		1	5	0.998	
297	1111232234423344	1213212431432434	19174	fallback_evaluated_by_x_component_coloring	0	no		2	5	3.981	
325	1111232322344344	1234112123323444	23615	fallback_evaluated_by_x_component_coloring	0	no		1	3	0.036	
329	1111232322434434	1212113344232344	15190	fallback_evaluated_by_x_component_coloring	0	no		2	5	5.210	
469	1112122233434434	1231211324432344	21883	fallback_evaluated_by_x_component_coloring	0	no		1	7	4.474	
735	1112132232434434	1231421312233444	23409	fallback_evaluated_by_x_component_coloring	0	no		2	3	0.846	
791	1112132322434434	1231423142132344	23542	fallback_evaluated_by_x_component_coloring	0	no		1	3	0.032	
853	1112132423324434	1231213142432344	22213	fallback_evaluated_by_x_component_coloring	0	no		1	6	2.428	
975	1112212334243344	1211233231442434	13510	fallback_evaluated_by_x_component_coloring	0	no		2	6	4.575	
32	1111222332344434	1213214123323444	19421	fallback_evaluated_by_x_component_coloring	0	no		3	6	11.032	
44	1111222333424434	1231112234432344	20639	fallback_evaluated_by_x_component_coloring	0	no		1	5	2.248	
45	1111222333442344	1231114232234434	20784	fallback_evaluated_by_x_component_coloring	0	no		2	5	3.725	
66	1111222342334434	1231124323142344	21541	fallback_evaluated_by_x_component_coloring	0	no		1	5	1.530	
69	1111222343233444	1211123323444234	12185	fallback_evaluated_by_x_component_coloring	0	no		1	4	0.502	
70	1111222343234344	1213123213442434	18290	fallback_evaluated_by_x_component_coloring	0	no		2	5	2.748	
75	1111222343324344	1211123323244434	12179	fallback_evaluated_by_x_component_coloring	0	no		4	6	11.023	
92	1111223223443344	1231121243323444	20862	fallback_evaluated_by_x_component_coloring	0	no		2	6	5.186	
93	1111223223443434	1213121342243344	17941	fallback_evaluated_by_x_component_coloring	0	no		2	5	6.434	
105	1111223232434434	1231121324432344	20905	fallback_evaluated_by_x_component_coloring	0	no		1	6	2.573	
96	1111223224334434	1123211344232344	10354	fallback_evaluated_by_x_component_coloring	0	no		4	7	28.376	
157	1111223322344344	1213211324423434	18912	fallback_evaluated_by_x_component_coloring	0	no		4	4	6.767	
158	1111223322344434	1213122314432344	18103	fallback_evaluated_by_x_component_coloring	0	no		4	4	7.886	
167	1111223323244434	1123211342432344	10349	fallback_evaluated_by_x_component_coloring	0	no		3	6	11.863	
176	1111223324234434	1234121231432344	23849	fallback_evaluated_by_x_component_coloring	-1	no		1	2	0.013	
190	1111223342233444	1123122313444234	9509	fallback_evaluated_by_x_component_coloring	0	no		2	5	2.296	
185	1111223324423344	1123211342432434	10350	fallback_evaluated_by_x_component_coloring	0	no		4	8	23.708	
206	1111223344223344	1112233213442434	1934	fallback_evaluated_by_x_component_coloring	0	no		4	5	6.559	
180	1111223324324344	1123211344232434	10355	fallback_evaluated_by_x_component_coloring	0	no		4	7	31.890	
259	1111232223434434	1213214233142344	19493	fallback_evaluated_by_x_component_coloring	0	no		1	5	1.147	
261	1111232223443434	1213112243243344	17680	fallback_evaluated_by_x_component_coloring	0	yes	WARNING: 3-strand relation used	1	10	1.797	
273	1111232232434434	1123214312243344	10932	fallback_evaluated_by_x_component_coloring	0	no		1	7	6.355	
272	1111232232434344	1231112432233444	20740	fallback_evaluated_by_x_component_coloring	0	no		2	7	7.196	
275	1111232232443434	1213214324123344	19556	fallback_evaluated_by_x_component_coloring	0	no		3	5	7.154	
297	1111232234423344	1123212431432434	10594	fallback_evaluated_by_x_component_coloring	0	no		1	5	0.957	
289	1111232234243344	1231112432423434	20752	fallback_evaluated_by_x_component_coloring	0	no		2	5	3.923	
325	1111232322344344	1213214123324434	19423	fallback_evaluated_by_x_component_coloring	0	no		2	6	6.701	
329	1111232322434434	1213214324132344	19558	fallback_evaluated_by_x_component_coloring	0	no		2	6	7.680	
442	1111234232233444	1123211323444234	10319	fallback_evaluated_by_x_component_coloring	0	no		2	3	0.427	
735	1112132232434434	1231423112233444	23479	fallback_evaluated_by_x_component_coloring	0	no		1	3	0.033	
791	1112132322434434	1231214342132344	22542	fallback_evaluated_by_x_component_coloring	0	yes	WARNING: 3-strand relation used	2	6	0.028	
772	1112132243243344	1231211423323444	21917	fallback_evaluated_by_x_component_coloring	0	no		2	6	4.081	
12	1111222234334434	1213112432233444	17770	fallback_evaluated_by_x_component_coloring	0	no		3	6	7.426	
72	1111222343243344	1231124321323444	21527	fallback_evaluated_by_x_component_coloring	0	no		1	5	1.546	
74	1111222343323444	1231124323144234	21543	fallback_evaluated_by_x_component_coloring	0	no		1	5	1.846	
75	1111222343324344	1211123322344434	12170	fallback_evaluated_by_x_component_coloring	0	no		3	8	22.802	
59	1111222334423344	1211123322344434	12170	fallback_evaluated_by_x_component_coloring	0	no		8	6	46.490	
93	1111223223443434	1213122344123344	18152	fallback_evaluated_by_x_component_coloring	0	no		2	3	0.812	
92	1111223223443344	1231121243233444	20857	fallback_evaluated_by_x_component_coloring	0	no		3	5	4.971	
109	1111223233243444	1123211323444234	10319	fallback_evaluated_by_x_component_coloring	0	no		2	4	2.207	
157	1111223322344344	1123122134432434	9468	fallback_evaluated_by_x_component_coloring	0	no		5	6	25.604	
158	1111223322344434	1213122134432344	18047	fallback_evaluated_by_x_component_coloring	0	no		7	6	32.954	
166	1111223323244344	1123211342432434	10350	fallback_evaluated_by_x_component_coloring	0	no		3	6	12.997	
167	1111223323244434	1231121243323444	20862	fallback_evaluated_by_x_component_coloring	1	no		3	6	13.513	
259	1111232223434434	1234112233142344	23687	fallback_evaluated_by_x_component_coloring	0	no		1	3	0.051	
261	1111232223443434	1213114232243344	17815	fallback_evaluated_by_x_component_coloring	0	no		1	7	5.935	
273	1111232232434434	1123214314232344	10947	fallback_evaluated_by_x_component_coloring	0	no		1	5	0.921	
275	1111232232443434	1213214323124344	19547	fallback_evaluated_by_x_component_coloring	0	no		1	5	1.160	
278	1111232233244344	1123211324432434	10334	fallback_evaluated_by_x_component_coloring	0	no		3	7	11.027	
277	1111232233243444	1123211324434234	10335	fallback_evaluated_by_x_component_coloring	0	no		3	6	12.038	
289	1111232234243344	1122112333442434	6448	fallback_evaluated_by_x_component_coloring	0	yes	WARNING: 3-strand relation used	4	12	9.300	
297	1111232234423344	1123213421432434	10796	fallback_evaluated_by_x_component_coloring	0	no		4	4	5.577	
325	1111232322344344	1213214134223434	19449	fallback_evaluated_by_x_component_coloring	0	yes	WARNING: 3-strand relation used	5	10	6.817	
329	1111232322434434	1213212143342344	19041	fallback_evaluated_by_x_component_coloring	0	yes	WARNING: 3-strand relation used	4	12	11.015	
384	1111232423233444	1123213142434234	10665	fallback_evaluated_by_x_component_coloring	0	no		2	5	3.373	
517	1112122334324434	1231213142432344	22213	fallback_evaluated_by_x_component_coloring	0	no		1	6	2.665	
735	1112132232434434	1211312423342344	13934	fallback_evaluated_by_x_component_coloring	0	yes	WARNING: 3-strand relation used	2	8	0.419	
791	1112132322434434	1231214134232344	22420	fallback_evaluated_by_x_component_coloring	0	yes	WARNING: 3-strand relation used	4	10	1.209	
22	1111222323443344	1231124132233444	21424	fallback_evaluated_by_x_component_coloring	0	no		2	7	17.571	
35	1111222332434434	1123213144232344	10668	fallback_evaluated_by_x_component_coloring	0	no		3	6	15.386	
61	1111222334432344	1211123322344434	12170	fallback_evaluated_by_x_component_coloring	0	no		4	6	10.169	
87	1111223223344344	1231121432323444	20955	fallback_evaluated_by_x_component_coloring	1	no		3	6	15.156	
92	1111223223443344	1231121432234434	20952	fallback_evaluated_by_x_component_coloring	0	no		2	6	5.677	
93	1111223223443434	1213121243234344	17888	fallback_evaluated_by_x_component_coloring	0	yes	WARNING: 3-strand relation used	5	10	6.253	
98	1111223224343434	1231121432324344	20956	fallback_evaluated_by_x_component_coloring	0	no		2	6	4.323	
158	1111223322344434	1213211234432344	18857	fallback_evaluated_by_x_component_coloring	0	no		2	3	1.663	
88	1111223223344434	1213211243323444	18870	fallback_evaluated_by_x_component_coloring	0	no		4	9	58.605	
165	1111223323243444	1123122133444234	9453	fallback_evaluated_by_x_component_coloring	0	no		2	6	6.755	
157	1111223322344344	1123211324423434	10332	fallback_evaluated_by_x_component_coloring	0	no		5	5	29.594	
259	1111232223434434	1234112342132344	23766	fallback_evaluated_by_x_component_coloring	1	no		1	1	0.008	
261	1111232223443434	1213112342243344	17731	fallback_evaluated_by_x_component_coloring	0	no		2	4	5.411	
257	1111232223433444	1123213144223344	10666	fallback_evaluated_by_x_component_coloring	0	no		2	7	8.721	
275	1111232232443434	1213112324423344	17723	fallback_evaluated_by_x_component_coloring	0	yes	WARNING: 3-strand relation used	1	8	0.073	
273	1111232232434434	1123214324132344	10978	fallback_evaluated_by_x_component_coloring	0	no		1	5	1.169	
278	1111232233244344	1213211423323444	18947	fallback_evaluated_by_x_component_coloring	0	no		2	6	5.700	
286	1111232234233444	1123213441223344	10817	fallback_evaluated_by_x_component_coloring	0	no		1	6	3.433	
297	1111232234423344	1234112321432434	23738	fallback_evaluated_by_x_component_coloring	0	no		1	4	0.220	
289	1111232234243344	1231112432432434	20754	fallback_evaluated_by_x_component_coloring	0	no		2	4	3.378	
304	1111232242334434	1123213414232344	10779	fallback_evaluated_by_x_component_coloring	0	no		2	5	2.630	
318	1111232243423344	1123213414232434	10780	fallback_evaluated_by_x_component_coloring	0	no		2	5	2.693	
325	1111232322344344	1123214134223434	10869	fallback_evaluated_by_x_component_coloring	0	no		2	4	1.866	
329	1111232322434434	1213112243342344	17685	fallback_evaluated_by_x_component_coloring	0	no		2	6	6.840	
390	1111232423324344	1123213144232434	10669	fallback_evaluated_by_x_component_coloring	0	no		2	7	8.593	
481	1112122323433444	1211314232234434	13986	fallback_evaluated_by_x_component_coloring	0	no		1	7	5.232	
493	1112122332344344	1231214123323444	22391	fallback_evaluated_by_x_component_coloring	0	no		1	5	1.457	
735	1112132232434434	1211312434232344	13960	fallback_evaluated_by_x_component_coloring	0	no		1	4	0.144	
791	1112132322434434	1231423124132344	23528	fallback_evaluated_by_x_component_coloring	0	no		2	2	0.062	
25	1111222324334344	1211123322344434	12170	fallback_evaluated_by_x_component_coloring	0	no		8	6	63.607	
44	1111222333424434	1123213144232344	10668	fallback_evaluated_by_x_component_coloring	0	no		3	6	16.256	
50	1111222334234434	1123231142432344	11047	fallback_evaluated_by_x_component_coloring	0	no		4	5	6.829	
73	1111222343243434	1231124312324344	21507	fallback_evaluated_by_x_component_coloring	0	no		2	3	0.506	
92	1111223223443344	1213121432234434	17982	fallback_evaluated_by_x_component_coloring	0	no		2	5	3.457	
93	1111223223443434	1231122344123344	21122	fallback_evaluated_by_x_component_coloring	0	no		1	3	0.025	
157	1111223322344344	1123211234432434	10278	fallback_evaluated_by_x_component_coloring	0	no		2	3	1.245	
88	1111223223344434	1123211344223344	10352	fallback_evaluated_by_x_component_coloring	1	no		4	9	48.814	
165	1111223323243444	1123211233444234	10263	fallback_evaluated_by_x_component_coloring	0	no		2	4	1.840	
158	1111223322344434	1231121324432344	20905	fallback_evaluated_by_x_component_coloring	0	no		2	4	2.490	
261	1111232223443434	1213214233124344	19491	fallback_evaluated_by_x_component_coloring	0	no		1	5	1.265	
273	1111232232434434	1213112324432344	17725	fallback_evaluated_by_x_component_coloring	0	no		1	4	0.615	
275	1111232232443434	1213214213234344	19459	fallback_evaluated_by_x_component_coloring	0	no		1	5	1.353	
257	1111232223433444	1123211344223344	10352	fallback_evaluated_by_x_component_coloring	0	no		2	9	18.187	
278	1111232233244344	1213112432323444	17775	fallback_evaluated_by_x_component_coloring	0	no		2	5	3.539	
282	1111232233424434	1231112423342344	20732	fallback_evaluated_by_x_component_coloring	0	no		2	5	2.388	
297	1111232234423344	1213112432342434	17779	fallback_evaluated_by_x_component_coloring	0	no		1	5	1.826	
289	1111232234243344	1231112322443434	20671	fallback_evaluated_by_x_component_coloring	0	no		2	4	3.980	
325	1111232322344344	1123214123324434	10843	fallback_evaluated_by_x_component_coloring	0	no		1	6	4.307	
329	1111232322434434	1213214134232344	19450	fallback_evaluated_by_x_component_coloring	0	yes	WARNING: 3-strand relation used	4	11	7.508	
735	1112132232434434	1231421213342344	23366	fallback_evaluated_by_x_component_coloring	0	yes	WARNING: 3-strand relation used	2	6	0.030	
791	1112132322434434	1231214234132344	22472	fallback_evaluated_by_x_component_coloring	0	no		1	3	0.035	
1013	1112213223433444	1211341232234434	14796	fallback_evaluated_by_x_component_coloring	0	no		1	6	2.149	
26	1111222324334434	1231124132233444	21424	fallback_evaluated_by_x_component_coloring	0	no		3	6	11.776	
17	1111222323344344	1231112243323444	20652	fallback_evaluated_by_x_component_coloring	1	no		4	9	67.126	
93	1111223223443434	1234121233124344	23853	fallback_evaluated_by_x_component_coloring	0	no		1	2	0.020	
92	1111223223443344	1213211344232434	18935	fallback_evaluated_by_x_component_coloring	0	no		3	5	6.493	
86	1111223223343444	1231121243324344	20863	fallback_evaluated_by_x_component_coloring	-1	no		4	7	48.945	
136	1111223242334434	1231121423342344	20942	fallback_evaluated_by_x_component_coloring	0	no		2	5	2.850	
157	1111223322344344	1234111223323444	23573	fallback_evaluated_by_x_component_coloring	0	no		2	3	0.970	
158	1111223322344434	1231121234432344	20849	fallback_evaluated_by_x_component_coloring	0	no		2	2	0.233	
167	1111223323244434	1231121432323444	20955	fallback_evaluated_by_x_component_coloring	0	no		3	6	8.656	
193	1111223342243344	1231121423323444	20939	fallback_evaluated_by_x_component_coloring	0	no		4	7	32.184	
275	1111232232443434	1234112213234344	23653	fallback_evaluated_by_x_component_coloring	0	no		1	3	0.058	
261	1111232223443434	1213112243234344	17678	fallback_evaluated_by_x_component_coloring	0	yes	WARNING: 3-strand relation used	4	12	8.817	
273	1111232232434434	1231112423342344	20732	fallback_evaluated_by_x_component_coloring	0	no		2	5	2.407	
289	1111232234243344	1231112322434434	20669	fallback_evaluated_by_x_component_coloring	0	no		1	4	0.154	
304	1111232242334434	1231112423342344	20732	fallback_evaluated_by_x_component_coloring	0	no		2	5	2.482	
297	1111232234423344	1213212431342434	19169	fallback_evaluated_by_x_component_coloring	0	yes	WARNING: 3-strand relation used	4	11	8.368	
329	1111232322434434	1213214123342344	19424	fallback_evaluated_by_x_component_coloring	0	no		1	5	2.758	
325	1111232322344344	1123213124423434	10646	fallback_evaluated_by_x_component_coloring	0	no		4	4	7.397	
735	1112132232434434	1231421213243344	23361	fallback_evaluated_by_x_component_coloring	0	no		1	4	0.307	
791	1112132322434434	1231214123342344	22394	fallback_evaluated_by_x_component_coloring	0	no		2	3	0.463	
1432	1112223413324344	1211233231442434	13510	fallback_evaluated_by_x_component_coloring	0	no		1	7	4.261	
1453	1112223431423344	1211233234142434	13516	fallback_evaluated_by_x_component_coloring	0	no		1	6	2.500	
7	1111222233434434	1213112432233444	17770	fallback_evaluated_by_x_component_coloring	0	no		2	6	6.964	
12	1111222234334434	1231121432233444	20950	fallback_evaluated_by_x_component_coloring	0	no		3	6	8.447	
26	1111222324334434	1231124321233444	21522	fallback_evaluated_by_x_component_coloring	0	no		2	3	0.717	
32	1111222332344434	1231112234432344	20639	fallback_evaluated_by_x_component_coloring	0	no		2	3	0.635	
62	1111222334432434	1231124321234344	21523	fallback_evaluated_by_x_component_coloring	0	no		2	2	0.049	
72	1111222343243344	1211123323424434	12182	fallback_evaluated_by_x_component_coloring	0	no		4	5	9.917	
93	1111223223443434	1234121342123344	23932	fallback_evaluated_by_x_component_coloring	-1	no		1	2	0.013	
89	1111223223433444	1123211344234234	10356	fallback_evaluated_by_x_component_coloring	-1	no		2	6	8.950	
92	1111223223443344	1123211344232434	10355	fallback_evaluated_by_x_component_coloring	0	no		2	7	13.252	
114	1111223233424434	1231121423342344	20942	fallback_evaluated_by_x_component_coloring	0	no		2	5	2.899	
106	1111223232443344	1231121432233444	20950	fallback_evaluated_by_x_component_coloring	0	no		4	9	38.025	
156	1111223322343444	1123231124423344	11029	fallback_evaluated_by_x_component_coloring	0	no		4	4	5.468	
157	1111223322344344	1122132314432434	7226	fallback_evaluated_by_x_component_coloring	0	no		4	4	9.034	
188	1111223324432434	1231121432324344	20956	fallback_evaluated_by_x_component_coloring	0	no		2	6	4.342	
158	1111223322344434	1231141223323444	21581	fallback_evaluated_by_x_component_coloring	0	no		7	6	33.638	
261	1111232223443434	1213212344123344	19130	fallback_evaluated_by_x_component_coloring	0	no		1	3	0.056	
273	1111232232434434	1231112434232344	20758	fallback_evaluated_by_x_component_coloring	0	no		2	3	0.595	
272	1111232232434344	1123213442132434	10825	fallback_evaluated_by_x_component_coloring	0	no		1	6	3.358	
289	1111232234243344	1234112321323444	23729	fallback_evaluated_by_x_component_coloring	0	no		1	2	0.024	
297	1111232234423344	1123212431342434	10589	fallback_evaluated_by_x_component_coloring	0	yes	WARNING: 3-strand relation used	2	7	0.071	
275	1111232232443434	1213112324243344	17715	fallback_evaluated_by_x_component_coloring	0	no		3	5	9.791	
325	1111232322344344	1213212124334434	18990	fallback_evaluated_by_x_component_coloring	0	no		1	5	3.025	
329	1111232322434434	1213213244132344	19334	fallback_evaluated_by_x_component_coloring	0	no		2	4	3.379	
334	1111232323244344	1123213142432434	10664	fallback_evaluated_by_x_component_coloring	0	no		2	6	4.184	
735	1112132232434434	1231412312243344	23244	fallback_evaluated_by_x_component_coloring	0	no		2	4	3.223	
791	1112132322434434	1231412134232344	23182	fallback_evaluated_by_x_component_coloring	0	no		1	3	0.033	
954	1112212332343444	1211232134434234	13243	fallback_evaluated_by_x_component_coloring	0	no		1	4	0.203	
957	1112212332433444	1121232134434234	4663	fallback_evaluated_by_x_component_coloring	0	no		2	5	3.132	
1013	1112213223433444	1231211243234434	21837	fallback_evaluated_by_x_component_coloring	0	no		1	4	0.515	
1106	1112213324342344	1211233231424434	13508	fallback_evaluated_by_x_component_coloring	0	no		2	6	4.960	
1118	1112213342243434	1231121423324344	20940	fallback_evaluated_by_x_component_coloring	0	no		2	5	3.774	
12	1111222234334434	1231112432233444	20740	fallback_evaluated_by_x_component_coloring	0	no		3	7	17.557	
22	1111222323443344	1123213144223434	10667	fallback_evaluated_by_x_component_coloring	-1	no		3	8	26.044	
55	1111222334324434	1123231142432344	11047	fallback_evaluated_by_x_component_coloring	0	no		4	5	8.043	
72	1111222343243344	1211123323442434	12184	fallback_evaluated_by_x_component_coloring	0	no		2	5	3.526	
89	1111223223433444	1213211243234344	18866	fallback_evaluated_by_x_component_coloring	0	no		2	6	7.013	
92	1111223223443344	1122131432234434	7104	fallback_evaluated_by_x_component_coloring	0	no		2	6	6.842	
95	1111223224334344	1123211344232434	10355	fallback_evaluated_by_x_component_coloring	0	no		4	7	36.893	
158	1111223322344434	1213121324432344	17935	fallback_evaluated_by_x_component_coloring	0	no		1	5	0.990	
157	1111223322344344	1213211324324434	18907	fallback_evaluated_by_x_component_coloring	0	no		2	5	4.903	
261	1111232223443434	1234112233124344	23685	fallback_evaluated_by_x_component_coloring	0	no		1	3	0.050	
273	1111232232434434	1234112213233444	23652	fallback_evaluated_by_x_component_coloring	0	no		1	4	0.235	
275	1111232232443434	1213112434223344	17786	fallback_evaluated_by_x_component_coloring	0	no		2	4	3.429	
292	1111232234324344	1123213441232434	10820	fallback_evaluated_by_x_component_coloring	0	no		1	5	1.599	
297	1111232234423344	1123213441232434	10820	fallback_evaluated_by_x_component_coloring	0	no		1	5	1.446	
325	1111232322344344	1234112123324434	23617	fallback_evaluated_by_x_component_coloring	0	no		1	3	0.044	
329	1111232322434434	1234112132243344	23629	fallback_evaluated_by_x_component_coloring	0	no		2	4	2.967	
289	1111232234243344	1213212431324434	19167	fallback_evaluated_by_x_component_coloring	0	no		5	6	22.106	
406	1111232432324344	1123213144232434	10669	fallback_evaluated_by_x_component_coloring	0	no		2	6	4.324	
735	1112132232434434	1231412213243344	23193	fallback_evaluated_by_x_component_coloring	0	no		2	4	3.791	
791	1112132322434434	1231412234132344	23234	fallback_evaluated_by_x_component_coloring	-1	no		1	3	0.059	
954	1112212332343444	1231231124423344	22579	fallback_evaluated_by_x_component_coloring	0	no		1	5	1.671	
958	1112212332434344	1211233234142434	13516	fallback_evaluated_by_x_component_coloring	0	no		1	6	3.175	
1117	1112213342243344	1211233213442434	13484	fallback_evaluated_by_x_component_coloring	0	no		4	5	6.406	
27	1111222324343344	1231112243323444	20652	fallback_evaluated_by_x_component_coloring	0	no		4	9	51.839	
44	1111222333424434	1231124132233444	21424	fallback_evaluated_by_x_component_coloring	0	no		4	5	14.318	
55	1111222334324434	1231124321342344	21530	fallback_evaluated_by_x_component_coloring	0	no		2	4	1.453	
72	1111222343243344	1231124312323444	21506	fallback_evaluated_by_x_component_coloring	0	no		2	4	1.265	
76	1111222343324434	1234123112432344	23954	fallback_evaluated_by_x_component_coloring	0	no		2	2	0.057	
87	1111223223344344	1123211342432434	10350	fallback_evaluated_by_x_component_coloring	1	no		3	6	15.761	
92	1111223223443344	1213211342243434	18920	fallback_evaluated_by_x_component_coloring	0	no		4	4	10.023	
103	1111223232433444	1231121432234344	20951	fallback_evaluated_by_x_component_coloring	0	no		4	8	28.638	
111	1111223233244434	1231121423323444	20939	fallback_evaluated_by_x_component_coloring	-1	no		3	6	16.308	
86	1111223223343444	1123211344223344	10352	fallback_evaluated_by_x_component_coloring	1	no		4	9	65.076	
158	1111223322344434	1213121234432344	17879	fallback_evaluated_by_x_component_coloring	0	no		1	3	0.145	
157	1111223322344344	1122121334432434	6716	fallback_evaluated_by_x_component_coloring	0	no		8	5	50.635	
167	1111223323244434	1213211342432344	18929	fallback_evaluated_by_x_component_coloring	0	no		3	5	5.295	
179	1111223324323444	1123122341344234	9556	fallback_evaluated_by_x_component_coloring	0	no		1	5	1.191	
261	1111232223443434	1234112342123344	23764	fallback_evaluated_by_x_component_coloring	-1	no		1	1	0.012	
273	1111232232434434	1234112312233444	23703	fallback_evaluated_by_x_component_coloring	0	no		1	3	0.061	
297	1111232234423344	1213212431243434	19164	fallback_evaluated_by_x_component_coloring	0	no		1	4	0.197	
275	1111232232443434	1213212413324344	19150	fallback_evaluated_by_x_component_coloring	0	no		5	6	21.026	
289	1111232234243344	1213112322443434	17701	fallback_evaluated_by_x_component_coloring	0	no		4	5	14.949	
329	1111232322434434	1213214342132344	19572	fallback_evaluated_by_x_component_coloring	0	yes	WARNING: 3-strand relation used	1	8	0.078	
342	1111232324233444	1123212133444234	10431	fallback_evaluated_by_x_component_coloring	0	no		2	5	2.938	
416	1111232434223344	1123213144232434	10669	fallback_evaluated_by_x_component_coloring	0	no		1	8	8.662	
310	1111232243243344	1231112423323444	20729	fallback_evaluated_by_x_component_coloring	0	no		4	7	28.475	
325	1111232322344344	1213112224334434	17634	fallback_evaluated_by_x_component_coloring	0	no		3	8	29.626	
507	1112122333442344	1211314232234434	13986	fallback_evaluated_by_x_component_coloring	0	no		1	6	2.718	
735	1112132232434434	1231421323142344	23449	fallback_evaluated_by_x_component_coloring	0	no		1	3	0.063	
791	1112132322434434	1231423123142344	23519	fallback_evaluated_by_x_component_coloring	0	no		1	2	0.010	
940	1112212323343444	1211233231424434	13508	fallback_evaluated_by_x_component_coloring	0	no		1	7	5.421	
1117	1112213342243344	1121233213442434	4904	fallback_evaluated_by_x_component_coloring	0	no		4	5	7.142	
20	1111222323434344	1123213144232434	10669	fallback_evaluated_by_x_component_coloring	1	no		2	7	17.308	
18	1111222323344434	1123213144223344	10666	fallback_evaluated_by_x_component_coloring	-1	no		4	9	55.964	
50	1111222334234434	1213213142432344	19243	fallback_evaluated_by_x_component_coloring	0	no		2	5	3.617	
53	1111222334323444	1231124321344234	21532	fallback_evaluated_by_x_component_coloring	0	no		2	4	1.699	
30	1111222332343444	1231112243324344	20653	fallback_evaluated_by_x_component_coloring	0	no		3	9	60.702	
76	1111222343324434	1231124312342344	21509	fallback_evaluated_by_x_component_coloring	0	no		2	2	0.055	
96	1111223224334434	1213211342432344	18929	fallback_evaluated_by_x_component_coloring	0	no		2	6	4.562	
92	1111223223443344	1123211342243434	10340	fallback_evaluated_by_x_component_coloring	0	no		5	5	23.833	
157	1111223322344344	1213211224334434	18822	fallback_evaluated_by_x_component_coloring	0	no		1	6	4.725	
158	1111223322344434	1123231124423344	11029	fallback_evaluated_by_x_component_coloring	0	no		2	6	4.581	
111	1111223233244434	1231121432323444	20955	fallback_evaluated_by_x_component_coloring	0	no		8	5	31.537	
165	1111223323243444	1123211342434234	10351	fallback_evaluated_by_x_component_coloring	0	no		3	5	9.416	
277	1111232233243444	1123211323444234	10319	fallback_evaluated_by_x_component_coloring	0	no		2	3	0.652	
273	1111232232434434	1213214324132344	19558	fallback_evaluated_by_x_component_coloring	0	no		3	5	7.234	
275	1111232232443434	1213112423234344	17755	fallback_evaluated_by_x_component_coloring	0	yes	WARNING: 3-strand relation used	4	11	7.329	
297	1111232234423344	1234112321243434	23728	fallback_evaluated_by_x_component_coloring	1	no		1	2	0.004	
289	1111232234243344	1213112432423434	17782	fallback_evaluated_by_x_component_coloring	0	no		2	4	2.374	
303	1111232242334344	1123213442132434	10825	fallback_evaluated_by_x_component_coloring	0	no		1	6	3.260	
325	1111232322344344	1213212134324434	19019	fallback_evaluated_by_x_component_coloring	0	no		2	4	3.444	
329	1111232322434434	1213214323142344	19549	fallback_evaluated_by_x_component_coloring	0	no		1	5	2.915	
735	1112132232434434	1231211434232344	21946	fallback_evaluated_by_x_component_coloring	0	yes	WARNING: 3-strand relation used	4	11	6.937	
1066	1112213243243344	1211233213442434	13484	fallback_evaluated_by_x_component_coloring	0	no		4	5	6.474	
13	1111222234343344	1231124321323444	21527	fallback_evaluated_by_x_component_coloring	-1	no		2	4	5.704	
18	1111222323344434	1231112243323444	20652	fallback_evaluated_by_x_component_coloring	0	no		3	7	24.864	
32	1111222332344434	1123231124432344	11031	fallback_evaluated_by_x_component_coloring	0	no		3	5	5.389	
35	1111222332434434	1231124132233444	21424	fallback_evaluated_by_x_component_coloring	0	no		4	5	11.647	
53	1111222334323444	1123122133444234	9453	fallback_evaluated_by_x_component_coloring	0	no		4	5	24.278	
92	1111223223443344	1234111232233444	23584	fallback_evaluated_by_x_component_coloring	0	no		2	3	0.892	
88	1111223223344434	1123211342432344	10349	fallback_evaluated_by_x_component_coloring	-1	no		3	6	14.191	
112	1111223233423444	1123122314344234	9520	fallback_evaluated_by_x_component_coloring	0	no		1	6	2.742	
158	1111223322344434	1123231244312344	11141	fallback_evaluated_by_x_component_coloring	0	no		2	3	0.473	
157	1111223322344344	1122131234432434	7002	fallback_evaluated_by_x_component_coloring	0	no		4	2	3.523	
167	1111223323244434	1123231142432344	11047	fallback_evaluated_by_x_component_coloring	0	no		3	5	4.891	
178	1111223324243434	1231121432324344	20956	fallback_evaluated_by_x_component_coloring	0	no		2	6	4.304	
275	1111232232443434	1213212434123344	19186	fallback_evaluated_by_x_component_coloring	0	no		1	4	0.228	
289	1111232234243344	1213212433412434	19183	fallback_evaluated_by_x_component_coloring	0	no		1	5	2.998	
297	1111232234423344	1123213421342434	10791	fallback_evaluated_by_x_component_coloring	0	no		2	3	0.384	
273	1111232232434434	1213214312243344	19512	fallback_evaluated_by_x_component_coloring	0	no		3	8	18.437	
325	1111232322344344	1213212134423434	19024	fallback_evaluated_by_x_component_coloring	0	no		1	4	0.210	
329	1111232322434434	1234112134232344	23644	fallback_evaluated_by_x_component_coloring	0	no		1	2	0.014	
387	1111232423243344	1123213142432434	10664	fallback_evaluated_by_x_component_coloring	0	no		2	6	4.208	
735	1112132232434434	1231412213342344	23198	fallback_evaluated_by_x_component_coloring	0	yes	WARNING: 3-strand relation used	4	10	0.959	
1066	1112213243243344	1121233213442434	4904	fallback_evaluated_by_x_component_coloring	0	no		4	5	6.964	
32	1111222332344434	1123213124432344	10647	fallback_evaluated_by_x_component_coloring	-1	no		2	7	12.516	
53	1111222334323444	1213124321344234	18562	fallback_evaluated_by_x_component_coloring	0	no		2	4	2.279	
75	1111222343324344	1231124312233444	21501	fallback_evaluated_by_x_component_coloring	0	no		3	5	9.804	
89	1111223223433444	1213211243234434	18867	fallback_evaluated_by_x_component_coloring	0	no		1	5	3.132	
92	1111223223443344	1213211342234434	18918	fallback_evaluated_by_x_component_coloring	0	no		2	4	3.796	
88	1111223223344434	1231121243323444	20862	fallback_evaluated_by_x_component_coloring	0	no		3	6	15.299	
54	1111222334324344	1211123322344434	12170	fallback_evaluated_by_x_component_coloring	0	no		8	6	53.037	
111	1111223233244434	1231121324432344	20905	fallback_evaluated_by_x_component_coloring	0	no		4	4	9.161	
157	1111223322344344	1234111223324434	23575	fallback_evaluated_by_x_component_coloring	0	no		1	4	0.274	
158	1111223322344434	1123231424312344	11197	fallback_evaluated_by_x_component_coloring	0	no		2	2	0.244	
273	1111232232434434	1213214314232344	19527	fallback_evaluated_by_x_component_coloring	0	yes	WARNING: 3-strand relation used	2	8	0.373	
275	1111232232443434	1213212413234344	19145	fallback_evaluated_by_x_component_coloring	0	no		1	5	2.792	
277	1111232233243444	1231112432324344	20746	fallback_evaluated_by_x_component_coloring	0	no		2	6	5.332	
289	1111232234243344	1123212433412434	10603	fallback_evaluated_by_x_component_coloring	0	no		1	4	0.163	
297	1111232234423344	1213112422343434	17753	fallback_evaluated_by_x_component_coloring	0	yes	WARNING: 3-strand relation used	3	6	0.061	
271	1111232232433444	1123211324434234	10335	fallback_evaluated_by_x_component_coloring	0	no		4	5	12.088	
325	1111232322344344	1234112134223434	23643	fallback_evaluated_by_x_component_coloring	0	no		1	2	0.016	
329	1111232322434434	1213114223342344	17804	fallback_evaluated_by_x_component_coloring	0	no		1	6	4.723	
467	1112122233433444	1211312432234434	13944	fallback_evaluated_by_x_component_coloring	0	no		2	6	13.992	
735	1112132232434434	1231211423342344	21920	fallback_evaluated_by_x_component_coloring	0	no		2	4	2.062	
1136	1112213422334344	1211233234142434	13516	fallback_evaluated_by_x_component_coloring	0	no		1	6	2.576	
8	1111222233443344	1213112432233444	17770	fallback_evaluated_by_x_component_coloring	0	no		4	5	10.967	
30	1111222332343444	1123213144223344	10666	fallback_evaluated_by_x_component_coloring	0	no		2	8	25.422	
24	1111222324333444	1231114232234434	20784	fallback_evaluated_by_x_component_coloring	0	no		5	7	54.740	
46	1111222333442434	1231124323124344	21539	fallback_evaluated_by_x_component_coloring	0	no		2	4	2.204	
48	1111222334233444	1231124321324434	21529	fallback_evaluated_by_x_component_coloring	0	no		4	5	12.475	
65	1111222342334344	1231124323142434	21542	fallback_evaluated_by_x_component_coloring	0	no		1	6	2.890	
75	1111222343324344	1211123323442434	12184	fallback_evaluated_by_x_component_coloring	0	no		2	5	3.638	
89	1111223223433444	1234111232234434	23586	fallback_evaluated_by_x_component_coloring	0	no		1	3	0.502	
92	1111223223443344	1123211342234434	10338	fallback_evaluated_by_x_component_coloring	0	no		2	5	3.702	
100	1111223232343444	1231121423324344	20940	fallback_evaluated_by_x_component_coloring	1	no		2	7	16.997	
158	1111223322344434	1123241134223344	11336	fallback_evaluated_by_x_component_coloring	0	no		1	5	2.664	
157	1111223322344344	1212121334432434	15296	fallback_evaluated_by_x_component_coloring	0	no		4	4	8.909	
179	1111223324323444	1123142321344234	10192	fallback_evaluated_by_x_component_coloring	0	no		1	4	0.482	
174	1111223324233444	1123122133444234	9453	fallback_evaluated_by_x_component_coloring	0	no		2	6	5.142	
273	1111232232434434	1213214323142344	19549	fallback_evaluated_by_x_component_coloring	0	no		1	5	1.356	
275	1111232232443434	1234112323124344	23741	fallback_evaluated_by_x_component_coloring	0	no		1	2	0.025	
289	1111232234243344	1123213442312434	10828	fallback_evaluated_by_x_component_coloring	0	no		1	4	0.462	
297	1111232234423344	1234112321342434	23733	fallback_evaluated_by_x_component_coloring	0	no		1	3	0.020	
325	1111232322344344	1213214324312434	19562	fallback_evaluated_by_x_component_coloring	0	no		1	7	7.279	
329	1111232322434434	1213114234232344	17830	fallback_evaluated_by_x_component_coloring	0	no		1	4	0.155	
411	1111232432423344	1123213144232434	10669	fallback_evaluated_by_x_component_coloring	0	no		2	6	4.693	
558	1112123224334434	1231211342432344	21899	fallback_evaluated_by_x_component_coloring	0	no		1	6	2.502	
735	1112132232434434	1231411223342344	23114	fallback_evaluated_by_x_component_coloring	0	no		1	4	0.202	
13	1111222234343344	1231112432323444	20745	fallback_evaluated_by_x_component_coloring	0	no		4	6	13.918	
8	1111222233443344	1123211324432434	10334	fallback_evaluated_by_x_component_coloring	0	no		5	8	58.890	
32	1111222332344434	1213213124432344	19227	fallback_evaluated_by_x_component_coloring	0	no		3	5	5.502	
74	1111222343323444	1123123214344234	9722	fallback_evaluated_by_x_component_coloring	0	no		1	5	1.985	
75	1111222343324344	1231124321233444	21522	fallback_evaluated_by_x_component_coloring	0	no		1	5	1.598	
92	1111223223443344	1213211243234434	18867	fallback_evaluated_by_x_component_coloring	0	no		1	6	3.340	
157	1111223322344344	1211122334432434	12074	fallback_evaluated_by_x_component_coloring	0	no		2	3	0.897	
158	1111223322344434	1123241324312344	11449	fallback_evaluated_by_x_component_coloring	0	no		2	2	0.248	
273	1111232232434434	1234112312243344	23706	fallback_evaluated_by_x_component_coloring	0	no		2	3	0.582	
275	1111232232443434	1234112324123344	23750	fallback_evaluated_by_x_component_coloring	-1	no		1	2	0.015	
289	1111232234243344	1234112321324434	23731	fallback_evaluated_by_x_component_coloring	0	no		2	3	1.089	
312	1111232243323444	1234112321344234	23734	fallback_evaluated_by_x_component_coloring	0	no		2	2	0.057	
325	1111232322344344	1123214324312434	10982	fallback_evaluated_by_x_component_coloring	0	no		1	5	2.904	
329	1111232322434434	1213214234132344	19502	fallback_evaluated_by_x_component_coloring	0	no		1	4	0.226	
735	1112132232434434	1231213414232344	22329	fallback_evaluated_by_x_component_coloring	0	no		2	3	0.453	
957	1112212332433444	1211232134434234	13243	fallback_evaluated_by_x_component_coloring	0	no		1	4	0.505	
8	1111222233443344	1213211423323444	18947	fallback_evaluated_by_x_component_coloring	0	no		4	5	9.532	
12	1111222234334434	1123213442132344	10824	fallback_evaluated_by_x_component_coloring	0	no		1	5	1.635	
26	1111222324334434	1231124321342344	21530	fallback_evaluated_by_x_component_coloring	0	no		2	4	1.579	
53	1111222334323444	1123212133444234	10431	fallback_evaluated_by_x_component_coloring	0	no		2	5	4.424	
88	1111223223344434	1231121432323444	20955	fallback_evaluated_by_x_component_coloring	0	no		3	6	8.755	
92	1111223223443344	1234111232234434	23586	fallback_evaluated_by_x_component_coloring	0	no		1	3	0.085	
95	1111223224334344	1123211342432434	10350	fallback_evaluated_by_x_component_coloring	0	no		4	8	29.017	
158	1111223322344434	1123243124312344	11519	fallback_evaluated_by_x_component_coloring	0	no		1	2	0.060	
157	1111223322344344	1213211344223434	18933	fallback_evaluated_by_x_component_coloring	0	no		2	6	4.913	
181	1111223324324434	1231121432342344	20958	fallback_evaluated_by_x_component_coloring	0	no		2	5	2.283	
269	1111232232344344	1123213414223434	10778	fallback_evaluated_by_x_component_coloring	0	no		2	5	2.411	
273	1111232232434434	1234112213243344	23655	fallback_evaluated_by_x_component_coloring	0	no		1	4	0.233	
289	1111232234243344	1213112432324434	17777	fallback_evaluated_by_x_component_coloring	0	no		1	6	2.591	
312	1111232243323444	1123213412344234	10771	fallback_evaluated_by_x_component_coloring	0	no		2	2	0.058	
308	1111232243234344	1123213412432434	10775	fallback_evaluated_by_x_component_coloring	0	no		2	5	2.305	
325	1111232322344344	1212113324324434	15163	fallback_evaluated_by_x_component_coloring	0	yes	WARNING: 3-strand relation used	2	10	4.668	
329	1111232322434434	1234112234132344	23696	fallback_evaluated_by_x_component_coloring	-1	no		1	2	0.011	
551	1112123223433444	1122311344234234	7848	fallback_evaluated_by_x_component_coloring	0	no		1	5	1.633	
735	1112132232434434	1231423412132344	23556	fallback_evaluated_by_x_component_coloring	0	no		1	2	0.010	
11	1111222234334344	1231121432233444	20950	fallback_evaluated_by_x_component_coloring	0	no		3	8	26.008	
53	1111222334323444	1123124321344234	9982	fallback_evaluated_by_x_component_coloring	0	no		1	4	0.380	
105	1111223232434434	1231121423342344	20942	fallback_evaluated_by_x_component_coloring	0	no		2	5	2.705	
158	1111223322344434	1213122344312344	18157	fallback_evaluated_by_x_component_coloring	0	no		2	2	0.235	
92	1111223223443344	1213122433124434	18200	fallback_evaluated_by_x_component_coloring	0	no		10	6	97.822	
157	1111223322344344	1123211344223434	10353	fallback_evaluated_by_x_component_coloring	0	no		2	6	5.107	
273	1111232232434434	1213214213342344	19466	fallback_evaluated_by_x_component_coloring	0	yes	WARNING: 3-strand relation used	2	8	0.480	
289	1111232234243344	1123212331442434	10512	fallback_evaluated_by_x_component_coloring	0	no		2	4	3.713	
305	1111232242343344	1123213414223434	10778	fallback_evaluated_by_x_component_coloring	0	no		2	5	2.451	
325	1111232322344344	1213112234324434	17663	fallback_evaluated_by_x_component_coloring	0	no		2	3	0.949	
416	1111232434223344	1123213142432434	10664	fallback_evaluated_by_x_component_coloring	0	no		4	5	8.188	
735	1112132232434434	1231212413342344	22122	fallback_evaluated_by_x_component_coloring	0	yes	WARNING: 3-strand relation used	4	10	1.014	
11	1111222234334344	1211123322344434	12170	fallback_evaluated_by_x_component_coloring	0	no		3	8	25.357	
13	1111222234343344	1231112432324434	20747	fallback_evaluated_by_x_component_coloring	0	no		4	4	5.751	
10	1111222234333444	1211132322344434	12338	fallback_evaluated_by_x_component_coloring	0	no		6	6	63.905	
43	1111222333424344	1211123323244434	12179	fallback_evaluated_by_x_component_coloring	0	no		8	6	55.671	
92	1111223223443344	1213211243342434	18874	fallback_evaluated_by_x_component_coloring	0	no		3	7	13.287	
110	1111223233244344	1231121423323444	20939	fallback_evaluated_by_x_component_coloring	0	no		4	7	34.435	
158	1111223322344434	1234111234223344	23600	fallback_evaluated_by_x_component_coloring	0	no		1	2	0.083	
157	1111223322344344	1231121243323444	20862	fallback_evaluated_by_x_component_coloring	1	no		3	8	23.312	
181	1111223324324434	1231121342432344	20921	fallback_evaluated_by_x_component_coloring	0	no		1	5	1.437	
273	1111232232434434	1234112213342344	23660	fallback_evaluated_by_x_component_coloring	0	yes	WARNING: 3-strand relation used	2	6	0.035	
277	1111232233243444	1123213414223344	10777	fallback_evaluated_by_x_component_coloring	0	no		3	6	10.958	
289	1111232234243344	1213212331442434	19092	fallback_evaluated_by_x_component_coloring	0	no		1	5	2.920	
307	1111232243233444	1123213442314234	10829	fallback_evaluated_by_x_component_coloring	0	no		1	5	1.468	
333	1111232323243444	1123213142434234	10665	fallback_evaluated_by_x_component_coloring	0	no		2	5	2.864	
325	1111232322344344	1212113234324434	15107	fallback_evaluated_by_x_component_coloring	0	no		2	6	5.460	
735	1112132232434434	1231212434132344	22158	fallback_evaluated_by_x_component_coloring	0	no		1	3	0.028	
9	1111222233443434	1231112432234344	20741	fallback_evaluated_by_x_component_coloring	0	no		4	4	5.159	
11	1111222234334344	1231112432233444	20740	fallback_evaluated_by_x_component_coloring	0	no		5	9	52.088	
31	1111222332344344	1231112243323444	20652	fallback_evaluated_by_x_component_coloring	0	no		3	9	42.255	
75	1111222343324344	1231124321342434	21531	fallback_evaluated_by_x_component_coloring	0	no		2	5	3.059	
88	1111223223344434	1213211342432344	18929	fallback_evaluated_by_x_component_coloring	0	no		3	5	5.185	
92	1111223223443344	1123211243342434	10294	fallback_evaluated_by_x_component_coloring	0	no		2	5	5.095	
111	1111223233244434	1123231412432344	11158	fallback_evaluated_by_x_component_coloring	0	no		3	4	4.907	
158	1111223322344434	1231122344312344	21127	fallback_evaluated_by_x_component_coloring	0	no		1	2	0.083	
110	1111223233244344	1231121432323444	20955	fallback_evaluated_by_x_component_coloring	0	no		4	8	26.988	
157	1111223322344344	1231121423323444	20939	fallback_evaluated_by_x_component_coloring	0	no		2	7	13.590	
273	1111232232434434	1213114223342344	17804	fallback_evaluated_by_x_component_coloring	0	no		1	6	3.559	
289	1111232234243344	1213112422334434	17751	fallback_evaluated_by_x_component_coloring	0	yes	WARNING: 3-strand relation used	3	7	0.404	
286	1111232234233444	1213112432324344	17776	fallback_evaluated_by_x_component_coloring	0	no		2	5	3.558	
325	1111232322344344	1213214234312434	19506	fallback_evaluated_by_x_component_coloring	0	no		2	3	0.848	
328	1111232322434344	1123213144232434	10669	fallback_evaluated_by_x_component_coloring	0	no		2	6	4.193	
379	1111232422333444	1123213124434234	10649	fallback_evaluated_by_x_component_coloring	0	no		4	4	6.628	
380	1111232422334344	1123213144232434	10669	fallback_evaluated_by_x_component_coloring	0	no		2	6	4.917	
551	1112123223433444	1231211243234344	21836	fallback_evaluated_by_x_component_coloring	0	no		2	5	2.883	
735	1112132232434434	1231412314232344	23259	fallback_evaluated_by_x_component_coloring	0	no		1	3	0.027	
36	1111222332443344	1231114232234434	20784	fallback_evaluated_by_x_component_coloring	0	no		4	4	7.408	
92	1111223223443344	1231141232233444	21592	fallback_evaluated_by_x_component_coloring	0	no		5	5	19.626	
16	1111222323343444	1231112243324344	20653	fallback_evaluated_by_x_component_coloring	-1	no		4	9	158.695	
158	1111223322344434	1234121123323444	23783	fallback_evaluated_by_x_component_coloring	0	no		2	2	0.179	
157	1111223322344344	1231141223323444	21581	fallback_evaluated_by_x_component_coloring	0	no		5	5	24.386	
273	1111232232434434	1213112434232344	17788	fallback_evaluated_by_x_component_coloring	0	no		1	4	0.140	
286	1111232234233444	1123213442314234	10829	fallback_evaluated_by_x_component_coloring	0	no		1	4	0.419	
289	1111232234243344	1212112333442434	15028	fallback_evaluated_by_x_component_coloring	0	yes	WARNING: 3-strand relation used	2	8	0.313	
325	1111232322344344	1123214234312434	10926	fallback_evaluated_by_x_component_coloring	0	no		1	3	0.027	
465	1112122233344344	1231211423323444	21917	fallback_evaluated_by_x_component_coloring	0	no		2	6	15.939	
735	1112132232434434	1231412324132344	23290	fallback_evaluated_by_x_component_coloring	1	no		1	3	0.040	
17	1111222323344344	1231124321323444	21527	fallback_evaluated_by_x_component_coloring	0	no		2	4	14.216	
32	1111222332344434	1231124123323444	21413	fallback_evaluated_by_x_component_coloring	0	no		2	6	4.552	
88	1111223223344434	1123231142432344	11047	fallback_evaluated_by_x_component_coloring	0	no		3	5	6.070	
92	1111223223443344	1213211243243434	18869	fallback_evaluated_by_x_component_coloring	0	no		1	5	3.420	
59	1111222334423344	1231124132233444	21424	fallback_evaluated_by_x_component_coloring	0	no		5	7	51.568	
157	1111223322344344	1123231144223434	11051	fallback_evaluated_by_x_component_coloring	0	no		4	5	8.998	
158	1111223322344434	1231141223324344	21582	fallback_evaluated_by_x_component_coloring	0	no		4	4	8.957	
273	1111232232434434	1213112423342344	17762	fallback_evaluated_by_x_component_coloring	0	no		1	5	1.804	
271	1111232232433444	1231112432234344	20741	fallback_evaluated_by_x_component_coloring	0	no		2	6	4.885	
280	1111232233423444	1123212314344234	10498	fallback_evaluated_by_x_component_coloring	0	no		1	5	1.522	
289	1111232234243344	1123213441223434	10818	fallback_evaluated_by_x_component_coloring	0	no		1	5	1.464	
325	1111232322344344	1213213234412434	19303	fallback_evaluated_by_x_component_coloring	0	no		1	3	0.037	
302	1111232242333444	1123211324434234	10335	fallback_evaluated_by_x_component_coloring	0	no		4	5	14.089	
735	1112132232434434	1231412323142344	23281	fallback_evaluated_by_x_component_coloring	0	no		2	2	0.076	
27	1111222324343344	1231124321323444	21527	fallback_evaluated_by_x_component_coloring	0	no		2	4	2.029	
25	1111222324334344	1231124132233444	21424	fallback_evaluated_by_x_component_coloring	0	no		5	7	52.952	
59	1111222334423344	1231124321233444	21522	fallback_evaluated_by_x_component_coloring	0	no		2	4	1.609	
51	1111222334243344	1231112243323444	20652	fallback_evaluated_by_x_component_coloring	0	no		4	9	50.575	
92	1111223223443344	1234111232243434	23588	fallback_evaluated_by_x_component_coloring	0	no		1	3	0.119	
89	1111223223433444	1231121432234344	20951	fallback_evaluated_by_x_component_coloring	1	no		2	7	16.050	
158	1111223322344434	1231141234223344	21608	fallback_evaluated_by_x_component_coloring	0	no		2	3	1.197	
157	1111223322344344	1122131344223434	7077	fallback_evaluated_by_x_component_coloring	0	no		6	5	24.640	
271	1111232232433444	1231112432234434	20742	fallback_evaluated_by_x_component_coloring	0	no		4	5	6.028	
289	1111232234243344	1213112432432434	17784	fallback_evaluated_by_x_component_coloring	0	no		1	5	1.154	
273	1111232232434434	1213212413342344	19152	fallback_evaluated_by_x_component_coloring	0	yes	WARNING: 3-strand relation used	4	11	8.965	
325	1111232322344344	1234112234312434	23700	fallback_evaluated_by_x_component_coloring	-1	no		1	2	0.012	
18	1111222323344434	1231112243432344	20660	fallback_evaluated_by_x_component_coloring	0	no		2	5	4.468	
23	1111222323443434	1231124132234344	21425	fallback_evaluated_by_x_component_coloring	0	no		1	6	2.804	
25	1111222324334344	1231124321233444	21522	fallback_evaluated_by_x_component_coloring	0	no		2	4	3.093	
92	1111223223443344	1123231144223434	11051	fallback_evaluated_by_x_component_coloring	0	no		3	6	11.225	
157	1111223322344344	1231121344223434	20925	fallback_evaluated_by_x_component_coloring	0	no		1	4	0.443	
158	1111223322344434	1213121324423344	17933	fallback_evaluated_by_x_component_coloring	0	yes	WARNING: 3-strand relation used	2	8	0.508	
174	1111223324233444	1123211342434234	10351	fallback_evaluated_by_x_component_coloring	0	no		3	5	9.969	
273	1111232232434434	1213212434132344	19188	fallback_evaluated_by_x_component_coloring	0	no		1	4	0.203	
271	1111232232433444	1123213414223344	10777	fallback_evaluated_by_x_component_coloring	0	no		4	5	9.547	
289	1111232234243344	1213212431432434	19174	fallback_evaluated_by_x_component_coloring	0	no		3	5	7.588	
1013	1112213223433444	1231211243234344	21836	fallback_evaluated_by_x_component_coloring	0	no		2	5	3.169	
12	1111222234334434	1231112432342344	20748	fallback_evaluated_by_x_component_coloring	0	no		4	4	5.026	
9	1111222233443434	1123213414223344	10777	fallback_evaluated_by_x_component_coloring	-1	no		5	7	42.174	
31	1111222332344344	1213214123323444	19421	fallback_evaluated_by_x_component_coloring	0	no		2	5	5.192	
32	1111222332344434	1231123124432344	21219	fallback_evaluated_by_x_component_coloring	0	no		2	3	0.559	
33	1111222332433444	1231114232234434	20784	fallback_evaluated_by_x_component_coloring	0	no		4	5	21.047	
59	1111222334423344	1231124321342434	21531	fallback_evaluated_by_x_component_coloring	0	no		2	5	2.697	
72	1111222343243344	1123123213442434	9710	fallback_evaluated_by_x_component_coloring	0	no		2	5	2.946	
86	1111223223343444	1123211342434234	10351	fallback_evaluated_by_x_component_coloring	1	no		3	5	20.312	
92	1111223223443344	1122131344223434	7077	fallback_evaluated_by_x_component_coloring	0	no		6	5	24.831	
157	1111223322344344	1123231244312434	11142	fallback_evaluated_by_x_component_coloring	0	no		3	3	2.368	
158	1111223322344434	1213121234423344	17877	fallback_evaluated_by_x_component_coloring	0	yes	WARNING: 3-strand relation used	2	6	0.167	
273	1111232232434434	1234112314232344	23721	fallback_evaluated_by_x_component_coloring	0	no		1	2	0.010	
289	1111232234243344	1123212431432434	10594	fallback_evaluated_by_x_component_coloring	0	no		2	4	3.056	
18	1111222323344434	1231124321323444	21527	fallback_evaluated_by_x_component_coloring	0	no		2	3	2.218	
42	1111222333423444	1231124323144234	21543	fallback_evaluated_by_x_component_coloring	0	no		2	5	3.527	
45	1111222333442344	1231124323124434	21540	fallback_evaluated_by_x_component_coloring	0	no		2	5	2.798	
50	1111222334234434	1231123142432344	21235	fallback_evaluated_by_x_component_coloring	0	no		1	4	0.426	
92	1111223223443344	1231121344223434	20925	fallback_evaluated_by_x_component_coloring	0	no		3	3	2.393	
106	1111223232443344	1231121423323444	20939	fallback_evaluated_by_x_component_coloring	0	no		3	6	13.229	
157	1111223322344344	1213122344312434	18158	fallback_evaluated_by_x_component_coloring	0	no		2	3	0.947	
158	1111223322344434	1231121423324344	20940	fallback_evaluated_by_x_component_coloring	0	no		1	7	4.249	
271	1111232232433444	1123213442123344	10822	fallback_evaluated_by_x_component_coloring	0	no		1	5	1.600	
273	1111232232434434	1234112323142344	23743	fallback_evaluated_by_x_component_coloring	0	no		1	2	0.010	
257	1111232223433444	1231112432234344	20741	fallback_evaluated_by_x_component_coloring	-1	no		2	7	12.973	
289	1111232234243344	1123213421432434	10796	fallback_evaluated_by_x_component_coloring	0	no		3	6	8.982	
9	1111222233443434	1123213442123344	10822	fallback_evaluated_by_x_component_coloring	-1	no		2	4	5.768	
11	1111222234334344	1213112322344434	17696	fallback_evaluated_by_x_component_coloring	0	no		2	5	5.972	
17	1111222323344344	1231124132323444	21429	fallback_evaluated_by_x_component_coloring	1	no		3	5	23.714	
25	1111222324334344	1231124321342434	21531	fallback_evaluated_by_x_component_coloring	0	no		2	5	3.788	
27	1111222324343344	1231124132323444	21429	fallback_evaluated_by_x_component_coloring	0	no		3	5	9.651	
51	1111222334243344	1231124321324434	21529	fallback_evaluated_by_x_component_coloring	0	no		4	5	10.127	
57	1111222334342434	1231124132324344	21430	fallback_evaluated_by_x_component_coloring	0	no		2	5	2.876	
72	1111222343243344	1213123213442434	18290	fallback_evaluated_by_x_component_coloring	0	no		2	5	3.291	
92	1111223223443344	1213121344223434	17955	fallback_evaluated_by_x_component_coloring	0	no		2	3	1.034	
157	1111223322344344	1231122344312434	21128	fallback_evaluated_by_x_component_coloring	0	no		1	3	0.076	
158	1111223322344434	1231121434223344	20966	fallback_evaluated_by_x_component_coloring	0	yes	WARNING: 3-strand relation used	4	11	8.967	
257	1111232223433444	1231112432234434	20742	fallback_evaluated_by_x_component_coloring	0	no		3	6	6.905	
273	1111232232434434	1234112324132344	23752	fallback_evaluated_by_x_component_coloring	1	no		1	2	0.012	
289	1111232234243344	1234112321432434	23738	fallback_evaluated_by_x_component_coloring	0	no		1	4	0.823	
11	1111222234334344	1123213442132434	10825	fallback_evaluated_by_x_component_coloring	0	no		2	5	6.187	
92	1111223223443344	1123231244312434	11142	fallback_evaluated_by_x_component_coloring	0	no		1	4	0.552	
157	1111223322344344	1123122344312434	9578	fallback_evaluated_by_x_component_coloring	0	no		1	3	0.076	
158	1111223322344434	1213121434223344	17996	fallback_evaluated_by_x_component_coloring	0	yes	WARNING: 3-strand relation used	3	7	0.559	
289	1111232234243344	1213112322434434	17699	fallback_evaluated_by_x_component_coloring	0	no		2	4	3.624	
7	1111222233434434	1231121432233444	20950	fallback_evaluated_by_x_component_coloring	0	no		4	6	16.162	
12	1111222234334434	1123213441232344	10819	fallback_evaluated_by_x_component_coloring	-1	no		2	4	5.136	
18	1111222323344434	1123213142432344	10663	fallback_evaluated_by_x_component_coloring	1	no		3	6	16.411	
49	1111222334234344	1123213142432434	10664	fallback_evaluated_by_x_component_coloring	0	no		2	6	6.318	
55	1111222334324434	1213213142432344	19243	fallback_evaluated_by_x_component_coloring	0	no		2	6	5.381	
89	1111223223433444	1231141232234434	21594	fallback_evaluated_by_x_component_coloring	0	no		2	5	4.604	
92	1111223223443344	1213122344312434	18158	fallback_evaluated_by_x_component_coloring	0	no		2	3	1.041	
54	1111222334324344	1231124132233444	21424	fallback_evaluated_by_x_component_coloring	0	no		5	7	49.825	
157	1111223322344344	1122132344312434	7280	fallback_evaluated_by_x_component_coloring	0	no		2	2	0.154	
158	1111223322344434	1213122434312344	18213	fallback_evaluated_by_x_component_coloring	0	no		4	2	5.208	
289	1111232234243344	1213212431423434	19172	fallback_evaluated_by_x_component_coloring	0	no		1	4	0.232	
345	1111232324243344	1123213142432434	10664	fallback_evaluated_by_x_component_coloring	0	no		2	6	4.244	
7	1111222233434434	1213211324432344	18913	fallback_evaluated_by_x_component_coloring	0	no		2	7	9.370	
12	1111222234334434	1231124321233444	21522	fallback_evaluated_by_x_component_coloring	0	no		1	5	1.614	
53	1111222334323444	1123213142344234	10660	fallback_evaluated_by_x_component_coloring	0	no		2	4	1.815	
54	1111222334324344	1231124321233444	21522	fallback_evaluated_by_x_component_coloring	0	no		2	4	1.732	
92	1111223223443344	1231122344312434	21128	fallback_evaluated_by_x_component_coloring	0	no		1	3	0.112	
75	1111222343324344	1213123213442434	18290	fallback_evaluated_by_x_component_coloring	0	no		3	4	3.133	
157	1111223322344344	1212132344312434	15860	fallback_evaluated_by_x_component_coloring	0	no		1	2	0.032	
158	1111223322344434	1234121123324344	23784	fallback_evaluated_by_x_component_coloring	0	no		1	3	0.089	
289	1111232234243344	1123213421423434	10794	fallback_evaluated_by_x_component_coloring	0	no		2	3	0.773	
7	1111222233434434	1231112432233444	20740	fallback_evaluated_by_x_component_coloring	0	no		4	5	12.466	
9	1111222233443434	1231121432234344	20951	fallback_evaluated_by_x_component_coloring	0	no		4	5	8.114	
32	1111222332344434	1123231124423344	11029	fallback_evaluated_by_x_component_coloring	0	no		2	5	4.344	
92	1111223223443344	1123122344312434	9578	fallback_evaluated_by_x_component_coloring	0	no		1	3	0.104	
157	1111223322344344	1213211234324434	18851	fallback_evaluated_by_x_component_coloring	0	no		2	3	1.109	
158	1111223322344434	1213121423324344	17970	fallback_evaluated_by_x_component_coloring	0	no		1	6	3.340	
257	1111232223433444	1123211344234234	10356	fallback_evaluated_by_x_component_coloring	0	no		2	6	4.584	
289	1111232234243344	1234112321423434	23736	fallback_evaluated_by_x_component_coloring	-1	no		1	2	0.015	
271	1111232232433444	1213112432234344	17771	fallback_evaluated_by_x_component_coloring	0	no		2	5	3.384	
310	1111232243243344	1123213442312434	10828	fallback_evaluated_by_x_component_coloring	0	no		1	5	1.527	
342	1111232324233444	1123213142434234	10665	fallback_evaluated_by_x_component_coloring	0	no		2	5	2.883	
7	1111222233434434	1123211324432344	10333	fallback_evaluated_by_x_component_coloring	0	no		2	8	12.364	
9	1111222233443434	1231112423324344	20730	fallback_evaluated_by_x_component_coloring	0	no		4	5	8.675	
17	1111222323344344	1123213144223434	10667	fallback_evaluated_by_x_component_coloring	-1	no		4	7	52.091	
34	1111222332434344	1231124132233444	21424	fallback_evaluated_by_x_component_coloring	0	no		5	7	45.596	
54	1111222334324344	1231124321342434	21531	fallback_evaluated_by_x_component_coloring	0	no		2	5	2.523	
92	1111223223443344	1122132344312434	7280	fallback_evaluated_by_x_component_coloring	0	no		2	2	0.230	
157	1111223322344344	1213211234423434	18856	fallback_evaluated_by_x_component_coloring	0	no		1	3	0.096	
158	1111223322344434	1234121134223344	23810	fallback_evaluated_by_x_component_coloring	0	no		2	3	1.119	
257	1111232223433444	1213211243234344	18866	fallback_evaluated_by_x_component_coloring	0	no		3	5	6.175	
271	1111232232433444	1231112423324344	20730	fallback_evaluated_by_x_component_coloring	0	no		3	6	13.274	
92	1111223223443344	1212132344312434	15860	fallback_evaluated_by_x_component_coloring	0	no		1	2	0.073	
157	1111223322344344	1234111234223434	23601	fallback_evaluated_by_x_component_coloring	0	no		1	1	0.062	
158	1111223322344434	1234121324312344	23923	fallback_evaluated_by_x_component_coloring	0	no		1	2	0.105	
11	1111222234334344	1231112322344434	20666	fallback_evaluated_by_x_component_coloring	0	no		1	5	2.419	
18	1111222323344434	1231124132323444	21429	fallback_evaluated_by_x_component_coloring	0	no		3	5	7.984	
92	1111223223443344	1123231442123434	11207	fallback_evaluated_by_x_component_coloring	0	no		2	2	0.210	
3	1111222233344344	1123211324432434	10334	fallback_evaluated_by_x_component_coloring	0	no		5	8	246.400	
157	1111223322344344	1234121123323444	23783	fallback_evaluated_by_x_component_coloring	0	no		1	3	0.075	
158	1111223322344434	1234121234312344	23867	fallback_evaluated_by_x_component_coloring	-1	no		1	0	0.062	
42	1111222333423444	1123212134344234	10442	fallback_evaluated_by_x_component_coloring	0	no		1	5	2.088	
3	1111222233344344	1213211423323444	18947	fallback_evaluated_by_x_component_coloring	0	no		4	6	146.939	
92	1111223223443344	1122133442123434	7547	fallback_evaluated_by_x_component_coloring	0	no		4	2	3.535	
167	1111223323244434	1231121243432344	20870	fallback_evaluated_by_x_component_coloring	0	no		2	4	1.757	
157	1111223322344344	1122131324423434	7056	fallback_evaluated_by_x_component_coloring	0	yes	WARNING: 3-strand relation used	20	33	329.294	
37	1111222332443434	1231124323124344	21539	fallback_evaluated_by_x_component_coloring	0	no		2	4	1.945	
10	1111222234333444	1211132432234434	12414	fallback_evaluated_by_x_component_coloring	0	no		5	8	78.271	
92	1111223223443344	1234121233123444	23852	fallback_evaluated_by_x_component_coloring	0	no		1	1	0.083	
3	1111222233344344	1213112432323444	17775	fallback_evaluated_by_x_component_coloring	0	no		4	4	157.513	
156	1111223322343444	1231121423324344	20940	fallback_evaluated_by_x_component_coloring	0	no		2	7	15.089	
257	1111232223433444	1213211243234434	18867	fallback_evaluated_by_x_component_coloring	0	no		1	5	1.154	
278	1111232233244344	1231112423323444	20729	fallback_evaluated_by_x_component_coloring	0	no		4	7	28.381	
157	1111223322344344	1122131324324434	7051	fallback_evaluated_by_x_component_coloring	0	yes	WARNING: 3-strand relation used	8	21	65.076	
10	1111222234333444	1211123322344434	12170	fallback_evaluated_by_x_component_coloring	0	no		4	9	67.450	
31	1111222332344344	1231124123323444	21413	fallback_evaluated_by_x_component_coloring	-1	no		2	6	9.083	
92	1111223223443344	1231121243342434	20866	fallback_evaluated_by_x_component_coloring	0	no		2	4	2.863	
157	1111223322344344	1231141223324434	21583	fallback_evaluated_by_x_component_coloring	0	no		4	4	8.212	
257	1111232223433444	1123213442123344	10822	fallback_evaluated_by_x_component_coloring	0	no		2	3	0.583	
271	1111232232433444	1123213442134234	10826	fallback_evaluated_by_x_component_coloring	0	no		1	5	1.247	
278	1111232233244344	1231112432323444	20745	fallback_evaluated_by_x_component_coloring	0	no		2	6	4.718	
92	1111223223443344	1213121243342434	17896	fallback_evaluated_by_x_component_coloring	0	no		1	5	2.592	
167	1111223323244434	1231121342432344	20921	fallback_evaluated_by_x_component_coloring	0	no		2	3	0.543	
157	1111223322344344	1231121224334434	20814	fallback_evaluated_by_x_component_coloring	0	no		2	6	8.721	
257	1111232223433444	1234111232234434	23586	fallback_evaluated_by_x_component_coloring	0	no		1	4	0.444	
281	1111232233424344	1123213414232434	10780	fallback_evaluated_by_x_component_coloring	0	no		2	5	3.379	
19	1111222323433444	1123213144234234	10670	fallback_evaluated_by_x_component_coloring	1	no		2	6	17.990	
32	1111222332344434	1234121123323444	23783	fallback_evaluated_by_x_component_coloring	0	no		1	4	0.323	
30	1111222332343444	1123231124423344	11029	fallback_evaluated_by_x_component_coloring	0	no		2	6	13.784	
51	1111222334243344	1231124321323444	21527	fallback_evaluated_by_x_component_coloring	0	no		2	4	1.785	
92	1111223223443344	1122131243342434	7018	fallback_evaluated_by_x_component_coloring	0	no		4	4	8.137	
157	1111223322344344	1231121423324434	20941	fallback_evaluated_by_x_component_coloring	0	no		2	6	5.626	
109	1111223233243444	1231121432324344	20956	fallback_evaluated_by_x_component_coloring	0	no		4	8	30.482	
11	1111222234334344	1231112432342434	20749	fallback_evaluated_by_x_component_coloring	0	no		4	4	9.190	
24	1111222324333444	1211123322344434	12170	fallback_evaluated_by_x_component_coloring	0	no		4	6	23.343	
64	1111222342333444	1231124323144234	21543	fallback_evaluated_by_x_component_coloring	0	no		1	6	2.863	
96	1111223224334434	1231121432342344	20958	fallback_evaluated_by_x_component_coloring	0	no		2	5	2.558	
92	1111223223443344	1122121343342434	6732	fallback_evaluated_by_x_component_coloring	0	yes	WARNING: 3-strand relation used	4	11	6.713	
157	1111223322344344	1122131234324434	6995	fallback_evaluated_by_x_component_coloring	0	no		4	5	14.031	
310	1111232243243344	1123213441223434	10818	fallback_evaluated_by_x_component_coloring	0	no		1	5	1.459	
841	1112132422333444	1211314232234434	13986	fallback_evaluated_by_x_component_coloring	0	no		2	6	4.652	
12	1111222234334434	1231124321342344	21530	fallback_evaluated_by_x_component_coloring	-1	no		2	4	4.852	
92	1111223223443344	1212121343342434	15312	fallback_evaluated_by_x_component_coloring	0	yes	WARNING: 3-strand relation used	2	7	0.190	
111	1111223233244434	1231121423324344	20940	fallback_evaluated_by_x_component_coloring	0	no		3	6	12.384	
157	1111223322344344	1231141234223434	21609	fallback_evaluated_by_x_component_coloring	0	no		2	2	0.197	
16	1111222323343444	1123213144223344	10666	fallback_evaluated_by_x_component_coloring	-1	no		4	9	209.098	
303	1111232242334344	1123213414232434	10780	fallback_evaluated_by_x_component_coloring	0	no		2	5	3.087	
11	1111222234334344	1231124321233444	21522	fallback_evaluated_by_x_component_coloring	1	no		2	4	8.525	
18	1111222323344434	1123231142432344	11047	fallback_evaluated_by_x_component_coloring	0	no		8	5	39.516	
31	1111222332344344	1123213144223434	10667	fallback_evaluated_by_x_component_coloring	0	no		2	6	8.225	
46	1111222333442434	1231124123324344	21414	fallback_evaluated_by_x_component_coloring	0	no		2	5	3.134	
61	1111222334432344	1213114232234434	17814	fallback_evaluated_by_x_component_coloring	0	no		2	6	5.498	
111	1111223233244434	1231121423432344	20947	fallback_evaluated_by_x_component_coloring	0	no		2	4	3.437	
157	1111223322344344	1234121123324434	23785	fallback_evaluated_by_x_component_coloring	0	no		1	4	0.276	
190	1111223342233444	1231121423324344	20940	fallback_evaluated_by_x_component_coloring	0	no		4	7	41.052	
7	1111222233434434	1123213442132344	10824	fallback_evaluated_by_x_component_coloring	1	no		2	4	7.650	
4	1111222233344434	1213211423323444	18947	fallback_evaluated_by_x_component_coloring	0	no		5	8	77.103	
10	1111222234333444	1231124321324434	21529	fallback_evaluated_by_x_component_coloring	-1	no		5	7	65.083	
28	1111222324343434	1231124132324344	21430	fallback_evaluated_by_x_component_coloring	0	no		2	5	3.055	
92	1111223223443344	1122131342243434	7064	fallback_evaluated_by_x_component_coloring	0	yes	WARNING: 3-strand relation used	20	33	358.771	
43	1111222333424344	1231124132233444	21424	fallback_evaluated_by_x_component_coloring	0	no		5	7	45.858	
51	1111222334243344	1231124132323444	21429	fallback_evaluated_by_x_component_coloring	0	no		3	5	9.592	
157	1111223322344344	1231121234423434	20848	fallback_evaluated_by_x_component_coloring	0	no		1	2	0.054	
92	1111223223443344	1122131342234434	7062	fallback_evaluated_by_x_component_coloring	0	yes	WARNING: 3-strand relation used	10	18	74.199	
4	1111222233344434	1213112432323444	17775	fallback_evaluated_by_x_component_coloring	0	no		3	5	20.248	
36	1111222332443344	1231112243323444	20652	fallback_evaluated_by_x_component_coloring	0	no		5	8	47.673	
92	1111223223443344	1231141232234434	21594	fallback_evaluated_by_x_component_coloring	0	no		4	4	6.068	
157	1111223322344344	1231121234324434	20843	fallback_evaluated_by_x_component_coloring	0	no		1	2	0.060	
24	1111222324333444	1231124321324434	21529	fallback_evaluated_by_x_component_coloring	0	no		4	5	21.121	
92	1111223223443344	1231141232243434	21596	fallback_evaluated_by_x_component_coloring	0	no		2	4	3.202	
16	1111222323343444	1231124321324434	21529	fallback_evaluated_by_x_component_coloring	0	no		4	5	176.016	
157	1111223322344344	1122131434223434	7119	fallback_evaluated_by_x_component_coloring	0	no		4	4	6.126	
302	1111232242333444	1123213442134234	10826	fallback_evaluated_by_x_component_coloring	0	no		1	5	1.759	
379	1111232422333444	1123213144234234	10670	fallback_evaluated_by_x_component_coloring	0	no		2	5	2.698	
69	1111222343233444	1231124323414234	21546	fallback_evaluated_by_x_component_coloring	0	no		1	5	1.258	
92	1111223223443344	1122131344232434	7079	fallback_evaluated_by_x_component_coloring	0	no		4	4	6.125	
96	1111223224334434	1231121342432344	20921	fallback_evaluated_by_x_component_coloring	0	no		1	5	1.592	
157	1111223322344344	1122131423324434	7093	fallback_evaluated_by_x_component_coloring	0	no		2	6	7.040	
272	1111232232434344	1123213414232434	10780	fallback_evaluated_by_x_component_coloring	0	no		2	5	2.632	
257	1111232223433444	1213112432234344	17771	fallback_evaluated_by_x_component_coloring	0	no		3	6	8.615	
957	1112212332433444	1211233234124434	13514	fallback_evaluated_by_x_component_coloring	0	no		1	6	2.234	
44	1111222333424434	1231124323142344	21541	fallback_evaluated_by_x_component_coloring	0	no		2	4	2.928	
92	1111223223443344	1231121243234434	20859	fallback_evaluated_by_x_component_coloring	0	no		2	3	0.597	
257	1111232223433444	1123213442134234	10826	fallback_evaluated_by_x_component_coloring	0	no		2	3	0.640	
157	1111223322344344	1122121334324434	6709	fallback_evaluated_by_x_component_coloring	0	yes	WARNING: 3-strand relation used	12	17	75.602	
495	1112122332433444	1211314232234434	13986	fallback_evaluated_by_x_component_coloring	0	no		2	6	5.557	
92	1111223223443344	1231121243243434	20861	fallback_evaluated_by_x_component_coloring	0	no		1	4	0.211	
39	1111222333243444	1123213144223344	10666	fallback_evaluated_by_x_component_coloring	0	no		5	8	66.306	
157	1111223322344344	1231121434223434	20967	fallback_evaluated_by_x_component_coloring	0	yes	WARNING: 3-strand relation used	4	10	1.306	
11	1111222234334344	1231124321342434	21531	fallback_evaluated_by_x_component_coloring	-1	no		3	5	12.252	
13	1111222234343344	1123213442312434	10828	fallback_evaluated_by_x_component_coloring	0	no		2	4	1.789	
19	1111222323433444	1213114232234434	17814	fallback_evaluated_by_x_component_coloring	0	no		1	7	12.265	
45	1111222333442344	1213114232234434	17814	fallback_evaluated_by_x_component_coloring	0	no		1	6	2.697	
92	1111223223443344	1234121233124434	23854	fallback_evaluated_by_x_component_coloring	0	no		2	2	0.194	
157	1111223322344344	1213121224334434	17844	fallback_evaluated_by_x_component_coloring	0	no		5	7	48.535	
1010	1112213223343444	1211233231424434	13508	fallback_evaluated_by_x_component_coloring	0	no		2	6	5.551	
6	1111222233434344	1211123323244434	12179	fallback_evaluated_by_x_component_coloring	0	no		8	8	125.286	
52	1111222334243434	1231124132324344	21430	fallback_evaluated_by_x_component_coloring	0	no		2	5	2.872	
64	1111222342333444	1231124312234344	21502	fallback_evaluated_by_x_component_coloring	0	no		2	4	3.158	
72	1111222343243344	1231124323412434	21545	fallback_evaluated_by_x_component_coloring	0	no		1	5	1.195	
92	1111223223443344	1231121344232434	20927	fallback_evaluated_by_x_component_coloring	0	no		2	3	0.643	
157	1111223322344344	1213122124334434	18012	fallback_evaluated_by_x_component_coloring	0	no		2	5	7.338	
277	1111232233243444	1213112432324344	17776	fallback_evaluated_by_x_component_coloring	0	no		2	5	3.584	
10	1111222234333444	1213112322344434	17696	fallback_evaluated_by_x_component_coloring	0	no		4	4	26.096	
30	1111222332343444	1123213124434234	10649	fallback_evaluated_by_x_component_coloring	1	no		2	6	20.073	
6	1111222233434344	1231121432233444	20950	fallback_evaluated_by_x_component_coloring	1	no		5	8	82.980	
46	1111222333442434	1231124132234344	21425	fallback_evaluated_by_x_component_coloring	0	no		4	4	6.342	
92	1111223223443344	1213121344232434	17957	fallback_evaluated_by_x_component_coloring	0	no		1	4	0.219	
157	1111223322344344	1231121324423434	20904	fallback_evaluated_by_x_component_coloring	0	no		2	3	0.607	
277	1111232233243444	1123213442314234	10829	fallback_evaluated_by_x_component_coloring	0	no		1	5	1.628	
6	1111222233434344	1231112432233444	20740	fallback_evaluated_by_x_component_coloring	-2	no		5	6	52.122	
92	1111223223443344	1123231244132434	11139	fallback_evaluated_by_x_component_coloring	0	no		5	4	15.036	
157	1111223322344344	1231121324324434	20899	fallback_evaluated_by_x_component_coloring	0	no		1	4	0.295	
7	1111222233434434	1123213414232344	10779	fallback_evaluated_by_x_component_coloring	-1	no		3	5	15.921	
10	1111222234333444	1231112322344434	20666	fallback_evaluated_by_x_component_coloring	0	no		2	3	11.494	
22	1111222323443344	1123213144232434	10669	fallback_evaluated_by_x_component_coloring	0	no		2	7	18.470	
35	1111222332434434	1231124323142344	21541	fallback_evaluated_by_x_component_coloring	0	no		2	4	1.859	
48	1111222334233444	1123213142434234	10665	fallback_evaluated_by_x_component_coloring	0	no		3	5	13.481	
92	1111223223443344	1213121243234434	17889	fallback_evaluated_by_x_component_coloring	0	yes	WARNING: 3-strand relation used	5	9	1.470	
157	1111223322344344	1123241123324434	11311	fallback_evaluated_by_x_component_coloring	0	no		1	5	3.845	
165	1111223323243444	1231121432324344	20956	fallback_evaluated_by_x_component_coloring	0	no		3	6	18.064	
307	1111232243233444	1123213412434234	10776	fallback_evaluated_by_x_component_coloring	0	no		2	4	1.682	
92	1111223223443344	1213122344132434	18155	fallback_evaluated_by_x_component_coloring	0	no		6	4	30.028	
157	1111223322344344	1213122134324434	18041	fallback_evaluated_by_x_component_coloring	0	no		8	5	58.540	
36	1111222332443344	1213214123323444	19421	fallback_evaluated_by_x_component_coloring	0	no		4	4	9.355	
92	1111223223443344	1231122344132434	21125	fallback_evaluated_by_x_component_coloring	0	no		3	3	2.604	
157	1111223322344344	1122132334412434	7245	fallback_evaluated_by_x_component_coloring	0	no		4	4	14.931	
7	1111222233434434	1231124312233444	21501	fallback_evaluated_by_x_component_coloring	0	no		2	5	6.239	
4	1111222233344434	1213211324432344	18913	fallback_evaluated_by_x_component_coloring	0	no		6	6	60.132	
10	1111222234333444	1231112432234344	20741	fallback_evaluated_by_x_component_coloring	0	no		5	7	54.332	
92	1111223223443344	1123122344132434	9575	fallback_evaluated_by_x_component_coloring	0	no		3	3	3.125	
157	1111223322344344	1213121324324434	17929	fallback_evaluated_by_x_component_coloring	0	no		2	4	3.649	
7	1111222233434434	1231121324432344	20905	fallback_evaluated_by_x_component_coloring	0	no		1	6	3.678	
13	1111222234343344	1213112432324434	17777	fallback_evaluated_by_x_component_coloring	0	no		2	5	3.162	
4	1111222233344434	1123211324432344	10333	fallback_evaluated_by_x_component_coloring	0	no		4	9	70.888	
10	1111222234333444	1231112432234434	20742	fallback_evaluated_by_x_component_coloring	0	no		4	8	49.207	
92	1111223223443344	1122132344132434	7277	fallback_evaluated_by_x_component_coloring	0	no		4	2	3.829	
157	1111223322344344	1122132434312434	7336	fallback_evaluated_by_x_component_coloring	0	no		4	2	4.386	
7	1111222233434434	1231112324432344	20695	fallback_evaluated_by_x_component_coloring	0	no		1	5	2.490	
18	1111222323344434	1213213142432344	19243	fallback_evaluated_by_x_component_coloring	0	no		3	5	6.716	
55	1111222334324434	1231124132342344	21432	fallback_evaluated_by_x_component_coloring	0	no		2	4	1.657	
92	1111223223443344	1212132344132434	15857	fallback_evaluated_by_x_component_coloring	0	no		2	2	0.248	
157	1111223322344344	1213121234324434	17873	fallback_evaluated_by_x_component_coloring	0	no		2	2	0.226	
310	1111232243243344	1123213412432434	10775	fallback_evaluated_by_x_component_coloring	0	no		2	5	2.691	
31	1111222332344344	1234121123323444	23783	fallback_evaluated_by_x_component_coloring	0	no		1	3	0.821	
88	1111223223344434	1231121243432344	20870	fallback_evaluated_by_x_component_coloring	0	no		2	4	2.160	
92	1111223223443344	1231121342243434	20912	fallback_evaluated_by_x_component_coloring	0	no		2	3	0.982	
157	1111223322344344	1212121334324434	15289	fallback_evaluated_by_x_component_coloring	0	yes	WARNING: 3-strand relation used	6	11	16.165	
6	1111222233434344	1123213442132434	10825	fallback_evaluated_by_x_component_coloring	1	no		3	5	39.760	
55	1111222334324434	1231123142432344	21235	fallback_evaluated_by_x_component_coloring	0	no		1	5	1.584	
62	1111222334432434	1231124132234344	21425	fallback_evaluated_by_x_component_coloring	0	no		3	5	5.890	
92	1111223223443344	1231121342234434	20910	fallback_evaluated_by_x_component_coloring	0	no		1	3	0.109	
157	1111223322344344	1122133424312434	7538	fallback_evaluated_by_x_component_coloring	0	yes	WARNING: 3-strand relation used	4	11	6.914	
174	1111223324233444	1231121432324344	20956	fallback_evaluated_by_x_component_coloring	0	no		3	6	15.213	
10	1111222234333444	1213112432234434	17772	fallback_evaluated_by_x_component_coloring	0	no		3	6	28.546	
62	1111222334432434	1231124132324344	21430	fallback_evaluated_by_x_component_coloring	0	no		2	5	2.946	
92	1111223223443344	1123243142123434	11529	fallback_evaluated_by_x_component_coloring	0	no		1	2	0.079	
157	1111223322344344	1231122334412434	21093	fallback_evaluated_by_x_component_coloring	0	no		1	3	0.096	
10	1111222234333444	1231112432324434	20747	fallback_evaluated_by_x_component_coloring	0	no		6	5	44.410	
24	1111222324333444	1231124321344234	21532	fallback_evaluated_by_x_component_coloring	0	no		2	5	8.701	
88	1111223223344434	1231121432324344	20956	fallback_evaluated_by_x_component_coloring	0	no		2	6	4.353	
92	1111223223443344	1122132343142434	7268	fallback_evaluated_by_x_component_coloring	0	no		4	4	14.020	
157	1111223322344344	1123231124423434	11030	fallback_evaluated_by_x_component_coloring	0	no		4	4	5.904	
278	1111232233244344	1123213442312434	10828	fallback_evaluated_by_x_component_coloring	0	no		1	5	1.607	
22	1111222323443344	1213114232234434	17814	fallback_evaluated_by_x_component_coloring	0	no		2	5	2.961	
24	1111222324333444	1213124321344234	18562	fallback_evaluated_by_x_component_coloring	0	no		4	4	19.102	
92	1111223223443344	1123243142132434	11531	fallback_evaluated_by_x_component_coloring	0	no		1	4	0.294	
157	1111223322344344	1213122134423434	18046	fallback_evaluated_by_x_component_coloring	0	no		4	4	10.325	
92	1111223223443344	1213121243243434	17891	fallback_evaluated_by_x_component_coloring	0	yes	WARNING: 3-strand relation used	3	6	0.285	
157	1111223322344344	1123122434312434	9634	fallback_evaluated_by_x_component_coloring	0	no		3	3	2.271	
53	1111222334323444	1123123241344234	9758	fallback_evaluated_by_x_component_coloring	0	no		1	5	1.228	
92	1111223223443344	1213121342243434	17942	fallback_evaluated_by_x_component_coloring	0	no		4	4	12.998	
59	1111222334423344	1123213142432434	10664	fallback_evaluated_by_x_component_coloring	0	no		4	8	28.959	
157	1111223322344344	1213122334412434	18123	fallback_evaluated_by_x_component_coloring	0	no		2	3	0.963	
88	1111223223344434	1231121342432344	20921	fallback_evaluated_by_x_component_coloring	0	no		2	3	0.711	
92	1111223223443344	1123231243142434	11130	fallback_evaluated_by_x_component_coloring	0	no		2	3	0.618	
157	1111223322344344	1123142324312434	10214	fallback_evaluated_by_x_component_coloring	0	no		1	3	0.072	
310	1111232243243344	1123213414223434	10778	fallback_evaluated_by_x_component_coloring	0	no		3	5	6.367	
7	1111222233434434	1231112423342344	20732	fallback_evaluated_by_x_component_coloring	0	no		4	4	12.017	
9	1111222233443434	1231124323124344	21539	fallback_evaluated_by_x_component_coloring	-1	no		2	4	6.086	
92	1111223223443344	1213122343142434	18146	fallback_evaluated_by_x_component_coloring	0	no		2	3	1.207	
157	1111223322344344	1123243124312434	11520	fallback_evaluated_by_x_component_coloring	0	no		1	3	0.063	
5	1111222233433444	1211123323244434	12179	fallback_evaluated_by_x_component_coloring	0	no		5	8	247.097	
13	1111222234343344	1123213441223434	10818	fallback_evaluated_by_x_component_coloring	-1	no		2	4	7.008	
5	1111222233433444	1211132432234434	12414	fallback_evaluated_by_x_component_coloring	0	no		4	6	146.531	
92	1111223223443344	1231122343142434	21116	fallback_evaluated_by_x_component_coloring	0	no		1	3	0.120	
157	1111223322344344	1123241134223434	11337	fallback_evaluated_by_x_component_coloring	0	no		2	3	0.530	
327	1111232322433444	1123213144234234	10670	fallback_evaluated_by_x_component_coloring	0	no		2	5	3.236	
92	1111223223443344	1123122343142434	9566	fallback_evaluated_by_x_component_coloring	0	no		2	3	0.869	
157	1111223322344344	1234121134223434	23811	fallback_evaluated_by_x_component_coloring	0	no		2	2	0.166	
39	1111222333243444	1123123213444234	9711	fallback_evaluated_by_x_component_coloring	0	no		4	5	29.455	
92	1111223223443344	1234121233142434	23856	fallback_evaluated_by_x_component_coloring	0	no		1	3	0.095	
157	1111223322344344	1123231424312434	11198	fallback_evaluated_by_x_component_coloring	0	no		2	3	0.685	
10	1111222234333444	1231124321344234	21532	fallback_evaluated_by_x_component_coloring	1	no		3	5	20.351	
26	1111222324334434	1231124132342344	21432	fallback_evaluated_by_x_component_coloring	0	no		2	4	1.471	
34	1111222332434344	1123213144232434	10669	fallback_evaluated_by_x_component_coloring	0	no		3	6	16.611	
39	1111222333243444	1123122133444234	9453	fallback_evaluated_by_x_component_coloring	0	no		4	5	19.024	
92	1111223223443344	1123241233142434	11382	fallback_evaluated_by_x_component_coloring	0	no		1	4	0.241	
157	1111223322344344	1234121324312434	23924	fallback_evaluated_by_x_component_coloring	0	no		1	3	0.083	
5	1111222233433444	1123211324434234	10335	fallback_evaluated_by_x_component_coloring	0	no		5	7	190.578	
10	1111222234333444	1213124321344234	18562	fallback_evaluated_by_x_component_coloring	0	no		8	4	60.731	
92	1111223223443344	1213121342234434	17940	fallback_evaluated_by_x_component_coloring	0	no		2	3	0.911	
157	1111223322344344	1123241234312434	11394	fallback_evaluated_by_x_component_coloring	0	no		1	2	0.043	
92	1111223223443344	1234121342132434	23935	fallback_evaluated_by_x_component_coloring	0	no		1	3	0.111	
86	1111223223343444	1231121432324344	20956	fallback_evaluated_by_x_component_coloring	-1	no		3	6	25.603	
157	1111223322344344	1234121234312434	23868	fallback_evaluated_by_x_component_coloring	-1	no		1	1	0.054	
92	1111223223443344	1123241342132434	11461	fallback_evaluated_by_x_component_coloring	0	no		2	3	0.878	
157	1111223322344344	1213122434312434	18214	fallback_evaluated_by_x_component_coloring	0	no		6	4	35.950	
39	1111222333243444	1123212133444234	10431	fallback_evaluated_by_x_component_coloring	0	no		2	5	8.139	
44	1111222333424434	1231124123342344	21416	fallback_evaluated_by_x_component_coloring	0	no		2	4	2.690	
92	1111223223443344	1123142342132434	10225	fallback_evaluated_by_x_component_coloring	0	no		1	3	0.097	
157	1111223322344344	1123241324312434	11450	fallback_evaluated_by_x_component_coloring	0	no		2	3	0.982	
4	1111222233344434	1231112423323444	20729	fallback_evaluated_by_x_component_coloring	0	no		4	8	55.876	
10	1111222234333444	1231112432344234	20750	fallback_evaluated_by_x_component_coloring	0	no		4	2	20.164	
17	1111222323344344	1123213142432434	10664	fallback_evaluated_by_x_component_coloring	-1	no		3	6	27.582	
39	1111222333243444	1123213123444234	10633	fallback_evaluated_by_x_component_coloring	0	no		2	3	5.631	
33	1111222332433444	1231124323124434	21540	fallback_evaluated_by_x_component_coloring	0	no		4	4	17.364	
92	1111223223443344	1231122344123434	21123	fallback_evaluated_by_x_component_coloring	0	no		1	2	0.082	
4	1111222233344434	1231112432323444	20745	fallback_evaluated_by_x_component_coloring	0	no		5	6	44.992	
92	1111223223443344	1123231244123434	11137	fallback_evaluated_by_x_component_coloring	0	no		2	2	0.205	
36	1111222332443344	1231124123323444	21413	fallback_evaluated_by_x_component_coloring	0	no		3	5	9.920	
92	1111223223443344	1123241342123434	11459	fallback_evaluated_by_x_component_coloring	0	no		1	2	0.062	
465	1112122233344344	1121323213442434	5882	fallback_evaluated_by_x_component_coloring	0	no		4	5	30.070	
43	1111222333424344	1123213144232434	10669	fallback_evaluated_by_x_component_coloring	0	no		3	6	18.293	
36	1111222332443344	1231124132233444	21424	fallback_evaluated_by_x_component_coloring	0	no		5	7	47.119	
92	1111223223443344	1213122344123434	18153	fallback_evaluated_by_x_component_coloring	0	no		2	2	0.273	
4	1111222233344434	1231121423323444	20939	fallback_evaluated_by_x_component_coloring	0	no		3	6	31.559	
9	1111222233443434	1231121423324344	20940	fallback_evaluated_by_x_component_coloring	0	no		2	6	4.947	
24	1111222324333444	1231124321234344	21523	fallback_evaluated_by_x_component_coloring	0	no		2	3	7.451	
34	1111222332434344	1231124323142434	21542	fallback_evaluated_by_x_component_coloring	0	no		2	5	3.839	
36	1111222332443344	1231124323123444	21538	fallback_evaluated_by_x_component_coloring	0	no		2	3	1.275	
92	1111223223443344	1234121342123434	23933	fallback_evaluated_by_x_component_coloring	-1	no		1	1	0.079	
277	1111232233243444	1123213412434234	10776	fallback_evaluated_by_x_component_coloring	0	no		2	4	1.388	
4	1111222233344434	1231121432323444	20955	fallback_evaluated_by_x_component_coloring	0	no		8	5	74.683	
35	1111222332434434	1231124123342344	21416	fallback_evaluated_by_x_component_coloring	0	no		2	4	1.486	
8	1111222233443344	1211123323244434	12179	fallback_evaluated_by_x_component_coloring	0	no		10	8	131.679	
2	1111222233343444	1231124321324434		fallback_evaluated_by_x_component_coloring	-1	no		5	7	1314.270900	
8	1111222233443344	1231121432233444	20950	fallback_evaluated_by_x_component_coloring	0	no		5	8	55.338	
2	1111222233343444	1123211324434234		fallback_evaluated_by_x_component_coloring	0	no		5	7	1320.132362	
8	1111222233443344	1211132432234434	12414	fallback_evaluated_by_x_component_coloring	0	no		4	5	10.129	
42	1111222333423444	1123123214344234	9722	fallback_evaluated_by_x_component_coloring	0	no		1	6	2.806	
39	1111222333243444	1123231124423344	11029	fallback_evaluated_by_x_component_coloring	0	no		5	7	45.343	
8	1111222233443344	1231112432233444	20740	fallback_evaluated_by_x_component_coloring	0	no		5	6	25.242	
18	1111222323344434	1231123142432344	21235	fallback_evaluated_by_x_component_coloring	0	no		2	3	1.351	
27	1111222324343344	1123213142432434	10664	fallback_evaluated_by_x_component_coloring	0	no		3	6	15.410	
37	1111222332443434	1231124123324344	21414	fallback_evaluated_by_x_component_coloring	0	no		2	5	2.703	
9	1111222233443434	1231124312234344	21502	fallback_evaluated_by_x_component_coloring	0	no		2	4	1.928	
327	1111232322433444	1123212134344234	10442	fallback_evaluated_by_x_component_coloring	0	no		2	4	1.869	
42	1111222333423444	1123122134344234	9464	fallback_evaluated_by_x_component_coloring	0	no		2	5	4.470	
43	1111222333424344	1231124323142434	21542	fallback_evaluated_by_x_component_coloring	0	no		2	5	4.015	
39	1111222333243444	1213123213444234	18291	fallback_evaluated_by_x_component_coloring	0	no		5	4	32.881	
6	1111222233434344	1231124312233444	21501	fallback_evaluated_by_x_component_coloring	1	no		3	5	34.811	
36	1111222332443344	1123213144223434	10667	fallback_evaluated_by_x_component_coloring	0	no		5	7	35.235	
4	1111222233344434	1123213412432344	10774	fallback_evaluated_by_x_component_coloring	1	no		3	5	22.338	
4	1111222233344434	1123213414223344	10777	fallback_evaluated_by_x_component_coloring	-1	no		5	7	64.725	
10	1111222234333444	1231121432234344	20951	fallback_evaluated_by_x_component_coloring	0	no		3	6	24.623	
302	1111232242333444	1123213414234234	10781	fallback_evaluated_by_x_component_coloring	0	no		2	4	2.756	
10	1111222234333444	1213112432234344	17771	fallback_evaluated_by_x_component_coloring	0	no		8	5	73.701	
51	1111222334243344	1123213142432434	10664	fallback_evaluated_by_x_component_coloring	0	no		3	6	15.880	
7	1111222233434434	1231121423342344	20942	fallback_evaluated_by_x_component_coloring	0	no		2	5	5.008	
31	1111222332344344	1123231124423434	11030	fallback_evaluated_by_x_component_coloring	0	no		2	5	4.699	
278	1111232233244344	1123213412432434	10775	fallback_evaluated_by_x_component_coloring	0	no		2	5	2.729	
4	1111222233344434	1231121324432344	20905	fallback_evaluated_by_x_component_coloring	0	no		4	4	28.058	
10	1111222234333444	1123213442134234	10826	fallback_evaluated_by_x_component_coloring	0	no		3	4	24.689	
5	1111222233433444	1231112432234344	20741	fallback_evaluated_by_x_component_coloring	-2	no		5	5	174.997	
465	1112122233344344	1211323213442434	14462	fallback_evaluated_by_x_component_coloring	0	no		4	5	32.137	
4	1111222233344434	1231124312323444	21506	fallback_evaluated_by_x_component_coloring	0	no		3	4	23.575	
5	1111222233433444	1231112432234434	20742	fallback_evaluated_by_x_component_coloring	0	no		4	5	137.425	
4	1111222233344434	1231112324432344	20695	fallback_evaluated_by_x_component_coloring	0	no		2	3	9.579	
7	1111222233434434	1231124323142344	21541	fallback_evaluated_by_x_component_coloring	1	no		2	4	7.681	
4	1111222233344434	1123213442312344	10827	fallback_evaluated_by_x_component_coloring	1	no		2	3	10.469	
11	1111222234334344	1213112432342434	17779	fallback_evaluated_by_x_component_coloring	0	no		2	4	3.532	
8	1111222233443344	1123213442132434	10825	fallback_evaluated_by_x_component_coloring	0	no		3	5	16.932	
16	1111222323343444	1123213142434234	10665	fallback_evaluated_by_x_component_coloring	-1	no		3	5	84.502	
271	1111232232433444	1123213414234234	10781	fallback_evaluated_by_x_component_coloring	0	no		2	4	1.333	
5	1111222233433444	1213112432234434	17772	fallback_evaluated_by_x_component_coloring	0	no		2	6	63.368	
19	1111222323433444	1231124132234344	21425	fallback_evaluated_by_x_component_coloring	1	no		2	6	22.836	
3	1111222233344344	1231112423323444	20729	fallback_evaluated_by_x_component_coloring	1	no		8	6	359.759	
2	1111222233343444	1231112432324344		fallback_evaluated_by_x_component_coloring	2	no		5	5	1325.585443	
3	1111222233344344	1231112432323444	20745	fallback_evaluated_by_x_component_coloring	-2	no		5	5	205.387	
2	1111222233343444	1231112432324434		fallback_evaluated_by_x_component_coloring	0	no		4	5	1093.875671	
11	1111222234334344	1123213441232434	10820	fallback_evaluated_by_x_component_coloring	1	no		2	4	7.223	
4	1111222233344434	1231112423324344	20730	fallback_evaluated_by_x_component_coloring	0	no		6	5	46.780	
24	1111222324333444	1213114232234434	17814	fallback_evaluated_by_x_component_coloring	0	no		3	6	25.461	
3	1111222233344344	1231121423323444	20939	fallback_evaluated_by_x_component_coloring	0	no		4	7	184.074	
4	1111222233344434	1123231412432344	11158	fallback_evaluated_by_x_component_coloring	0	no		8	4	61.265	
3	1111222233344344	1231121432323444	20955	fallback_evaluated_by_x_component_coloring	1	no		5	7	221.055	
10	1111222234333444	1231124321234344	21523	fallback_evaluated_by_x_component_coloring	1	no		2	3	10.228	
2	1111222233343444	1123213414223344		fallback_evaluated_by_x_component_coloring	-1	no		5	7	1305.855327	
2	1111222233343444	1211123323424434		fallback_evaluated_by_x_component_coloring	0	no		5	7	1382.794237	
4	1111222233344434	1231112423432344	20737	fallback_evaluated_by_x_component_coloring	0	no		4	3	22.513	
39	1111222333243444	1123213124434234	10649	fallback_evaluated_by_x_component_coloring	0	no		5	4	34.243	
3	1111222233344344	1211123323424434	12182	fallback_evaluated_by_x_component_coloring	0	no		10	7	496.633	
3	1111222233344344	1231124312323444	21506	fallback_evaluated_by_x_component_coloring	1	no		3	3	118.631	
33	1111222332433444	1123213144234234	10670	fallback_evaluated_by_x_component_coloring	0	no		3	5	18.553	
5	1111222233433444	1231121432234344	20951	fallback_evaluated_by_x_component_coloring	1	no		5	7	182.671	
6	1111222233434344	1231124323142434	21542	fallback_evaluated_by_x_component_coloring	1	no		3	5	30.714	
10	1111222234333444	1213112432324434	17777	fallback_evaluated_by_x_component_coloring	0	no		3	5	17.419	
5	1111222233433444	1213112432234344	17771	fallback_evaluated_by_x_component_coloring	0	no		4	4	122.016	
8	1111222233443344	1231112423323444	20729	fallback_evaluated_by_x_component_coloring	0	no		5	7	32.925	
8	1111222233443344	1231112432234434	20742	fallback_evaluated_by_x_component_coloring	0	no		4	4	7.291	
33	1111222332433444	1213114232234434	17814	fallback_evaluated_by_x_component_coloring	0	no		2	6	10.257	
2	1111222233343444	1231112423324344		timeout						1800.004824	PairTimeout: exceeded 1800.0s
30	1111222332343444	1231124123324344	21414	fallback_evaluated_by_x_component_coloring	1	no		2	6	19.643	
8	1111222233443344	1231121423323444	20939	fallback_evaluated_by_x_component_coloring	0	no		3	6	15.076	
8	1111222233443344	1213112432234434	17772	fallback_evaluated_by_x_component_coloring	0	no		2	5	3.692	
5	1111222233433444	1123213442134234	10826	fallback_evaluated_by_x_component_coloring	1	no		3	3	101.027	
36	1111222332443344	1231124323124434	21540	fallback_evaluated_by_x_component_coloring	0	no		4	4	7.829	
8	1111222233443344	1231124312233444	21501	fallback_evaluated_by_x_component_coloring	0	no		3	5	16.744	
8	1111222233443344	1231124323123444	21538	fallback_evaluated_by_x_component_coloring	-1	no		2	3	3.357	
39	1111222333243444	1123213142434234	10665	fallback_evaluated_by_x_component_coloring	0	no		3	5	18.470	
4	1111222233344434	1213213412432344	19354	fallback_evaluated_by_x_component_coloring	0	no		3	4	16.090	
4	1111222233344434	1231121423324344	20940	fallback_evaluated_by_x_component_coloring	0	no		3	6	22.714	
4	1111222233344434	1231121423432344	20947	fallback_evaluated_by_x_component_coloring	0	no		2	4	10.654	
36	1111222332443344	1123213144232434	10669	fallback_evaluated_by_x_component_coloring	0	no		3	6	16.674	
5	1111222233433444	1231124323124434	21540	fallback_evaluated_by_x_component_coloring	-1	no		5	4	189.514	
8	1111222233443344	1123213442123434	10823	fallback_evaluated_by_x_component_coloring	-1	no		2	3	3.838	
36	1111222332443344	1213114232234434	17814	fallback_evaluated_by_x_component_coloring	0	no		2	5	3.732	
10	1111222234333444	1231142321344234	21742	fallback_evaluated_by_x_component_coloring	0	no		3	4	18.870	
3	1111222233344344	1123213442312434	10828	fallback_evaluated_by_x_component_coloring	1	no		3	3	121.059	
24	1111222324333444	1231124132234344	21425	fallback_evaluated_by_x_component_coloring	0	no		5	4	38.325	
6	1111222233434344	1123213414232434	10780	fallback_evaluated_by_x_component_coloring	1	no		3	5	30.931	
10	1111222234333444	1234112321344234	23734	fallback_evaluated_by_x_component_coloring	0	no		2	2	8.249	
10	1111222234333444	1213112432344234	17780	fallback_evaluated_by_x_component_coloring	0	no		2	3	8.858	
3	1111222233344344	1123123213442434	9710	fallback_evaluated_by_x_component_coloring	0	no		4	4	153.884	
16	1111222323343444	1231124132324344	21430	fallback_evaluated_by_x_component_coloring	-1	no		3	5	108.162	
10	1111222234333444	1123213441234234	10821	fallback_evaluated_by_x_component_coloring	1	no		2	3	10.142	
3	1111222233344344	1213123213442434	18290	fallback_evaluated_by_x_component_coloring	0	no		4	4	158.984	
5	1111222233433444	1231124323144234	21543	fallback_evaluated_by_x_component_coloring	-1	no		3	5	100.865	
3	1111222233344344	1231123213442434	21260	fallback_evaluated_by_x_component_coloring	0	no		2	3	77.671	
8	1111222233443344	1231124323124434	21540	fallback_evaluated_by_x_component_coloring	-1	no		5	4	23.308	
4	1111222233344434	1231124323412344	21544	fallback_evaluated_by_x_component_coloring	1	no		2	3	10.564	
4	1111222233344434	1231123412432344	21346	fallback_evaluated_by_x_component_coloring	0	no		2	2	8.846	
2	1111222233343444	1213112432324434	17777	fallback_evaluated_by_x_component_coloring	0	no		2	6	518.669	
2	1111222233343444	1231121432324344		fallback_evaluated_by_x_component_coloring	-1	no		5	7	1315.474916	
8	1111222233443344	1231124323142434	21542	fallback_evaluated_by_x_component_coloring	0	no		3	5	13.108	
5	1111222233433444	1231124312234344	21502	fallback_evaluated_by_x_component_coloring	1	no		3	3	96.049	
33	1111222332433444	1231124132234344	21425	fallback_evaluated_by_x_component_coloring	0	no		5	4	34.408	
39	1111222333243444	1231124132324344	21430	fallback_evaluated_by_x_component_coloring	0	no		5	4	34.841	
39	1111222333243444	1231124323414234	21546	fallback_evaluated_by_x_component_coloring	0	no		2	4	6.498	
2	1111222233343444	1213112432324344		timeout						1800.016973	PairTimeout: exceeded 1800.0s
2	1111222233343444	1231121423324344		timeout						1800.028553	PairTimeout: exceeded 1800.0s
2	1111222233343444	1123213442314234		timeout						1800.012273	PairTimeout: exceeded 1800.0s
39	1111222333243444	1231124312324344	21507	fallback_evaluated_by_x_component_coloring	0	no		2	4	5.995	
3	1111222233344344	1123213412432434	10775	fallback_evaluated_by_x_component_coloring	-1	no		3	5	124.412	
3	1111222233344344	1123213414223434	10778	fallback_evaluated_by_x_component_coloring	-1	no		5	4	204.421	
3	1111222233344344	1231124323412434	21545	fallback_evaluated_by_x_component_coloring	1	no		3	3	120.365	
5	1111222233433444	1123213414234234	10781	fallback_evaluated_by_x_component_coloring	1	no		3	3	95.384	
8	1111222233443344	1123213414223434	10778	fallback_evaluated_by_x_component_coloring	-1	no		5	4	23.242	
8	1111222233443344	1123213414232434	10780	fallback_evaluated_by_x_component_coloring	0	no		3	5	13.130	
2	1111222233343444	1231124323414234		timeout						1800.022534	PairTimeout: exceeded 1800.0s
2	1111222233343444	1123213412434234		timeout						1800.069362	PairTimeout: exceeded 1800.0s
2	1111222233343444	1231124312324344		timeout						1800.013084	PairTimeout: exceeded 1800.0s
