index	original_representative	transpose_word	original_tableau	transpose_tableau
1	1111222233334444	1234123412341234	[[1,2,3,4],[5,6,7,8],[9,10,11,12],[13,14,15,16]]	[[1,5,9,13],[2,6,10,14],[3,7,11,15],[4,8,12,16]]
2	1111222233343444	1234123412314234	[[1,2,3,4],[5,6,7,8],[9,10,11,13],[12,14,15,16]]	[[1,5,9,12],[2,6,10,14],[3,7,11,15],[4,8,13,16]]
3	1111222233344344	1234123412312434	[[1,2,3,4],[5,6,7,8],[9,10,11,14],[12,13,15,16]]	[[1,5,9,12],[2,6,10,13],[3,7,11,15],[4,8,14,16]]
4	1111222233344434	1234123412312344	[[1,2,3,4],[5,6,7,8],[9,10,11,15],[12,13,14,16]]	[[1,5,9,12],[2,6,10,13],[3,7,11,14],[4,8,15,16]]
5	1111222233433444	1234123412134234	[[1,2,3,4],[5,6,7,8],[9,10,12,13],[11,14,15,16]]	[[1,5,9,11],[2,6,10,14],[3,7,12,15],[4,8,13,16]]
6	1111222233434344	1234123412132434	[[1,2,3,4],[5,6,7,8],[9,10,12,14],[11,13,15,16]]	[[1,5,9,11],[2,6,10,13],[3,7,12,15],[4,8,14,16]]
7	1111222233434434	1234123412132344	[[1,2,3,4],[5,6,7,8],[9,10,12,15],[11,13,14,16]]	[[1,5,9,11],[2,6,10,13],[3,7,12,14],[4,8,15,16]]
8	1111222233443344	1234123412123434	[[1,2,3,4],[5,6,7,8],[9,10,13,14],[11,12,15,16]]	[[1,5,9,11],[2,6,10,12],[3,7,13,15],[4,8,14,16]]
9	1111222233443434	1234123412123344	[[1,2,3,4],[5,6,7,8],[9,10,13,15],[11,12,14,16]]	[[1,5,9,11],[2,6,10,12],[3,7,13,14],[4,8,15,16]]
10	1111222234333444	1234123411234234	[[1,2,3,4],[5,6,7,8],[9,11,12,13],[10,14,15,16]]	[[1,5,9,10],[2,6,11,14],[3,7,12,15],[4,8,13,16]]
11	1111222234334344	1234123411232434	[[1,2,3,4],[5,6,7,8],[9,11,12,14],[10,13,15,16]]	[[1,5,9,10],[2,6,11,13],[3,7,12,15],[4,8,14,16]]
12	1111222234334434	1234123411232344	[[1,2,3,4],[5,6,7,8],[9,11,12,15],[10,13,14,16]]	[[1,5,9,10],[2,6,11,13],[3,7,12,14],[4,8,15,16]]
13	1111222234343344	1234123411223434	[[1,2,3,4],[5,6,7,8],[9,11,13,14],[10,12,15,16]]	[[1,5,9,10],[2,6,11,12],[3,7,13,15],[4,8,14,16]]
14	1111222234343434	1234123411223344	[[1,2,3,4],[5,6,7,8],[9,11,13,15],[10,12,14,16]]	[[1,5,9,10],[2,6,11,12],[3,7,13,14],[4,8,15,16]]
15	1111222323343444	1234123142314234	[[1,2,3,4],[5,6,7,9],[8,10,11,13],[12,14,15,16]]	[[1,5,8,12],[2,6,10,14],[3,7,11,15],[4,9,13,16]]
16	1111222323344344	1234123142312434	[[1,2,3,4],[5,6,7,9],[8,10,11,14],[12,13,15,16]]	[[1,5,8,12],[2,6,10,13],[3,7,11,15],[4,9,14,16]]
17	1111222323344434	1234123142312344	[[1,2,3,4],[5,6,7,9],[8,10,11,15],[12,13,14,16]]	[[1,5,8,12],[2,6,10,13],[3,7,11,14],[4,9,15,16]]
18	1111222323433444	1234123142134234	[[1,2,3,4],[5,6,7,9],[8,10,12,13],[11,14,15,16]]	[[1,5,8,11],[2,6,10,14],[3,7,12,15],[4,9,13,16]]
19	1111222323434344	1234123142132434	[[1,2,3,4],[5,6,7,9],[8,10,12,14],[11,13,15,16]]	[[1,5,8,11],[2,6,10,13],[3,7,12,15],[4,9,14,16]]
20	1111222323434434	1234123142132344	[[1,2,3,4],[5,6,7,9],[8,10,12,15],[11,13,14,16]]	[[1,5,8,11],[2,6,10,13],[3,7,12,14],[4,9,15,16]]
21	1111222323443344	1234123142123434	[[1,2,3,4],[5,6,7,9],[8,10,13,14],[11,12,15,16]]	[[1,5,8,11],[2,6,10,12],[3,7,13,15],[4,9,14,16]]
22	1111222323443434	1234123142123344	[[1,2,3,4],[5,6,7,9],[8,10,13,15],[11,12,14,16]]	[[1,5,8,11],[2,6,10,12],[3,7,13,14],[4,9,15,16]]
23	1111222324333444	1234123141234234	[[1,2,3,4],[5,6,7,9],[8,11,12,13],[10,14,15,16]]	[[1,5,8,10],[2,6,11,14],[3,7,12,15],[4,9,13,16]]
24	1111222324334344	1234123141232434	[[1,2,3,4],[5,6,7,9],[8,11,12,14],[10,13,15,16]]	[[1,5,8,10],[2,6,11,13],[3,7,12,15],[4,9,14,16]]
25	1111222324334434	1234123141232344	[[1,2,3,4],[5,6,7,9],[8,11,12,15],[10,13,14,16]]	[[1,5,8,10],[2,6,11,13],[3,7,12,14],[4,9,15,16]]
26	1111222324343344	1234123141223434	[[1,2,3,4],[5,6,7,9],[8,11,13,14],[10,12,15,16]]	[[1,5,8,10],[2,6,11,12],[3,7,13,15],[4,9,14,16]]
27	1111222324343434	1234123141223344	[[1,2,3,4],[5,6,7,9],[8,11,13,15],[10,12,14,16]]	[[1,5,8,10],[2,6,11,12],[3,7,13,14],[4,9,15,16]]
28	1111222332343444	1234123124314234	[[1,2,3,4],[5,6,7,10],[8,9,11,13],[12,14,15,16]]	[[1,5,8,12],[2,6,9,14],[3,7,11,15],[4,10,13,16]]
29	1111222332344344	1234123124312434	[[1,2,3,4],[5,6,7,10],[8,9,11,14],[12,13,15,16]]	[[1,5,8,12],[2,6,9,13],[3,7,11,15],[4,10,14,16]]
30	1111222332344434	1234123124312344	[[1,2,3,4],[5,6,7,10],[8,9,11,15],[12,13,14,16]]	[[1,5,8,12],[2,6,9,13],[3,7,11,14],[4,10,15,16]]
31	1111222332433444	1234123124134234	[[1,2,3,4],[5,6,7,10],[8,9,12,13],[11,14,15,16]]	[[1,5,8,11],[2,6,9,14],[3,7,12,15],[4,10,13,16]]
32	1111222332434344	1234123124132434	[[1,2,3,4],[5,6,7,10],[8,9,12,14],[11,13,15,16]]	[[1,5,8,11],[2,6,9,13],[3,7,12,15],[4,10,14,16]]
33	1111222332434434	1234123124132344	[[1,2,3,4],[5,6,7,10],[8,9,12,15],[11,13,14,16]]	[[1,5,8,11],[2,6,9,13],[3,7,12,14],[4,10,15,16]]
34	1111222332443344	1234123124123434	[[1,2,3,4],[5,6,7,10],[8,9,13,14],[11,12,15,16]]	[[1,5,8,11],[2,6,9,12],[3,7,13,15],[4,10,14,16]]
35	1111222332443434	1234123124123344	[[1,2,3,4],[5,6,7,10],[8,9,13,15],[11,12,14,16]]	[[1,5,8,11],[2,6,9,12],[3,7,13,14],[4,10,15,16]]
36	1111222333243444	1234123123414234	[[1,2,3,4],[5,6,7,11],[8,9,10,13],[12,14,15,16]]	[[1,5,8,12],[2,6,9,14],[3,7,10,15],[4,11,13,16]]
37	1111222333423444	1234123123144234	[[1,2,3,4],[5,6,7,12],[8,9,10,13],[11,14,15,16]]	[[1,5,8,11],[2,6,9,14],[3,7,10,15],[4,12,13,16]]
38	1111222333424344	1234123123142434	[[1,2,3,4],[5,6,7,12],[8,9,10,14],[11,13,15,16]]	[[1,5,8,11],[2,6,9,13],[3,7,10,15],[4,12,14,16]]
39	1111222333424434	1234123123142344	[[1,2,3,4],[5,6,7,12],[8,9,10,15],[11,13,14,16]]	[[1,5,8,11],[2,6,9,13],[3,7,10,14],[4,12,15,16]]
40	1111222333442344	1234123123124434	[[1,2,3,4],[5,6,7,13],[8,9,10,14],[11,12,15,16]]	[[1,5,8,11],[2,6,9,12],[3,7,10,15],[4,13,14,16]]
41	1111222333442434	1234123123124344	[[1,2,3,4],[5,6,7,13],[8,9,10,15],[11,12,14,16]]	[[1,5,8,11],[2,6,9,12],[3,7,10,14],[4,13,15,16]]
42	1111222333444234	1234123123123444	[[1,2,3,4],[5,6,7,14],[8,9,10,15],[11,12,13,16]]	[[1,5,8,11],[2,6,9,12],[3,7,10,13],[4,14,15,16]]
43	1111222334233444	1234123121434234	[[1,2,3,4],[5,6,7,11],[8,9,12,13],[10,14,15,16]]	[[1,5,8,10],[2,6,9,14],[3,7,12,15],[4,11,13,16]]
44	1111222334234344	1234123121432434	[[1,2,3,4],[5,6,7,11],[8,9,12,14],[10,13,15,16]]	[[1,5,8,10],[2,6,9,13],[3,7,12,15],[4,11,14,16]]
45	1111222334234434	1234123121432344	[[1,2,3,4],[5,6,7,11],[8,9,12,15],[10,13,14,16]]	[[1,5,8,10],[2,6,9,13],[3,7,12,14],[4,11,15,16]]
46	1111222334243344	1234123121423434	[[1,2,3,4],[5,6,7,11],[8,9,13,14],[10,12,15,16]]	[[1,5,8,10],[2,6,9,12],[3,7,13,15],[4,11,14,16]]
47	1111222334243434	1234123121423344	[[1,2,3,4],[5,6,7,11],[8,9,13,15],[10,12,14,16]]	[[1,5,8,10],[2,6,9,12],[3,7,13,14],[4,11,15,16]]
48	1111222334323444	1234123121344234	[[1,2,3,4],[5,6,7,12],[8,9,11,13],[10,14,15,16]]	[[1,5,8,10],[2,6,9,14],[3,7,11,15],[4,12,13,16]]
49	1111222334324344	1234123121342434	[[1,2,3,4],[5,6,7,12],[8,9,11,14],[10,13,15,16]]	[[1,5,8,10],[2,6,9,13],[3,7,11,15],[4,12,14,16]]
50	1111222334324434	1234123121342344	[[1,2,3,4],[5,6,7,12],[8,9,11,15],[10,13,14,16]]	[[1,5,8,10],[2,6,9,13],[3,7,11,14],[4,12,15,16]]
51	1111222334342344	1234123121324434	[[1,2,3,4],[5,6,7,13],[8,9,11,14],[10,12,15,16]]	[[1,5,8,10],[2,6,9,12],[3,7,11,15],[4,13,14,16]]
52	1111222334342434	1234123121324344	[[1,2,3,4],[5,6,7,13],[8,9,11,15],[10,12,14,16]]	[[1,5,8,10],[2,6,9,12],[3,7,11,14],[4,13,15,16]]
53	1111222334344234	1234123121323444	[[1,2,3,4],[5,6,7,14],[8,9,11,15],[10,12,13,16]]	[[1,5,8,10],[2,6,9,12],[3,7,11,13],[4,14,15,16]]
54	1111222334423344	1234123121243434	[[1,2,3,4],[5,6,7,12],[8,9,13,14],[10,11,15,16]]	[[1,5,8,10],[2,6,9,11],[3,7,13,15],[4,12,14,16]]
55	1111222334423434	1234123121243344	[[1,2,3,4],[5,6,7,12],[8,9,13,15],[10,11,14,16]]	[[1,5,8,10],[2,6,9,11],[3,7,13,14],[4,12,15,16]]
56	1111222334432344	1234123121234434	[[1,2,3,4],[5,6,7,13],[8,9,12,14],[10,11,15,16]]	[[1,5,8,10],[2,6,9,11],[3,7,12,15],[4,13,14,16]]
57	1111222334432434	1234123121234344	[[1,2,3,4],[5,6,7,13],[8,9,12,15],[10,11,14,16]]	[[1,5,8,10],[2,6,9,11],[3,7,12,14],[4,13,15,16]]
58	1111222334434234	1234123121233444	[[1,2,3,4],[5,6,7,14],[8,9,12,15],[10,11,13,16]]	[[1,5,8,10],[2,6,9,11],[3,7,12,13],[4,14,15,16]]
59	1111222342333444	1234123114234234	[[1,2,3,4],[5,6,7,10],[8,11,12,13],[9,14,15,16]]	[[1,5,8,9],[2,6,11,14],[3,7,12,15],[4,10,13,16]]
60	1111222342334344	1234123114232434	[[1,2,3,4],[5,6,7,10],[8,11,12,14],[9,13,15,16]]	[[1,5,8,9],[2,6,11,13],[3,7,12,15],[4,10,14,16]]
61	1111222342334434	1234123114232344	[[1,2,3,4],[5,6,7,10],[8,11,12,15],[9,13,14,16]]	[[1,5,8,9],[2,6,11,13],[3,7,12,14],[4,10,15,16]]
62	1111222342343344	1234123114223434	[[1,2,3,4],[5,6,7,10],[8,11,13,14],[9,12,15,16]]	[[1,5,8,9],[2,6,11,12],[3,7,13,15],[4,10,14,16]]
63	1111222342343434	1234123114223344	[[1,2,3,4],[5,6,7,10],[8,11,13,15],[9,12,14,16]]	[[1,5,8,9],[2,6,11,12],[3,7,13,14],[4,10,15,16]]
64	1111222343233444	1234123112434234	[[1,2,3,4],[5,6,7,11],[8,10,12,13],[9,14,15,16]]	[[1,5,8,9],[2,6,10,14],[3,7,12,15],[4,11,13,16]]
65	1111222343234344	1234123112432434	[[1,2,3,4],[5,6,7,11],[8,10,12,14],[9,13,15,16]]	[[1,5,8,9],[2,6,10,13],[3,7,12,15],[4,11,14,16]]
66	1111222343234434	1234123112432344	[[1,2,3,4],[5,6,7,11],[8,10,12,15],[9,13,14,16]]	[[1,5,8,9],[2,6,10,13],[3,7,12,14],[4,11,15,16]]
67	1111222343243344	1234123112423434	[[1,2,3,4],[5,6,7,11],[8,10,13,14],[9,12,15,16]]	[[1,5,8,9],[2,6,10,12],[3,7,13,15],[4,11,14,16]]
68	1111222343243434	1234123112423344	[[1,2,3,4],[5,6,7,11],[8,10,13,15],[9,12,14,16]]	[[1,5,8,9],[2,6,10,12],[3,7,13,14],[4,11,15,16]]
69	1111222343323444	1234123112344234	[[1,2,3,4],[5,6,7,12],[8,10,11,13],[9,14,15,16]]	[[1,5,8,9],[2,6,10,14],[3,7,11,15],[4,12,13,16]]
70	1111222343324344	1234123112342434	[[1,2,3,4],[5,6,7,12],[8,10,11,14],[9,13,15,16]]	[[1,5,8,9],[2,6,10,13],[3,7,11,15],[4,12,14,16]]
71	1111222343324434	1234123112342344	[[1,2,3,4],[5,6,7,12],[8,10,11,15],[9,13,14,16]]	[[1,5,8,9],[2,6,10,13],[3,7,11,14],[4,12,15,16]]
72	1111222343342344	1234123112324434	[[1,2,3,4],[5,6,7,13],[8,10,11,14],[9,12,15,16]]	[[1,5,8,9],[2,6,10,12],[3,7,11,15],[4,13,14,16]]
73	1111222343342434	1234123112324344	[[1,2,3,4],[5,6,7,13],[8,10,11,15],[9,12,14,16]]	[[1,5,8,9],[2,6,10,12],[3,7,11,14],[4,13,15,16]]
74	1111222343344234	1234123112323444	[[1,2,3,4],[5,6,7,14],[8,10,11,15],[9,12,13,16]]	[[1,5,8,9],[2,6,10,12],[3,7,11,13],[4,14,15,16]]
75	1111222343423344	1234123112243434	[[1,2,3,4],[5,6,7,12],[8,10,13,14],[9,11,15,16]]	[[1,5,8,9],[2,6,10,11],[3,7,13,15],[4,12,14,16]]
76	1111222343423434	1234123112243344	[[1,2,3,4],[5,6,7,12],[8,10,13,15],[9,11,14,16]]	[[1,5,8,9],[2,6,10,11],[3,7,13,14],[4,12,15,16]]
77	1111222343432344	1234123112234434	[[1,2,3,4],[5,6,7,13],[8,10,12,14],[9,11,15,16]]	[[1,5,8,9],[2,6,10,11],[3,7,12,15],[4,13,14,16]]
78	1111222343432434	1234123112234344	[[1,2,3,4],[5,6,7,13],[8,10,12,15],[9,11,14,16]]	[[1,5,8,9],[2,6,10,11],[3,7,12,14],[4,13,15,16]]
79	1111222343434234	1234123112233444	[[1,2,3,4],[5,6,7,14],[8,10,12,15],[9,11,13,16]]	[[1,5,8,9],[2,6,10,11],[3,7,12,13],[4,14,15,16]]
80	1111223223343444	1234121342314234	[[1,2,3,4],[5,6,8,9],[7,10,11,13],[12,14,15,16]]	[[1,5,7,12],[2,6,10,14],[3,8,11,15],[4,9,13,16]]
81	1111223223344344	1234121342312434	[[1,2,3,4],[5,6,8,9],[7,10,11,14],[12,13,15,16]]	[[1,5,7,12],[2,6,10,13],[3,8,11,15],[4,9,14,16]]
82	1111223223344434	1234121342312344	[[1,2,3,4],[5,6,8,9],[7,10,11,15],[12,13,14,16]]	[[1,5,7,12],[2,6,10,13],[3,8,11,14],[4,9,15,16]]
83	1111223223433444	1234121342134234	[[1,2,3,4],[5,6,8,9],[7,10,12,13],[11,14,15,16]]	[[1,5,7,11],[2,6,10,14],[3,8,12,15],[4,9,13,16]]
84	1111223223434344	1234121342132434	[[1,2,3,4],[5,6,8,9],[7,10,12,14],[11,13,15,16]]	[[1,5,7,11],[2,6,10,13],[3,8,12,15],[4,9,14,16]]
85	1111223223434434	1234121342132344	[[1,2,3,4],[5,6,8,9],[7,10,12,15],[11,13,14,16]]	[[1,5,7,11],[2,6,10,13],[3,8,12,14],[4,9,15,16]]
86	1111223223443344	1234121342123434	[[1,2,3,4],[5,6,8,9],[7,10,13,14],[11,12,15,16]]	[[1,5,7,11],[2,6,10,12],[3,8,13,15],[4,9,14,16]]
87	1111223223443434	1234121342123344	[[1,2,3,4],[5,6,8,9],[7,10,13,15],[11,12,14,16]]	[[1,5,7,11],[2,6,10,12],[3,8,13,14],[4,9,15,16]]
88	1111223224334344	1234121341232434	[[1,2,3,4],[5,6,8,9],[7,11,12,14],[10,13,15,16]]	[[1,5,7,10],[2,6,11,13],[3,8,12,15],[4,9,14,16]]
89	1111223224334434	1234121341232344	[[1,2,3,4],[5,6,8,9],[7,11,12,15],[10,13,14,16]]	[[1,5,7,10],[2,6,11,13],[3,8,12,14],[4,9,15,16]]
90	1111223224343344	1234121341223434	[[1,2,3,4],[5,6,8,9],[7,11,13,14],[10,12,15,16]]	[[1,5,7,10],[2,6,11,12],[3,8,13,15],[4,9,14,16]]
91	1111223224343434	1234121341223344	[[1,2,3,4],[5,6,8,9],[7,11,13,15],[10,12,14,16]]	[[1,5,7,10],[2,6,11,12],[3,8,13,14],[4,9,15,16]]
92	1111223232343444	1234121324314234	[[1,2,3,4],[5,6,8,10],[7,9,11,13],[12,14,15,16]]	[[1,5,7,12],[2,6,9,14],[3,8,11,15],[4,10,13,16]]
93	1111223232344344	1234121324312434	[[1,2,3,4],[5,6,8,10],[7,9,11,14],[12,13,15,16]]	[[1,5,7,12],[2,6,9,13],[3,8,11,15],[4,10,14,16]]
94	1111223232344434	1234121324312344	[[1,2,3,4],[5,6,8,10],[7,9,11,15],[12,13,14,16]]	[[1,5,7,12],[2,6,9,13],[3,8,11,14],[4,10,15,16]]
95	1111223232433444	1234121324134234	[[1,2,3,4],[5,6,8,10],[7,9,12,13],[11,14,15,16]]	[[1,5,7,11],[2,6,9,14],[3,8,12,15],[4,10,13,16]]
96	1111223232434344	1234121324132434	[[1,2,3,4],[5,6,8,10],[7,9,12,14],[11,13,15,16]]	[[1,5,7,11],[2,6,9,13],[3,8,12,15],[4,10,14,16]]
97	1111223232434434	1234121324132344	[[1,2,3,4],[5,6,8,10],[7,9,12,15],[11,13,14,16]]	[[1,5,7,11],[2,6,9,13],[3,8,12,14],[4,10,15,16]]
98	1111223232443344	1234121324123434	[[1,2,3,4],[5,6,8,10],[7,9,13,14],[11,12,15,16]]	[[1,5,7,11],[2,6,9,12],[3,8,13,15],[4,10,14,16]]
99	1111223232443434	1234121324123344	[[1,2,3,4],[5,6,8,10],[7,9,13,15],[11,12,14,16]]	[[1,5,7,11],[2,6,9,12],[3,8,13,14],[4,10,15,16]]
100	1111223233243444	1234121323414234	[[1,2,3,4],[5,6,8,11],[7,9,10,13],[12,14,15,16]]	[[1,5,7,12],[2,6,9,14],[3,8,10,15],[4,11,13,16]]
101	1111223233244344	1234121323412434	[[1,2,3,4],[5,6,8,11],[7,9,10,14],[12,13,15,16]]	[[1,5,7,12],[2,6,9,13],[3,8,10,15],[4,11,14,16]]
102	1111223233244434	1234121323412344	[[1,2,3,4],[5,6,8,11],[7,9,10,15],[12,13,14,16]]	[[1,5,7,12],[2,6,9,13],[3,8,10,14],[4,11,15,16]]
103	1111223233423444	1234121323144234	[[1,2,3,4],[5,6,8,12],[7,9,10,13],[11,14,15,16]]	[[1,5,7,11],[2,6,9,14],[3,8,10,15],[4,12,13,16]]
104	1111223233424344	1234121323142434	[[1,2,3,4],[5,6,8,12],[7,9,10,14],[11,13,15,16]]	[[1,5,7,11],[2,6,9,13],[3,8,10,15],[4,12,14,16]]
105	1111223233424434	1234121323142344	[[1,2,3,4],[5,6,8,12],[7,9,10,15],[11,13,14,16]]	[[1,5,7,11],[2,6,9,13],[3,8,10,14],[4,12,15,16]]
106	1111223233442344	1234121323124434	[[1,2,3,4],[5,6,8,13],[7,9,10,14],[11,12,15,16]]	[[1,5,7,11],[2,6,9,12],[3,8,10,15],[4,13,14,16]]
107	1111223233442434	1234121323124344	[[1,2,3,4],[5,6,8,13],[7,9,10,15],[11,12,14,16]]	[[1,5,7,11],[2,6,9,12],[3,8,10,14],[4,13,15,16]]
108	1111223233444234	1234121323123444	[[1,2,3,4],[5,6,8,14],[7,9,10,15],[11,12,13,16]]	[[1,5,7,11],[2,6,9,12],[3,8,10,13],[4,14,15,16]]
109	1111223234233444	1234121321434234	[[1,2,3,4],[5,6,8,11],[7,9,12,13],[10,14,15,16]]	[[1,5,7,10],[2,6,9,14],[3,8,12,15],[4,11,13,16]]
110	1111223234234344	1234121321432434	[[1,2,3,4],[5,6,8,11],[7,9,12,14],[10,13,15,16]]	[[1,5,7,10],[2,6,9,13],[3,8,12,15],[4,11,14,16]]
111	1111223234234434	1234121321432344	[[1,2,3,4],[5,6,8,11],[7,9,12,15],[10,13,14,16]]	[[1,5,7,10],[2,6,9,13],[3,8,12,14],[4,11,15,16]]
112	1111223234243344	1234121321423434	[[1,2,3,4],[5,6,8,11],[7,9,13,14],[10,12,15,16]]	[[1,5,7,10],[2,6,9,12],[3,8,13,15],[4,11,14,16]]
113	1111223234243434	1234121321423344	[[1,2,3,4],[5,6,8,11],[7,9,13,15],[10,12,14,16]]	[[1,5,7,10],[2,6,9,12],[3,8,13,14],[4,11,15,16]]
114	1111223234323444	1234121321344234	[[1,2,3,4],[5,6,8,12],[7,9,11,13],[10,14,15,16]]	[[1,5,7,10],[2,6,9,14],[3,8,11,15],[4,12,13,16]]
115	1111223234324344	1234121321342434	[[1,2,3,4],[5,6,8,12],[7,9,11,14],[10,13,15,16]]	[[1,5,7,10],[2,6,9,13],[3,8,11,15],[4,12,14,16]]
116	1111223234324434	1234121321342344	[[1,2,3,4],[5,6,8,12],[7,9,11,15],[10,13,14,16]]	[[1,5,7,10],[2,6,9,13],[3,8,11,14],[4,12,15,16]]
117	1111223234342344	1234121321324434	[[1,2,3,4],[5,6,8,13],[7,9,11,14],[10,12,15,16]]	[[1,5,7,10],[2,6,9,12],[3,8,11,15],[4,13,14,16]]
118	1111223234342434	1234121321324344	[[1,2,3,4],[5,6,8,13],[7,9,11,15],[10,12,14,16]]	[[1,5,7,10],[2,6,9,12],[3,8,11,14],[4,13,15,16]]
119	1111223234344234	1234121321323444	[[1,2,3,4],[5,6,8,14],[7,9,11,15],[10,12,13,16]]	[[1,5,7,10],[2,6,9,12],[3,8,11,13],[4,14,15,16]]
120	1111223234423344	1234121321243434	[[1,2,3,4],[5,6,8,12],[7,9,13,14],[10,11,15,16]]	[[1,5,7,10],[2,6,9,11],[3,8,13,15],[4,12,14,16]]
121	1111223234423434	1234121321243344	[[1,2,3,4],[5,6,8,12],[7,9,13,15],[10,11,14,16]]	[[1,5,7,10],[2,6,9,11],[3,8,13,14],[4,12,15,16]]
122	1111223234432344	1234121321234434	[[1,2,3,4],[5,6,8,13],[7,9,12,14],[10,11,15,16]]	[[1,5,7,10],[2,6,9,11],[3,8,12,15],[4,13,14,16]]
123	1111223234432434	1234121321234344	[[1,2,3,4],[5,6,8,13],[7,9,12,15],[10,11,14,16]]	[[1,5,7,10],[2,6,9,11],[3,8,12,14],[4,13,15,16]]
124	1111223234434234	1234121321233444	[[1,2,3,4],[5,6,8,14],[7,9,12,15],[10,11,13,16]]	[[1,5,7,10],[2,6,9,11],[3,8,12,13],[4,14,15,16]]
125	1111223242333444	1234121314234234	[[1,2,3,4],[5,6,8,10],[7,11,12,13],[9,14,15,16]]	[[1,5,7,9],[2,6,11,14],[3,8,12,15],[4,10,13,16]]
126	1111223242334344	1234121314232434	[[1,2,3,4],[5,6,8,10],[7,11,12,14],[9,13,15,16]]	[[1,5,7,9],[2,6,11,13],[3,8,12,15],[4,10,14,16]]
127	1111223242334434	1234121314232344	[[1,2,3,4],[5,6,8,10],[7,11,12,15],[9,13,14,16]]	[[1,5,7,9],[2,6,11,13],[3,8,12,14],[4,10,15,16]]
128	1111223242343344	1234121314223434	[[1,2,3,4],[5,6,8,10],[7,11,13,14],[9,12,15,16]]	[[1,5,7,9],[2,6,11,12],[3,8,13,15],[4,10,14,16]]
129	1111223242343434	1234121314223344	[[1,2,3,4],[5,6,8,10],[7,11,13,15],[9,12,14,16]]	[[1,5,7,9],[2,6,11,12],[3,8,13,14],[4,10,15,16]]
130	1111223243233444	1234121312434234	[[1,2,3,4],[5,6,8,11],[7,10,12,13],[9,14,15,16]]	[[1,5,7,9],[2,6,10,14],[3,8,12,15],[4,11,13,16]]
131	1111223243234344	1234121312432434	[[1,2,3,4],[5,6,8,11],[7,10,12,14],[9,13,15,16]]	[[1,5,7,9],[2,6,10,13],[3,8,12,15],[4,11,14,16]]
132	1111223243234434	1234121312432344	[[1,2,3,4],[5,6,8,11],[7,10,12,15],[9,13,14,16]]	[[1,5,7,9],[2,6,10,13],[3,8,12,14],[4,11,15,16]]
133	1111223243243344	1234121312423434	[[1,2,3,4],[5,6,8,11],[7,10,13,14],[9,12,15,16]]	[[1,5,7,9],[2,6,10,12],[3,8,13,15],[4,11,14,16]]
134	1111223243243434	1234121312423344	[[1,2,3,4],[5,6,8,11],[7,10,13,15],[9,12,14,16]]	[[1,5,7,9],[2,6,10,12],[3,8,13,14],[4,11,15,16]]
135	1111223243323444	1234121312344234	[[1,2,3,4],[5,6,8,12],[7,10,11,13],[9,14,15,16]]	[[1,5,7,9],[2,6,10,14],[3,8,11,15],[4,12,13,16]]
136	1111223243324344	1234121312342434	[[1,2,3,4],[5,6,8,12],[7,10,11,14],[9,13,15,16]]	[[1,5,7,9],[2,6,10,13],[3,8,11,15],[4,12,14,16]]
137	1111223243342344	1234121312324434	[[1,2,3,4],[5,6,8,13],[7,10,11,14],[9,12,15,16]]	[[1,5,7,9],[2,6,10,12],[3,8,11,15],[4,13,14,16]]
138	1111223243342434	1234121312324344	[[1,2,3,4],[5,6,8,13],[7,10,11,15],[9,12,14,16]]	[[1,5,7,9],[2,6,10,12],[3,8,11,14],[4,13,15,16]]
139	1111223243344234	1234121312323444	[[1,2,3,4],[5,6,8,14],[7,10,11,15],[9,12,13,16]]	[[1,5,7,9],[2,6,10,12],[3,8,11,13],[4,14,15,16]]
140	1111223243423344	1234121312243434	[[1,2,3,4],[5,6,8,12],[7,10,13,14],[9,11,15,16]]	[[1,5,7,9],[2,6,10,11],[3,8,13,15],[4,12,14,16]]
141	1111223243423434	1234121312243344	[[1,2,3,4],[5,6,8,12],[7,10,13,15],[9,11,14,16]]	[[1,5,7,9],[2,6,10,11],[3,8,13,14],[4,12,15,16]]
142	1111223243432344	1234121312234434	[[1,2,3,4],[5,6,8,13],[7,10,12,14],[9,11,15,16]]	[[1,5,7,9],[2,6,10,11],[3,8,12,15],[4,13,14,16]]
143	1111223243432434	1234121312234344	[[1,2,3,4],[5,6,8,13],[7,10,12,15],[9,11,14,16]]	[[1,5,7,9],[2,6,10,11],[3,8,12,14],[4,13,15,16]]
144	1111223243434234	1234121312233444	[[1,2,3,4],[5,6,8,14],[7,10,12,15],[9,11,13,16]]	[[1,5,7,9],[2,6,10,11],[3,8,12,13],[4,14,15,16]]
145	1111223322343444	1234121234314234	[[1,2,3,4],[5,6,9,10],[7,8,11,13],[12,14,15,16]]	[[1,5,7,12],[2,6,8,14],[3,9,11,15],[4,10,13,16]]
146	1111223322344344	1234121234312434	[[1,2,3,4],[5,6,9,10],[7,8,11,14],[12,13,15,16]]	[[1,5,7,12],[2,6,8,13],[3,9,11,15],[4,10,14,16]]
147	1111223322344434	1234121234312344	[[1,2,3,4],[5,6,9,10],[7,8,11,15],[12,13,14,16]]	[[1,5,7,12],[2,6,8,13],[3,9,11,14],[4,10,15,16]]
148	1111223323243444	1234121233414234	[[1,2,3,4],[5,6,9,11],[7,8,10,13],[12,14,15,16]]	[[1,5,7,12],[2,6,8,14],[3,9,10,15],[4,11,13,16]]
149	1111223323244344	1234121233412434	[[1,2,3,4],[5,6,9,11],[7,8,10,14],[12,13,15,16]]	[[1,5,7,12],[2,6,8,13],[3,9,10,15],[4,11,14,16]]
150	1111223323244434	1234121233412344	[[1,2,3,4],[5,6,9,11],[7,8,10,15],[12,13,14,16]]	[[1,5,7,12],[2,6,8,13],[3,9,10,14],[4,11,15,16]]
151	1111223323423444	1234121233144234	[[1,2,3,4],[5,6,9,12],[7,8,10,13],[11,14,15,16]]	[[1,5,7,11],[2,6,8,14],[3,9,10,15],[4,12,13,16]]
152	1111223323424344	1234121233142434	[[1,2,3,4],[5,6,9,12],[7,8,10,14],[11,13,15,16]]	[[1,5,7,11],[2,6,8,13],[3,9,10,15],[4,12,14,16]]
153	1111223323424434	1234121233142344	[[1,2,3,4],[5,6,9,12],[7,8,10,15],[11,13,14,16]]	[[1,5,7,11],[2,6,8,13],[3,9,10,14],[4,12,15,16]]
154	1111223323442344	1234121233124434	[[1,2,3,4],[5,6,9,13],[7,8,10,14],[11,12,15,16]]	[[1,5,7,11],[2,6,8,12],[3,9,10,15],[4,13,14,16]]
155	1111223323442434	1234121233124344	[[1,2,3,4],[5,6,9,13],[7,8,10,15],[11,12,14,16]]	[[1,5,7,11],[2,6,8,12],[3,9,10,14],[4,13,15,16]]
156	1111223323444234	1234121233123444	[[1,2,3,4],[5,6,9,14],[7,8,10,15],[11,12,13,16]]	[[1,5,7,11],[2,6,8,12],[3,9,10,13],[4,14,15,16]]
157	1111223324233444	1234121231434234	[[1,2,3,4],[5,6,9,11],[7,8,12,13],[10,14,15,16]]	[[1,5,7,10],[2,6,8,14],[3,9,12,15],[4,11,13,16]]
158	1111223324234344	1234121231432434	[[1,2,3,4],[5,6,9,11],[7,8,12,14],[10,13,15,16]]	[[1,5,7,10],[2,6,8,13],[3,9,12,15],[4,11,14,16]]
159	1111223324234434	1234121231432344	[[1,2,3,4],[5,6,9,11],[7,8,12,15],[10,13,14,16]]	[[1,5,7,10],[2,6,8,13],[3,9,12,14],[4,11,15,16]]
160	1111223324243344	1234121231423434	[[1,2,3,4],[5,6,9,11],[7,8,13,14],[10,12,15,16]]	[[1,5,7,10],[2,6,8,12],[3,9,13,15],[4,11,14,16]]
161	1111223324243434	1234121231423344	[[1,2,3,4],[5,6,9,11],[7,8,13,15],[10,12,14,16]]	[[1,5,7,10],[2,6,8,12],[3,9,13,14],[4,11,15,16]]
162	1111223324323444	1234121231344234	[[1,2,3,4],[5,6,9,12],[7,8,11,13],[10,14,15,16]]	[[1,5,7,10],[2,6,8,14],[3,9,11,15],[4,12,13,16]]
163	1111223324324344	1234121231342434	[[1,2,3,4],[5,6,9,12],[7,8,11,14],[10,13,15,16]]	[[1,5,7,10],[2,6,8,13],[3,9,11,15],[4,12,14,16]]
164	1111223324324434	1234121231342344	[[1,2,3,4],[5,6,9,12],[7,8,11,15],[10,13,14,16]]	[[1,5,7,10],[2,6,8,13],[3,9,11,14],[4,12,15,16]]
165	1111223324342344	1234121231324434	[[1,2,3,4],[5,6,9,13],[7,8,11,14],[10,12,15,16]]	[[1,5,7,10],[2,6,8,12],[3,9,11,15],[4,13,14,16]]
166	1111223324342434	1234121231324344	[[1,2,3,4],[5,6,9,13],[7,8,11,15],[10,12,14,16]]	[[1,5,7,10],[2,6,8,12],[3,9,11,14],[4,13,15,16]]
167	1111223324344234	1234121231323444	[[1,2,3,4],[5,6,9,14],[7,8,11,15],[10,12,13,16]]	[[1,5,7,10],[2,6,8,12],[3,9,11,13],[4,14,15,16]]
168	1111223324423344	1234121231243434	[[1,2,3,4],[5,6,9,12],[7,8,13,14],[10,11,15,16]]	[[1,5,7,10],[2,6,8,11],[3,9,13,15],[4,12,14,16]]
169	1111223324423434	1234121231243344	[[1,2,3,4],[5,6,9,12],[7,8,13,15],[10,11,14,16]]	[[1,5,7,10],[2,6,8,11],[3,9,13,14],[4,12,15,16]]
170	1111223324432344	1234121231234434	[[1,2,3,4],[5,6,9,13],[7,8,12,14],[10,11,15,16]]	[[1,5,7,10],[2,6,8,11],[3,9,12,15],[4,13,14,16]]
171	1111223324432434	1234121231234344	[[1,2,3,4],[5,6,9,13],[7,8,12,15],[10,11,14,16]]	[[1,5,7,10],[2,6,8,11],[3,9,12,14],[4,13,15,16]]
172	1111223324434234	1234121231233444	[[1,2,3,4],[5,6,9,14],[7,8,12,15],[10,11,13,16]]	[[1,5,7,10],[2,6,8,11],[3,9,12,13],[4,14,15,16]]
173	1111223342233444	1234121213434234	[[1,2,3,4],[5,6,10,11],[7,8,12,13],[9,14,15,16]]	[[1,5,7,9],[2,6,8,14],[3,10,12,15],[4,11,13,16]]
174	1111223342234344	1234121213432434	[[1,2,3,4],[5,6,10,11],[7,8,12,14],[9,13,15,16]]	[[1,5,7,9],[2,6,8,13],[3,10,12,15],[4,11,14,16]]
175	1111223342234434	1234121213432344	[[1,2,3,4],[5,6,10,11],[7,8,12,15],[9,13,14,16]]	[[1,5,7,9],[2,6,8,13],[3,10,12,14],[4,11,15,16]]
176	1111223342243344	1234121213423434	[[1,2,3,4],[5,6,10,11],[7,8,13,14],[9,12,15,16]]	[[1,5,7,9],[2,6,8,12],[3,10,13,15],[4,11,14,16]]
177	1111223342243434	1234121213423344	[[1,2,3,4],[5,6,10,11],[7,8,13,15],[9,12,14,16]]	[[1,5,7,9],[2,6,8,12],[3,10,13,14],[4,11,15,16]]
178	1111223342323444	1234121213344234	[[1,2,3,4],[5,6,10,12],[7,8,11,13],[9,14,15,16]]	[[1,5,7,9],[2,6,8,14],[3,10,11,15],[4,12,13,16]]
179	1111223342324344	1234121213342434	[[1,2,3,4],[5,6,10,12],[7,8,11,14],[9,13,15,16]]	[[1,5,7,9],[2,6,8,13],[3,10,11,15],[4,12,14,16]]
180	1111223342324434	1234121213342344	[[1,2,3,4],[5,6,10,12],[7,8,11,15],[9,13,14,16]]	[[1,5,7,9],[2,6,8,13],[3,10,11,14],[4,12,15,16]]
181	1111223342342344	1234121213324434	[[1,2,3,4],[5,6,10,13],[7,8,11,14],[9,12,15,16]]	[[1,5,7,9],[2,6,8,12],[3,10,11,15],[4,13,14,16]]
182	1111223342342434	1234121213324344	[[1,2,3,4],[5,6,10,13],[7,8,11,15],[9,12,14,16]]	[[1,5,7,9],[2,6,8,12],[3,10,11,14],[4,13,15,16]]
183	1111223342344234	1234121213323444	[[1,2,3,4],[5,6,10,14],[7,8,11,15],[9,12,13,16]]	[[1,5,7,9],[2,6,8,12],[3,10,11,13],[4,14,15,16]]
184	1111223342423344	1234121213243434	[[1,2,3,4],[5,6,10,12],[7,8,13,14],[9,11,15,16]]	[[1,5,7,9],[2,6,8,11],[3,10,13,15],[4,12,14,16]]
185	1111223342423434	1234121213243344	[[1,2,3,4],[5,6,10,12],[7,8,13,15],[9,11,14,16]]	[[1,5,7,9],[2,6,8,11],[3,10,13,14],[4,12,15,16]]
186	1111223342432344	1234121213234434	[[1,2,3,4],[5,6,10,13],[7,8,12,14],[9,11,15,16]]	[[1,5,7,9],[2,6,8,11],[3,10,12,15],[4,13,14,16]]
187	1111223342432434	1234121213234344	[[1,2,3,4],[5,6,10,13],[7,8,12,15],[9,11,14,16]]	[[1,5,7,9],[2,6,8,11],[3,10,12,14],[4,13,15,16]]
188	1111223342434234	1234121213233444	[[1,2,3,4],[5,6,10,14],[7,8,12,15],[9,11,13,16]]	[[1,5,7,9],[2,6,8,11],[3,10,12,13],[4,14,15,16]]
189	1111223344223344	1234121212343434	[[1,2,3,4],[5,6,11,12],[7,8,13,14],[9,10,15,16]]	[[1,5,7,9],[2,6,8,10],[3,11,13,15],[4,12,14,16]]
190	1111223344223434	1234121212343344	[[1,2,3,4],[5,6,11,12],[7,8,13,15],[9,10,14,16]]	[[1,5,7,9],[2,6,8,10],[3,11,13,14],[4,12,15,16]]
191	1111223344232344	1234121212334434	[[1,2,3,4],[5,6,11,13],[7,8,12,14],[9,10,15,16]]	[[1,5,7,9],[2,6,8,10],[3,11,12,15],[4,13,14,16]]
192	1111223344232434	1234121212334344	[[1,2,3,4],[5,6,11,13],[7,8,12,15],[9,10,14,16]]	[[1,5,7,9],[2,6,8,10],[3,11,12,14],[4,13,15,16]]
193	1111223344234234	1234121212333444	[[1,2,3,4],[5,6,11,14],[7,8,12,15],[9,10,13,16]]	[[1,5,7,9],[2,6,8,10],[3,11,12,13],[4,14,15,16]]
194	1111223422333444	1234121134234234	[[1,2,3,4],[5,6,9,10],[7,11,12,13],[8,14,15,16]]	[[1,5,7,8],[2,6,11,14],[3,9,12,15],[4,10,13,16]]
195	1111223422334344	1234121134232434	[[1,2,3,4],[5,6,9,10],[7,11,12,14],[8,13,15,16]]	[[1,5,7,8],[2,6,11,13],[3,9,12,15],[4,10,14,16]]
196	1111223422334434	1234121134232344	[[1,2,3,4],[5,6,9,10],[7,11,12,15],[8,13,14,16]]	[[1,5,7,8],[2,6,11,13],[3,9,12,14],[4,10,15,16]]
197	1111223422343344	1234121134223434	[[1,2,3,4],[5,6,9,10],[7,11,13,14],[8,12,15,16]]	[[1,5,7,8],[2,6,11,12],[3,9,13,15],[4,10,14,16]]
198	1111223422343434	1234121134223344	[[1,2,3,4],[5,6,9,10],[7,11,13,15],[8,12,14,16]]	[[1,5,7,8],[2,6,11,12],[3,9,13,14],[4,10,15,16]]
199	1111223423233444	1234121132434234	[[1,2,3,4],[5,6,9,11],[7,10,12,13],[8,14,15,16]]	[[1,5,7,8],[2,6,10,14],[3,9,12,15],[4,11,13,16]]
200	1111223423234344	1234121132432434	[[1,2,3,4],[5,6,9,11],[7,10,12,14],[8,13,15,16]]	[[1,5,7,8],[2,6,10,13],[3,9,12,15],[4,11,14,16]]
201	1111223423234434	1234121132432344	[[1,2,3,4],[5,6,9,11],[7,10,12,15],[8,13,14,16]]	[[1,5,7,8],[2,6,10,13],[3,9,12,14],[4,11,15,16]]
202	1111223423243344	1234121132423434	[[1,2,3,4],[5,6,9,11],[7,10,13,14],[8,12,15,16]]	[[1,5,7,8],[2,6,10,12],[3,9,13,15],[4,11,14,16]]
203	1111223423243434	1234121132423344	[[1,2,3,4],[5,6,9,11],[7,10,13,15],[8,12,14,16]]	[[1,5,7,8],[2,6,10,12],[3,9,13,14],[4,11,15,16]]
204	1111223423323444	1234121132344234	[[1,2,3,4],[5,6,9,12],[7,10,11,13],[8,14,15,16]]	[[1,5,7,8],[2,6,10,14],[3,9,11,15],[4,12,13,16]]
205	1111223423324344	1234121132342434	[[1,2,3,4],[5,6,9,12],[7,10,11,14],[8,13,15,16]]	[[1,5,7,8],[2,6,10,13],[3,9,11,15],[4,12,14,16]]
206	1111223423324434	1234121132342344	[[1,2,3,4],[5,6,9,12],[7,10,11,15],[8,13,14,16]]	[[1,5,7,8],[2,6,10,13],[3,9,11,14],[4,12,15,16]]
207	1111223423342344	1234121132324434	[[1,2,3,4],[5,6,9,13],[7,10,11,14],[8,12,15,16]]	[[1,5,7,8],[2,6,10,12],[3,9,11,15],[4,13,14,16]]
208	1111223423342434	1234121132324344	[[1,2,3,4],[5,6,9,13],[7,10,11,15],[8,12,14,16]]	[[1,5,7,8],[2,6,10,12],[3,9,11,14],[4,13,15,16]]
209	1111223423344234	1234121132323444	[[1,2,3,4],[5,6,9,14],[7,10,11,15],[8,12,13,16]]	[[1,5,7,8],[2,6,10,12],[3,9,11,13],[4,14,15,16]]
210	1111223423423344	1234121132243434	[[1,2,3,4],[5,6,9,12],[7,10,13,14],[8,11,15,16]]	[[1,5,7,8],[2,6,10,11],[3,9,13,15],[4,12,14,16]]
211	1111223423423434	1234121132243344	[[1,2,3,4],[5,6,9,12],[7,10,13,15],[8,11,14,16]]	[[1,5,7,8],[2,6,10,11],[3,9,13,14],[4,12,15,16]]
212	1111223423432344	1234121132234434	[[1,2,3,4],[5,6,9,13],[7,10,12,14],[8,11,15,16]]	[[1,5,7,8],[2,6,10,11],[3,9,12,15],[4,13,14,16]]
213	1111223423432434	1234121132234344	[[1,2,3,4],[5,6,9,13],[7,10,12,15],[8,11,14,16]]	[[1,5,7,8],[2,6,10,11],[3,9,12,14],[4,13,15,16]]
214	1111223423434234	1234121132233444	[[1,2,3,4],[5,6,9,14],[7,10,12,15],[8,11,13,16]]	[[1,5,7,8],[2,6,10,11],[3,9,12,13],[4,14,15,16]]
215	1111223432234344	1234121123432434	[[1,2,3,4],[5,6,10,11],[7,9,12,14],[8,13,15,16]]	[[1,5,7,8],[2,6,9,13],[3,10,12,15],[4,11,14,16]]
216	1111223432234434	1234121123432344	[[1,2,3,4],[5,6,10,11],[7,9,12,15],[8,13,14,16]]	[[1,5,7,8],[2,6,9,13],[3,10,12,14],[4,11,15,16]]
217	1111223432323444	1234121123344234	[[1,2,3,4],[5,6,10,12],[7,9,11,13],[8,14,15,16]]	[[1,5,7,8],[2,6,9,14],[3,10,11,15],[4,12,13,16]]
218	1111223432324344	1234121123342434	[[1,2,3,4],[5,6,10,12],[7,9,11,14],[8,13,15,16]]	[[1,5,7,8],[2,6,9,13],[3,10,11,15],[4,12,14,16]]
219	1111223432324434	1234121123342344	[[1,2,3,4],[5,6,10,12],[7,9,11,15],[8,13,14,16]]	[[1,5,7,8],[2,6,9,13],[3,10,11,14],[4,12,15,16]]
220	1111223432342344	1234121123324434	[[1,2,3,4],[5,6,10,13],[7,9,11,14],[8,12,15,16]]	[[1,5,7,8],[2,6,9,12],[3,10,11,15],[4,13,14,16]]
221	1111223432342434	1234121123324344	[[1,2,3,4],[5,6,10,13],[7,9,11,15],[8,12,14,16]]	[[1,5,7,8],[2,6,9,12],[3,10,11,14],[4,13,15,16]]
222	1111223432344234	1234121123323444	[[1,2,3,4],[5,6,10,14],[7,9,11,15],[8,12,13,16]]	[[1,5,7,8],[2,6,9,12],[3,10,11,13],[4,14,15,16]]
223	1111223432423344	1234121123243434	[[1,2,3,4],[5,6,10,12],[7,9,13,14],[8,11,15,16]]	[[1,5,7,8],[2,6,9,11],[3,10,13,15],[4,12,14,16]]
224	1111223432423434	1234121123243344	[[1,2,3,4],[5,6,10,12],[7,9,13,15],[8,11,14,16]]	[[1,5,7,8],[2,6,9,11],[3,10,13,14],[4,12,15,16]]
225	1111223432432344	1234121123234434	[[1,2,3,4],[5,6,10,13],[7,9,12,14],[8,11,15,16]]	[[1,5,7,8],[2,6,9,11],[3,10,12,15],[4,13,14,16]]
226	1111223432432434	1234121123234344	[[1,2,3,4],[5,6,10,13],[7,9,12,15],[8,11,14,16]]	[[1,5,7,8],[2,6,9,11],[3,10,12,14],[4,13,15,16]]
227	1111223432434234	1234121123233444	[[1,2,3,4],[5,6,10,14],[7,9,12,15],[8,11,13,16]]	[[1,5,7,8],[2,6,9,11],[3,10,12,13],[4,14,15,16]]
228	1111223434223344	1234121122343434	[[1,2,3,4],[5,6,11,12],[7,9,13,14],[8,10,15,16]]	[[1,5,7,8],[2,6,9,10],[3,11,13,15],[4,12,14,16]]
229	1111223434223434	1234121122343344	[[1,2,3,4],[5,6,11,12],[7,9,13,15],[8,10,14,16]]	[[1,5,7,8],[2,6,9,10],[3,11,13,14],[4,12,15,16]]
230	1111223434232344	1234121122334434	[[1,2,3,4],[5,6,11,13],[7,9,12,14],[8,10,15,16]]	[[1,5,7,8],[2,6,9,10],[3,11,12,15],[4,13,14,16]]
231	1111223434232434	1234121122334344	[[1,2,3,4],[5,6,11,13],[7,9,12,15],[8,10,14,16]]	[[1,5,7,8],[2,6,9,10],[3,11,12,14],[4,13,15,16]]
232	1111223434234234	1234121122333444	[[1,2,3,4],[5,6,11,14],[7,9,12,15],[8,10,13,16]]	[[1,5,7,8],[2,6,9,10],[3,11,12,13],[4,14,15,16]]
233	1111232223433444	1234112342134234	[[1,2,3,4],[5,7,8,9],[6,10,12,13],[11,14,15,16]]	[[1,5,6,11],[2,7,10,14],[3,8,12,15],[4,9,13,16]]
234	1111232223434344	1234112342132434	[[1,2,3,4],[5,7,8,9],[6,10,12,14],[11,13,15,16]]	[[1,5,6,11],[2,7,10,13],[3,8,12,15],[4,9,14,16]]
235	1111232223434434	1234112342132344	[[1,2,3,4],[5,7,8,9],[6,10,12,15],[11,13,14,16]]	[[1,5,6,11],[2,7,10,13],[3,8,12,14],[4,9,15,16]]
236	1111232223443434	1234112342123344	[[1,2,3,4],[5,7,8,9],[6,10,13,15],[11,12,14,16]]	[[1,5,6,11],[2,7,10,12],[3,8,13,14],[4,9,15,16]]
237	1111232232343444	1234112324314234	[[1,2,3,4],[5,7,8,10],[6,9,11,13],[12,14,15,16]]	[[1,5,6,12],[2,7,9,14],[3,8,11,15],[4,10,13,16]]
238	1111232232344344	1234112324312434	[[1,2,3,4],[5,7,8,10],[6,9,11,14],[12,13,15,16]]	[[1,5,6,12],[2,7,9,13],[3,8,11,15],[4,10,14,16]]
239	1111232232433444	1234112324134234	[[1,2,3,4],[5,7,8,10],[6,9,12,13],[11,14,15,16]]	[[1,5,6,11],[2,7,9,14],[3,8,12,15],[4,10,13,16]]
240	1111232232434344	1234112324132434	[[1,2,3,4],[5,7,8,10],[6,9,12,14],[11,13,15,16]]	[[1,5,6,11],[2,7,9,13],[3,8,12,15],[4,10,14,16]]
241	1111232232434434	1234112324132344	[[1,2,3,4],[5,7,8,10],[6,9,12,15],[11,13,14,16]]	[[1,5,6,11],[2,7,9,13],[3,8,12,14],[4,10,15,16]]
242	1111232232443434	1234112324123344	[[1,2,3,4],[5,7,8,10],[6,9,13,15],[11,12,14,16]]	[[1,5,6,11],[2,7,9,12],[3,8,13,14],[4,10,15,16]]
243	1111232233243444	1234112323414234	[[1,2,3,4],[5,7,8,11],[6,9,10,13],[12,14,15,16]]	[[1,5,6,12],[2,7,9,14],[3,8,10,15],[4,11,13,16]]
244	1111232233244344	1234112323412434	[[1,2,3,4],[5,7,8,11],[6,9,10,14],[12,13,15,16]]	[[1,5,6,12],[2,7,9,13],[3,8,10,15],[4,11,14,16]]
245	1111232233423444	1234112323144234	[[1,2,3,4],[5,7,8,12],[6,9,10,13],[11,14,15,16]]	[[1,5,6,11],[2,7,9,14],[3,8,10,15],[4,12,13,16]]
246	1111232233424344	1234112323142434	[[1,2,3,4],[5,7,8,12],[6,9,10,14],[11,13,15,16]]	[[1,5,6,11],[2,7,9,13],[3,8,10,15],[4,12,14,16]]
247	1111232233424434	1234112323142344	[[1,2,3,4],[5,7,8,12],[6,9,10,15],[11,13,14,16]]	[[1,5,6,11],[2,7,9,13],[3,8,10,14],[4,12,15,16]]
248	1111232233442344	1234112323124434	[[1,2,3,4],[5,7,8,13],[6,9,10,14],[11,12,15,16]]	[[1,5,6,11],[2,7,9,12],[3,8,10,15],[4,13,14,16]]
249	1111232233442434	1234112323124344	[[1,2,3,4],[5,7,8,13],[6,9,10,15],[11,12,14,16]]	[[1,5,6,11],[2,7,9,12],[3,8,10,14],[4,13,15,16]]
250	1111232233444234	1234112323123444	[[1,2,3,4],[5,7,8,14],[6,9,10,15],[11,12,13,16]]	[[1,5,6,11],[2,7,9,12],[3,8,10,13],[4,14,15,16]]
251	1111232234233444	1234112321434234	[[1,2,3,4],[5,7,8,11],[6,9,12,13],[10,14,15,16]]	[[1,5,6,10],[2,7,9,14],[3,8,12,15],[4,11,13,16]]
252	1111232234234344	1234112321432434	[[1,2,3,4],[5,7,8,11],[6,9,12,14],[10,13,15,16]]	[[1,5,6,10],[2,7,9,13],[3,8,12,15],[4,11,14,16]]
253	1111232234234434	1234112321432344	[[1,2,3,4],[5,7,8,11],[6,9,12,15],[10,13,14,16]]	[[1,5,6,10],[2,7,9,13],[3,8,12,14],[4,11,15,16]]
254	1111232234243344	1234112321423434	[[1,2,3,4],[5,7,8,11],[6,9,13,14],[10,12,15,16]]	[[1,5,6,10],[2,7,9,12],[3,8,13,15],[4,11,14,16]]
255	1111232234243434	1234112321423344	[[1,2,3,4],[5,7,8,11],[6,9,13,15],[10,12,14,16]]	[[1,5,6,10],[2,7,9,12],[3,8,13,14],[4,11,15,16]]
256	1111232234323444	1234112321344234	[[1,2,3,4],[5,7,8,12],[6,9,11,13],[10,14,15,16]]	[[1,5,6,10],[2,7,9,14],[3,8,11,15],[4,12,13,16]]
257	1111232234324344	1234112321342434	[[1,2,3,4],[5,7,8,12],[6,9,11,14],[10,13,15,16]]	[[1,5,6,10],[2,7,9,13],[3,8,11,15],[4,12,14,16]]
258	1111232234324434	1234112321342344	[[1,2,3,4],[5,7,8,12],[6,9,11,15],[10,13,14,16]]	[[1,5,6,10],[2,7,9,13],[3,8,11,14],[4,12,15,16]]
259	1111232234342344	1234112321324434	[[1,2,3,4],[5,7,8,13],[6,9,11,14],[10,12,15,16]]	[[1,5,6,10],[2,7,9,12],[3,8,11,15],[4,13,14,16]]
260	1111232234342434	1234112321324344	[[1,2,3,4],[5,7,8,13],[6,9,11,15],[10,12,14,16]]	[[1,5,6,10],[2,7,9,12],[3,8,11,14],[4,13,15,16]]
261	1111232234344234	1234112321323444	[[1,2,3,4],[5,7,8,14],[6,9,11,15],[10,12,13,16]]	[[1,5,6,10],[2,7,9,12],[3,8,11,13],[4,14,15,16]]
262	1111232234423344	1234112321243434	[[1,2,3,4],[5,7,8,12],[6,9,13,14],[10,11,15,16]]	[[1,5,6,10],[2,7,9,11],[3,8,13,15],[4,12,14,16]]
263	1111232234423434	1234112321243344	[[1,2,3,4],[5,7,8,12],[6,9,13,15],[10,11,14,16]]	[[1,5,6,10],[2,7,9,11],[3,8,13,14],[4,12,15,16]]
264	1111232234432344	1234112321234434	[[1,2,3,4],[5,7,8,13],[6,9,12,14],[10,11,15,16]]	[[1,5,6,10],[2,7,9,11],[3,8,12,15],[4,13,14,16]]
265	1111232234434234	1234112321233444	[[1,2,3,4],[5,7,8,14],[6,9,12,15],[10,11,13,16]]	[[1,5,6,10],[2,7,9,11],[3,8,12,13],[4,14,15,16]]
266	1111232242333444	1234112314234234	[[1,2,3,4],[5,7,8,10],[6,11,12,13],[9,14,15,16]]	[[1,5,6,9],[2,7,11,14],[3,8,12,15],[4,10,13,16]]
267	1111232242334344	1234112314232434	[[1,2,3,4],[5,7,8,10],[6,11,12,14],[9,13,15,16]]	[[1,5,6,9],[2,7,11,13],[3,8,12,15],[4,10,14,16]]
268	1111232242334434	1234112314232344	[[1,2,3,4],[5,7,8,10],[6,11,12,15],[9,13,14,16]]	[[1,5,6,9],[2,7,11,13],[3,8,12,14],[4,10,15,16]]
269	1111232242343344	1234112314223434	[[1,2,3,4],[5,7,8,10],[6,11,13,14],[9,12,15,16]]	[[1,5,6,9],[2,7,11,12],[3,8,13,15],[4,10,14,16]]
270	1111232242343434	1234112314223344	[[1,2,3,4],[5,7,8,10],[6,11,13,15],[9,12,14,16]]	[[1,5,6,9],[2,7,11,12],[3,8,13,14],[4,10,15,16]]
271	1111232243233444	1234112312434234	[[1,2,3,4],[5,7,8,11],[6,10,12,13],[9,14,15,16]]	[[1,5,6,9],[2,7,10,14],[3,8,12,15],[4,11,13,16]]
272	1111232243234344	1234112312432434	[[1,2,3,4],[5,7,8,11],[6,10,12,14],[9,13,15,16]]	[[1,5,6,9],[2,7,10,13],[3,8,12,15],[4,11,14,16]]
273	1111232243234434	1234112312432344	[[1,2,3,4],[5,7,8,11],[6,10,12,15],[9,13,14,16]]	[[1,5,6,9],[2,7,10,13],[3,8,12,14],[4,11,15,16]]
274	1111232243243344	1234112312423434	[[1,2,3,4],[5,7,8,11],[6,10,13,14],[9,12,15,16]]	[[1,5,6,9],[2,7,10,12],[3,8,13,15],[4,11,14,16]]
275	1111232243243434	1234112312423344	[[1,2,3,4],[5,7,8,11],[6,10,13,15],[9,12,14,16]]	[[1,5,6,9],[2,7,10,12],[3,8,13,14],[4,11,15,16]]
276	1111232243323444	1234112312344234	[[1,2,3,4],[5,7,8,12],[6,10,11,13],[9,14,15,16]]	[[1,5,6,9],[2,7,10,14],[3,8,11,15],[4,12,13,16]]
277	1111232243342344	1234112312324434	[[1,2,3,4],[5,7,8,13],[6,10,11,14],[9,12,15,16]]	[[1,5,6,9],[2,7,10,12],[3,8,11,15],[4,13,14,16]]
278	1111232243342434	1234112312324344	[[1,2,3,4],[5,7,8,13],[6,10,11,15],[9,12,14,16]]	[[1,5,6,9],[2,7,10,12],[3,8,11,14],[4,13,15,16]]
279	1111232243344234	1234112312323444	[[1,2,3,4],[5,7,8,14],[6,10,11,15],[9,12,13,16]]	[[1,5,6,9],[2,7,10,12],[3,8,11,13],[4,14,15,16]]
280	1111232243423344	1234112312243434	[[1,2,3,4],[5,7,8,12],[6,10,13,14],[9,11,15,16]]	[[1,5,6,9],[2,7,10,11],[3,8,13,15],[4,12,14,16]]
281	1111232243423434	1234112312243344	[[1,2,3,4],[5,7,8,12],[6,10,13,15],[9,11,14,16]]	[[1,5,6,9],[2,7,10,11],[3,8,13,14],[4,12,15,16]]
282	1111232243432344	1234112312234434	[[1,2,3,4],[5,7,8,13],[6,10,12,14],[9,11,15,16]]	[[1,5,6,9],[2,7,10,11],[3,8,12,15],[4,13,14,16]]
283	1111232243432434	1234112312234344	[[1,2,3,4],[5,7,8,13],[6,10,12,15],[9,11,14,16]]	[[1,5,6,9],[2,7,10,11],[3,8,12,14],[4,13,15,16]]
284	1111232243434234	1234112312233444	[[1,2,3,4],[5,7,8,14],[6,10,12,15],[9,11,13,16]]	[[1,5,6,9],[2,7,10,11],[3,8,12,13],[4,14,15,16]]
285	1111232322343444	1234112234314234	[[1,2,3,4],[5,7,9,10],[6,8,11,13],[12,14,15,16]]	[[1,5,6,12],[2,7,8,14],[3,9,11,15],[4,10,13,16]]
286	1111232322344344	1234112234312434	[[1,2,3,4],[5,7,9,10],[6,8,11,14],[12,13,15,16]]	[[1,5,6,12],[2,7,8,13],[3,9,11,15],[4,10,14,16]]
287	1111232322433444	1234112234134234	[[1,2,3,4],[5,7,9,10],[6,8,12,13],[11,14,15,16]]	[[1,5,6,11],[2,7,8,14],[3,9,12,15],[4,10,13,16]]
288	1111232322434344	1234112234132434	[[1,2,3,4],[5,7,9,10],[6,8,12,14],[11,13,15,16]]	[[1,5,6,11],[2,7,8,13],[3,9,12,15],[4,10,14,16]]
289	1111232322434434	1234112234132344	[[1,2,3,4],[5,7,9,10],[6,8,12,15],[11,13,14,16]]	[[1,5,6,11],[2,7,8,13],[3,9,12,14],[4,10,15,16]]
290	1111232322443434	1234112234123344	[[1,2,3,4],[5,7,9,10],[6,8,13,15],[11,12,14,16]]	[[1,5,6,11],[2,7,8,12],[3,9,13,14],[4,10,15,16]]
291	1111232323243444	1234112233414234	[[1,2,3,4],[5,7,9,11],[6,8,10,13],[12,14,15,16]]	[[1,5,6,12],[2,7,8,14],[3,9,10,15],[4,11,13,16]]
292	1111232323244344	1234112233412434	[[1,2,3,4],[5,7,9,11],[6,8,10,14],[12,13,15,16]]	[[1,5,6,12],[2,7,8,13],[3,9,10,15],[4,11,14,16]]
293	1111232323423444	1234112233144234	[[1,2,3,4],[5,7,9,12],[6,8,10,13],[11,14,15,16]]	[[1,5,6,11],[2,7,8,14],[3,9,10,15],[4,12,13,16]]
294	1111232323424344	1234112233142434	[[1,2,3,4],[5,7,9,12],[6,8,10,14],[11,13,15,16]]	[[1,5,6,11],[2,7,8,13],[3,9,10,15],[4,12,14,16]]
295	1111232323424434	1234112233142344	[[1,2,3,4],[5,7,9,12],[6,8,10,15],[11,13,14,16]]	[[1,5,6,11],[2,7,8,13],[3,9,10,14],[4,12,15,16]]
296	1111232323442344	1234112233124434	[[1,2,3,4],[5,7,9,13],[6,8,10,14],[11,12,15,16]]	[[1,5,6,11],[2,7,8,12],[3,9,10,15],[4,13,14,16]]
297	1111232323442434	1234112233124344	[[1,2,3,4],[5,7,9,13],[6,8,10,15],[11,12,14,16]]	[[1,5,6,11],[2,7,8,12],[3,9,10,14],[4,13,15,16]]
298	1111232323444234	1234112233123444	[[1,2,3,4],[5,7,9,14],[6,8,10,15],[11,12,13,16]]	[[1,5,6,11],[2,7,8,12],[3,9,10,13],[4,14,15,16]]
299	1111232324233444	1234112231434234	[[1,2,3,4],[5,7,9,11],[6,8,12,13],[10,14,15,16]]	[[1,5,6,10],[2,7,8,14],[3,9,12,15],[4,11,13,16]]
300	1111232324234344	1234112231432434	[[1,2,3,4],[5,7,9,11],[6,8,12,14],[10,13,15,16]]	[[1,5,6,10],[2,7,8,13],[3,9,12,15],[4,11,14,16]]
301	1111232324234434	1234112231432344	[[1,2,3,4],[5,7,9,11],[6,8,12,15],[10,13,14,16]]	[[1,5,6,10],[2,7,8,13],[3,9,12,14],[4,11,15,16]]
302	1111232324243344	1234112231423434	[[1,2,3,4],[5,7,9,11],[6,8,13,14],[10,12,15,16]]	[[1,5,6,10],[2,7,8,12],[3,9,13,15],[4,11,14,16]]
303	1111232324243434	1234112231423344	[[1,2,3,4],[5,7,9,11],[6,8,13,15],[10,12,14,16]]	[[1,5,6,10],[2,7,8,12],[3,9,13,14],[4,11,15,16]]
304	1111232324323444	1234112231344234	[[1,2,3,4],[5,7,9,12],[6,8,11,13],[10,14,15,16]]	[[1,5,6,10],[2,7,8,14],[3,9,11,15],[4,12,13,16]]
305	1111232324324344	1234112231342434	[[1,2,3,4],[5,7,9,12],[6,8,11,14],[10,13,15,16]]	[[1,5,6,10],[2,7,8,13],[3,9,11,15],[4,12,14,16]]
306	1111232324324434	1234112231342344	[[1,2,3,4],[5,7,9,12],[6,8,11,15],[10,13,14,16]]	[[1,5,6,10],[2,7,8,13],[3,9,11,14],[4,12,15,16]]
307	1111232324342344	1234112231324434	[[1,2,3,4],[5,7,9,13],[6,8,11,14],[10,12,15,16]]	[[1,5,6,10],[2,7,8,12],[3,9,11,15],[4,13,14,16]]
308	1111232324342434	1234112231324344	[[1,2,3,4],[5,7,9,13],[6,8,11,15],[10,12,14,16]]	[[1,5,6,10],[2,7,8,12],[3,9,11,14],[4,13,15,16]]
309	1111232324344234	1234112231323444	[[1,2,3,4],[5,7,9,14],[6,8,11,15],[10,12,13,16]]	[[1,5,6,10],[2,7,8,12],[3,9,11,13],[4,14,15,16]]
310	1111232324423344	1234112231243434	[[1,2,3,4],[5,7,9,12],[6,8,13,14],[10,11,15,16]]	[[1,5,6,10],[2,7,8,11],[3,9,13,15],[4,12,14,16]]
311	1111232324423434	1234112231243344	[[1,2,3,4],[5,7,9,12],[6,8,13,15],[10,11,14,16]]	[[1,5,6,10],[2,7,8,11],[3,9,13,14],[4,12,15,16]]
312	1111232324432344	1234112231234434	[[1,2,3,4],[5,7,9,13],[6,8,12,14],[10,11,15,16]]	[[1,5,6,10],[2,7,8,11],[3,9,12,15],[4,13,14,16]]
313	1111232324434234	1234112231233444	[[1,2,3,4],[5,7,9,14],[6,8,12,15],[10,11,13,16]]	[[1,5,6,10],[2,7,8,11],[3,9,12,13],[4,14,15,16]]
314	1111232342233444	1234112213434234	[[1,2,3,4],[5,7,10,11],[6,8,12,13],[9,14,15,16]]	[[1,5,6,9],[2,7,8,14],[3,10,12,15],[4,11,13,16]]
315	1111232342234344	1234112213432434	[[1,2,3,4],[5,7,10,11],[6,8,12,14],[9,13,15,16]]	[[1,5,6,9],[2,7,8,13],[3,10,12,15],[4,11,14,16]]
316	1111232342234434	1234112213432344	[[1,2,3,4],[5,7,10,11],[6,8,12,15],[9,13,14,16]]	[[1,5,6,9],[2,7,8,13],[3,10,12,14],[4,11,15,16]]
317	1111232342243344	1234112213423434	[[1,2,3,4],[5,7,10,11],[6,8,13,14],[9,12,15,16]]	[[1,5,6,9],[2,7,8,12],[3,10,13,15],[4,11,14,16]]
318	1111232342243434	1234112213423344	[[1,2,3,4],[5,7,10,11],[6,8,13,15],[9,12,14,16]]	[[1,5,6,9],[2,7,8,12],[3,10,13,14],[4,11,15,16]]
319	1111232342323444	1234112213344234	[[1,2,3,4],[5,7,10,12],[6,8,11,13],[9,14,15,16]]	[[1,5,6,9],[2,7,8,14],[3,10,11,15],[4,12,13,16]]
320	1111232342324344	1234112213342434	[[1,2,3,4],[5,7,10,12],[6,8,11,14],[9,13,15,16]]	[[1,5,6,9],[2,7,8,13],[3,10,11,15],[4,12,14,16]]
321	1111232342324434	1234112213342344	[[1,2,3,4],[5,7,10,12],[6,8,11,15],[9,13,14,16]]	[[1,5,6,9],[2,7,8,13],[3,10,11,14],[4,12,15,16]]
322	1111232342342344	1234112213324434	[[1,2,3,4],[5,7,10,13],[6,8,11,14],[9,12,15,16]]	[[1,5,6,9],[2,7,8,12],[3,10,11,15],[4,13,14,16]]
323	1111232342342434	1234112213324344	[[1,2,3,4],[5,7,10,13],[6,8,11,15],[9,12,14,16]]	[[1,5,6,9],[2,7,8,12],[3,10,11,14],[4,13,15,16]]
324	1111232342344234	1234112213323444	[[1,2,3,4],[5,7,10,14],[6,8,11,15],[9,12,13,16]]	[[1,5,6,9],[2,7,8,12],[3,10,11,13],[4,14,15,16]]
325	1111232342423344	1234112213243434	[[1,2,3,4],[5,7,10,12],[6,8,13,14],[9,11,15,16]]	[[1,5,6,9],[2,7,8,11],[3,10,13,15],[4,12,14,16]]
326	1111232342423434	1234112213243344	[[1,2,3,4],[5,7,10,12],[6,8,13,15],[9,11,14,16]]	[[1,5,6,9],[2,7,8,11],[3,10,13,14],[4,12,15,16]]
327	1111232342432344	1234112213234434	[[1,2,3,4],[5,7,10,13],[6,8,12,14],[9,11,15,16]]	[[1,5,6,9],[2,7,8,11],[3,10,12,15],[4,13,14,16]]
328	1111232342432434	1234112213234344	[[1,2,3,4],[5,7,10,13],[6,8,12,15],[9,11,14,16]]	[[1,5,6,9],[2,7,8,11],[3,10,12,14],[4,13,15,16]]
329	1111232342434234	1234112213233444	[[1,2,3,4],[5,7,10,14],[6,8,12,15],[9,11,13,16]]	[[1,5,6,9],[2,7,8,11],[3,10,12,13],[4,14,15,16]]
330	1111232344223434	1234112212343344	[[1,2,3,4],[5,7,11,12],[6,8,13,15],[9,10,14,16]]	[[1,5,6,9],[2,7,8,10],[3,11,13,14],[4,12,15,16]]
331	1111232344232344	1234112212334434	[[1,2,3,4],[5,7,11,13],[6,8,12,14],[9,10,15,16]]	[[1,5,6,9],[2,7,8,10],[3,11,12,15],[4,13,14,16]]
332	1111232344232434	1234112212334344	[[1,2,3,4],[5,7,11,13],[6,8,12,15],[9,10,14,16]]	[[1,5,6,9],[2,7,8,10],[3,11,12,14],[4,13,15,16]]
333	1111232344234234	1234112212333444	[[1,2,3,4],[5,7,11,14],[6,8,12,15],[9,10,13,16]]	[[1,5,6,9],[2,7,8,10],[3,11,12,13],[4,14,15,16]]
334	1111232422333444	1234112134234234	[[1,2,3,4],[5,7,9,10],[6,11,12,13],[8,14,15,16]]	[[1,5,6,8],[2,7,11,14],[3,9,12,15],[4,10,13,16]]
335	1111232422334344	1234112134232434	[[1,2,3,4],[5,7,9,10],[6,11,12,14],[8,13,15,16]]	[[1,5,6,8],[2,7,11,13],[3,9,12,15],[4,10,14,16]]
336	1111232422334434	1234112134232344	[[1,2,3,4],[5,7,9,10],[6,11,12,15],[8,13,14,16]]	[[1,5,6,8],[2,7,11,13],[3,9,12,14],[4,10,15,16]]
337	1111232422343344	1234112134223434	[[1,2,3,4],[5,7,9,10],[6,11,13,14],[8,12,15,16]]	[[1,5,6,8],[2,7,11,12],[3,9,13,15],[4,10,14,16]]
338	1111232422343434	1234112134223344	[[1,2,3,4],[5,7,9,10],[6,11,13,15],[8,12,14,16]]	[[1,5,6,8],[2,7,11,12],[3,9,13,14],[4,10,15,16]]
339	1111232423233444	1234112132434234	[[1,2,3,4],[5,7,9,11],[6,10,12,13],[8,14,15,16]]	[[1,5,6,8],[2,7,10,14],[3,9,12,15],[4,11,13,16]]
340	1111232423234344	1234112132432434	[[1,2,3,4],[5,7,9,11],[6,10,12,14],[8,13,15,16]]	[[1,5,6,8],[2,7,10,13],[3,9,12,15],[4,11,14,16]]
341	1111232423234434	1234112132432344	[[1,2,3,4],[5,7,9,11],[6,10,12,15],[8,13,14,16]]	[[1,5,6,8],[2,7,10,13],[3,9,12,14],[4,11,15,16]]
342	1111232423243344	1234112132423434	[[1,2,3,4],[5,7,9,11],[6,10,13,14],[8,12,15,16]]	[[1,5,6,8],[2,7,10,12],[3,9,13,15],[4,11,14,16]]
343	1111232423243434	1234112132423344	[[1,2,3,4],[5,7,9,11],[6,10,13,15],[8,12,14,16]]	[[1,5,6,8],[2,7,10,12],[3,9,13,14],[4,11,15,16]]
344	1111232423323444	1234112132344234	[[1,2,3,4],[5,7,9,12],[6,10,11,13],[8,14,15,16]]	[[1,5,6,8],[2,7,10,14],[3,9,11,15],[4,12,13,16]]
345	1111232423324344	1234112132342434	[[1,2,3,4],[5,7,9,12],[6,10,11,14],[8,13,15,16]]	[[1,5,6,8],[2,7,10,13],[3,9,11,15],[4,12,14,16]]
346	1111232423324434	1234112132342344	[[1,2,3,4],[5,7,9,12],[6,10,11,15],[8,13,14,16]]	[[1,5,6,8],[2,7,10,13],[3,9,11,14],[4,12,15,16]]
347	1111232423342344	1234112132324434	[[1,2,3,4],[5,7,9,13],[6,10,11,14],[8,12,15,16]]	[[1,5,6,8],[2,7,10,12],[3,9,11,15],[4,13,14,16]]
348	1111232423342434	1234112132324344	[[1,2,3,4],[5,7,9,13],[6,10,11,15],[8,12,14,16]]	[[1,5,6,8],[2,7,10,12],[3,9,11,14],[4,13,15,16]]
349	1111232423344234	1234112132323444	[[1,2,3,4],[5,7,9,14],[6,10,11,15],[8,12,13,16]]	[[1,5,6,8],[2,7,10,12],[3,9,11,13],[4,14,15,16]]
350	1111232423423344	1234112132243434	[[1,2,3,4],[5,7,9,12],[6,10,13,14],[8,11,15,16]]	[[1,5,6,8],[2,7,10,11],[3,9,13,15],[4,12,14,16]]
351	1111232423423434	1234112132243344	[[1,2,3,4],[5,7,9,12],[6,10,13,15],[8,11,14,16]]	[[1,5,6,8],[2,7,10,11],[3,9,13,14],[4,12,15,16]]
352	1111232423432344	1234112132234434	[[1,2,3,4],[5,7,9,13],[6,10,12,14],[8,11,15,16]]	[[1,5,6,8],[2,7,10,11],[3,9,12,15],[4,13,14,16]]
353	1111232423432434	1234112132234344	[[1,2,3,4],[5,7,9,13],[6,10,12,15],[8,11,14,16]]	[[1,5,6,8],[2,7,10,11],[3,9,12,14],[4,13,15,16]]
354	1111232423434234	1234112132233444	[[1,2,3,4],[5,7,9,14],[6,10,12,15],[8,11,13,16]]	[[1,5,6,8],[2,7,10,11],[3,9,12,13],[4,14,15,16]]
355	1111232432323444	1234112123344234	[[1,2,3,4],[5,7,10,12],[6,9,11,13],[8,14,15,16]]	[[1,5,6,8],[2,7,9,14],[3,10,11,15],[4,12,13,16]]
356	1111232432324344	1234112123342434	[[1,2,3,4],[5,7,10,12],[6,9,11,14],[8,13,15,16]]	[[1,5,6,8],[2,7,9,13],[3,10,11,15],[4,12,14,16]]
357	1111232432324434	1234112123342344	[[1,2,3,4],[5,7,10,12],[6,9,11,15],[8,13,14,16]]	[[1,5,6,8],[2,7,9,13],[3,10,11,14],[4,12,15,16]]
358	1111232432342344	1234112123324434	[[1,2,3,4],[5,7,10,13],[6,9,11,14],[8,12,15,16]]	[[1,5,6,8],[2,7,9,12],[3,10,11,15],[4,13,14,16]]
359	1111232432342434	1234112123324344	[[1,2,3,4],[5,7,10,13],[6,9,11,15],[8,12,14,16]]	[[1,5,6,8],[2,7,9,12],[3,10,11,14],[4,13,15,16]]
360	1111232432344234	1234112123323444	[[1,2,3,4],[5,7,10,14],[6,9,11,15],[8,12,13,16]]	[[1,5,6,8],[2,7,9,12],[3,10,11,13],[4,14,15,16]]
361	1111232432423344	1234112123243434	[[1,2,3,4],[5,7,10,12],[6,9,13,14],[8,11,15,16]]	[[1,5,6,8],[2,7,9,11],[3,10,13,15],[4,12,14,16]]
362	1111232432423434	1234112123243344	[[1,2,3,4],[5,7,10,12],[6,9,13,15],[8,11,14,16]]	[[1,5,6,8],[2,7,9,11],[3,10,13,14],[4,12,15,16]]
363	1111232432432344	1234112123234434	[[1,2,3,4],[5,7,10,13],[6,9,12,14],[8,11,15,16]]	[[1,5,6,8],[2,7,9,11],[3,10,12,15],[4,13,14,16]]
364	1111232432432434	1234112123234344	[[1,2,3,4],[5,7,10,13],[6,9,12,15],[8,11,14,16]]	[[1,5,6,8],[2,7,9,11],[3,10,12,14],[4,13,15,16]]
365	1111232432434234	1234112123233444	[[1,2,3,4],[5,7,10,14],[6,9,12,15],[8,11,13,16]]	[[1,5,6,8],[2,7,9,11],[3,10,12,13],[4,14,15,16]]
366	1111232434223344	1234112122343434	[[1,2,3,4],[5,7,11,12],[6,9,13,14],[8,10,15,16]]	[[1,5,6,8],[2,7,9,10],[3,11,13,15],[4,12,14,16]]
367	1111232434223434	1234112122343344	[[1,2,3,4],[5,7,11,12],[6,9,13,15],[8,10,14,16]]	[[1,5,6,8],[2,7,9,10],[3,11,13,14],[4,12,15,16]]
368	1111232434232344	1234112122334434	[[1,2,3,4],[5,7,11,13],[6,9,12,14],[8,10,15,16]]	[[1,5,6,8],[2,7,9,10],[3,11,12,15],[4,13,14,16]]
369	1111232434232434	1234112122334344	[[1,2,3,4],[5,7,11,13],[6,9,12,15],[8,10,14,16]]	[[1,5,6,8],[2,7,9,10],[3,11,12,14],[4,13,15,16]]
370	1111232434234234	1234112122333444	[[1,2,3,4],[5,7,11,14],[6,9,12,15],[8,10,13,16]]	[[1,5,6,8],[2,7,9,10],[3,11,12,13],[4,14,15,16]]
371	1111234223233444	1234111232434234	[[1,2,3,4],[5,8,9,11],[6,10,12,13],[7,14,15,16]]	[[1,5,6,7],[2,8,10,14],[3,9,12,15],[4,11,13,16]]
372	1111234223234344	1234111232432434	[[1,2,3,4],[5,8,9,11],[6,10,12,14],[7,13,15,16]]	[[1,5,6,7],[2,8,10,13],[3,9,12,15],[4,11,14,16]]
373	1111234223234434	1234111232432344	[[1,2,3,4],[5,8,9,11],[6,10,12,15],[7,13,14,16]]	[[1,5,6,7],[2,8,10,13],[3,9,12,14],[4,11,15,16]]
374	1111234223243344	1234111232423434	[[1,2,3,4],[5,8,9,11],[6,10,13,14],[7,12,15,16]]	[[1,5,6,7],[2,8,10,12],[3,9,13,15],[4,11,14,16]]
375	1111234223243434	1234111232423344	[[1,2,3,4],[5,8,9,11],[6,10,13,15],[7,12,14,16]]	[[1,5,6,7],[2,8,10,12],[3,9,13,14],[4,11,15,16]]
376	1111234223323444	1234111232344234	[[1,2,3,4],[5,8,9,12],[6,10,11,13],[7,14,15,16]]	[[1,5,6,7],[2,8,10,14],[3,9,11,15],[4,12,13,16]]
377	1111234223324344	1234111232342434	[[1,2,3,4],[5,8,9,12],[6,10,11,14],[7,13,15,16]]	[[1,5,6,7],[2,8,10,13],[3,9,11,15],[4,12,14,16]]
378	1111234223324434	1234111232342344	[[1,2,3,4],[5,8,9,12],[6,10,11,15],[7,13,14,16]]	[[1,5,6,7],[2,8,10,13],[3,9,11,14],[4,12,15,16]]
379	1111234223342344	1234111232324434	[[1,2,3,4],[5,8,9,13],[6,10,11,14],[7,12,15,16]]	[[1,5,6,7],[2,8,10,12],[3,9,11,15],[4,13,14,16]]
380	1111234223342434	1234111232324344	[[1,2,3,4],[5,8,9,13],[6,10,11,15],[7,12,14,16]]	[[1,5,6,7],[2,8,10,12],[3,9,11,14],[4,13,15,16]]
381	1111234223344234	1234111232323444	[[1,2,3,4],[5,8,9,14],[6,10,11,15],[7,12,13,16]]	[[1,5,6,7],[2,8,10,12],[3,9,11,13],[4,14,15,16]]
382	1111234223423344	1234111232243434	[[1,2,3,4],[5,8,9,12],[6,10,13,14],[7,11,15,16]]	[[1,5,6,7],[2,8,10,11],[3,9,13,15],[4,12,14,16]]
383	1111234223423434	1234111232243344	[[1,2,3,4],[5,8,9,12],[6,10,13,15],[7,11,14,16]]	[[1,5,6,7],[2,8,10,11],[3,9,13,14],[4,12,15,16]]
384	1111234223432344	1234111232234434	[[1,2,3,4],[5,8,9,13],[6,10,12,14],[7,11,15,16]]	[[1,5,6,7],[2,8,10,11],[3,9,12,15],[4,13,14,16]]
385	1111234223432434	1234111232234344	[[1,2,3,4],[5,8,9,13],[6,10,12,15],[7,11,14,16]]	[[1,5,6,7],[2,8,10,11],[3,9,12,14],[4,13,15,16]]
386	1111234223434234	1234111232233444	[[1,2,3,4],[5,8,9,14],[6,10,12,15],[7,11,13,16]]	[[1,5,6,7],[2,8,10,11],[3,9,12,13],[4,14,15,16]]
387	1111234232233444	1234111223434234	[[1,2,3,4],[5,8,10,11],[6,9,12,13],[7,14,15,16]]	[[1,5,6,7],[2,8,9,14],[3,10,12,15],[4,11,13,16]]
388	1111234232234344	1234111223432434	[[1,2,3,4],[5,8,10,11],[6,9,12,14],[7,13,15,16]]	[[1,5,6,7],[2,8,9,13],[3,10,12,15],[4,11,14,16]]
389	1111234232234434	1234111223432344	[[1,2,3,4],[5,8,10,11],[6,9,12,15],[7,13,14,16]]	[[1,5,6,7],[2,8,9,13],[3,10,12,14],[4,11,15,16]]
390	1111234232243344	1234111223423434	[[1,2,3,4],[5,8,10,11],[6,9,13,14],[7,12,15,16]]	[[1,5,6,7],[2,8,9,12],[3,10,13,15],[4,11,14,16]]
391	1111234232243434	1234111223423344	[[1,2,3,4],[5,8,10,11],[6,9,13,15],[7,12,14,16]]	[[1,5,6,7],[2,8,9,12],[3,10,13,14],[4,11,15,16]]
392	1111234232323444	1234111223344234	[[1,2,3,4],[5,8,10,12],[6,9,11,13],[7,14,15,16]]	[[1,5,6,7],[2,8,9,14],[3,10,11,15],[4,12,13,16]]
393	1111234232324344	1234111223342434	[[1,2,3,4],[5,8,10,12],[6,9,11,14],[7,13,15,16]]	[[1,5,6,7],[2,8,9,13],[3,10,11,15],[4,12,14,16]]
394	1111234232324434	1234111223342344	[[1,2,3,4],[5,8,10,12],[6,9,11,15],[7,13,14,16]]	[[1,5,6,7],[2,8,9,13],[3,10,11,14],[4,12,15,16]]
395	1111234232342344	1234111223324434	[[1,2,3,4],[5,8,10,13],[6,9,11,14],[7,12,15,16]]	[[1,5,6,7],[2,8,9,12],[3,10,11,15],[4,13,14,16]]
396	1111234232342434	1234111223324344	[[1,2,3,4],[5,8,10,13],[6,9,11,15],[7,12,14,16]]	[[1,5,6,7],[2,8,9,12],[3,10,11,14],[4,13,15,16]]
397	1111234232344234	1234111223323444	[[1,2,3,4],[5,8,10,14],[6,9,11,15],[7,12,13,16]]	[[1,5,6,7],[2,8,9,12],[3,10,11,13],[4,14,15,16]]
398	1111234232423344	1234111223243434	[[1,2,3,4],[5,8,10,12],[6,9,13,14],[7,11,15,16]]	[[1,5,6,7],[2,8,9,11],[3,10,13,15],[4,12,14,16]]
399	1111234232423434	1234111223243344	[[1,2,3,4],[5,8,10,12],[6,9,13,15],[7,11,14,16]]	[[1,5,6,7],[2,8,9,11],[3,10,13,14],[4,12,15,16]]
400	1111234232432344	1234111223234434	[[1,2,3,4],[5,8,10,13],[6,9,12,14],[7,11,15,16]]	[[1,5,6,7],[2,8,9,11],[3,10,12,15],[4,13,14,16]]
401	1111234232432434	1234111223234344	[[1,2,3,4],[5,8,10,13],[6,9,12,15],[7,11,14,16]]	[[1,5,6,7],[2,8,9,11],[3,10,12,14],[4,13,15,16]]
402	1111234232434234	1234111223233444	[[1,2,3,4],[5,8,10,14],[6,9,12,15],[7,11,13,16]]	[[1,5,6,7],[2,8,9,11],[3,10,12,13],[4,14,15,16]]
403	1111234234223344	1234111222343434	[[1,2,3,4],[5,8,11,12],[6,9,13,14],[7,10,15,16]]	[[1,5,6,7],[2,8,9,10],[3,11,13,15],[4,12,14,16]]
404	1111234234223434	1234111222343344	[[1,2,3,4],[5,8,11,12],[6,9,13,15],[7,10,14,16]]	[[1,5,6,7],[2,8,9,10],[3,11,13,14],[4,12,15,16]]
405	1111234234232344	1234111222334434	[[1,2,3,4],[5,8,11,13],[6,9,12,14],[7,10,15,16]]	[[1,5,6,7],[2,8,9,10],[3,11,12,15],[4,13,14,16]]
406	1111234234232434	1234111222334344	[[1,2,3,4],[5,8,11,13],[6,9,12,15],[7,10,14,16]]	[[1,5,6,7],[2,8,9,10],[3,11,12,14],[4,13,15,16]]
407	1111234234234234	1234111222333444	[[1,2,3,4],[5,8,11,14],[6,9,12,15],[7,10,13,16]]	[[1,5,6,7],[2,8,9,10],[3,11,12,13],[4,14,15,16]]
408	1112122233343444	1231423412314234	[[1,2,3,5],[4,6,7,8],[9,10,11,13],[12,14,15,16]]	[[1,4,9,12],[2,6,10,14],[3,7,11,15],[5,8,13,16]]
409	1112122233344344	1231423412312434	[[1,2,3,5],[4,6,7,8],[9,10,11,14],[12,13,15,16]]	[[1,4,9,12],[2,6,10,13],[3,7,11,15],[5,8,14,16]]
410	1112122233433444	1231423412134234	[[1,2,3,5],[4,6,7,8],[9,10,12,13],[11,14,15,16]]	[[1,4,9,11],[2,6,10,14],[3,7,12,15],[5,8,13,16]]
411	1112122233434344	1231423412132434	[[1,2,3,5],[4,6,7,8],[9,10,12,14],[11,13,15,16]]	[[1,4,9,11],[2,6,10,13],[3,7,12,15],[5,8,14,16]]
412	1112122233434434	1231423412132344	[[1,2,3,5],[4,6,7,8],[9,10,12,15],[11,13,14,16]]	[[1,4,9,11],[2,6,10,13],[3,7,12,14],[5,8,15,16]]
413	1112122233443434	1231423412123344	[[1,2,3,5],[4,6,7,8],[9,10,13,15],[11,12,14,16]]	[[1,4,9,11],[2,6,10,12],[3,7,13,14],[5,8,15,16]]
414	1112122234334344	1231423411232434	[[1,2,3,5],[4,6,7,8],[9,11,12,14],[10,13,15,16]]	[[1,4,9,10],[2,6,11,13],[3,7,12,15],[5,8,14,16]]
415	1112122234334434	1231423411232344	[[1,2,3,5],[4,6,7,8],[9,11,12,15],[10,13,14,16]]	[[1,4,9,10],[2,6,11,13],[3,7,12,14],[5,8,15,16]]
416	1112122234343344	1231423411223434	[[1,2,3,5],[4,6,7,8],[9,11,13,14],[10,12,15,16]]	[[1,4,9,10],[2,6,11,12],[3,7,13,15],[5,8,14,16]]
417	1112122234343434	1231423411223344	[[1,2,3,5],[4,6,7,8],[9,11,13,15],[10,12,14,16]]	[[1,4,9,10],[2,6,11,12],[3,7,13,14],[5,8,15,16]]
418	1112122323343444	1231423142314234	[[1,2,3,5],[4,6,7,9],[8,10,11,13],[12,14,15,16]]	[[1,4,8,12],[2,6,10,14],[3,7,11,15],[5,9,13,16]]
419	1112122323344344	1231423142312434	[[1,2,3,5],[4,6,7,9],[8,10,11,14],[12,13,15,16]]	[[1,4,8,12],[2,6,10,13],[3,7,11,15],[5,9,14,16]]
420	1112122323433444	1231423142134234	[[1,2,3,5],[4,6,7,9],[8,10,12,13],[11,14,15,16]]	[[1,4,8,11],[2,6,10,14],[3,7,12,15],[5,9,13,16]]
421	1112122323434344	1231423142132434	[[1,2,3,5],[4,6,7,9],[8,10,12,14],[11,13,15,16]]	[[1,4,8,11],[2,6,10,13],[3,7,12,15],[5,9,14,16]]
422	1112122323434434	1231423142132344	[[1,2,3,5],[4,6,7,9],[8,10,12,15],[11,13,14,16]]	[[1,4,8,11],[2,6,10,13],[3,7,12,14],[5,9,15,16]]
423	1112122323443434	1231423142123344	[[1,2,3,5],[4,6,7,9],[8,10,13,15],[11,12,14,16]]	[[1,4,8,11],[2,6,10,12],[3,7,13,14],[5,9,15,16]]
424	1112122324334344	1231423141232434	[[1,2,3,5],[4,6,7,9],[8,11,12,14],[10,13,15,16]]	[[1,4,8,10],[2,6,11,13],[3,7,12,15],[5,9,14,16]]
425	1112122324334434	1231423141232344	[[1,2,3,5],[4,6,7,9],[8,11,12,15],[10,13,14,16]]	[[1,4,8,10],[2,6,11,13],[3,7,12,14],[5,9,15,16]]
426	1112122324343344	1231423141223434	[[1,2,3,5],[4,6,7,9],[8,11,13,14],[10,12,15,16]]	[[1,4,8,10],[2,6,11,12],[3,7,13,15],[5,9,14,16]]
427	1112122324343434	1231423141223344	[[1,2,3,5],[4,6,7,9],[8,11,13,15],[10,12,14,16]]	[[1,4,8,10],[2,6,11,12],[3,7,13,14],[5,9,15,16]]
428	1112122332343444	1231423124314234	[[1,2,3,5],[4,6,7,10],[8,9,11,13],[12,14,15,16]]	[[1,4,8,12],[2,6,9,14],[3,7,11,15],[5,10,13,16]]
429	1112122332344344	1231423124312434	[[1,2,3,5],[4,6,7,10],[8,9,11,14],[12,13,15,16]]	[[1,4,8,12],[2,6,9,13],[3,7,11,15],[5,10,14,16]]
430	1112122332433444	1231423124134234	[[1,2,3,5],[4,6,7,10],[8,9,12,13],[11,14,15,16]]	[[1,4,8,11],[2,6,9,14],[3,7,12,15],[5,10,13,16]]
431	1112122332434344	1231423124132434	[[1,2,3,5],[4,6,7,10],[8,9,12,14],[11,13,15,16]]	[[1,4,8,11],[2,6,9,13],[3,7,12,15],[5,10,14,16]]
432	1112122332434434	1231423124132344	[[1,2,3,5],[4,6,7,10],[8,9,12,15],[11,13,14,16]]	[[1,4,8,11],[2,6,9,13],[3,7,12,14],[5,10,15,16]]
433	1112122332443434	1231423124123344	[[1,2,3,5],[4,6,7,10],[8,9,13,15],[11,12,14,16]]	[[1,4,8,11],[2,6,9,12],[3,7,13,14],[5,10,15,16]]
434	1112122333423444	1231423123144234	[[1,2,3,5],[4,6,7,12],[8,9,10,13],[11,14,15,16]]	[[1,4,8,11],[2,6,9,14],[3,7,10,15],[5,12,13,16]]
435	1112122333442344	1231423123124434	[[1,2,3,5],[4,6,7,13],[8,9,10,14],[11,12,15,16]]	[[1,4,8,11],[2,6,9,12],[3,7,10,15],[5,13,14,16]]
436	1112122333442434	1231423123124344	[[1,2,3,5],[4,6,7,13],[8,9,10,15],[11,12,14,16]]	[[1,4,8,11],[2,6,9,12],[3,7,10,14],[5,13,15,16]]
437	1112122334233444	1231423121434234	[[1,2,3,5],[4,6,7,11],[8,9,12,13],[10,14,15,16]]	[[1,4,8,10],[2,6,9,14],[3,7,12,15],[5,11,13,16]]
438	1112122334234344	1231423121432434	[[1,2,3,5],[4,6,7,11],[8,9,12,14],[10,13,15,16]]	[[1,4,8,10],[2,6,9,13],[3,7,12,15],[5,11,14,16]]
439	1112122334234434	1231423121432344	[[1,2,3,5],[4,6,7,11],[8,9,12,15],[10,13,14,16]]	[[1,4,8,10],[2,6,9,13],[3,7,12,14],[5,11,15,16]]
440	1112122334243344	1231423121423434	[[1,2,3,5],[4,6,7,11],[8,9,13,14],[10,12,15,16]]	[[1,4,8,10],[2,6,9,12],[3,7,13,15],[5,11,14,16]]
441	1112122334243434	1231423121423344	[[1,2,3,5],[4,6,7,11],[8,9,13,15],[10,12,14,16]]	[[1,4,8,10],[2,6,9,12],[3,7,13,14],[5,11,15,16]]
442	1112122334323444	1231423121344234	[[1,2,3,5],[4,6,7,12],[8,9,11,13],[10,14,15,16]]	[[1,4,8,10],[2,6,9,14],[3,7,11,15],[5,12,13,16]]
443	1112122334324344	1231423121342434	[[1,2,3,5],[4,6,7,12],[8,9,11,14],[10,13,15,16]]	[[1,4,8,10],[2,6,9,13],[3,7,11,15],[5,12,14,16]]
444	1112122334324434	1231423121342344	[[1,2,3,5],[4,6,7,12],[8,9,11,15],[10,13,14,16]]	[[1,4,8,10],[2,6,9,13],[3,7,11,14],[5,12,15,16]]
445	1112122334342344	1231423121324434	[[1,2,3,5],[4,6,7,13],[8,9,11,14],[10,12,15,16]]	[[1,4,8,10],[2,6,9,12],[3,7,11,15],[5,13,14,16]]
446	1112122334342434	1231423121324344	[[1,2,3,5],[4,6,7,13],[8,9,11,15],[10,12,14,16]]	[[1,4,8,10],[2,6,9,12],[3,7,11,14],[5,13,15,16]]
447	1112122334344234	1231423121323444	[[1,2,3,5],[4,6,7,14],[8,9,11,15],[10,12,13,16]]	[[1,4,8,10],[2,6,9,12],[3,7,11,13],[5,14,15,16]]
448	1112122334423344	1231423121243434	[[1,2,3,5],[4,6,7,12],[8,9,13,14],[10,11,15,16]]	[[1,4,8,10],[2,6,9,11],[3,7,13,15],[5,12,14,16]]
449	1112122334423434	1231423121243344	[[1,2,3,5],[4,6,7,12],[8,9,13,15],[10,11,14,16]]	[[1,4,8,10],[2,6,9,11],[3,7,13,14],[5,12,15,16]]
450	1112122334434234	1231423121233444	[[1,2,3,5],[4,6,7,14],[8,9,12,15],[10,11,13,16]]	[[1,4,8,10],[2,6,9,11],[3,7,12,13],[5,14,15,16]]
451	1112122342333444	1231423114234234	[[1,2,3,5],[4,6,7,10],[8,11,12,13],[9,14,15,16]]	[[1,4,8,9],[2,6,11,14],[3,7,12,15],[5,10,13,16]]
452	1112122342334344	1231423114232434	[[1,2,3,5],[4,6,7,10],[8,11,12,14],[9,13,15,16]]	[[1,4,8,9],[2,6,11,13],[3,7,12,15],[5,10,14,16]]
453	1112122342334434	1231423114232344	[[1,2,3,5],[4,6,7,10],[8,11,12,15],[9,13,14,16]]	[[1,4,8,9],[2,6,11,13],[3,7,12,14],[5,10,15,16]]
454	1112122342343344	1231423114223434	[[1,2,3,5],[4,6,7,10],[8,11,13,14],[9,12,15,16]]	[[1,4,8,9],[2,6,11,12],[3,7,13,15],[5,10,14,16]]
455	1112122342343434	1231423114223344	[[1,2,3,5],[4,6,7,10],[8,11,13,15],[9,12,14,16]]	[[1,4,8,9],[2,6,11,12],[3,7,13,14],[5,10,15,16]]
456	1112122343233444	1231423112434234	[[1,2,3,5],[4,6,7,11],[8,10,12,13],[9,14,15,16]]	[[1,4,8,9],[2,6,10,14],[3,7,12,15],[5,11,13,16]]
457	1112122343234344	1231423112432434	[[1,2,3,5],[4,6,7,11],[8,10,12,14],[9,13,15,16]]	[[1,4,8,9],[2,6,10,13],[3,7,12,15],[5,11,14,16]]
458	1112122343234434	1231423112432344	[[1,2,3,5],[4,6,7,11],[8,10,12,15],[9,13,14,16]]	[[1,4,8,9],[2,6,10,13],[3,7,12,14],[5,11,15,16]]
459	1112122343243344	1231423112423434	[[1,2,3,5],[4,6,7,11],[8,10,13,14],[9,12,15,16]]	[[1,4,8,9],[2,6,10,12],[3,7,13,15],[5,11,14,16]]
460	1112122343243434	1231423112423344	[[1,2,3,5],[4,6,7,11],[8,10,13,15],[9,12,14,16]]	[[1,4,8,9],[2,6,10,12],[3,7,13,14],[5,11,15,16]]
461	1112122343342344	1231423112324434	[[1,2,3,5],[4,6,7,13],[8,10,11,14],[9,12,15,16]]	[[1,4,8,9],[2,6,10,12],[3,7,11,15],[5,13,14,16]]
462	1112122343342434	1231423112324344	[[1,2,3,5],[4,6,7,13],[8,10,11,15],[9,12,14,16]]	[[1,4,8,9],[2,6,10,12],[3,7,11,14],[5,13,15,16]]
463	1112122343344234	1231423112323444	[[1,2,3,5],[4,6,7,14],[8,10,11,15],[9,12,13,16]]	[[1,4,8,9],[2,6,10,12],[3,7,11,13],[5,14,15,16]]
464	1112122343423344	1231423112243434	[[1,2,3,5],[4,6,7,12],[8,10,13,14],[9,11,15,16]]	[[1,4,8,9],[2,6,10,11],[3,7,13,15],[5,12,14,16]]
465	1112122343423434	1231423112243344	[[1,2,3,5],[4,6,7,12],[8,10,13,15],[9,11,14,16]]	[[1,4,8,9],[2,6,10,11],[3,7,13,14],[5,12,15,16]]
466	1112122343432344	1231423112234434	[[1,2,3,5],[4,6,7,13],[8,10,12,14],[9,11,15,16]]	[[1,4,8,9],[2,6,10,11],[3,7,12,15],[5,13,14,16]]
467	1112122343432434	1231423112234344	[[1,2,3,5],[4,6,7,13],[8,10,12,15],[9,11,14,16]]	[[1,4,8,9],[2,6,10,11],[3,7,12,14],[5,13,15,16]]
468	1112122343434234	1231423112233444	[[1,2,3,5],[4,6,7,14],[8,10,12,15],[9,11,13,16]]	[[1,4,8,9],[2,6,10,11],[3,7,12,13],[5,14,15,16]]
469	1112123223343444	1231421342314234	[[1,2,3,5],[4,6,8,9],[7,10,11,13],[12,14,15,16]]	[[1,4,7,12],[2,6,10,14],[3,8,11,15],[5,9,13,16]]
470	1112123223344344	1231421342312434	[[1,2,3,5],[4,6,8,9],[7,10,11,14],[12,13,15,16]]	[[1,4,7,12],[2,6,10,13],[3,8,11,15],[5,9,14,16]]
471	1112123223433444	1231421342134234	[[1,2,3,5],[4,6,8,9],[7,10,12,13],[11,14,15,16]]	[[1,4,7,11],[2,6,10,14],[3,8,12,15],[5,9,13,16]]
472	1112123223434344	1231421342132434	[[1,2,3,5],[4,6,8,9],[7,10,12,14],[11,13,15,16]]	[[1,4,7,11],[2,6,10,13],[3,8,12,15],[5,9,14,16]]
473	1112123223434434	1231421342132344	[[1,2,3,5],[4,6,8,9],[7,10,12,15],[11,13,14,16]]	[[1,4,7,11],[2,6,10,13],[3,8,12,14],[5,9,15,16]]
474	1112123223443434	1231421342123344	[[1,2,3,5],[4,6,8,9],[7,10,13,15],[11,12,14,16]]	[[1,4,7,11],[2,6,10,12],[3,8,13,14],[5,9,15,16]]
475	1112123224334434	1231421341232344	[[1,2,3,5],[4,6,8,9],[7,11,12,15],[10,13,14,16]]	[[1,4,7,10],[2,6,11,13],[3,8,12,14],[5,9,15,16]]
476	1112123224343344	1231421341223434	[[1,2,3,5],[4,6,8,9],[7,11,13,14],[10,12,15,16]]	[[1,4,7,10],[2,6,11,12],[3,8,13,15],[5,9,14,16]]
477	1112123224343434	1231421341223344	[[1,2,3,5],[4,6,8,9],[7,11,13,15],[10,12,14,16]]	[[1,4,7,10],[2,6,11,12],[3,8,13,14],[5,9,15,16]]
478	1112123232343444	1231421324314234	[[1,2,3,5],[4,6,8,10],[7,9,11,13],[12,14,15,16]]	[[1,4,7,12],[2,6,9,14],[3,8,11,15],[5,10,13,16]]
479	1112123232344344	1231421324312434	[[1,2,3,5],[4,6,8,10],[7,9,11,14],[12,13,15,16]]	[[1,4,7,12],[2,6,9,13],[3,8,11,15],[5,10,14,16]]
480	1112123232433444	1231421324134234	[[1,2,3,5],[4,6,8,10],[7,9,12,13],[11,14,15,16]]	[[1,4,7,11],[2,6,9,14],[3,8,12,15],[5,10,13,16]]
481	1112123232434344	1231421324132434	[[1,2,3,5],[4,6,8,10],[7,9,12,14],[11,13,15,16]]	[[1,4,7,11],[2,6,9,13],[3,8,12,15],[5,10,14,16]]
482	1112123232434434	1231421324132344	[[1,2,3,5],[4,6,8,10],[7,9,12,15],[11,13,14,16]]	[[1,4,7,11],[2,6,9,13],[3,8,12,14],[5,10,15,16]]
483	1112123232443434	1231421324123344	[[1,2,3,5],[4,6,8,10],[7,9,13,15],[11,12,14,16]]	[[1,4,7,11],[2,6,9,12],[3,8,13,14],[5,10,15,16]]
484	1112123233243444	1231421323414234	[[1,2,3,5],[4,6,8,11],[7,9,10,13],[12,14,15,16]]	[[1,4,7,12],[2,6,9,14],[3,8,10,15],[5,11,13,16]]
485	1112123233244344	1231421323412434	[[1,2,3,5],[4,6,8,11],[7,9,10,14],[12,13,15,16]]	[[1,4,7,12],[2,6,9,13],[3,8,10,15],[5,11,14,16]]
486	1112123233423444	1231421323144234	[[1,2,3,5],[4,6,8,12],[7,9,10,13],[11,14,15,16]]	[[1,4,7,11],[2,6,9,14],[3,8,10,15],[5,12,13,16]]
487	1112123233424344	1231421323142434	[[1,2,3,5],[4,6,8,12],[7,9,10,14],[11,13,15,16]]	[[1,4,7,11],[2,6,9,13],[3,8,10,15],[5,12,14,16]]
488	1112123233424434	1231421323142344	[[1,2,3,5],[4,6,8,12],[7,9,10,15],[11,13,14,16]]	[[1,4,7,11],[2,6,9,13],[3,8,10,14],[5,12,15,16]]
489	1112123233442344	1231421323124434	[[1,2,3,5],[4,6,8,13],[7,9,10,14],[11,12,15,16]]	[[1,4,7,11],[2,6,9,12],[3,8,10,15],[5,13,14,16]]
490	1112123233442434	1231421323124344	[[1,2,3,5],[4,6,8,13],[7,9,10,15],[11,12,14,16]]	[[1,4,7,11],[2,6,9,12],[3,8,10,14],[5,13,15,16]]
491	1112123234233444	1231421321434234	[[1,2,3,5],[4,6,8,11],[7,9,12,13],[10,14,15,16]]	[[1,4,7,10],[2,6,9,14],[3,8,12,15],[5,11,13,16]]
492	1112123234234344	1231421321432434	[[1,2,3,5],[4,6,8,11],[7,9,12,14],[10,13,15,16]]	[[1,4,7,10],[2,6,9,13],[3,8,12,15],[5,11,14,16]]
493	1112123234234434	1231421321432344	[[1,2,3,5],[4,6,8,11],[7,9,12,15],[10,13,14,16]]	[[1,4,7,10],[2,6,9,13],[3,8,12,14],[5,11,15,16]]
494	1112123234243344	1231421321423434	[[1,2,3,5],[4,6,8,11],[7,9,13,14],[10,12,15,16]]	[[1,4,7,10],[2,6,9,12],[3,8,13,15],[5,11,14,16]]
495	1112123234243434	1231421321423344	[[1,2,3,5],[4,6,8,11],[7,9,13,15],[10,12,14,16]]	[[1,4,7,10],[2,6,9,12],[3,8,13,14],[5,11,15,16]]
496	1112123234323444	1231421321344234	[[1,2,3,5],[4,6,8,12],[7,9,11,13],[10,14,15,16]]	[[1,4,7,10],[2,6,9,14],[3,8,11,15],[5,12,13,16]]
497	1112123234324344	1231421321342434	[[1,2,3,5],[4,6,8,12],[7,9,11,14],[10,13,15,16]]	[[1,4,7,10],[2,6,9,13],[3,8,11,15],[5,12,14,16]]
498	1112123234324434	1231421321342344	[[1,2,3,5],[4,6,8,12],[7,9,11,15],[10,13,14,16]]	[[1,4,7,10],[2,6,9,13],[3,8,11,14],[5,12,15,16]]
499	1112123234342344	1231421321324434	[[1,2,3,5],[4,6,8,13],[7,9,11,14],[10,12,15,16]]	[[1,4,7,10],[2,6,9,12],[3,8,11,15],[5,13,14,16]]
500	1112123234342434	1231421321324344	[[1,2,3,5],[4,6,8,13],[7,9,11,15],[10,12,14,16]]	[[1,4,7,10],[2,6,9,12],[3,8,11,14],[5,13,15,16]]
501	1112123234344234	1231421321323444	[[1,2,3,5],[4,6,8,14],[7,9,11,15],[10,12,13,16]]	[[1,4,7,10],[2,6,9,12],[3,8,11,13],[5,14,15,16]]
502	1112123234423344	1231421321243434	[[1,2,3,5],[4,6,8,12],[7,9,13,14],[10,11,15,16]]	[[1,4,7,10],[2,6,9,11],[3,8,13,15],[5,12,14,16]]
503	1112123234423434	1231421321243344	[[1,2,3,5],[4,6,8,12],[7,9,13,15],[10,11,14,16]]	[[1,4,7,10],[2,6,9,11],[3,8,13,14],[5,12,15,16]]
504	1112123234434234	1231421321233444	[[1,2,3,5],[4,6,8,14],[7,9,12,15],[10,11,13,16]]	[[1,4,7,10],[2,6,9,11],[3,8,12,13],[5,14,15,16]]
505	1112123242333444	1231421314234234	[[1,2,3,5],[4,6,8,10],[7,11,12,13],[9,14,15,16]]	[[1,4,7,9],[2,6,11,14],[3,8,12,15],[5,10,13,16]]
506	1112123242334344	1231421314232434	[[1,2,3,5],[4,6,8,10],[7,11,12,14],[9,13,15,16]]	[[1,4,7,9],[2,6,11,13],[3,8,12,15],[5,10,14,16]]
507	1112123242334434	1231421314232344	[[1,2,3,5],[4,6,8,10],[7,11,12,15],[9,13,14,16]]	[[1,4,7,9],[2,6,11,13],[3,8,12,14],[5,10,15,16]]
508	1112123242343344	1231421314223434	[[1,2,3,5],[4,6,8,10],[7,11,13,14],[9,12,15,16]]	[[1,4,7,9],[2,6,11,12],[3,8,13,15],[5,10,14,16]]
509	1112123242343434	1231421314223344	[[1,2,3,5],[4,6,8,10],[7,11,13,15],[9,12,14,16]]	[[1,4,7,9],[2,6,11,12],[3,8,13,14],[5,10,15,16]]
510	1112123243233444	1231421312434234	[[1,2,3,5],[4,6,8,11],[7,10,12,13],[9,14,15,16]]	[[1,4,7,9],[2,6,10,14],[3,8,12,15],[5,11,13,16]]
511	1112123243234344	1231421312432434	[[1,2,3,5],[4,6,8,11],[7,10,12,14],[9,13,15,16]]	[[1,4,7,9],[2,6,10,13],[3,8,12,15],[5,11,14,16]]
512	1112123243234434	1231421312432344	[[1,2,3,5],[4,6,8,11],[7,10,12,15],[9,13,14,16]]	[[1,4,7,9],[2,6,10,13],[3,8,12,14],[5,11,15,16]]
513	1112123243243344	1231421312423434	[[1,2,3,5],[4,6,8,11],[7,10,13,14],[9,12,15,16]]	[[1,4,7,9],[2,6,10,12],[3,8,13,15],[5,11,14,16]]
514	1112123243243434	1231421312423344	[[1,2,3,5],[4,6,8,11],[7,10,13,15],[9,12,14,16]]	[[1,4,7,9],[2,6,10,12],[3,8,13,14],[5,11,15,16]]
515	1112123243342344	1231421312324434	[[1,2,3,5],[4,6,8,13],[7,10,11,14],[9,12,15,16]]	[[1,4,7,9],[2,6,10,12],[3,8,11,15],[5,13,14,16]]
516	1112123243344234	1231421312323444	[[1,2,3,5],[4,6,8,14],[7,10,11,15],[9,12,13,16]]	[[1,4,7,9],[2,6,10,12],[3,8,11,13],[5,14,15,16]]
517	1112123243423344	1231421312243434	[[1,2,3,5],[4,6,8,12],[7,10,13,14],[9,11,15,16]]	[[1,4,7,9],[2,6,10,11],[3,8,13,15],[5,12,14,16]]
518	1112123243423434	1231421312243344	[[1,2,3,5],[4,6,8,12],[7,10,13,15],[9,11,14,16]]	[[1,4,7,9],[2,6,10,11],[3,8,13,14],[5,12,15,16]]
519	1112123243432344	1231421312234434	[[1,2,3,5],[4,6,8,13],[7,10,12,14],[9,11,15,16]]	[[1,4,7,9],[2,6,10,11],[3,8,12,15],[5,13,14,16]]
520	1112123243432434	1231421312234344	[[1,2,3,5],[4,6,8,13],[7,10,12,15],[9,11,14,16]]	[[1,4,7,9],[2,6,10,11],[3,8,12,14],[5,13,15,16]]
521	1112123243434234	1231421312233444	[[1,2,3,5],[4,6,8,14],[7,10,12,15],[9,11,13,16]]	[[1,4,7,9],[2,6,10,11],[3,8,12,13],[5,14,15,16]]
522	1112123323243444	1231421233414234	[[1,2,3,5],[4,6,9,11],[7,8,10,13],[12,14,15,16]]	[[1,4,7,12],[2,6,8,14],[3,9,10,15],[5,11,13,16]]
523	1112123323244344	1231421233412434	[[1,2,3,5],[4,6,9,11],[7,8,10,14],[12,13,15,16]]	[[1,4,7,12],[2,6,8,13],[3,9,10,15],[5,11,14,16]]
524	1112123323423444	1231421233144234	[[1,2,3,5],[4,6,9,12],[7,8,10,13],[11,14,15,16]]	[[1,4,7,11],[2,6,8,14],[3,9,10,15],[5,12,13,16]]
525	1112123323424344	1231421233142434	[[1,2,3,5],[4,6,9,12],[7,8,10,14],[11,13,15,16]]	[[1,4,7,11],[2,6,8,13],[3,9,10,15],[5,12,14,16]]
526	1112123323424434	1231421233142344	[[1,2,3,5],[4,6,9,12],[7,8,10,15],[11,13,14,16]]	[[1,4,7,11],[2,6,8,13],[3,9,10,14],[5,12,15,16]]
527	1112123323442344	1231421233124434	[[1,2,3,5],[4,6,9,13],[7,8,10,14],[11,12,15,16]]	[[1,4,7,11],[2,6,8,12],[3,9,10,15],[5,13,14,16]]
528	1112123323442434	1231421233124344	[[1,2,3,5],[4,6,9,13],[7,8,10,15],[11,12,14,16]]	[[1,4,7,11],[2,6,8,12],[3,9,10,14],[5,13,15,16]]
529	1112123324323444	1231421231344234	[[1,2,3,5],[4,6,9,12],[7,8,11,13],[10,14,15,16]]	[[1,4,7,10],[2,6,8,14],[3,9,11,15],[5,12,13,16]]
530	1112123324324344	1231421231342434	[[1,2,3,5],[4,6,9,12],[7,8,11,14],[10,13,15,16]]	[[1,4,7,10],[2,6,8,13],[3,9,11,15],[5,12,14,16]]
531	1112123324324434	1231421231342344	[[1,2,3,5],[4,6,9,12],[7,8,11,15],[10,13,14,16]]	[[1,4,7,10],[2,6,8,13],[3,9,11,14],[5,12,15,16]]
532	1112123324342344	1231421231324434	[[1,2,3,5],[4,6,9,13],[7,8,11,14],[10,12,15,16]]	[[1,4,7,10],[2,6,8,12],[3,9,11,15],[5,13,14,16]]
533	1112123324342434	1231421231324344	[[1,2,3,5],[4,6,9,13],[7,8,11,15],[10,12,14,16]]	[[1,4,7,10],[2,6,8,12],[3,9,11,14],[5,13,15,16]]
534	1112123324344234	1231421231323444	[[1,2,3,5],[4,6,9,14],[7,8,11,15],[10,12,13,16]]	[[1,4,7,10],[2,6,8,12],[3,9,11,13],[5,14,15,16]]
535	1112123324423344	1231421231243434	[[1,2,3,5],[4,6,9,12],[7,8,13,14],[10,11,15,16]]	[[1,4,7,10],[2,6,8,11],[3,9,13,15],[5,12,14,16]]
536	1112123324423434	1231421231243344	[[1,2,3,5],[4,6,9,12],[7,8,13,15],[10,11,14,16]]	[[1,4,7,10],[2,6,8,11],[3,9,13,14],[5,12,15,16]]
537	1112123324434234	1231421231233444	[[1,2,3,5],[4,6,9,14],[7,8,12,15],[10,11,13,16]]	[[1,4,7,10],[2,6,8,11],[3,9,12,13],[5,14,15,16]]
538	1112123342233444	1231421213434234	[[1,2,3,5],[4,6,10,11],[7,8,12,13],[9,14,15,16]]	[[1,4,7,9],[2,6,8,14],[3,10,12,15],[5,11,13,16]]
539	1112123342234344	1231421213432434	[[1,2,3,5],[4,6,10,11],[7,8,12,14],[9,13,15,16]]	[[1,4,7,9],[2,6,8,13],[3,10,12,15],[5,11,14,16]]
540	1112123342234434	1231421213432344	[[1,2,3,5],[4,6,10,11],[7,8,12,15],[9,13,14,16]]	[[1,4,7,9],[2,6,8,13],[3,10,12,14],[5,11,15,16]]
541	1112123342243344	1231421213423434	[[1,2,3,5],[4,6,10,11],[7,8,13,14],[9,12,15,16]]	[[1,4,7,9],[2,6,8,12],[3,10,13,15],[5,11,14,16]]
542	1112123342243434	1231421213423344	[[1,2,3,5],[4,6,10,11],[7,8,13,15],[9,12,14,16]]	[[1,4,7,9],[2,6,8,12],[3,10,13,14],[5,11,15,16]]
543	1112123342323444	1231421213344234	[[1,2,3,5],[4,6,10,12],[7,8,11,13],[9,14,15,16]]	[[1,4,7,9],[2,6,8,14],[3,10,11,15],[5,12,13,16]]
544	1112123342324344	1231421213342434	[[1,2,3,5],[4,6,10,12],[7,8,11,14],[9,13,15,16]]	[[1,4,7,9],[2,6,8,13],[3,10,11,15],[5,12,14,16]]
545	1112123342324434	1231421213342344	[[1,2,3,5],[4,6,10,12],[7,8,11,15],[9,13,14,16]]	[[1,4,7,9],[2,6,8,13],[3,10,11,14],[5,12,15,16]]
546	1112123342342344	1231421213324434	[[1,2,3,5],[4,6,10,13],[7,8,11,14],[9,12,15,16]]	[[1,4,7,9],[2,6,8,12],[3,10,11,15],[5,13,14,16]]
547	1112123342342434	1231421213324344	[[1,2,3,5],[4,6,10,13],[7,8,11,15],[9,12,14,16]]	[[1,4,7,9],[2,6,8,12],[3,10,11,14],[5,13,15,16]]
548	1112123342344234	1231421213323444	[[1,2,3,5],[4,6,10,14],[7,8,11,15],[9,12,13,16]]	[[1,4,7,9],[2,6,8,12],[3,10,11,13],[5,14,15,16]]
549	1112123342423344	1231421213243434	[[1,2,3,5],[4,6,10,12],[7,8,13,14],[9,11,15,16]]	[[1,4,7,9],[2,6,8,11],[3,10,13,15],[5,12,14,16]]
550	1112123342423434	1231421213243344	[[1,2,3,5],[4,6,10,12],[7,8,13,15],[9,11,14,16]]	[[1,4,7,9],[2,6,8,11],[3,10,13,14],[5,12,15,16]]
551	1112123342432344	1231421213234434	[[1,2,3,5],[4,6,10,13],[7,8,12,14],[9,11,15,16]]	[[1,4,7,9],[2,6,8,11],[3,10,12,15],[5,13,14,16]]
552	1112123342432434	1231421213234344	[[1,2,3,5],[4,6,10,13],[7,8,12,15],[9,11,14,16]]	[[1,4,7,9],[2,6,8,11],[3,10,12,14],[5,13,15,16]]
553	1112123342434234	1231421213233444	[[1,2,3,5],[4,6,10,14],[7,8,12,15],[9,11,13,16]]	[[1,4,7,9],[2,6,8,11],[3,10,12,13],[5,14,15,16]]
554	1112123344232344	1231421212334434	[[1,2,3,5],[4,6,11,13],[7,8,12,14],[9,10,15,16]]	[[1,4,7,9],[2,6,8,10],[3,11,12,15],[5,13,14,16]]
555	1112123344232434	1231421212334344	[[1,2,3,5],[4,6,11,13],[7,8,12,15],[9,10,14,16]]	[[1,4,7,9],[2,6,8,10],[3,11,12,14],[5,13,15,16]]
556	1112123344234234	1231421212333444	[[1,2,3,5],[4,6,11,14],[7,8,12,15],[9,10,13,16]]	[[1,4,7,9],[2,6,8,10],[3,11,12,13],[5,14,15,16]]
557	1112123422333444	1231421134234234	[[1,2,3,5],[4,6,9,10],[7,11,12,13],[8,14,15,16]]	[[1,4,7,8],[2,6,11,14],[3,9,12,15],[5,10,13,16]]
558	1112123422334344	1231421134232434	[[1,2,3,5],[4,6,9,10],[7,11,12,14],[8,13,15,16]]	[[1,4,7,8],[2,6,11,13],[3,9,12,15],[5,10,14,16]]
559	1112123422334434	1231421134232344	[[1,2,3,5],[4,6,9,10],[7,11,12,15],[8,13,14,16]]	[[1,4,7,8],[2,6,11,13],[3,9,12,14],[5,10,15,16]]
560	1112123422343344	1231421134223434	[[1,2,3,5],[4,6,9,10],[7,11,13,14],[8,12,15,16]]	[[1,4,7,8],[2,6,11,12],[3,9,13,15],[5,10,14,16]]
561	1112123422343434	1231421134223344	[[1,2,3,5],[4,6,9,10],[7,11,13,15],[8,12,14,16]]	[[1,4,7,8],[2,6,11,12],[3,9,13,14],[5,10,15,16]]
562	1112123423233444	1231421132434234	[[1,2,3,5],[4,6,9,11],[7,10,12,13],[8,14,15,16]]	[[1,4,7,8],[2,6,10,14],[3,9,12,15],[5,11,13,16]]
563	1112123423234344	1231421132432434	[[1,2,3,5],[4,6,9,11],[7,10,12,14],[8,13,15,16]]	[[1,4,7,8],[2,6,10,13],[3,9,12,15],[5,11,14,16]]
564	1112123423234434	1231421132432344	[[1,2,3,5],[4,6,9,11],[7,10,12,15],[8,13,14,16]]	[[1,4,7,8],[2,6,10,13],[3,9,12,14],[5,11,15,16]]
565	1112123423243344	1231421132423434	[[1,2,3,5],[4,6,9,11],[7,10,13,14],[8,12,15,16]]	[[1,4,7,8],[2,6,10,12],[3,9,13,15],[5,11,14,16]]
566	1112123423243434	1231421132423344	[[1,2,3,5],[4,6,9,11],[7,10,13,15],[8,12,14,16]]	[[1,4,7,8],[2,6,10,12],[3,9,13,14],[5,11,15,16]]
567	1112123423323444	1231421132344234	[[1,2,3,5],[4,6,9,12],[7,10,11,13],[8,14,15,16]]	[[1,4,7,8],[2,6,10,14],[3,9,11,15],[5,12,13,16]]
568	1112123423324344	1231421132342434	[[1,2,3,5],[4,6,9,12],[7,10,11,14],[8,13,15,16]]	[[1,4,7,8],[2,6,10,13],[3,9,11,15],[5,12,14,16]]
569	1112123423324434	1231421132342344	[[1,2,3,5],[4,6,9,12],[7,10,11,15],[8,13,14,16]]	[[1,4,7,8],[2,6,10,13],[3,9,11,14],[5,12,15,16]]
570	1112123423342344	1231421132324434	[[1,2,3,5],[4,6,9,13],[7,10,11,14],[8,12,15,16]]	[[1,4,7,8],[2,6,10,12],[3,9,11,15],[5,13,14,16]]
571	1112123423342434	1231421132324344	[[1,2,3,5],[4,6,9,13],[7,10,11,15],[8,12,14,16]]	[[1,4,7,8],[2,6,10,12],[3,9,11,14],[5,13,15,16]]
572	1112123423344234	1231421132323444	[[1,2,3,5],[4,6,9,14],[7,10,11,15],[8,12,13,16]]	[[1,4,7,8],[2,6,10,12],[3,9,11,13],[5,14,15,16]]
573	1112123423423344	1231421132243434	[[1,2,3,5],[4,6,9,12],[7,10,13,14],[8,11,15,16]]	[[1,4,7,8],[2,6,10,11],[3,9,13,15],[5,12,14,16]]
574	1112123423423434	1231421132243344	[[1,2,3,5],[4,6,9,12],[7,10,13,15],[8,11,14,16]]	[[1,4,7,8],[2,6,10,11],[3,9,13,14],[5,12,15,16]]
575	1112123423432344	1231421132234434	[[1,2,3,5],[4,6,9,13],[7,10,12,14],[8,11,15,16]]	[[1,4,7,8],[2,6,10,11],[3,9,12,15],[5,13,14,16]]
576	1112123423432434	1231421132234344	[[1,2,3,5],[4,6,9,13],[7,10,12,15],[8,11,14,16]]	[[1,4,7,8],[2,6,10,11],[3,9,12,14],[5,13,15,16]]
577	1112123423434234	1231421132233444	[[1,2,3,5],[4,6,9,14],[7,10,12,15],[8,11,13,16]]	[[1,4,7,8],[2,6,10,11],[3,9,12,13],[5,14,15,16]]
578	1112123432324344	1231421123342434	[[1,2,3,5],[4,6,10,12],[7,9,11,14],[8,13,15,16]]	[[1,4,7,8],[2,6,9,13],[3,10,11,15],[5,12,14,16]]
579	1112123432324434	1231421123342344	[[1,2,3,5],[4,6,10,12],[7,9,11,15],[8,13,14,16]]	[[1,4,7,8],[2,6,9,13],[3,10,11,14],[5,12,15,16]]
580	1112123432342344	1231421123324434	[[1,2,3,5],[4,6,10,13],[7,9,11,14],[8,12,15,16]]	[[1,4,7,8],[2,6,9,12],[3,10,11,15],[5,13,14,16]]
581	1112123432342434	1231421123324344	[[1,2,3,5],[4,6,10,13],[7,9,11,15],[8,12,14,16]]	[[1,4,7,8],[2,6,9,12],[3,10,11,14],[5,13,15,16]]
582	1112123432344234	1231421123323444	[[1,2,3,5],[4,6,10,14],[7,9,11,15],[8,12,13,16]]	[[1,4,7,8],[2,6,9,12],[3,10,11,13],[5,14,15,16]]
583	1112123432432344	1231421123234434	[[1,2,3,5],[4,6,10,13],[7,9,12,14],[8,11,15,16]]	[[1,4,7,8],[2,6,9,11],[3,10,12,15],[5,13,14,16]]
584	1112123432432434	1231421123234344	[[1,2,3,5],[4,6,10,13],[7,9,12,15],[8,11,14,16]]	[[1,4,7,8],[2,6,9,11],[3,10,12,14],[5,13,15,16]]
585	1112123432434234	1231421123233444	[[1,2,3,5],[4,6,10,14],[7,9,12,15],[8,11,13,16]]	[[1,4,7,8],[2,6,9,11],[3,10,12,13],[5,14,15,16]]
586	1112123434223344	1231421122343434	[[1,2,3,5],[4,6,11,12],[7,9,13,14],[8,10,15,16]]	[[1,4,7,8],[2,6,9,10],[3,11,13,15],[5,12,14,16]]
587	1112123434223434	1231421122343344	[[1,2,3,5],[4,6,11,12],[7,9,13,15],[8,10,14,16]]	[[1,4,7,8],[2,6,9,10],[3,11,13,14],[5,12,15,16]]
588	1112123434232344	1231421122334434	[[1,2,3,5],[4,6,11,13],[7,9,12,14],[8,10,15,16]]	[[1,4,7,8],[2,6,9,10],[3,11,12,15],[5,13,14,16]]
589	1112123434232434	1231421122334344	[[1,2,3,5],[4,6,11,13],[7,9,12,15],[8,10,14,16]]	[[1,4,7,8],[2,6,9,10],[3,11,12,14],[5,13,15,16]]
590	1112123434234234	1231421122333444	[[1,2,3,5],[4,6,11,14],[7,9,12,15],[8,10,13,16]]	[[1,4,7,8],[2,6,9,10],[3,11,12,13],[5,14,15,16]]
591	1112132232433444	1231412324134234	[[1,2,3,5],[4,7,8,10],[6,9,12,13],[11,14,15,16]]	[[1,4,6,11],[2,7,9,14],[3,8,12,15],[5,10,13,16]]
592	1112132232434344	1231412324132434	[[1,2,3,5],[4,7,8,10],[6,9,12,14],[11,13,15,16]]	[[1,4,6,11],[2,7,9,13],[3,8,12,15],[5,10,14,16]]
593	1112132232434434	1231412324132344	[[1,2,3,5],[4,7,8,10],[6,9,12,15],[11,13,14,16]]	[[1,4,6,11],[2,7,9,13],[3,8,12,14],[5,10,15,16]]
594	1112132233243444	1231412323414234	[[1,2,3,5],[4,7,8,11],[6,9,10,13],[12,14,15,16]]	[[1,4,6,12],[2,7,9,14],[3,8,10,15],[5,11,13,16]]
595	1112132233423444	1231412323144234	[[1,2,3,5],[4,7,8,12],[6,9,10,13],[11,14,15,16]]	[[1,4,6,11],[2,7,9,14],[3,8,10,15],[5,12,13,16]]
596	1112132233424344	1231412323142434	[[1,2,3,5],[4,7,8,12],[6,9,10,14],[11,13,15,16]]	[[1,4,6,11],[2,7,9,13],[3,8,10,15],[5,12,14,16]]
597	1112132233424434	1231412323142344	[[1,2,3,5],[4,7,8,12],[6,9,10,15],[11,13,14,16]]	[[1,4,6,11],[2,7,9,13],[3,8,10,14],[5,12,15,16]]
598	1112132233442344	1231412323124434	[[1,2,3,5],[4,7,8,13],[6,9,10,14],[11,12,15,16]]	[[1,4,6,11],[2,7,9,12],[3,8,10,15],[5,13,14,16]]
599	1112132233442434	1231412323124344	[[1,2,3,5],[4,7,8,13],[6,9,10,15],[11,12,14,16]]	[[1,4,6,11],[2,7,9,12],[3,8,10,14],[5,13,15,16]]
600	1112132234233444	1231412321434234	[[1,2,3,5],[4,7,8,11],[6,9,12,13],[10,14,15,16]]	[[1,4,6,10],[2,7,9,14],[3,8,12,15],[5,11,13,16]]
601	1112132234234344	1231412321432434	[[1,2,3,5],[4,7,8,11],[6,9,12,14],[10,13,15,16]]	[[1,4,6,10],[2,7,9,13],[3,8,12,15],[5,11,14,16]]
602	1112132234234434	1231412321432344	[[1,2,3,5],[4,7,8,11],[6,9,12,15],[10,13,14,16]]	[[1,4,6,10],[2,7,9,13],[3,8,12,14],[5,11,15,16]]
603	1112132234243344	1231412321423434	[[1,2,3,5],[4,7,8,11],[6,9,13,14],[10,12,15,16]]	[[1,4,6,10],[2,7,9,12],[3,8,13,15],[5,11,14,16]]
604	1112132234243434	1231412321423344	[[1,2,3,5],[4,7,8,11],[6,9,13,15],[10,12,14,16]]	[[1,4,6,10],[2,7,9,12],[3,8,13,14],[5,11,15,16]]
605	1112132234323444	1231412321344234	[[1,2,3,5],[4,7,8,12],[6,9,11,13],[10,14,15,16]]	[[1,4,6,10],[2,7,9,14],[3,8,11,15],[5,12,13,16]]
606	1112132234324344	1231412321342434	[[1,2,3,5],[4,7,8,12],[6,9,11,14],[10,13,15,16]]	[[1,4,6,10],[2,7,9,13],[3,8,11,15],[5,12,14,16]]
607	1112132234324434	1231412321342344	[[1,2,3,5],[4,7,8,12],[6,9,11,15],[10,13,14,16]]	[[1,4,6,10],[2,7,9,13],[3,8,11,14],[5,12,15,16]]
608	1112132234342344	1231412321324434	[[1,2,3,5],[4,7,8,13],[6,9,11,14],[10,12,15,16]]	[[1,4,6,10],[2,7,9,12],[3,8,11,15],[5,13,14,16]]
609	1112132234342434	1231412321324344	[[1,2,3,5],[4,7,8,13],[6,9,11,15],[10,12,14,16]]	[[1,4,6,10],[2,7,9,12],[3,8,11,14],[5,13,15,16]]
610	1112132234344234	1231412321323444	[[1,2,3,5],[4,7,8,14],[6,9,11,15],[10,12,13,16]]	[[1,4,6,10],[2,7,9,12],[3,8,11,13],[5,14,15,16]]
611	1112132234423344	1231412321243434	[[1,2,3,5],[4,7,8,12],[6,9,13,14],[10,11,15,16]]	[[1,4,6,10],[2,7,9,11],[3,8,13,15],[5,12,14,16]]
612	1112132234423434	1231412321243344	[[1,2,3,5],[4,7,8,12],[6,9,13,15],[10,11,14,16]]	[[1,4,6,10],[2,7,9,11],[3,8,13,14],[5,12,15,16]]
613	1112132243233444	1231412312434234	[[1,2,3,5],[4,7,8,11],[6,10,12,13],[9,14,15,16]]	[[1,4,6,9],[2,7,10,14],[3,8,12,15],[5,11,13,16]]
614	1112132243234344	1231412312432434	[[1,2,3,5],[4,7,8,11],[6,10,12,14],[9,13,15,16]]	[[1,4,6,9],[2,7,10,13],[3,8,12,15],[5,11,14,16]]
615	1112132243234434	1231412312432344	[[1,2,3,5],[4,7,8,11],[6,10,12,15],[9,13,14,16]]	[[1,4,6,9],[2,7,10,13],[3,8,12,14],[5,11,15,16]]
616	1112132243243344	1231412312423434	[[1,2,3,5],[4,7,8,11],[6,10,13,14],[9,12,15,16]]	[[1,4,6,9],[2,7,10,12],[3,8,13,15],[5,11,14,16]]
617	1112132243243434	1231412312423344	[[1,2,3,5],[4,7,8,11],[6,10,13,15],[9,12,14,16]]	[[1,4,6,9],[2,7,10,12],[3,8,13,14],[5,11,15,16]]
618	1112132243344234	1231412312323444	[[1,2,3,5],[4,7,8,14],[6,10,11,15],[9,12,13,16]]	[[1,4,6,9],[2,7,10,12],[3,8,11,13],[5,14,15,16]]
619	1112132243423344	1231412312243434	[[1,2,3,5],[4,7,8,12],[6,10,13,14],[9,11,15,16]]	[[1,4,6,9],[2,7,10,11],[3,8,13,15],[5,12,14,16]]
620	1112132243423434	1231412312243344	[[1,2,3,5],[4,7,8,12],[6,10,13,15],[9,11,14,16]]	[[1,4,6,9],[2,7,10,11],[3,8,13,14],[5,12,15,16]]
621	1112132243432344	1231412312234434	[[1,2,3,5],[4,7,8,13],[6,10,12,14],[9,11,15,16]]	[[1,4,6,9],[2,7,10,11],[3,8,12,15],[5,13,14,16]]
622	1112132243432434	1231412312234344	[[1,2,3,5],[4,7,8,13],[6,10,12,15],[9,11,14,16]]	[[1,4,6,9],[2,7,10,11],[3,8,12,14],[5,13,15,16]]
623	1112132243434234	1231412312233444	[[1,2,3,5],[4,7,8,14],[6,10,12,15],[9,11,13,16]]	[[1,4,6,9],[2,7,10,11],[3,8,12,13],[5,14,15,16]]
624	1112132322343444	1231412234314234	[[1,2,3,5],[4,7,9,10],[6,8,11,13],[12,14,15,16]]	[[1,4,6,12],[2,7,8,14],[3,9,11,15],[5,10,13,16]]
625	1112132322433444	1231412234134234	[[1,2,3,5],[4,7,9,10],[6,8,12,13],[11,14,15,16]]	[[1,4,6,11],[2,7,8,14],[3,9,12,15],[5,10,13,16]]
626	1112132322434344	1231412234132434	[[1,2,3,5],[4,7,9,10],[6,8,12,14],[11,13,15,16]]	[[1,4,6,11],[2,7,8,13],[3,9,12,15],[5,10,14,16]]
627	1112132322434434	1231412234132344	[[1,2,3,5],[4,7,9,10],[6,8,12,15],[11,13,14,16]]	[[1,4,6,11],[2,7,8,13],[3,9,12,14],[5,10,15,16]]
628	1112132323243444	1231412233414234	[[1,2,3,5],[4,7,9,11],[6,8,10,13],[12,14,15,16]]	[[1,4,6,12],[2,7,8,14],[3,9,10,15],[5,11,13,16]]
629	1112132323423444	1231412233144234	[[1,2,3,5],[4,7,9,12],[6,8,10,13],[11,14,15,16]]	[[1,4,6,11],[2,7,8,14],[3,9,10,15],[5,12,13,16]]
630	1112132323424344	1231412233142434	[[1,2,3,5],[4,7,9,12],[6,8,10,14],[11,13,15,16]]	[[1,4,6,11],[2,7,8,13],[3,9,10,15],[5,12,14,16]]
631	1112132323424434	1231412233142344	[[1,2,3,5],[4,7,9,12],[6,8,10,15],[11,13,14,16]]	[[1,4,6,11],[2,7,8,13],[3,9,10,14],[5,12,15,16]]
632	1112132323442344	1231412233124434	[[1,2,3,5],[4,7,9,13],[6,8,10,14],[11,12,15,16]]	[[1,4,6,11],[2,7,8,12],[3,9,10,15],[5,13,14,16]]
633	1112132323442434	1231412233124344	[[1,2,3,5],[4,7,9,13],[6,8,10,15],[11,12,14,16]]	[[1,4,6,11],[2,7,8,12],[3,9,10,14],[5,13,15,16]]
634	1112132324233444	1231412231434234	[[1,2,3,5],[4,7,9,11],[6,8,12,13],[10,14,15,16]]	[[1,4,6,10],[2,7,8,14],[3,9,12,15],[5,11,13,16]]
635	1112132324234344	1231412231432434	[[1,2,3,5],[4,7,9,11],[6,8,12,14],[10,13,15,16]]	[[1,4,6,10],[2,7,8,13],[3,9,12,15],[5,11,14,16]]
636	1112132324234434	1231412231432344	[[1,2,3,5],[4,7,9,11],[6,8,12,15],[10,13,14,16]]	[[1,4,6,10],[2,7,8,13],[3,9,12,14],[5,11,15,16]]
637	1112132324243344	1231412231423434	[[1,2,3,5],[4,7,9,11],[6,8,13,14],[10,12,15,16]]	[[1,4,6,10],[2,7,8,12],[3,9,13,15],[5,11,14,16]]
638	1112132324243434	1231412231423344	[[1,2,3,5],[4,7,9,11],[6,8,13,15],[10,12,14,16]]	[[1,4,6,10],[2,7,8,12],[3,9,13,14],[5,11,15,16]]
639	1112132324323444	1231412231344234	[[1,2,3,5],[4,7,9,12],[6,8,11,13],[10,14,15,16]]	[[1,4,6,10],[2,7,8,14],[3,9,11,15],[5,12,13,16]]
640	1112132324324344	1231412231342434	[[1,2,3,5],[4,7,9,12],[6,8,11,14],[10,13,15,16]]	[[1,4,6,10],[2,7,8,13],[3,9,11,15],[5,12,14,16]]
641	1112132324324434	1231412231342344	[[1,2,3,5],[4,7,9,12],[6,8,11,15],[10,13,14,16]]	[[1,4,6,10],[2,7,8,13],[3,9,11,14],[5,12,15,16]]
642	1112132324342344	1231412231324434	[[1,2,3,5],[4,7,9,13],[6,8,11,14],[10,12,15,16]]	[[1,4,6,10],[2,7,8,12],[3,9,11,15],[5,13,14,16]]
643	1112132324342434	1231412231324344	[[1,2,3,5],[4,7,9,13],[6,8,11,15],[10,12,14,16]]	[[1,4,6,10],[2,7,8,12],[3,9,11,14],[5,13,15,16]]
644	1112132324344234	1231412231323444	[[1,2,3,5],[4,7,9,14],[6,8,11,15],[10,12,13,16]]	[[1,4,6,10],[2,7,8,12],[3,9,11,13],[5,14,15,16]]
645	1112132324423344	1231412231243434	[[1,2,3,5],[4,7,9,12],[6,8,13,14],[10,11,15,16]]	[[1,4,6,10],[2,7,8,11],[3,9,13,15],[5,12,14,16]]
646	1112132324423434	1231412231243344	[[1,2,3,5],[4,7,9,12],[6,8,13,15],[10,11,14,16]]	[[1,4,6,10],[2,7,8,11],[3,9,13,14],[5,12,15,16]]
647	1112132342233444	1231412213434234	[[1,2,3,5],[4,7,10,11],[6,8,12,13],[9,14,15,16]]	[[1,4,6,9],[2,7,8,14],[3,10,12,15],[5,11,13,16]]
648	1112132342234344	1231412213432434	[[1,2,3,5],[4,7,10,11],[6,8,12,14],[9,13,15,16]]	[[1,4,6,9],[2,7,8,13],[3,10,12,15],[5,11,14,16]]
649	1112132342234434	1231412213432344	[[1,2,3,5],[4,7,10,11],[6,8,12,15],[9,13,14,16]]	[[1,4,6,9],[2,7,8,13],[3,10,12,14],[5,11,15,16]]
650	1112132342243344	1231412213423434	[[1,2,3,5],[4,7,10,11],[6,8,13,14],[9,12,15,16]]	[[1,4,6,9],[2,7,8,12],[3,10,13,15],[5,11,14,16]]
651	1112132342243434	1231412213423344	[[1,2,3,5],[4,7,10,11],[6,8,13,15],[9,12,14,16]]	[[1,4,6,9],[2,7,8,12],[3,10,13,14],[5,11,15,16]]
652	1112132342323444	1231412213344234	[[1,2,3,5],[4,7,10,12],[6,8,11,13],[9,14,15,16]]	[[1,4,6,9],[2,7,8,14],[3,10,11,15],[5,12,13,16]]
653	1112132342324344	1231412213342434	[[1,2,3,5],[4,7,10,12],[6,8,11,14],[9,13,15,16]]	[[1,4,6,9],[2,7,8,13],[3,10,11,15],[5,12,14,16]]
654	1112132342324434	1231412213342344	[[1,2,3,5],[4,7,10,12],[6,8,11,15],[9,13,14,16]]	[[1,4,6,9],[2,7,8,13],[3,10,11,14],[5,12,15,16]]
655	1112132342342344	1231412213324434	[[1,2,3,5],[4,7,10,13],[6,8,11,14],[9,12,15,16]]	[[1,4,6,9],[2,7,8,12],[3,10,11,15],[5,13,14,16]]
656	1112132342342434	1231412213324344	[[1,2,3,5],[4,7,10,13],[6,8,11,15],[9,12,14,16]]	[[1,4,6,9],[2,7,8,12],[3,10,11,14],[5,13,15,16]]
657	1112132342344234	1231412213323444	[[1,2,3,5],[4,7,10,14],[6,8,11,15],[9,12,13,16]]	[[1,4,6,9],[2,7,8,12],[3,10,11,13],[5,14,15,16]]
658	1112132342423344	1231412213243434	[[1,2,3,5],[4,7,10,12],[6,8,13,14],[9,11,15,16]]	[[1,4,6,9],[2,7,8,11],[3,10,13,15],[5,12,14,16]]
659	1112132342423434	1231412213243344	[[1,2,3,5],[4,7,10,12],[6,8,13,15],[9,11,14,16]]	[[1,4,6,9],[2,7,8,11],[3,10,13,14],[5,12,15,16]]
660	1112132342432344	1231412213234434	[[1,2,3,5],[4,7,10,13],[6,8,12,14],[9,11,15,16]]	[[1,4,6,9],[2,7,8,11],[3,10,12,15],[5,13,14,16]]
661	1112132342432434	1231412213234344	[[1,2,3,5],[4,7,10,13],[6,8,12,15],[9,11,14,16]]	[[1,4,6,9],[2,7,8,11],[3,10,12,14],[5,13,15,16]]
662	1112132342434234	1231412213233444	[[1,2,3,5],[4,7,10,14],[6,8,12,15],[9,11,13,16]]	[[1,4,6,9],[2,7,8,11],[3,10,12,13],[5,14,15,16]]
663	1112132344232434	1231412212334344	[[1,2,3,5],[4,7,11,13],[6,8,12,15],[9,10,14,16]]	[[1,4,6,9],[2,7,8,10],[3,11,12,14],[5,13,15,16]]
664	1112132344234234	1231412212333444	[[1,2,3,5],[4,7,11,14],[6,8,12,15],[9,10,13,16]]	[[1,4,6,9],[2,7,8,10],[3,11,12,13],[5,14,15,16]]
665	1112132422333444	1231412134234234	[[1,2,3,5],[4,7,9,10],[6,11,12,13],[8,14,15,16]]	[[1,4,6,8],[2,7,11,14],[3,9,12,15],[5,10,13,16]]
666	1112132422334344	1231412134232434	[[1,2,3,5],[4,7,9,10],[6,11,12,14],[8,13,15,16]]	[[1,4,6,8],[2,7,11,13],[3,9,12,15],[5,10,14,16]]
667	1112132422334434	1231412134232344	[[1,2,3,5],[4,7,9,10],[6,11,12,15],[8,13,14,16]]	[[1,4,6,8],[2,7,11,13],[3,9,12,14],[5,10,15,16]]
668	1112132422343344	1231412134223434	[[1,2,3,5],[4,7,9,10],[6,11,13,14],[8,12,15,16]]	[[1,4,6,8],[2,7,11,12],[3,9,13,15],[5,10,14,16]]
669	1112132422343434	1231412134223344	[[1,2,3,5],[4,7,9,10],[6,11,13,15],[8,12,14,16]]	[[1,4,6,8],[2,7,11,12],[3,9,13,14],[5,10,15,16]]
670	1112132423233444	1231412132434234	[[1,2,3,5],[4,7,9,11],[6,10,12,13],[8,14,15,16]]	[[1,4,6,8],[2,7,10,14],[3,9,12,15],[5,11,13,16]]
671	1112132423234344	1231412132432434	[[1,2,3,5],[4,7,9,11],[6,10,12,14],[8,13,15,16]]	[[1,4,6,8],[2,7,10,13],[3,9,12,15],[5,11,14,16]]
672	1112132423234434	1231412132432344	[[1,2,3,5],[4,7,9,11],[6,10,12,15],[8,13,14,16]]	[[1,4,6,8],[2,7,10,13],[3,9,12,14],[5,11,15,16]]
673	1112132423243344	1231412132423434	[[1,2,3,5],[4,7,9,11],[6,10,13,14],[8,12,15,16]]	[[1,4,6,8],[2,7,10,12],[3,9,13,15],[5,11,14,16]]
674	1112132423243434	1231412132423344	[[1,2,3,5],[4,7,9,11],[6,10,13,15],[8,12,14,16]]	[[1,4,6,8],[2,7,10,12],[3,9,13,14],[5,11,15,16]]
675	1112132423323444	1231412132344234	[[1,2,3,5],[4,7,9,12],[6,10,11,13],[8,14,15,16]]	[[1,4,6,8],[2,7,10,14],[3,9,11,15],[5,12,13,16]]
676	1112132423324344	1231412132342434	[[1,2,3,5],[4,7,9,12],[6,10,11,14],[8,13,15,16]]	[[1,4,6,8],[2,7,10,13],[3,9,11,15],[5,12,14,16]]
677	1112132423324434	1231412132342344	[[1,2,3,5],[4,7,9,12],[6,10,11,15],[8,13,14,16]]	[[1,4,6,8],[2,7,10,13],[3,9,11,14],[5,12,15,16]]
678	1112132423342344	1231412132324434	[[1,2,3,5],[4,7,9,13],[6,10,11,14],[8,12,15,16]]	[[1,4,6,8],[2,7,10,12],[3,9,11,15],[5,13,14,16]]
679	1112132423342434	1231412132324344	[[1,2,3,5],[4,7,9,13],[6,10,11,15],[8,12,14,16]]	[[1,4,6,8],[2,7,10,12],[3,9,11,14],[5,13,15,16]]
680	1112132423344234	1231412132323444	[[1,2,3,5],[4,7,9,14],[6,10,11,15],[8,12,13,16]]	[[1,4,6,8],[2,7,10,12],[3,9,11,13],[5,14,15,16]]
681	1112132423423344	1231412132243434	[[1,2,3,5],[4,7,9,12],[6,10,13,14],[8,11,15,16]]	[[1,4,6,8],[2,7,10,11],[3,9,13,15],[5,12,14,16]]
682	1112132423423434	1231412132243344	[[1,2,3,5],[4,7,9,12],[6,10,13,15],[8,11,14,16]]	[[1,4,6,8],[2,7,10,11],[3,9,13,14],[5,12,15,16]]
683	1112132423432344	1231412132234434	[[1,2,3,5],[4,7,9,13],[6,10,12,14],[8,11,15,16]]	[[1,4,6,8],[2,7,10,11],[3,9,12,15],[5,13,14,16]]
684	1112132423432434	1231412132234344	[[1,2,3,5],[4,7,9,13],[6,10,12,15],[8,11,14,16]]	[[1,4,6,8],[2,7,10,11],[3,9,12,14],[5,13,15,16]]
685	1112132423434234	1231412132233444	[[1,2,3,5],[4,7,9,14],[6,10,12,15],[8,11,13,16]]	[[1,4,6,8],[2,7,10,11],[3,9,12,13],[5,14,15,16]]
686	1112132432342344	1231412123324434	[[1,2,3,5],[4,7,10,13],[6,9,11,14],[8,12,15,16]]	[[1,4,6,8],[2,7,9,12],[3,10,11,15],[5,13,14,16]]
687	1112132432342434	1231412123324344	[[1,2,3,5],[4,7,10,13],[6,9,11,15],[8,12,14,16]]	[[1,4,6,8],[2,7,9,12],[3,10,11,14],[5,13,15,16]]
688	1112132432344234	1231412123323444	[[1,2,3,5],[4,7,10,14],[6,9,11,15],[8,12,13,16]]	[[1,4,6,8],[2,7,9,12],[3,10,11,13],[5,14,15,16]]
689	1112132432432344	1231412123234434	[[1,2,3,5],[4,7,10,13],[6,9,12,14],[8,11,15,16]]	[[1,4,6,8],[2,7,9,11],[3,10,12,15],[5,13,14,16]]
690	1112132432432434	1231412123234344	[[1,2,3,5],[4,7,10,13],[6,9,12,15],[8,11,14,16]]	[[1,4,6,8],[2,7,9,11],[3,10,12,14],[5,13,15,16]]
691	1112132432434234	1231412123233444	[[1,2,3,5],[4,7,10,14],[6,9,12,15],[8,11,13,16]]	[[1,4,6,8],[2,7,9,11],[3,10,12,13],[5,14,15,16]]
692	1112132434223344	1231412122343434	[[1,2,3,5],[4,7,11,12],[6,9,13,14],[8,10,15,16]]	[[1,4,6,8],[2,7,9,10],[3,11,13,15],[5,12,14,16]]
693	1112132434223434	1231412122343344	[[1,2,3,5],[4,7,11,12],[6,9,13,15],[8,10,14,16]]	[[1,4,6,8],[2,7,9,10],[3,11,13,14],[5,12,15,16]]
694	1112132434232344	1231412122334434	[[1,2,3,5],[4,7,11,13],[6,9,12,14],[8,10,15,16]]	[[1,4,6,8],[2,7,9,10],[3,11,12,15],[5,13,14,16]]
695	1112132434232434	1231412122334344	[[1,2,3,5],[4,7,11,13],[6,9,12,15],[8,10,14,16]]	[[1,4,6,8],[2,7,9,10],[3,11,12,14],[5,13,15,16]]
696	1112132434234234	1231412122333444	[[1,2,3,5],[4,7,11,14],[6,9,12,15],[8,10,13,16]]	[[1,4,6,8],[2,7,9,10],[3,11,12,13],[5,14,15,16]]
697	1112134223323444	1231411232344234	[[1,2,3,5],[4,8,9,12],[6,10,11,13],[7,14,15,16]]	[[1,4,6,7],[2,8,10,14],[3,9,11,15],[5,12,13,16]]
698	1112134223324344	1231411232342434	[[1,2,3,5],[4,8,9,12],[6,10,11,14],[7,13,15,16]]	[[1,4,6,7],[2,8,10,13],[3,9,11,15],[5,12,14,16]]
699	1112134223324434	1231411232342344	[[1,2,3,5],[4,8,9,12],[6,10,11,15],[7,13,14,16]]	[[1,4,6,7],[2,8,10,13],[3,9,11,14],[5,12,15,16]]
700	1112134223342344	1231411232324434	[[1,2,3,5],[4,8,9,13],[6,10,11,14],[7,12,15,16]]	[[1,4,6,7],[2,8,10,12],[3,9,11,15],[5,13,14,16]]
701	1112134223342434	1231411232324344	[[1,2,3,5],[4,8,9,13],[6,10,11,15],[7,12,14,16]]	[[1,4,6,7],[2,8,10,12],[3,9,11,14],[5,13,15,16]]
702	1112134223344234	1231411232323444	[[1,2,3,5],[4,8,9,14],[6,10,11,15],[7,12,13,16]]	[[1,4,6,7],[2,8,10,12],[3,9,11,13],[5,14,15,16]]
703	1112134223423344	1231411232243434	[[1,2,3,5],[4,8,9,12],[6,10,13,14],[7,11,15,16]]	[[1,4,6,7],[2,8,10,11],[3,9,13,15],[5,12,14,16]]
704	1112134223423434	1231411232243344	[[1,2,3,5],[4,8,9,12],[6,10,13,15],[7,11,14,16]]	[[1,4,6,7],[2,8,10,11],[3,9,13,14],[5,12,15,16]]
705	1112134223432344	1231411232234434	[[1,2,3,5],[4,8,9,13],[6,10,12,14],[7,11,15,16]]	[[1,4,6,7],[2,8,10,11],[3,9,12,15],[5,13,14,16]]
706	1112134223432434	1231411232234344	[[1,2,3,5],[4,8,9,13],[6,10,12,15],[7,11,14,16]]	[[1,4,6,7],[2,8,10,11],[3,9,12,14],[5,13,15,16]]
707	1112134223434234	1231411232233444	[[1,2,3,5],[4,8,9,14],[6,10,12,15],[7,11,13,16]]	[[1,4,6,7],[2,8,10,11],[3,9,12,13],[5,14,15,16]]
708	1112134232233444	1231411223434234	[[1,2,3,5],[4,8,10,11],[6,9,12,13],[7,14,15,16]]	[[1,4,6,7],[2,8,9,14],[3,10,12,15],[5,11,13,16]]
709	1112134232234344	1231411223432434	[[1,2,3,5],[4,8,10,11],[6,9,12,14],[7,13,15,16]]	[[1,4,6,7],[2,8,9,13],[3,10,12,15],[5,11,14,16]]
710	1112134232234434	1231411223432344	[[1,2,3,5],[4,8,10,11],[6,9,12,15],[7,13,14,16]]	[[1,4,6,7],[2,8,9,13],[3,10,12,14],[5,11,15,16]]
711	1112134232243344	1231411223423434	[[1,2,3,5],[4,8,10,11],[6,9,13,14],[7,12,15,16]]	[[1,4,6,7],[2,8,9,12],[3,10,13,15],[5,11,14,16]]
712	1112134232243434	1231411223423344	[[1,2,3,5],[4,8,10,11],[6,9,13,15],[7,12,14,16]]	[[1,4,6,7],[2,8,9,12],[3,10,13,14],[5,11,15,16]]
713	1112134232323444	1231411223344234	[[1,2,3,5],[4,8,10,12],[6,9,11,13],[7,14,15,16]]	[[1,4,6,7],[2,8,9,14],[3,10,11,15],[5,12,13,16]]
714	1112134232324344	1231411223342434	[[1,2,3,5],[4,8,10,12],[6,9,11,14],[7,13,15,16]]	[[1,4,6,7],[2,8,9,13],[3,10,11,15],[5,12,14,16]]
715	1112134232324434	1231411223342344	[[1,2,3,5],[4,8,10,12],[6,9,11,15],[7,13,14,16]]	[[1,4,6,7],[2,8,9,13],[3,10,11,14],[5,12,15,16]]
716	1112134232342344	1231411223324434	[[1,2,3,5],[4,8,10,13],[6,9,11,14],[7,12,15,16]]	[[1,4,6,7],[2,8,9,12],[3,10,11,15],[5,13,14,16]]
717	1112134232342434	1231411223324344	[[1,2,3,5],[4,8,10,13],[6,9,11,15],[7,12,14,16]]	[[1,4,6,7],[2,8,9,12],[3,10,11,14],[5,13,15,16]]
718	1112134232344234	1231411223323444	[[1,2,3,5],[4,8,10,14],[6,9,11,15],[7,12,13,16]]	[[1,4,6,7],[2,8,9,12],[3,10,11,13],[5,14,15,16]]
719	1112134232423344	1231411223243434	[[1,2,3,5],[4,8,10,12],[6,9,13,14],[7,11,15,16]]	[[1,4,6,7],[2,8,9,11],[3,10,13,15],[5,12,14,16]]
720	1112134232423434	1231411223243344	[[1,2,3,5],[4,8,10,12],[6,9,13,15],[7,11,14,16]]	[[1,4,6,7],[2,8,9,11],[3,10,13,14],[5,12,15,16]]
721	1112134232432344	1231411223234434	[[1,2,3,5],[4,8,10,13],[6,9,12,14],[7,11,15,16]]	[[1,4,6,7],[2,8,9,11],[3,10,12,15],[5,13,14,16]]
722	1112134232432434	1231411223234344	[[1,2,3,5],[4,8,10,13],[6,9,12,15],[7,11,14,16]]	[[1,4,6,7],[2,8,9,11],[3,10,12,14],[5,13,15,16]]
723	1112134232434234	1231411223233444	[[1,2,3,5],[4,8,10,14],[6,9,12,15],[7,11,13,16]]	[[1,4,6,7],[2,8,9,11],[3,10,12,13],[5,14,15,16]]
724	1112134234223344	1231411222343434	[[1,2,3,5],[4,8,11,12],[6,9,13,14],[7,10,15,16]]	[[1,4,6,7],[2,8,9,10],[3,11,13,15],[5,12,14,16]]
725	1112134234223434	1231411222343344	[[1,2,3,5],[4,8,11,12],[6,9,13,15],[7,10,14,16]]	[[1,4,6,7],[2,8,9,10],[3,11,13,14],[5,12,15,16]]
726	1112134234232344	1231411222334434	[[1,2,3,5],[4,8,11,13],[6,9,12,14],[7,10,15,16]]	[[1,4,6,7],[2,8,9,10],[3,11,12,15],[5,13,14,16]]
727	1112134234232434	1231411222334344	[[1,2,3,5],[4,8,11,13],[6,9,12,15],[7,10,14,16]]	[[1,4,6,7],[2,8,9,10],[3,11,12,14],[5,13,15,16]]
728	1112134234234234	1231411222333444	[[1,2,3,5],[4,8,11,14],[6,9,12,15],[7,10,13,16]]	[[1,4,6,7],[2,8,9,10],[3,11,12,13],[5,14,15,16]]
729	1112212323343444	1231243142314234	[[1,2,3,6],[4,5,7,9],[8,10,11,13],[12,14,15,16]]	[[1,4,8,12],[2,5,10,14],[3,7,11,15],[6,9,13,16]]
730	1112212323433444	1231243142134234	[[1,2,3,6],[4,5,7,9],[8,10,12,13],[11,14,15,16]]	[[1,4,8,11],[2,5,10,14],[3,7,12,15],[6,9,13,16]]
731	1112212323434344	1231243142132434	[[1,2,3,6],[4,5,7,9],[8,10,12,14],[11,13,15,16]]	[[1,4,8,11],[2,5,10,13],[3,7,12,15],[6,9,14,16]]
732	1112212323434434	1231243142132344	[[1,2,3,6],[4,5,7,9],[8,10,12,15],[11,13,14,16]]	[[1,4,8,11],[2,5,10,13],[3,7,12,14],[6,9,15,16]]
733	1112212324334434	1231243141232344	[[1,2,3,6],[4,5,7,9],[8,11,12,15],[10,13,14,16]]	[[1,4,8,10],[2,5,11,13],[3,7,12,14],[6,9,15,16]]
734	1112212324343344	1231243141223434	[[1,2,3,6],[4,5,7,9],[8,11,13,14],[10,12,15,16]]	[[1,4,8,10],[2,5,11,12],[3,7,13,15],[6,9,14,16]]
735	1112212324343434	1231243141223344	[[1,2,3,6],[4,5,7,9],[8,11,13,15],[10,12,14,16]]	[[1,4,8,10],[2,5,11,12],[3,7,13,14],[6,9,15,16]]
736	1112212332343444	1231243124314234	[[1,2,3,6],[4,5,7,10],[8,9,11,13],[12,14,15,16]]	[[1,4,8,12],[2,5,9,14],[3,7,11,15],[6,10,13,16]]
737	1112212332433444	1231243124134234	[[1,2,3,6],[4,5,7,10],[8,9,12,13],[11,14,15,16]]	[[1,4,8,11],[2,5,9,14],[3,7,12,15],[6,10,13,16]]
738	1112212332434344	1231243124132434	[[1,2,3,6],[4,5,7,10],[8,9,12,14],[11,13,15,16]]	[[1,4,8,11],[2,5,9,13],[3,7,12,15],[6,10,14,16]]
739	1112212332434434	1231243124132344	[[1,2,3,6],[4,5,7,10],[8,9,12,15],[11,13,14,16]]	[[1,4,8,11],[2,5,9,13],[3,7,12,14],[6,10,15,16]]
740	1112212334233444	1231243121434234	[[1,2,3,6],[4,5,7,11],[8,9,12,13],[10,14,15,16]]	[[1,4,8,10],[2,5,9,14],[3,7,12,15],[6,11,13,16]]
741	1112212334234344	1231243121432434	[[1,2,3,6],[4,5,7,11],[8,9,12,14],[10,13,15,16]]	[[1,4,8,10],[2,5,9,13],[3,7,12,15],[6,11,14,16]]
742	1112212334234434	1231243121432344	[[1,2,3,6],[4,5,7,11],[8,9,12,15],[10,13,14,16]]	[[1,4,8,10],[2,5,9,13],[3,7,12,14],[6,11,15,16]]
743	1112212334243344	1231243121423434	[[1,2,3,6],[4,5,7,11],[8,9,13,14],[10,12,15,16]]	[[1,4,8,10],[2,5,9,12],[3,7,13,15],[6,11,14,16]]
744	1112212334243434	1231243121423344	[[1,2,3,6],[4,5,7,11],[8,9,13,15],[10,12,14,16]]	[[1,4,8,10],[2,5,9,12],[3,7,13,14],[6,11,15,16]]
745	1112212334323444	1231243121344234	[[1,2,3,6],[4,5,7,12],[8,9,11,13],[10,14,15,16]]	[[1,4,8,10],[2,5,9,14],[3,7,11,15],[6,12,13,16]]
746	1112212334324344	1231243121342434	[[1,2,3,6],[4,5,7,12],[8,9,11,14],[10,13,15,16]]	[[1,4,8,10],[2,5,9,13],[3,7,11,15],[6,12,14,16]]
747	1112212334324434	1231243121342344	[[1,2,3,6],[4,5,7,12],[8,9,11,15],[10,13,14,16]]	[[1,4,8,10],[2,5,9,13],[3,7,11,14],[6,12,15,16]]
748	1112212334342344	1231243121324434	[[1,2,3,6],[4,5,7,13],[8,9,11,14],[10,12,15,16]]	[[1,4,8,10],[2,5,9,12],[3,7,11,15],[6,13,14,16]]
749	1112212334342434	1231243121324344	[[1,2,3,6],[4,5,7,13],[8,9,11,15],[10,12,14,16]]	[[1,4,8,10],[2,5,9,12],[3,7,11,14],[6,13,15,16]]
750	1112212334344234	1231243121323444	[[1,2,3,6],[4,5,7,14],[8,9,11,15],[10,12,13,16]]	[[1,4,8,10],[2,5,9,12],[3,7,11,13],[6,14,15,16]]
751	1112212334423434	1231243121243344	[[1,2,3,6],[4,5,7,12],[8,9,13,15],[10,11,14,16]]	[[1,4,8,10],[2,5,9,11],[3,7,13,14],[6,12,15,16]]
752	1112212342333444	1231243114234234	[[1,2,3,6],[4,5,7,10],[8,11,12,13],[9,14,15,16]]	[[1,4,8,9],[2,5,11,14],[3,7,12,15],[6,10,13,16]]
753	1112212342334344	1231243114232434	[[1,2,3,6],[4,5,7,10],[8,11,12,14],[9,13,15,16]]	[[1,4,8,9],[2,5,11,13],[3,7,12,15],[6,10,14,16]]
754	1112212342334434	1231243114232344	[[1,2,3,6],[4,5,7,10],[8,11,12,15],[9,13,14,16]]	[[1,4,8,9],[2,5,11,13],[3,7,12,14],[6,10,15,16]]
755	1112212342343344	1231243114223434	[[1,2,3,6],[4,5,7,10],[8,11,13,14],[9,12,15,16]]	[[1,4,8,9],[2,5,11,12],[3,7,13,15],[6,10,14,16]]
756	1112212342343434	1231243114223344	[[1,2,3,6],[4,5,7,10],[8,11,13,15],[9,12,14,16]]	[[1,4,8,9],[2,5,11,12],[3,7,13,14],[6,10,15,16]]
757	1112212343234344	1231243112432434	[[1,2,3,6],[4,5,7,11],[8,10,12,14],[9,13,15,16]]	[[1,4,8,9],[2,5,10,13],[3,7,12,15],[6,11,14,16]]
758	1112212343234434	1231243112432344	[[1,2,3,6],[4,5,7,11],[8,10,12,15],[9,13,14,16]]	[[1,4,8,9],[2,5,10,13],[3,7,12,14],[6,11,15,16]]
759	1112212343243344	1231243112423434	[[1,2,3,6],[4,5,7,11],[8,10,13,14],[9,12,15,16]]	[[1,4,8,9],[2,5,10,12],[3,7,13,15],[6,11,14,16]]
760	1112212343243434	1231243112423344	[[1,2,3,6],[4,5,7,11],[8,10,13,15],[9,12,14,16]]	[[1,4,8,9],[2,5,10,12],[3,7,13,14],[6,11,15,16]]
761	1112212343344234	1231243112323444	[[1,2,3,6],[4,5,7,14],[8,10,11,15],[9,12,13,16]]	[[1,4,8,9],[2,5,10,12],[3,7,11,13],[6,14,15,16]]
762	1112212343423344	1231243112243434	[[1,2,3,6],[4,5,7,12],[8,10,13,14],[9,11,15,16]]	[[1,4,8,9],[2,5,10,11],[3,7,13,15],[6,12,14,16]]
763	1112212343423434	1231243112243344	[[1,2,3,6],[4,5,7,12],[8,10,13,15],[9,11,14,16]]	[[1,4,8,9],[2,5,10,11],[3,7,13,14],[6,12,15,16]]
764	1112212343432344	1231243112234434	[[1,2,3,6],[4,5,7,13],[8,10,12,14],[9,11,15,16]]	[[1,4,8,9],[2,5,10,11],[3,7,12,15],[6,13,14,16]]
765	1112212343432434	1231243112234344	[[1,2,3,6],[4,5,7,13],[8,10,12,15],[9,11,14,16]]	[[1,4,8,9],[2,5,10,11],[3,7,12,14],[6,13,15,16]]
766	1112212343434234	1231243112233444	[[1,2,3,6],[4,5,7,14],[8,10,12,15],[9,11,13,16]]	[[1,4,8,9],[2,5,10,11],[3,7,12,13],[6,14,15,16]]
767	1112213223343444	1231241342314234	[[1,2,3,6],[4,5,8,9],[7,10,11,13],[12,14,15,16]]	[[1,4,7,12],[2,5,10,14],[3,8,11,15],[6,9,13,16]]
768	1112213223433444	1231241342134234	[[1,2,3,6],[4,5,8,9],[7,10,12,13],[11,14,15,16]]	[[1,4,7,11],[2,5,10,14],[3,8,12,15],[6,9,13,16]]
769	1112213223434344	1231241342132434	[[1,2,3,6],[4,5,8,9],[7,10,12,14],[11,13,15,16]]	[[1,4,7,11],[2,5,10,13],[3,8,12,15],[6,9,14,16]]
770	1112213223434434	1231241342132344	[[1,2,3,6],[4,5,8,9],[7,10,12,15],[11,13,14,16]]	[[1,4,7,11],[2,5,10,13],[3,8,12,14],[6,9,15,16]]
771	1112213224343344	1231241341223434	[[1,2,3,6],[4,5,8,9],[7,11,13,14],[10,12,15,16]]	[[1,4,7,10],[2,5,11,12],[3,8,13,15],[6,9,14,16]]
772	1112213224343434	1231241341223344	[[1,2,3,6],[4,5,8,9],[7,11,13,15],[10,12,14,16]]	[[1,4,7,10],[2,5,11,12],[3,8,13,14],[6,9,15,16]]
773	1112213232343444	1231241324314234	[[1,2,3,6],[4,5,8,10],[7,9,11,13],[12,14,15,16]]	[[1,4,7,12],[2,5,9,14],[3,8,11,15],[6,10,13,16]]
774	1112213232433444	1231241324134234	[[1,2,3,6],[4,5,8,10],[7,9,12,13],[11,14,15,16]]	[[1,4,7,11],[2,5,9,14],[3,8,12,15],[6,10,13,16]]
775	1112213232434344	1231241324132434	[[1,2,3,6],[4,5,8,10],[7,9,12,14],[11,13,15,16]]	[[1,4,7,11],[2,5,9,13],[3,8,12,15],[6,10,14,16]]
776	1112213232434434	1231241324132344	[[1,2,3,6],[4,5,8,10],[7,9,12,15],[11,13,14,16]]	[[1,4,7,11],[2,5,9,13],[3,8,12,14],[6,10,15,16]]
777	1112213233243444	1231241323414234	[[1,2,3,6],[4,5,8,11],[7,9,10,13],[12,14,15,16]]	[[1,4,7,12],[2,5,9,14],[3,8,10,15],[6,11,13,16]]
778	1112213233423444	1231241323144234	[[1,2,3,6],[4,5,8,12],[7,9,10,13],[11,14,15,16]]	[[1,4,7,11],[2,5,9,14],[3,8,10,15],[6,12,13,16]]
779	1112213233424344	1231241323142434	[[1,2,3,6],[4,5,8,12],[7,9,10,14],[11,13,15,16]]	[[1,4,7,11],[2,5,9,13],[3,8,10,15],[6,12,14,16]]
780	1112213233424434	1231241323142344	[[1,2,3,6],[4,5,8,12],[7,9,10,15],[11,13,14,16]]	[[1,4,7,11],[2,5,9,13],[3,8,10,14],[6,12,15,16]]
781	1112213233442344	1231241323124434	[[1,2,3,6],[4,5,8,13],[7,9,10,14],[11,12,15,16]]	[[1,4,7,11],[2,5,9,12],[3,8,10,15],[6,13,14,16]]
782	1112213234233444	1231241321434234	[[1,2,3,6],[4,5,8,11],[7,9,12,13],[10,14,15,16]]	[[1,4,7,10],[2,5,9,14],[3,8,12,15],[6,11,13,16]]
783	1112213234234344	1231241321432434	[[1,2,3,6],[4,5,8,11],[7,9,12,14],[10,13,15,16]]	[[1,4,7,10],[2,5,9,13],[3,8,12,15],[6,11,14,16]]
784	1112213234234434	1231241321432344	[[1,2,3,6],[4,5,8,11],[7,9,12,15],[10,13,14,16]]	[[1,4,7,10],[2,5,9,13],[3,8,12,14],[6,11,15,16]]
785	1112213234243344	1231241321423434	[[1,2,3,6],[4,5,8,11],[7,9,13,14],[10,12,15,16]]	[[1,4,7,10],[2,5,9,12],[3,8,13,15],[6,11,14,16]]
786	1112213234243434	1231241321423344	[[1,2,3,6],[4,5,8,11],[7,9,13,15],[10,12,14,16]]	[[1,4,7,10],[2,5,9,12],[3,8,13,14],[6,11,15,16]]
787	1112213234323444	1231241321344234	[[1,2,3,6],[4,5,8,12],[7,9,11,13],[10,14,15,16]]	[[1,4,7,10],[2,5,9,14],[3,8,11,15],[6,12,13,16]]
788	1112213234324344	1231241321342434	[[1,2,3,6],[4,5,8,12],[7,9,11,14],[10,13,15,16]]	[[1,4,7,10],[2,5,9,13],[3,8,11,15],[6,12,14,16]]
789	1112213234324434	1231241321342344	[[1,2,3,6],[4,5,8,12],[7,9,11,15],[10,13,14,16]]	[[1,4,7,10],[2,5,9,13],[3,8,11,14],[6,12,15,16]]
790	1112213234342344	1231241321324434	[[1,2,3,6],[4,5,8,13],[7,9,11,14],[10,12,15,16]]	[[1,4,7,10],[2,5,9,12],[3,8,11,15],[6,13,14,16]]
791	1112213234342434	1231241321324344	[[1,2,3,6],[4,5,8,13],[7,9,11,15],[10,12,14,16]]	[[1,4,7,10],[2,5,9,12],[3,8,11,14],[6,13,15,16]]
792	1112213234344234	1231241321323444	[[1,2,3,6],[4,5,8,14],[7,9,11,15],[10,12,13,16]]	[[1,4,7,10],[2,5,9,12],[3,8,11,13],[6,14,15,16]]
793	1112213234423434	1231241321243344	[[1,2,3,6],[4,5,8,12],[7,9,13,15],[10,11,14,16]]	[[1,4,7,10],[2,5,9,11],[3,8,13,14],[6,12,15,16]]
794	1112213242334344	1231241314232434	[[1,2,3,6],[4,5,8,10],[7,11,12,14],[9,13,15,16]]	[[1,4,7,9],[2,5,11,13],[3,8,12,15],[6,10,14,16]]
795	1112213242334434	1231241314232344	[[1,2,3,6],[4,5,8,10],[7,11,12,15],[9,13,14,16]]	[[1,4,7,9],[2,5,11,13],[3,8,12,14],[6,10,15,16]]
796	1112213242343344	1231241314223434	[[1,2,3,6],[4,5,8,10],[7,11,13,14],[9,12,15,16]]	[[1,4,7,9],[2,5,11,12],[3,8,13,15],[6,10,14,16]]
797	1112213242343434	1231241314223344	[[1,2,3,6],[4,5,8,10],[7,11,13,15],[9,12,14,16]]	[[1,4,7,9],[2,5,11,12],[3,8,13,14],[6,10,15,16]]
798	1112213243234344	1231241312432434	[[1,2,3,6],[4,5,8,11],[7,10,12,14],[9,13,15,16]]	[[1,4,7,9],[2,5,10,13],[3,8,12,15],[6,11,14,16]]
799	1112213243234434	1231241312432344	[[1,2,3,6],[4,5,8,11],[7,10,12,15],[9,13,14,16]]	[[1,4,7,9],[2,5,10,13],[3,8,12,14],[6,11,15,16]]
800	1112213243243344	1231241312423434	[[1,2,3,6],[4,5,8,11],[7,10,13,14],[9,12,15,16]]	[[1,4,7,9],[2,5,10,12],[3,8,13,15],[6,11,14,16]]
801	1112213243243434	1231241312423344	[[1,2,3,6],[4,5,8,11],[7,10,13,15],[9,12,14,16]]	[[1,4,7,9],[2,5,10,12],[3,8,13,14],[6,11,15,16]]
802	1112213243423344	1231241312243434	[[1,2,3,6],[4,5,8,12],[7,10,13,14],[9,11,15,16]]	[[1,4,7,9],[2,5,10,11],[3,8,13,15],[6,12,14,16]]
803	1112213243423434	1231241312243344	[[1,2,3,6],[4,5,8,12],[7,10,13,15],[9,11,14,16]]	[[1,4,7,9],[2,5,10,11],[3,8,13,14],[6,12,15,16]]
804	1112213243432344	1231241312234434	[[1,2,3,6],[4,5,8,13],[7,10,12,14],[9,11,15,16]]	[[1,4,7,9],[2,5,10,11],[3,8,12,15],[6,13,14,16]]
805	1112213243432434	1231241312234344	[[1,2,3,6],[4,5,8,13],[7,10,12,15],[9,11,14,16]]	[[1,4,7,9],[2,5,10,11],[3,8,12,14],[6,13,15,16]]
806	1112213243434234	1231241312233444	[[1,2,3,6],[4,5,8,14],[7,10,12,15],[9,11,13,16]]	[[1,4,7,9],[2,5,10,11],[3,8,12,13],[6,14,15,16]]
807	1112213323423444	1231241233144234	[[1,2,3,6],[4,5,9,12],[7,8,10,13],[11,14,15,16]]	[[1,4,7,11],[2,5,8,14],[3,9,10,15],[6,12,13,16]]
808	1112213323424344	1231241233142434	[[1,2,3,6],[4,5,9,12],[7,8,10,14],[11,13,15,16]]	[[1,4,7,11],[2,5,8,13],[3,9,10,15],[6,12,14,16]]
809	1112213323424434	1231241233142344	[[1,2,3,6],[4,5,9,12],[7,8,10,15],[11,13,14,16]]	[[1,4,7,11],[2,5,8,13],[3,9,10,14],[6,12,15,16]]
810	1112213323442344	1231241233124434	[[1,2,3,6],[4,5,9,13],[7,8,10,14],[11,12,15,16]]	[[1,4,7,11],[2,5,8,12],[3,9,10,15],[6,13,14,16]]
811	1112213324342344	1231241231324434	[[1,2,3,6],[4,5,9,13],[7,8,11,14],[10,12,15,16]]	[[1,4,7,10],[2,5,8,12],[3,9,11,15],[6,13,14,16]]
812	1112213324342434	1231241231324344	[[1,2,3,6],[4,5,9,13],[7,8,11,15],[10,12,14,16]]	[[1,4,7,10],[2,5,8,12],[3,9,11,14],[6,13,15,16]]
813	1112213324344234	1231241231323444	[[1,2,3,6],[4,5,9,14],[7,8,11,15],[10,12,13,16]]	[[1,4,7,10],[2,5,8,12],[3,9,11,13],[6,14,15,16]]
814	1112213342234344	1231241213432434	[[1,2,3,6],[4,5,10,11],[7,8,12,14],[9,13,15,16]]	[[1,4,7,9],[2,5,8,13],[3,10,12,15],[6,11,14,16]]
815	1112213342234434	1231241213432344	[[1,2,3,6],[4,5,10,11],[7,8,12,15],[9,13,14,16]]	[[1,4,7,9],[2,5,8,13],[3,10,12,14],[6,11,15,16]]
816	1112213342243344	1231241213423434	[[1,2,3,6],[4,5,10,11],[7,8,13,14],[9,12,15,16]]	[[1,4,7,9],[2,5,8,12],[3,10,13,15],[6,11,14,16]]
817	1112213342243434	1231241213423344	[[1,2,3,6],[4,5,10,11],[7,8,13,15],[9,12,14,16]]	[[1,4,7,9],[2,5,8,12],[3,10,13,14],[6,11,15,16]]
818	1112213342324344	1231241213342434	[[1,2,3,6],[4,5,10,12],[7,8,11,14],[9,13,15,16]]	[[1,4,7,9],[2,5,8,13],[3,10,11,15],[6,12,14,16]]
819	1112213342324434	1231241213342344	[[1,2,3,6],[4,5,10,12],[7,8,11,15],[9,13,14,16]]	[[1,4,7,9],[2,5,8,13],[3,10,11,14],[6,12,15,16]]
820	1112213342342344	1231241213324434	[[1,2,3,6],[4,5,10,13],[7,8,11,14],[9,12,15,16]]	[[1,4,7,9],[2,5,8,12],[3,10,11,15],[6,13,14,16]]
821	1112213342342434	1231241213324344	[[1,2,3,6],[4,5,10,13],[7,8,11,15],[9,12,14,16]]	[[1,4,7,9],[2,5,8,12],[3,10,11,14],[6,13,15,16]]
822	1112213342344234	1231241213323444	[[1,2,3,6],[4,5,10,14],[7,8,11,15],[9,12,13,16]]	[[1,4,7,9],[2,5,8,12],[3,10,11,13],[6,14,15,16]]
823	1112213342423344	1231241213243434	[[1,2,3,6],[4,5,10,12],[7,8,13,14],[9,11,15,16]]	[[1,4,7,9],[2,5,8,11],[3,10,13,15],[6,12,14,16]]
824	1112213342423434	1231241213243344	[[1,2,3,6],[4,5,10,12],[7,8,13,15],[9,11,14,16]]	[[1,4,7,9],[2,5,8,11],[3,10,13,14],[6,12,15,16]]
825	1112213342432344	1231241213234434	[[1,2,3,6],[4,5,10,13],[7,8,12,14],[9,11,15,16]]	[[1,4,7,9],[2,5,8,11],[3,10,12,15],[6,13,14,16]]
826	1112213342432434	1231241213234344	[[1,2,3,6],[4,5,10,13],[7,8,12,15],[9,11,14,16]]	[[1,4,7,9],[2,5,8,11],[3,10,12,14],[6,13,15,16]]
827	1112213342434234	1231241213233444	[[1,2,3,6],[4,5,10,14],[7,8,12,15],[9,11,13,16]]	[[1,4,7,9],[2,5,8,11],[3,10,12,13],[6,14,15,16]]
828	1112213344234234	1231241212333444	[[1,2,3,6],[4,5,11,14],[7,8,12,15],[9,10,13,16]]	[[1,4,7,9],[2,5,8,10],[3,11,12,13],[6,14,15,16]]
829	1112213422334344	1231241134232434	[[1,2,3,6],[4,5,9,10],[7,11,12,14],[8,13,15,16]]	[[1,4,7,8],[2,5,11,13],[3,9,12,15],[6,10,14,16]]
830	1112213422334434	1231241134232344	[[1,2,3,6],[4,5,9,10],[7,11,12,15],[8,13,14,16]]	[[1,4,7,8],[2,5,11,13],[3,9,12,14],[6,10,15,16]]
831	1112213422343344	1231241134223434	[[1,2,3,6],[4,5,9,10],[7,11,13,14],[8,12,15,16]]	[[1,4,7,8],[2,5,11,12],[3,9,13,15],[6,10,14,16]]
832	1112213422343434	1231241134223344	[[1,2,3,6],[4,5,9,10],[7,11,13,15],[8,12,14,16]]	[[1,4,7,8],[2,5,11,12],[3,9,13,14],[6,10,15,16]]
833	1112213423234344	1231241132432434	[[1,2,3,6],[4,5,9,11],[7,10,12,14],[8,13,15,16]]	[[1,4,7,8],[2,5,10,13],[3,9,12,15],[6,11,14,16]]
834	1112213423234434	1231241132432344	[[1,2,3,6],[4,5,9,11],[7,10,12,15],[8,13,14,16]]	[[1,4,7,8],[2,5,10,13],[3,9,12,14],[6,11,15,16]]
835	1112213423243344	1231241132423434	[[1,2,3,6],[4,5,9,11],[7,10,13,14],[8,12,15,16]]	[[1,4,7,8],[2,5,10,12],[3,9,13,15],[6,11,14,16]]
836	1112213423243434	1231241132423344	[[1,2,3,6],[4,5,9,11],[7,10,13,15],[8,12,14,16]]	[[1,4,7,8],[2,5,10,12],[3,9,13,14],[6,11,15,16]]
837	1112213423324344	1231241132342434	[[1,2,3,6],[4,5,9,12],[7,10,11,14],[8,13,15,16]]	[[1,4,7,8],[2,5,10,13],[3,9,11,15],[6,12,14,16]]
838	1112213423324434	1231241132342344	[[1,2,3,6],[4,5,9,12],[7,10,11,15],[8,13,14,16]]	[[1,4,7,8],[2,5,10,13],[3,9,11,14],[6,12,15,16]]
839	1112213423342344	1231241132324434	[[1,2,3,6],[4,5,9,13],[7,10,11,14],[8,12,15,16]]	[[1,4,7,8],[2,5,10,12],[3,9,11,15],[6,13,14,16]]
840	1112213423342434	1231241132324344	[[1,2,3,6],[4,5,9,13],[7,10,11,15],[8,12,14,16]]	[[1,4,7,8],[2,5,10,12],[3,9,11,14],[6,13,15,16]]
841	1112213423344234	1231241132323444	[[1,2,3,6],[4,5,9,14],[7,10,11,15],[8,12,13,16]]	[[1,4,7,8],[2,5,10,12],[3,9,11,13],[6,14,15,16]]
842	1112213423423344	1231241132243434	[[1,2,3,6],[4,5,9,12],[7,10,13,14],[8,11,15,16]]	[[1,4,7,8],[2,5,10,11],[3,9,13,15],[6,12,14,16]]
843	1112213423423434	1231241132243344	[[1,2,3,6],[4,5,9,12],[7,10,13,15],[8,11,14,16]]	[[1,4,7,8],[2,5,10,11],[3,9,13,14],[6,12,15,16]]
844	1112213423432344	1231241132234434	[[1,2,3,6],[4,5,9,13],[7,10,12,14],[8,11,15,16]]	[[1,4,7,8],[2,5,10,11],[3,9,12,15],[6,13,14,16]]
845	1112213423432434	1231241132234344	[[1,2,3,6],[4,5,9,13],[7,10,12,15],[8,11,14,16]]	[[1,4,7,8],[2,5,10,11],[3,9,12,14],[6,13,15,16]]
846	1112213423434234	1231241132233444	[[1,2,3,6],[4,5,9,14],[7,10,12,15],[8,11,13,16]]	[[1,4,7,8],[2,5,10,11],[3,9,12,13],[6,14,15,16]]
847	1112213432342344	1231241123324434	[[1,2,3,6],[4,5,10,13],[7,9,11,14],[8,12,15,16]]	[[1,4,7,8],[2,5,9,12],[3,10,11,15],[6,13,14,16]]
848	1112213432342434	1231241123324344	[[1,2,3,6],[4,5,10,13],[7,9,11,15],[8,12,14,16]]	[[1,4,7,8],[2,5,9,12],[3,10,11,14],[6,13,15,16]]
849	1112213432344234	1231241123323444	[[1,2,3,6],[4,5,10,14],[7,9,11,15],[8,12,13,16]]	[[1,4,7,8],[2,5,9,12],[3,10,11,13],[6,14,15,16]]
850	1112213432434234	1231241123233444	[[1,2,3,6],[4,5,10,14],[7,9,12,15],[8,11,13,16]]	[[1,4,7,8],[2,5,9,11],[3,10,12,13],[6,14,15,16]]
851	1112213434223344	1231241122343434	[[1,2,3,6],[4,5,11,12],[7,9,13,14],[8,10,15,16]]	[[1,4,7,8],[2,5,9,10],[3,11,13,15],[6,12,14,16]]
852	1112213434223434	1231241122343344	[[1,2,3,6],[4,5,11,12],[7,9,13,15],[8,10,14,16]]	[[1,4,7,8],[2,5,9,10],[3,11,13,14],[6,12,15,16]]
853	1112213434232344	1231241122334434	[[1,2,3,6],[4,5,11,13],[7,9,12,14],[8,10,15,16]]	[[1,4,7,8],[2,5,9,10],[3,11,12,15],[6,13,14,16]]
854	1112213434232434	1231241122334344	[[1,2,3,6],[4,5,11,13],[7,9,12,15],[8,10,14,16]]	[[1,4,7,8],[2,5,9,10],[3,11,12,14],[6,13,15,16]]
855	1112213434234234	1231241122333444	[[1,2,3,6],[4,5,11,14],[7,9,12,15],[8,10,13,16]]	[[1,4,7,8],[2,5,9,10],[3,11,12,13],[6,14,15,16]]
856	1112223341234344	1231231214432434	[[1,2,3,10],[4,5,6,11],[7,8,12,14],[9,13,15,16]]	[[1,4,7,9],[2,5,8,13],[3,6,12,15],[10,11,14,16]]
857	1112223341234434	1231231214432344	[[1,2,3,10],[4,5,6,11],[7,8,12,15],[9,13,14,16]]	[[1,4,7,9],[2,5,8,13],[3,6,12,14],[10,11,15,16]]
858	1112223341243344	1231231214423434	[[1,2,3,10],[4,5,6,11],[7,8,13,14],[9,12,15,16]]	[[1,4,7,9],[2,5,8,12],[3,6,13,15],[10,11,14,16]]
859	1112223341243434	1231231214423344	[[1,2,3,10],[4,5,6,11],[7,8,13,15],[9,12,14,16]]	[[1,4,7,9],[2,5,8,12],[3,6,13,14],[10,11,15,16]]
860	1112223341324344	1231231214342434	[[1,2,3,10],[4,5,6,12],[7,8,11,14],[9,13,15,16]]	[[1,4,7,9],[2,5,8,13],[3,6,11,15],[10,12,14,16]]
861	1112223341342344	1231231214324434	[[1,2,3,10],[4,5,6,13],[7,8,11,14],[9,12,15,16]]	[[1,4,7,9],[2,5,8,12],[3,6,11,15],[10,13,14,16]]
862	1112223341423344	1231231214243434	[[1,2,3,10],[4,5,6,12],[7,8,13,14],[9,11,15,16]]	[[1,4,7,9],[2,5,8,11],[3,6,13,15],[10,12,14,16]]
863	1112223341423434	1231231214243344	[[1,2,3,10],[4,5,6,12],[7,8,13,15],[9,11,14,16]]	[[1,4,7,9],[2,5,8,11],[3,6,13,14],[10,12,15,16]]
864	1112223341432344	1231231214234434	[[1,2,3,10],[4,5,6,13],[7,8,12,14],[9,11,15,16]]	[[1,4,7,9],[2,5,8,11],[3,6,12,15],[10,13,14,16]]
865	1112223343124344	1231231213442434	[[1,2,3,11],[4,5,6,12],[7,8,10,14],[9,13,15,16]]	[[1,4,7,9],[2,5,8,13],[3,6,10,15],[11,12,14,16]]
866	1112223343142344	1231231213424434	[[1,2,3,11],[4,5,6,13],[7,8,10,14],[9,12,15,16]]	[[1,4,7,9],[2,5,8,12],[3,6,10,15],[11,13,14,16]]
867	1112223343412344	1231231213244434	[[1,2,3,12],[4,5,6,13],[7,8,10,14],[9,11,15,16]]	[[1,4,7,9],[2,5,8,11],[3,6,10,15],[12,13,14,16]]
868	1112223344123344	1231231212443434	[[1,2,3,11],[4,5,6,12],[7,8,13,14],[9,10,15,16]]	[[1,4,7,9],[2,5,8,10],[3,6,13,15],[11,12,14,16]]
869	1112223344123434	1231231212443344	[[1,2,3,11],[4,5,6,12],[7,8,13,15],[9,10,14,16]]	[[1,4,7,9],[2,5,8,10],[3,6,13,14],[11,12,15,16]]
870	1112223412334344	1231231144232434	[[1,2,3,9],[4,5,6,10],[7,11,12,14],[8,13,15,16]]	[[1,4,7,8],[2,5,11,13],[3,6,12,15],[9,10,14,16]]
871	1112223412334434	1231231144232344	[[1,2,3,9],[4,5,6,10],[7,11,12,15],[8,13,14,16]]	[[1,4,7,8],[2,5,11,13],[3,6,12,14],[9,10,15,16]]
872	1112223412343344	1231231144223434	[[1,2,3,9],[4,5,6,10],[7,11,13,14],[8,12,15,16]]	[[1,4,7,8],[2,5,11,12],[3,6,13,15],[9,10,14,16]]
873	1112223412343434	1231231144223344	[[1,2,3,9],[4,5,6,10],[7,11,13,15],[8,12,14,16]]	[[1,4,7,8],[2,5,11,12],[3,6,13,14],[9,10,15,16]]
874	1112223413234344	1231231142432434	[[1,2,3,9],[4,5,6,11],[7,10,12,14],[8,13,15,16]]	[[1,4,7,8],[2,5,10,13],[3,6,12,15],[9,11,14,16]]
875	1112223413234434	1231231142432344	[[1,2,3,9],[4,5,6,11],[7,10,12,15],[8,13,14,16]]	[[1,4,7,8],[2,5,10,13],[3,6,12,14],[9,11,15,16]]
876	1112223413243344	1231231142423434	[[1,2,3,9],[4,5,6,11],[7,10,13,14],[8,12,15,16]]	[[1,4,7,8],[2,5,10,12],[3,6,13,15],[9,11,14,16]]
877	1112223413243434	1231231142423344	[[1,2,3,9],[4,5,6,11],[7,10,13,15],[8,12,14,16]]	[[1,4,7,8],[2,5,10,12],[3,6,13,14],[9,11,15,16]]
878	1112223413324344	1231231142342434	[[1,2,3,9],[4,5,6,12],[7,10,11,14],[8,13,15,16]]	[[1,4,7,8],[2,5,10,13],[3,6,11,15],[9,12,14,16]]
879	1112223413342344	1231231142324434	[[1,2,3,9],[4,5,6,13],[7,10,11,14],[8,12,15,16]]	[[1,4,7,8],[2,5,10,12],[3,6,11,15],[9,13,14,16]]
880	1112223413423344	1231231142243434	[[1,2,3,9],[4,5,6,12],[7,10,13,14],[8,11,15,16]]	[[1,4,7,8],[2,5,10,11],[3,6,13,15],[9,12,14,16]]
881	1112223413423434	1231231142243344	[[1,2,3,9],[4,5,6,12],[7,10,13,15],[8,11,14,16]]	[[1,4,7,8],[2,5,10,11],[3,6,13,14],[9,12,15,16]]
882	1112223413432344	1231231142234434	[[1,2,3,9],[4,5,6,13],[7,10,12,14],[8,11,15,16]]	[[1,4,7,8],[2,5,10,11],[3,6,12,15],[9,13,14,16]]
883	1112223431234344	1231231124432434	[[1,2,3,10],[4,5,6,11],[7,9,12,14],[8,13,15,16]]	[[1,4,7,8],[2,5,9,13],[3,6,12,15],[10,11,14,16]]
884	1112223431234434	1231231124432344	[[1,2,3,10],[4,5,6,11],[7,9,12,15],[8,13,14,16]]	[[1,4,7,8],[2,5,9,13],[3,6,12,14],[10,11,15,16]]
885	1112223431243344	1231231124423434	[[1,2,3,10],[4,5,6,11],[7,9,13,14],[8,12,15,16]]	[[1,4,7,8],[2,5,9,12],[3,6,13,15],[10,11,14,16]]
886	1112223431243434	1231231124423344	[[1,2,3,10],[4,5,6,11],[7,9,13,15],[8,12,14,16]]	[[1,4,7,8],[2,5,9,12],[3,6,13,14],[10,11,15,16]]
887	1112223431342344	1231231124324434	[[1,2,3,10],[4,5,6,13],[7,9,11,14],[8,12,15,16]]	[[1,4,7,8],[2,5,9,12],[3,6,11,15],[10,13,14,16]]
888	1112223431423344	1231231124243434	[[1,2,3,10],[4,5,6,12],[7,9,13,14],[8,11,15,16]]	[[1,4,7,8],[2,5,9,11],[3,6,13,15],[10,12,14,16]]
889	1112223431423434	1231231124243344	[[1,2,3,10],[4,5,6,12],[7,9,13,15],[8,11,14,16]]	[[1,4,7,8],[2,5,9,11],[3,6,13,14],[10,12,15,16]]
890	1112223434123344	1231231122443434	[[1,2,3,11],[4,5,6,12],[7,9,13,14],[8,10,15,16]]	[[1,4,7,8],[2,5,9,10],[3,6,13,15],[11,12,14,16]]
891	1112223434123434	1231231122443344	[[1,2,3,11],[4,5,6,12],[7,9,13,15],[8,10,14,16]]	[[1,4,7,8],[2,5,9,10],[3,6,13,14],[11,12,15,16]]
892	1112223434132344	1231231122434434	[[1,2,3,11],[4,5,6,13],[7,9,12,14],[8,10,15,16]]	[[1,4,7,8],[2,5,9,10],[3,6,12,15],[11,13,14,16]]
893	1112223434312344	1231231122344434	[[1,2,3,12],[4,5,6,13],[7,9,11,14],[8,10,15,16]]	[[1,4,7,8],[2,5,9,10],[3,6,11,15],[12,13,14,16]]
894	1112231223434344	1231214342132434	[[1,2,3,7],[4,5,8,9],[6,10,12,14],[11,13,15,16]]	[[1,4,6,11],[2,5,10,13],[3,8,12,15],[7,9,14,16]]
895	1112231223434434	1231214342132344	[[1,2,3,7],[4,5,8,9],[6,10,12,15],[11,13,14,16]]	[[1,4,6,11],[2,5,10,13],[3,8,12,14],[7,9,15,16]]
896	1112231224343344	1231214341223434	[[1,2,3,7],[4,5,8,9],[6,11,13,14],[10,12,15,16]]	[[1,4,6,10],[2,5,11,12],[3,8,13,15],[7,9,14,16]]
897	1112231224343434	1231214341223344	[[1,2,3,7],[4,5,8,9],[6,11,13,15],[10,12,14,16]]	[[1,4,6,10],[2,5,11,12],[3,8,13,14],[7,9,15,16]]
898	1112231232434344	1231214324132434	[[1,2,3,7],[4,5,8,10],[6,9,12,14],[11,13,15,16]]	[[1,4,6,11],[2,5,9,13],[3,8,12,15],[7,10,14,16]]
899	1112231232434434	1231214324132344	[[1,2,3,7],[4,5,8,10],[6,9,12,15],[11,13,14,16]]	[[1,4,6,11],[2,5,9,13],[3,8,12,14],[7,10,15,16]]
900	1112231233424344	1231214323142434	[[1,2,3,7],[4,5,8,12],[6,9,10,14],[11,13,15,16]]	[[1,4,6,11],[2,5,9,13],[3,8,10,15],[7,12,14,16]]
901	1112231233424434	1231214323142344	[[1,2,3,7],[4,5,8,12],[6,9,10,15],[11,13,14,16]]	[[1,4,6,11],[2,5,9,13],[3,8,10,14],[7,12,15,16]]
902	1112231233442344	1231214323124434	[[1,2,3,7],[4,5,8,13],[6,9,10,14],[11,12,15,16]]	[[1,4,6,11],[2,5,9,12],[3,8,10,15],[7,13,14,16]]
903	1112231234234344	1231214321432434	[[1,2,3,7],[4,5,8,11],[6,9,12,14],[10,13,15,16]]	[[1,4,6,10],[2,5,9,13],[3,8,12,15],[7,11,14,16]]
904	1112231234234434	1231214321432344	[[1,2,3,7],[4,5,8,11],[6,9,12,15],[10,13,14,16]]	[[1,4,6,10],[2,5,9,13],[3,8,12,14],[7,11,15,16]]
905	1112231234243344	1231214321423434	[[1,2,3,7],[4,5,8,11],[6,9,13,14],[10,12,15,16]]	[[1,4,6,10],[2,5,9,12],[3,8,13,15],[7,11,14,16]]
906	1112231234243434	1231214321423344	[[1,2,3,7],[4,5,8,11],[6,9,13,15],[10,12,14,16]]	[[1,4,6,10],[2,5,9,12],[3,8,13,14],[7,11,15,16]]
907	1112231234324344	1231214321342434	[[1,2,3,7],[4,5,8,12],[6,9,11,14],[10,13,15,16]]	[[1,4,6,10],[2,5,9,13],[3,8,11,15],[7,12,14,16]]
908	1112231234342344	1231214321324434	[[1,2,3,7],[4,5,8,13],[6,9,11,14],[10,12,15,16]]	[[1,4,6,10],[2,5,9,12],[3,8,11,15],[7,13,14,16]]
909	1112231234342434	1231214321324344	[[1,2,3,7],[4,5,8,13],[6,9,11,15],[10,12,14,16]]	[[1,4,6,10],[2,5,9,12],[3,8,11,14],[7,13,15,16]]
910	1112231234344234	1231214321323444	[[1,2,3,7],[4,5,8,14],[6,9,11,15],[10,12,13,16]]	[[1,4,6,10],[2,5,9,12],[3,8,11,13],[7,14,15,16]]
911	1112231234423434	1231214321243344	[[1,2,3,7],[4,5,8,12],[6,9,13,15],[10,11,14,16]]	[[1,4,6,10],[2,5,9,11],[3,8,13,14],[7,12,15,16]]
912	1112231242334344	1231214314232434	[[1,2,3,7],[4,5,8,10],[6,11,12,14],[9,13,15,16]]	[[1,4,6,9],[2,5,11,13],[3,8,12,15],[7,10,14,16]]
913	1112231242334434	1231214314232344	[[1,2,3,7],[4,5,8,10],[6,11,12,15],[9,13,14,16]]	[[1,4,6,9],[2,5,11,13],[3,8,12,14],[7,10,15,16]]
914	1112231242343344	1231214314223434	[[1,2,3,7],[4,5,8,10],[6,11,13,14],[9,12,15,16]]	[[1,4,6,9],[2,5,11,12],[3,8,13,15],[7,10,14,16]]
915	1112231242343434	1231214314223344	[[1,2,3,7],[4,5,8,10],[6,11,13,15],[9,12,14,16]]	[[1,4,6,9],[2,5,11,12],[3,8,13,14],[7,10,15,16]]
916	1112231243234344	1231214312432434	[[1,2,3,7],[4,5,8,11],[6,10,12,14],[9,13,15,16]]	[[1,4,6,9],[2,5,10,13],[3,8,12,15],[7,11,14,16]]
917	1112231243234434	1231214312432344	[[1,2,3,7],[4,5,8,11],[6,10,12,15],[9,13,14,16]]	[[1,4,6,9],[2,5,10,13],[3,8,12,14],[7,11,15,16]]
918	1112231243243434	1231214312423344	[[1,2,3,7],[4,5,8,11],[6,10,13,15],[9,12,14,16]]	[[1,4,6,9],[2,5,10,12],[3,8,13,14],[7,11,15,16]]
919	1112231243423344	1231214312243434	[[1,2,3,7],[4,5,8,12],[6,10,13,14],[9,11,15,16]]	[[1,4,6,9],[2,5,10,11],[3,8,13,15],[7,12,14,16]]
920	1112231243423434	1231214312243344	[[1,2,3,7],[4,5,8,12],[6,10,13,15],[9,11,14,16]]	[[1,4,6,9],[2,5,10,11],[3,8,13,14],[7,12,15,16]]
921	1112231243432344	1231214312234434	[[1,2,3,7],[4,5,8,13],[6,10,12,14],[9,11,15,16]]	[[1,4,6,9],[2,5,10,11],[3,8,12,15],[7,13,14,16]]
922	1112231243432434	1231214312234344	[[1,2,3,7],[4,5,8,13],[6,10,12,15],[9,11,14,16]]	[[1,4,6,9],[2,5,10,11],[3,8,12,14],[7,13,15,16]]
923	1112231243434234	1231214312233444	[[1,2,3,7],[4,5,8,14],[6,10,12,15],[9,11,13,16]]	[[1,4,6,9],[2,5,10,11],[3,8,12,13],[7,14,15,16]]
924	1112231322434344	1231214234132434	[[1,2,3,7],[4,5,9,10],[6,8,12,14],[11,13,15,16]]	[[1,4,6,11],[2,5,8,13],[3,9,12,15],[7,10,14,16]]
925	1112231322434434	1231214234132344	[[1,2,3,7],[4,5,9,10],[6,8,12,15],[11,13,14,16]]	[[1,4,6,11],[2,5,8,13],[3,9,12,14],[7,10,15,16]]
926	1112231323424344	1231214233142434	[[1,2,3,7],[4,5,9,12],[6,8,10,14],[11,13,15,16]]	[[1,4,6,11],[2,5,8,13],[3,9,10,15],[7,12,14,16]]
927	1112231323424434	1231214233142344	[[1,2,3,7],[4,5,9,12],[6,8,10,15],[11,13,14,16]]	[[1,4,6,11],[2,5,8,13],[3,9,10,14],[7,12,15,16]]
928	1112231323442344	1231214233124434	[[1,2,3,7],[4,5,9,13],[6,8,10,14],[11,12,15,16]]	[[1,4,6,11],[2,5,8,12],[3,9,10,15],[7,13,14,16]]
929	1112231324234344	1231214231432434	[[1,2,3,7],[4,5,9,11],[6,8,12,14],[10,13,15,16]]	[[1,4,6,10],[2,5,8,13],[3,9,12,15],[7,11,14,16]]
930	1112231324234434	1231214231432344	[[1,2,3,7],[4,5,9,11],[6,8,12,15],[10,13,14,16]]	[[1,4,6,10],[2,5,8,13],[3,9,12,14],[7,11,15,16]]
931	1112231324243344	1231214231423434	[[1,2,3,7],[4,5,9,11],[6,8,13,14],[10,12,15,16]]	[[1,4,6,10],[2,5,8,12],[3,9,13,15],[7,11,14,16]]
932	1112231324243434	1231214231423344	[[1,2,3,7],[4,5,9,11],[6,8,13,15],[10,12,14,16]]	[[1,4,6,10],[2,5,8,12],[3,9,13,14],[7,11,15,16]]
933	1112231324324344	1231214231342434	[[1,2,3,7],[4,5,9,12],[6,8,11,14],[10,13,15,16]]	[[1,4,6,10],[2,5,8,13],[3,9,11,15],[7,12,14,16]]
934	1112231324342344	1231214231324434	[[1,2,3,7],[4,5,9,13],[6,8,11,14],[10,12,15,16]]	[[1,4,6,10],[2,5,8,12],[3,9,11,15],[7,13,14,16]]
935	1112231324342434	1231214231324344	[[1,2,3,7],[4,5,9,13],[6,8,11,15],[10,12,14,16]]	[[1,4,6,10],[2,5,8,12],[3,9,11,14],[7,13,15,16]]
936	1112231324344234	1231214231323444	[[1,2,3,7],[4,5,9,14],[6,8,11,15],[10,12,13,16]]	[[1,4,6,10],[2,5,8,12],[3,9,11,13],[7,14,15,16]]
937	1112231324423434	1231214231243344	[[1,2,3,7],[4,5,9,12],[6,8,13,15],[10,11,14,16]]	[[1,4,6,10],[2,5,8,11],[3,9,13,14],[7,12,15,16]]
938	1112231342234344	1231214213432434	[[1,2,3,7],[4,5,10,11],[6,8,12,14],[9,13,15,16]]	[[1,4,6,9],[2,5,8,13],[3,10,12,15],[7,11,14,16]]
939	1112231342234434	1231214213432344	[[1,2,3,7],[4,5,10,11],[6,8,12,15],[9,13,14,16]]	[[1,4,6,9],[2,5,8,13],[3,10,12,14],[7,11,15,16]]
940	1112231342243434	1231214213423344	[[1,2,3,7],[4,5,10,11],[6,8,13,15],[9,12,14,16]]	[[1,4,6,9],[2,5,8,12],[3,10,13,14],[7,11,15,16]]
941	1112231342324344	1231214213342434	[[1,2,3,7],[4,5,10,12],[6,8,11,14],[9,13,15,16]]	[[1,4,6,9],[2,5,8,13],[3,10,11,15],[7,12,14,16]]
942	1112231342324434	1231214213342344	[[1,2,3,7],[4,5,10,12],[6,8,11,15],[9,13,14,16]]	[[1,4,6,9],[2,5,8,13],[3,10,11,14],[7,12,15,16]]
943	1112231342342344	1231214213324434	[[1,2,3,7],[4,5,10,13],[6,8,11,14],[9,12,15,16]]	[[1,4,6,9],[2,5,8,12],[3,10,11,15],[7,13,14,16]]
944	1112231342342434	1231214213324344	[[1,2,3,7],[4,5,10,13],[6,8,11,15],[9,12,14,16]]	[[1,4,6,9],[2,5,8,12],[3,10,11,14],[7,13,15,16]]
945	1112231342344234	1231214213323444	[[1,2,3,7],[4,5,10,14],[6,8,11,15],[9,12,13,16]]	[[1,4,6,9],[2,5,8,12],[3,10,11,13],[7,14,15,16]]
946	1112231342423344	1231214213243434	[[1,2,3,7],[4,5,10,12],[6,8,13,14],[9,11,15,16]]	[[1,4,6,9],[2,5,8,11],[3,10,13,15],[7,12,14,16]]
947	1112231342423434	1231214213243344	[[1,2,3,7],[4,5,10,12],[6,8,13,15],[9,11,14,16]]	[[1,4,6,9],[2,5,8,11],[3,10,13,14],[7,12,15,16]]
948	1112231342432344	1231214213234434	[[1,2,3,7],[4,5,10,13],[6,8,12,14],[9,11,15,16]]	[[1,4,6,9],[2,5,8,11],[3,10,12,15],[7,13,14,16]]
949	1112231342432434	1231214213234344	[[1,2,3,7],[4,5,10,13],[6,8,12,15],[9,11,14,16]]	[[1,4,6,9],[2,5,8,11],[3,10,12,14],[7,13,15,16]]
950	1112231342434234	1231214213233444	[[1,2,3,7],[4,5,10,14],[6,8,12,15],[9,11,13,16]]	[[1,4,6,9],[2,5,8,11],[3,10,12,13],[7,14,15,16]]
951	1112231344234234	1231214212333444	[[1,2,3,7],[4,5,11,14],[6,8,12,15],[9,10,13,16]]	[[1,4,6,9],[2,5,8,10],[3,11,12,13],[7,14,15,16]]
952	1112231422334434	1231214134232344	[[1,2,3,7],[4,5,9,10],[6,11,12,15],[8,13,14,16]]	[[1,4,6,8],[2,5,11,13],[3,9,12,14],[7,10,15,16]]
953	1112231422343344	1231214134223434	[[1,2,3,7],[4,5,9,10],[6,11,13,14],[8,12,15,16]]	[[1,4,6,8],[2,5,11,12],[3,9,13,15],[7,10,14,16]]
954	1112231422343434	1231214134223344	[[1,2,3,7],[4,5,9,10],[6,11,13,15],[8,12,14,16]]	[[1,4,6,8],[2,5,11,12],[3,9,13,14],[7,10,15,16]]
955	1112231423234344	1231214132432434	[[1,2,3,7],[4,5,9,11],[6,10,12,14],[8,13,15,16]]	[[1,4,6,8],[2,5,10,13],[3,9,12,15],[7,11,14,16]]
956	1112231423234434	1231214132432344	[[1,2,3,7],[4,5,9,11],[6,10,12,15],[8,13,14,16]]	[[1,4,6,8],[2,5,10,13],[3,9,12,14],[7,11,15,16]]
957	1112231423243344	1231214132423434	[[1,2,3,7],[4,5,9,11],[6,10,13,14],[8,12,15,16]]	[[1,4,6,8],[2,5,10,12],[3,9,13,15],[7,11,14,16]]
958	1112231423243434	1231214132423344	[[1,2,3,7],[4,5,9,11],[6,10,13,15],[8,12,14,16]]	[[1,4,6,8],[2,5,10,12],[3,9,13,14],[7,11,15,16]]
959	1112231423324344	1231214132342434	[[1,2,3,7],[4,5,9,12],[6,10,11,14],[8,13,15,16]]	[[1,4,6,8],[2,5,10,13],[3,9,11,15],[7,12,14,16]]
960	1112231423342344	1231214132324434	[[1,2,3,7],[4,5,9,13],[6,10,11,14],[8,12,15,16]]	[[1,4,6,8],[2,5,10,12],[3,9,11,15],[7,13,14,16]]
961	1112231423342434	1231214132324344	[[1,2,3,7],[4,5,9,13],[6,10,11,15],[8,12,14,16]]	[[1,4,6,8],[2,5,10,12],[3,9,11,14],[7,13,15,16]]
962	1112231423344234	1231214132323444	[[1,2,3,7],[4,5,9,14],[6,10,11,15],[8,12,13,16]]	[[1,4,6,8],[2,5,10,12],[3,9,11,13],[7,14,15,16]]
963	1112231423423344	1231214132243434	[[1,2,3,7],[4,5,9,12],[6,10,13,14],[8,11,15,16]]	[[1,4,6,8],[2,5,10,11],[3,9,13,15],[7,12,14,16]]
964	1112231423423434	1231214132243344	[[1,2,3,7],[4,5,9,12],[6,10,13,15],[8,11,14,16]]	[[1,4,6,8],[2,5,10,11],[3,9,13,14],[7,12,15,16]]
965	1112231423432344	1231214132234434	[[1,2,3,7],[4,5,9,13],[6,10,12,14],[8,11,15,16]]	[[1,4,6,8],[2,5,10,11],[3,9,12,15],[7,13,14,16]]
966	1112231423432434	1231214132234344	[[1,2,3,7],[4,5,9,13],[6,10,12,15],[8,11,14,16]]	[[1,4,6,8],[2,5,10,11],[3,9,12,14],[7,13,15,16]]
967	1112231423434234	1231214132233444	[[1,2,3,7],[4,5,9,14],[6,10,12,15],[8,11,13,16]]	[[1,4,6,8],[2,5,10,11],[3,9,12,13],[7,14,15,16]]
968	1112231432342344	1231214123324434	[[1,2,3,7],[4,5,10,13],[6,9,11,14],[8,12,15,16]]	[[1,4,6,8],[2,5,9,12],[3,10,11,15],[7,13,14,16]]
969	1112231432342434	1231214123324344	[[1,2,3,7],[4,5,10,13],[6,9,11,15],[8,12,14,16]]	[[1,4,6,8],[2,5,9,12],[3,10,11,14],[7,13,15,16]]
970	1112231432344234	1231214123323444	[[1,2,3,7],[4,5,10,14],[6,9,11,15],[8,12,13,16]]	[[1,4,6,8],[2,5,9,12],[3,10,11,13],[7,14,15,16]]
971	1112231434223344	1231214122343434	[[1,2,3,7],[4,5,11,12],[6,9,13,14],[8,10,15,16]]	[[1,4,6,8],[2,5,9,10],[3,11,13,15],[7,12,14,16]]
972	1112231434223434	1231214122343344	[[1,2,3,7],[4,5,11,12],[6,9,13,15],[8,10,14,16]]	[[1,4,6,8],[2,5,9,10],[3,11,13,14],[7,12,15,16]]
973	1112231434232344	1231214122334434	[[1,2,3,7],[4,5,11,13],[6,9,12,14],[8,10,15,16]]	[[1,4,6,8],[2,5,9,10],[3,11,12,15],[7,13,14,16]]
974	1112231434232434	1231214122334344	[[1,2,3,7],[4,5,11,13],[6,9,12,15],[8,10,14,16]]	[[1,4,6,8],[2,5,9,10],[3,11,12,14],[7,13,15,16]]
975	1112231434234234	1231214122333444	[[1,2,3,7],[4,5,11,14],[6,9,12,15],[8,10,13,16]]	[[1,4,6,8],[2,5,9,10],[3,11,12,13],[7,14,15,16]]
976	1112232123434344	1231213442132434	[[1,2,3,8],[4,5,7,9],[6,10,12,14],[11,13,15,16]]	[[1,4,6,11],[2,5,10,13],[3,7,12,15],[8,9,14,16]]
977	1112232123434434	1231213442132344	[[1,2,3,8],[4,5,7,9],[6,10,12,15],[11,13,14,16]]	[[1,4,6,11],[2,5,10,13],[3,7,12,14],[8,9,15,16]]
978	1112232124343344	1231213441223434	[[1,2,3,8],[4,5,7,9],[6,11,13,14],[10,12,15,16]]	[[1,4,6,10],[2,5,11,12],[3,7,13,15],[8,9,14,16]]
979	1112232124343434	1231213441223344	[[1,2,3,8],[4,5,7,9],[6,11,13,15],[10,12,14,16]]	[[1,4,6,10],[2,5,11,12],[3,7,13,14],[8,9,15,16]]
980	1112232132434344	1231213424132434	[[1,2,3,8],[4,5,7,10],[6,9,12,14],[11,13,15,16]]	[[1,4,6,11],[2,5,9,13],[3,7,12,15],[8,10,14,16]]
981	1112232132434434	1231213424132344	[[1,2,3,8],[4,5,7,10],[6,9,12,15],[11,13,14,16]]	[[1,4,6,11],[2,5,9,13],[3,7,12,14],[8,10,15,16]]
982	1112232133442344	1231213423124434	[[1,2,3,8],[4,5,7,13],[6,9,10,14],[11,12,15,16]]	[[1,4,6,11],[2,5,9,12],[3,7,10,15],[8,13,14,16]]
983	1112232134234344	1231213421432434	[[1,2,3,8],[4,5,7,11],[6,9,12,14],[10,13,15,16]]	[[1,4,6,10],[2,5,9,13],[3,7,12,15],[8,11,14,16]]
984	1112232134234434	1231213421432344	[[1,2,3,8],[4,5,7,11],[6,9,12,15],[10,13,14,16]]	[[1,4,6,10],[2,5,9,13],[3,7,12,14],[8,11,15,16]]
985	1112232134243344	1231213421423434	[[1,2,3,8],[4,5,7,11],[6,9,13,14],[10,12,15,16]]	[[1,4,6,10],[2,5,9,12],[3,7,13,15],[8,11,14,16]]
986	1112232134243434	1231213421423344	[[1,2,3,8],[4,5,7,11],[6,9,13,15],[10,12,14,16]]	[[1,4,6,10],[2,5,9,12],[3,7,13,14],[8,11,15,16]]
987	1112232134342344	1231213421324434	[[1,2,3,8],[4,5,7,13],[6,9,11,14],[10,12,15,16]]	[[1,4,6,10],[2,5,9,12],[3,7,11,15],[8,13,14,16]]
988	1112232134423434	1231213421243344	[[1,2,3,8],[4,5,7,12],[6,9,13,15],[10,11,14,16]]	[[1,4,6,10],[2,5,9,11],[3,7,13,14],[8,12,15,16]]
989	1112232142334344	1231213414232434	[[1,2,3,8],[4,5,7,10],[6,11,12,14],[9,13,15,16]]	[[1,4,6,9],[2,5,11,13],[3,7,12,15],[8,10,14,16]]
990	1112232142334434	1231213414232344	[[1,2,3,8],[4,5,7,10],[6,11,12,15],[9,13,14,16]]	[[1,4,6,9],[2,5,11,13],[3,7,12,14],[8,10,15,16]]
991	1112232142343344	1231213414223434	[[1,2,3,8],[4,5,7,10],[6,11,13,14],[9,12,15,16]]	[[1,4,6,9],[2,5,11,12],[3,7,13,15],[8,10,14,16]]
992	1112232142343434	1231213414223344	[[1,2,3,8],[4,5,7,10],[6,11,13,15],[9,12,14,16]]	[[1,4,6,9],[2,5,11,12],[3,7,13,14],[8,10,15,16]]
993	1112232143423344	1231213412243434	[[1,2,3,8],[4,5,7,12],[6,10,13,14],[9,11,15,16]]	[[1,4,6,9],[2,5,10,11],[3,7,13,15],[8,12,14,16]]
994	1112232143423434	1231213412243344	[[1,2,3,8],[4,5,7,12],[6,10,13,15],[9,11,14,16]]	[[1,4,6,9],[2,5,10,11],[3,7,13,14],[8,12,15,16]]
995	1112232312434344	1231213244132434	[[1,2,3,9],[4,5,7,10],[6,8,12,14],[11,13,15,16]]	[[1,4,6,11],[2,5,8,13],[3,7,12,15],[9,10,14,16]]
996	1112232312434434	1231213244132344	[[1,2,3,9],[4,5,7,10],[6,8,12,15],[11,13,14,16]]	[[1,4,6,11],[2,5,8,13],[3,7,12,14],[9,10,15,16]]
997	1112232313424344	1231213243142434	[[1,2,3,9],[4,5,7,12],[6,8,10,14],[11,13,15,16]]	[[1,4,6,11],[2,5,8,13],[3,7,10,15],[9,12,14,16]]
998	1112232313442344	1231213243124434	[[1,2,3,9],[4,5,7,13],[6,8,10,14],[11,12,15,16]]	[[1,4,6,11],[2,5,8,12],[3,7,10,15],[9,13,14,16]]
999	1112232314234344	1231213241432434	[[1,2,3,9],[4,5,7,11],[6,8,12,14],[10,13,15,16]]	[[1,4,6,10],[2,5,8,13],[3,7,12,15],[9,11,14,16]]
1000	1112232314234434	1231213241432344	[[1,2,3,9],[4,5,7,11],[6,8,12,15],[10,13,14,16]]	[[1,4,6,10],[2,5,8,13],[3,7,12,14],[9,11,15,16]]
1001	1112232314243434	1231213241423344	[[1,2,3,9],[4,5,7,11],[6,8,13,15],[10,12,14,16]]	[[1,4,6,10],[2,5,8,12],[3,7,13,14],[9,11,15,16]]
1002	1112232314342344	1231213241324434	[[1,2,3,9],[4,5,7,13],[6,8,11,14],[10,12,15,16]]	[[1,4,6,10],[2,5,8,12],[3,7,11,15],[9,13,14,16]]
1003	1112232314423434	1231213241243344	[[1,2,3,9],[4,5,7,12],[6,8,13,15],[10,11,14,16]]	[[1,4,6,10],[2,5,8,11],[3,7,13,14],[9,12,15,16]]
1004	1112232331424344	1231213234142434	[[1,2,3,10],[4,5,7,12],[6,8,9,14],[11,13,15,16]]	[[1,4,6,11],[2,5,8,13],[3,7,9,15],[10,12,14,16]]
1005	1112232334124344	1231213231442434	[[1,2,3,11],[4,5,7,12],[6,8,9,14],[10,13,15,16]]	[[1,4,6,10],[2,5,8,13],[3,7,9,15],[11,12,14,16]]
1006	1112232334142344	1231213231424434	[[1,2,3,11],[4,5,7,13],[6,8,9,14],[10,12,15,16]]	[[1,4,6,10],[2,5,8,12],[3,7,9,15],[11,13,14,16]]
1007	1112232334412344	1231213231244434	[[1,2,3,12],[4,5,7,13],[6,8,9,14],[10,11,15,16]]	[[1,4,6,10],[2,5,8,11],[3,7,9,15],[12,13,14,16]]
1008	1112232341234344	1231213214432434	[[1,2,3,10],[4,5,7,11],[6,8,12,14],[9,13,15,16]]	[[1,4,6,9],[2,5,8,13],[3,7,12,15],[10,11,14,16]]
1009	1112232341234434	1231213214432344	[[1,2,3,10],[4,5,7,11],[6,8,12,15],[9,13,14,16]]	[[1,4,6,9],[2,5,8,13],[3,7,12,14],[10,11,15,16]]
1010	1112232341243434	1231213214423344	[[1,2,3,10],[4,5,7,11],[6,8,13,15],[9,12,14,16]]	[[1,4,6,9],[2,5,8,12],[3,7,13,14],[10,11,15,16]]
1011	1112232341324344	1231213214342434	[[1,2,3,10],[4,5,7,12],[6,8,11,14],[9,13,15,16]]	[[1,4,6,9],[2,5,8,13],[3,7,11,15],[10,12,14,16]]
1012	1112232341342344	1231213214324434	[[1,2,3,10],[4,5,7,13],[6,8,11,14],[9,12,15,16]]	[[1,4,6,9],[2,5,8,12],[3,7,11,15],[10,13,14,16]]
1013	1112232341423344	1231213214243434	[[1,2,3,10],[4,5,7,12],[6,8,13,14],[9,11,15,16]]	[[1,4,6,9],[2,5,8,11],[3,7,13,15],[10,12,14,16]]
1014	1112232341423434	1231213214243344	[[1,2,3,10],[4,5,7,12],[6,8,13,15],[9,11,14,16]]	[[1,4,6,9],[2,5,8,11],[3,7,13,14],[10,12,15,16]]
1015	1112232341432344	1231213214234434	[[1,2,3,10],[4,5,7,13],[6,8,12,14],[9,11,15,16]]	[[1,4,6,9],[2,5,8,11],[3,7,12,15],[10,13,14,16]]
1016	1112232343124344	1231213213442434	[[1,2,3,11],[4,5,7,12],[6,8,10,14],[9,13,15,16]]	[[1,4,6,9],[2,5,8,13],[3,7,10,15],[11,12,14,16]]
1017	1112232343142344	1231213213424434	[[1,2,3,11],[4,5,7,13],[6,8,10,14],[9,12,15,16]]	[[1,4,6,9],[2,5,8,12],[3,7,10,15],[11,13,14,16]]
1018	1112232343412344	1231213213244434	[[1,2,3,12],[4,5,7,13],[6,8,10,14],[9,11,15,16]]	[[1,4,6,9],[2,5,8,11],[3,7,10,15],[12,13,14,16]]
1019	1112232344123344	1231213212443434	[[1,2,3,11],[4,5,7,12],[6,8,13,14],[9,10,15,16]]	[[1,4,6,9],[2,5,8,10],[3,7,13,15],[11,12,14,16]]
1020	1112232344123434	1231213212443344	[[1,2,3,11],[4,5,7,12],[6,8,13,15],[9,10,14,16]]	[[1,4,6,9],[2,5,8,10],[3,7,13,14],[11,12,15,16]]
1021	1112232412334344	1231213144232434	[[1,2,3,9],[4,5,7,10],[6,11,12,14],[8,13,15,16]]	[[1,4,6,8],[2,5,11,13],[3,7,12,15],[9,10,14,16]]
1022	1112232412334434	1231213144232344	[[1,2,3,9],[4,5,7,10],[6,11,12,15],[8,13,14,16]]	[[1,4,6,8],[2,5,11,13],[3,7,12,14],[9,10,15,16]]
1023	1112232412343344	1231213144223434	[[1,2,3,9],[4,5,7,10],[6,11,13,14],[8,12,15,16]]	[[1,4,6,8],[2,5,11,12],[3,7,13,15],[9,10,14,16]]
1024	1112232412343434	1231213144223344	[[1,2,3,9],[4,5,7,10],[6,11,13,15],[8,12,14,16]]	[[1,4,6,8],[2,5,11,12],[3,7,13,14],[9,10,15,16]]
1025	1112232413234344	1231213142432434	[[1,2,3,9],[4,5,7,11],[6,10,12,14],[8,13,15,16]]	[[1,4,6,8],[2,5,10,13],[3,7,12,15],[9,11,14,16]]
1026	1112232413234434	1231213142432344	[[1,2,3,9],[4,5,7,11],[6,10,12,15],[8,13,14,16]]	[[1,4,6,8],[2,5,10,13],[3,7,12,14],[9,11,15,16]]
1027	1112232413243434	1231213142423344	[[1,2,3,9],[4,5,7,11],[6,10,13,15],[8,12,14,16]]	[[1,4,6,8],[2,5,10,12],[3,7,13,14],[9,11,15,16]]
1028	1112232413342344	1231213142324434	[[1,2,3,9],[4,5,7,13],[6,10,11,14],[8,12,15,16]]	[[1,4,6,8],[2,5,10,12],[3,7,11,15],[9,13,14,16]]
1029	1112232413423344	1231213142243434	[[1,2,3,9],[4,5,7,12],[6,10,13,14],[8,11,15,16]]	[[1,4,6,8],[2,5,10,11],[3,7,13,15],[9,12,14,16]]
1030	1112232413423434	1231213142243344	[[1,2,3,9],[4,5,7,12],[6,10,13,15],[8,11,14,16]]	[[1,4,6,8],[2,5,10,11],[3,7,13,14],[9,12,15,16]]
1031	1112232413432344	1231213142234434	[[1,2,3,9],[4,5,7,13],[6,10,12,14],[8,11,15,16]]	[[1,4,6,8],[2,5,10,11],[3,7,12,15],[9,13,14,16]]
1032	1112232431234344	1231213124432434	[[1,2,3,10],[4,5,7,11],[6,9,12,14],[8,13,15,16]]	[[1,4,6,8],[2,5,9,13],[3,7,12,15],[10,11,14,16]]
1033	1112232431234434	1231213124432344	[[1,2,3,10],[4,5,7,11],[6,9,12,15],[8,13,14,16]]	[[1,4,6,8],[2,5,9,13],[3,7,12,14],[10,11,15,16]]
1034	1112232431243434	1231213124423344	[[1,2,3,10],[4,5,7,11],[6,9,13,15],[8,12,14,16]]	[[1,4,6,8],[2,5,9,12],[3,7,13,14],[10,11,15,16]]
1035	1112232431342344	1231213124324434	[[1,2,3,10],[4,5,7,13],[6,9,11,14],[8,12,15,16]]	[[1,4,6,8],[2,5,9,12],[3,7,11,15],[10,13,14,16]]
1036	1112232431423434	1231213124243344	[[1,2,3,10],[4,5,7,12],[6,9,13,15],[8,11,14,16]]	[[1,4,6,8],[2,5,9,11],[3,7,13,14],[10,12,15,16]]
1037	1112232434123344	1231213122443434	[[1,2,3,11],[4,5,7,12],[6,9,13,14],[8,10,15,16]]	[[1,4,6,8],[2,5,9,10],[3,7,13,15],[11,12,14,16]]
1038	1112232434123434	1231213122443344	[[1,2,3,11],[4,5,7,12],[6,9,13,15],[8,10,14,16]]	[[1,4,6,8],[2,5,9,10],[3,7,13,14],[11,12,15,16]]
1039	1112232434132344	1231213122434434	[[1,2,3,11],[4,5,7,13],[6,9,12,14],[8,10,15,16]]	[[1,4,6,8],[2,5,9,10],[3,7,12,15],[11,13,14,16]]
1040	1112232434312344	1231213122344434	[[1,2,3,12],[4,5,7,13],[6,9,11,14],[8,10,15,16]]	[[1,4,6,8],[2,5,9,10],[3,7,11,15],[12,13,14,16]]
1041	1112233123424344	1231212433142434	[[1,2,3,8],[4,5,9,12],[6,7,10,14],[11,13,15,16]]	[[1,4,6,11],[2,5,7,13],[3,9,10,15],[8,12,14,16]]
1042	1112233123424434	1231212433142344	[[1,2,3,8],[4,5,9,12],[6,7,10,15],[11,13,14,16]]	[[1,4,6,11],[2,5,7,13],[3,9,10,14],[8,12,15,16]]
1043	1112233123442344	1231212433124434	[[1,2,3,8],[4,5,9,13],[6,7,10,14],[11,12,15,16]]	[[1,4,6,11],[2,5,7,12],[3,9,10,15],[8,13,14,16]]
1044	1112233124234344	1231212431432434	[[1,2,3,8],[4,5,9,11],[6,7,12,14],[10,13,15,16]]	[[1,4,6,10],[2,5,7,13],[3,9,12,15],[8,11,14,16]]
1045	1112233124234434	1231212431432344	[[1,2,3,8],[4,5,9,11],[6,7,12,15],[10,13,14,16]]	[[1,4,6,10],[2,5,7,13],[3,9,12,14],[8,11,15,16]]
1046	1112233124243434	1231212431423344	[[1,2,3,8],[4,5,9,11],[6,7,13,15],[10,12,14,16]]	[[1,4,6,10],[2,5,7,12],[3,9,13,14],[8,11,15,16]]
1047	1112233124342344	1231212431324434	[[1,2,3,8],[4,5,9,13],[6,7,11,14],[10,12,15,16]]	[[1,4,6,10],[2,5,7,12],[3,9,11,15],[8,13,14,16]]
1048	1112233124342434	1231212431324344	[[1,2,3,8],[4,5,9,13],[6,7,11,15],[10,12,14,16]]	[[1,4,6,10],[2,5,7,12],[3,9,11,14],[8,13,15,16]]
1049	1112233124344234	1231212431323444	[[1,2,3,8],[4,5,9,14],[6,7,11,15],[10,12,13,16]]	[[1,4,6,10],[2,5,7,12],[3,9,11,13],[8,14,15,16]]
1050	1112233124423434	1231212431243344	[[1,2,3,8],[4,5,9,12],[6,7,13,15],[10,11,14,16]]	[[1,4,6,10],[2,5,7,11],[3,9,13,14],[8,12,15,16]]
1051	1112233142342344	1231212413324434	[[1,2,3,8],[4,5,10,13],[6,7,11,14],[9,12,15,16]]	[[1,4,6,9],[2,5,7,12],[3,10,11,15],[8,13,14,16]]
1052	1112233142342434	1231212413324344	[[1,2,3,8],[4,5,10,13],[6,7,11,15],[9,12,14,16]]	[[1,4,6,9],[2,5,7,12],[3,10,11,14],[8,13,15,16]]
1053	1112233142344234	1231212413323444	[[1,2,3,8],[4,5,10,14],[6,7,11,15],[9,12,13,16]]	[[1,4,6,9],[2,5,7,12],[3,10,11,13],[8,14,15,16]]
1054	1112233234124344	1231212331442434	[[1,2,3,11],[4,5,8,12],[6,7,9,14],[10,13,15,16]]	[[1,4,6,10],[2,5,7,13],[3,8,9,15],[11,12,14,16]]
1055	1112233234142344	1231212331424434	[[1,2,3,11],[4,5,8,13],[6,7,9,14],[10,12,15,16]]	[[1,4,6,10],[2,5,7,12],[3,8,9,15],[11,13,14,16]]
1056	1112233234412344	1231212331244434	[[1,2,3,12],[4,5,8,13],[6,7,9,14],[10,11,15,16]]	[[1,4,6,10],[2,5,7,11],[3,8,9,15],[12,13,14,16]]
1057	1112233412234344	1231212143432434	[[1,2,3,9],[4,5,10,11],[6,7,12,14],[8,13,15,16]]	[[1,4,6,8],[2,5,7,13],[3,10,12,15],[9,11,14,16]]
1058	1112233412234434	1231212143432344	[[1,2,3,9],[4,5,10,11],[6,7,12,15],[8,13,14,16]]	[[1,4,6,8],[2,5,7,13],[3,10,12,14],[9,11,15,16]]
1059	1112233412243434	1231212143423344	[[1,2,3,9],[4,5,10,11],[6,7,13,15],[8,12,14,16]]	[[1,4,6,8],[2,5,7,12],[3,10,13,14],[9,11,15,16]]
1060	1112233412324344	1231212143342434	[[1,2,3,9],[4,5,10,12],[6,7,11,14],[8,13,15,16]]	[[1,4,6,8],[2,5,7,13],[3,10,11,15],[9,12,14,16]]
1061	1112233412324434	1231212143342344	[[1,2,3,9],[4,5,10,12],[6,7,11,15],[8,13,14,16]]	[[1,4,6,8],[2,5,7,13],[3,10,11,14],[9,12,15,16]]
1062	1112233412342344	1231212143324434	[[1,2,3,9],[4,5,10,13],[6,7,11,14],[8,12,15,16]]	[[1,4,6,8],[2,5,7,12],[3,10,11,15],[9,13,14,16]]
1063	1112233412342434	1231212143324344	[[1,2,3,9],[4,5,10,13],[6,7,11,15],[8,12,14,16]]	[[1,4,6,8],[2,5,7,12],[3,10,11,14],[9,13,15,16]]
1064	1112233412344234	1231212143323444	[[1,2,3,9],[4,5,10,14],[6,7,11,15],[8,12,13,16]]	[[1,4,6,8],[2,5,7,12],[3,10,11,13],[9,14,15,16]]
1065	1112233412423344	1231212143243434	[[1,2,3,9],[4,5,10,12],[6,7,13,14],[8,11,15,16]]	[[1,4,6,8],[2,5,7,11],[3,10,13,15],[9,12,14,16]]
1066	1112233412423434	1231212143243344	[[1,2,3,9],[4,5,10,12],[6,7,13,15],[8,11,14,16]]	[[1,4,6,8],[2,5,7,11],[3,10,13,14],[9,12,15,16]]
1067	1112233412432344	1231212143234434	[[1,2,3,9],[4,5,10,13],[6,7,12,14],[8,11,15,16]]	[[1,4,6,8],[2,5,7,11],[3,10,12,15],[9,13,14,16]]
1068	1112233412432434	1231212143234344	[[1,2,3,9],[4,5,10,13],[6,7,12,15],[8,11,14,16]]	[[1,4,6,8],[2,5,7,11],[3,10,12,14],[9,13,15,16]]
1069	1112233412434234	1231212143233444	[[1,2,3,9],[4,5,10,14],[6,7,12,15],[8,11,13,16]]	[[1,4,6,8],[2,5,7,11],[3,10,12,13],[9,14,15,16]]
1070	1112233414223344	1231212142343434	[[1,2,3,9],[4,5,11,12],[6,7,13,14],[8,10,15,16]]	[[1,4,6,8],[2,5,7,10],[3,11,13,15],[9,12,14,16]]
1071	1112233414223434	1231212142343344	[[1,2,3,9],[4,5,11,12],[6,7,13,15],[8,10,14,16]]	[[1,4,6,8],[2,5,7,10],[3,11,13,14],[9,12,15,16]]
1072	1112233414232344	1231212142334434	[[1,2,3,9],[4,5,11,13],[6,7,12,14],[8,10,15,16]]	[[1,4,6,8],[2,5,7,10],[3,11,12,15],[9,13,14,16]]
1073	1112233414232434	1231212142334344	[[1,2,3,9],[4,5,11,13],[6,7,12,15],[8,10,14,16]]	[[1,4,6,8],[2,5,7,10],[3,11,12,14],[9,13,15,16]]
1074	1112233414234234	1231212142333444	[[1,2,3,9],[4,5,11,14],[6,7,12,15],[8,10,13,16]]	[[1,4,6,8],[2,5,7,10],[3,11,12,13],[9,14,15,16]]
1075	1112233421234344	1231212134432434	[[1,2,3,10],[4,5,9,11],[6,7,12,14],[8,13,15,16]]	[[1,4,6,8],[2,5,7,13],[3,9,12,15],[10,11,14,16]]
1076	1112233421234434	1231212134432344	[[1,2,3,10],[4,5,9,11],[6,7,12,15],[8,13,14,16]]	[[1,4,6,8],[2,5,7,13],[3,9,12,14],[10,11,15,16]]
1077	1112233421243434	1231212134423344	[[1,2,3,10],[4,5,9,11],[6,7,13,15],[8,12,14,16]]	[[1,4,6,8],[2,5,7,12],[3,9,13,14],[10,11,15,16]]
1078	1112233421342344	1231212134324434	[[1,2,3,10],[4,5,9,13],[6,7,11,14],[8,12,15,16]]	[[1,4,6,8],[2,5,7,12],[3,9,11,15],[10,13,14,16]]
1079	1112233421423434	1231212134243344	[[1,2,3,10],[4,5,9,12],[6,7,13,15],[8,11,14,16]]	[[1,4,6,8],[2,5,7,11],[3,9,13,14],[10,12,15,16]]
1080	1112233423124344	1231212133442434	[[1,2,3,11],[4,5,9,12],[6,7,10,14],[8,13,15,16]]	[[1,4,6,8],[2,5,7,13],[3,9,10,15],[11,12,14,16]]
1081	1112233423142344	1231212133424434	[[1,2,3,11],[4,5,9,13],[6,7,10,14],[8,12,15,16]]	[[1,4,6,8],[2,5,7,12],[3,9,10,15],[11,13,14,16]]
1082	1112233423412344	1231212133244434	[[1,2,3,12],[4,5,9,13],[6,7,10,14],[8,11,15,16]]	[[1,4,6,8],[2,5,7,11],[3,9,10,15],[12,13,14,16]]
1083	1112233424123344	1231212132443434	[[1,2,3,11],[4,5,9,12],[6,7,13,14],[8,10,15,16]]	[[1,4,6,8],[2,5,7,10],[3,9,13,15],[11,12,14,16]]
1084	1112233424123434	1231212132443344	[[1,2,3,11],[4,5,9,12],[6,7,13,15],[8,10,14,16]]	[[1,4,6,8],[2,5,7,10],[3,9,13,14],[11,12,15,16]]
1085	1112233424132344	1231212132434434	[[1,2,3,11],[4,5,9,13],[6,7,12,14],[8,10,15,16]]	[[1,4,6,8],[2,5,7,10],[3,9,12,15],[11,13,14,16]]
1086	1112233424312344	1231212132344434	[[1,2,3,12],[4,5,9,13],[6,7,11,14],[8,10,15,16]]	[[1,4,6,8],[2,5,7,10],[3,9,11,15],[12,13,14,16]]
1087	1112233441232344	1231212124334434	[[1,2,3,10],[4,5,11,13],[6,7,12,14],[8,9,15,16]]	[[1,4,6,8],[2,5,7,9],[3,11,12,15],[10,13,14,16]]
1088	1112233441232434	1231212124334344	[[1,2,3,10],[4,5,11,13],[6,7,12,15],[8,9,14,16]]	[[1,4,6,8],[2,5,7,9],[3,11,12,14],[10,13,15,16]]
1089	1112233441234234	1231212124333444	[[1,2,3,10],[4,5,11,14],[6,7,12,15],[8,9,13,16]]	[[1,4,6,8],[2,5,7,9],[3,11,12,13],[10,14,15,16]]
1090	1112234122334344	1231211434232434	[[1,2,3,8],[4,5,9,10],[6,11,12,14],[7,13,15,16]]	[[1,4,6,7],[2,5,11,13],[3,9,12,15],[8,10,14,16]]
1091	1112234122334434	1231211434232344	[[1,2,3,8],[4,5,9,10],[6,11,12,15],[7,13,14,16]]	[[1,4,6,7],[2,5,11,13],[3,9,12,14],[8,10,15,16]]
1092	1112234122343434	1231211434223344	[[1,2,3,8],[4,5,9,10],[6,11,13,15],[7,12,14,16]]	[[1,4,6,7],[2,5,11,12],[3,9,13,14],[8,10,15,16]]
1093	1112234123234344	1231211432432434	[[1,2,3,8],[4,5,9,11],[6,10,12,14],[7,13,15,16]]	[[1,4,6,7],[2,5,10,13],[3,9,12,15],[8,11,14,16]]
1094	1112234123234434	1231211432432344	[[1,2,3,8],[4,5,9,11],[6,10,12,15],[7,13,14,16]]	[[1,4,6,7],[2,5,10,13],[3,9,12,14],[8,11,15,16]]
1095	1112234123243434	1231211432423344	[[1,2,3,8],[4,5,9,11],[6,10,13,15],[7,12,14,16]]	[[1,4,6,7],[2,5,10,12],[3,9,13,14],[8,11,15,16]]
1096	1112234123342344	1231211432324434	[[1,2,3,8],[4,5,9,13],[6,10,11,14],[7,12,15,16]]	[[1,4,6,7],[2,5,10,12],[3,9,11,15],[8,13,14,16]]
1097	1112234123342434	1231211432324344	[[1,2,3,8],[4,5,9,13],[6,10,11,15],[7,12,14,16]]	[[1,4,6,7],[2,5,10,12],[3,9,11,14],[8,13,15,16]]
1098	1112234123344234	1231211432323444	[[1,2,3,8],[4,5,9,14],[6,10,11,15],[7,12,13,16]]	[[1,4,6,7],[2,5,10,12],[3,9,11,13],[8,14,15,16]]
1099	1112234123423344	1231211432243434	[[1,2,3,8],[4,5,9,12],[6,10,13,14],[7,11,15,16]]	[[1,4,6,7],[2,5,10,11],[3,9,13,15],[8,12,14,16]]
1100	1112234123423434	1231211432243344	[[1,2,3,8],[4,5,9,12],[6,10,13,15],[7,11,14,16]]	[[1,4,6,7],[2,5,10,11],[3,9,13,14],[8,12,15,16]]
1101	1112234123432344	1231211432234434	[[1,2,3,8],[4,5,9,13],[6,10,12,14],[7,11,15,16]]	[[1,4,6,7],[2,5,10,11],[3,9,12,15],[8,13,14,16]]
1102	1112234123432434	1231211432234344	[[1,2,3,8],[4,5,9,13],[6,10,12,15],[7,11,14,16]]	[[1,4,6,7],[2,5,10,11],[3,9,12,14],[8,13,15,16]]
1103	1112234123434234	1231211432233444	[[1,2,3,8],[4,5,9,14],[6,10,12,15],[7,11,13,16]]	[[1,4,6,7],[2,5,10,11],[3,9,12,13],[8,14,15,16]]
1104	1112234132234344	1231211423432434	[[1,2,3,8],[4,5,10,11],[6,9,12,14],[7,13,15,16]]	[[1,4,6,7],[2,5,9,13],[3,10,12,15],[8,11,14,16]]
1105	1112234132234434	1231211423432344	[[1,2,3,8],[4,5,10,11],[6,9,12,15],[7,13,14,16]]	[[1,4,6,7],[2,5,9,13],[3,10,12,14],[8,11,15,16]]
1106	1112234132324344	1231211423342434	[[1,2,3,8],[4,5,10,12],[6,9,11,14],[7,13,15,16]]	[[1,4,6,7],[2,5,9,13],[3,10,11,15],[8,12,14,16]]
1107	1112234132324434	1231211423342344	[[1,2,3,8],[4,5,10,12],[6,9,11,15],[7,13,14,16]]	[[1,4,6,7],[2,5,9,13],[3,10,11,14],[8,12,15,16]]
1108	1112234132342344	1231211423324434	[[1,2,3,8],[4,5,10,13],[6,9,11,14],[7,12,15,16]]	[[1,4,6,7],[2,5,9,12],[3,10,11,15],[8,13,14,16]]
1109	1112234132342434	1231211423324344	[[1,2,3,8],[4,5,10,13],[6,9,11,15],[7,12,14,16]]	[[1,4,6,7],[2,5,9,12],[3,10,11,14],[8,13,15,16]]
1110	1112234132344234	1231211423323444	[[1,2,3,8],[4,5,10,14],[6,9,11,15],[7,12,13,16]]	[[1,4,6,7],[2,5,9,12],[3,10,11,13],[8,14,15,16]]
1111	1112234132423344	1231211423243434	[[1,2,3,8],[4,5,10,12],[6,9,13,14],[7,11,15,16]]	[[1,4,6,7],[2,5,9,11],[3,10,13,15],[8,12,14,16]]
1112	1112234132423434	1231211423243344	[[1,2,3,8],[4,5,10,12],[6,9,13,15],[7,11,14,16]]	[[1,4,6,7],[2,5,9,11],[3,10,13,14],[8,12,15,16]]
1113	1112234132432344	1231211423234434	[[1,2,3,8],[4,5,10,13],[6,9,12,14],[7,11,15,16]]	[[1,4,6,7],[2,5,9,11],[3,10,12,15],[8,13,14,16]]
1114	1112234132432434	1231211423234344	[[1,2,3,8],[4,5,10,13],[6,9,12,15],[7,11,14,16]]	[[1,4,6,7],[2,5,9,11],[3,10,12,14],[8,13,15,16]]
1115	1112234132434234	1231211423233444	[[1,2,3,8],[4,5,10,14],[6,9,12,15],[7,11,13,16]]	[[1,4,6,7],[2,5,9,11],[3,10,12,13],[8,14,15,16]]
1116	1112234134223434	1231211422343344	[[1,2,3,8],[4,5,11,12],[6,9,13,15],[7,10,14,16]]	[[1,4,6,7],[2,5,9,10],[3,11,13,14],[8,12,15,16]]
1117	1112234134232344	1231211422334434	[[1,2,3,8],[4,5,11,13],[6,9,12,14],[7,10,15,16]]	[[1,4,6,7],[2,5,9,10],[3,11,12,15],[8,13,14,16]]
1118	1112234134232434	1231211422334344	[[1,2,3,8],[4,5,11,13],[6,9,12,15],[7,10,14,16]]	[[1,4,6,7],[2,5,9,10],[3,11,12,14],[8,13,15,16]]
1119	1112234134234234	1231211422333444	[[1,2,3,8],[4,5,11,14],[6,9,12,15],[7,10,13,16]]	[[1,4,6,7],[2,5,9,10],[3,11,12,13],[8,14,15,16]]
1120	1112234212334344	1231211344232434	[[1,2,3,9],[4,5,8,10],[6,11,12,14],[7,13,15,16]]	[[1,4,6,7],[2,5,11,13],[3,8,12,15],[9,10,14,16]]
1121	1112234212334434	1231211344232344	[[1,2,3,9],[4,5,8,10],[6,11,12,15],[7,13,14,16]]	[[1,4,6,7],[2,5,11,13],[3,8,12,14],[9,10,15,16]]
1122	1112234212343434	1231211344223344	[[1,2,3,9],[4,5,8,10],[6,11,13,15],[7,12,14,16]]	[[1,4,6,7],[2,5,11,12],[3,8,13,14],[9,10,15,16]]
1123	1112234213234434	1231211342432344	[[1,2,3,9],[4,5,8,11],[6,10,12,15],[7,13,14,16]]	[[1,4,6,7],[2,5,10,13],[3,8,12,14],[9,11,15,16]]
1124	1112234213423344	1231211342243434	[[1,2,3,9],[4,5,8,12],[6,10,13,14],[7,11,15,16]]	[[1,4,6,7],[2,5,10,11],[3,8,13,15],[9,12,14,16]]
1125	1112234213423434	1231211342243344	[[1,2,3,9],[4,5,8,12],[6,10,13,15],[7,11,14,16]]	[[1,4,6,7],[2,5,10,11],[3,8,13,14],[9,12,15,16]]
1126	1112234213432344	1231211342234434	[[1,2,3,9],[4,5,8,13],[6,10,12,14],[7,11,15,16]]	[[1,4,6,7],[2,5,10,11],[3,8,12,15],[9,13,14,16]]
1127	1112234231234344	1231211324432434	[[1,2,3,10],[4,5,8,11],[6,9,12,14],[7,13,15,16]]	[[1,4,6,7],[2,5,9,13],[3,8,12,15],[10,11,14,16]]
1128	1112234231234434	1231211324432344	[[1,2,3,10],[4,5,8,11],[6,9,12,15],[7,13,14,16]]	[[1,4,6,7],[2,5,9,13],[3,8,12,14],[10,11,15,16]]
1129	1112234231243434	1231211324423344	[[1,2,3,10],[4,5,8,11],[6,9,13,15],[7,12,14,16]]	[[1,4,6,7],[2,5,9,12],[3,8,13,14],[10,11,15,16]]
1130	1112234231324344	1231211324342434	[[1,2,3,10],[4,5,8,12],[6,9,11,14],[7,13,15,16]]	[[1,4,6,7],[2,5,9,13],[3,8,11,15],[10,12,14,16]]
1131	1112234231342344	1231211324324434	[[1,2,3,10],[4,5,8,13],[6,9,11,14],[7,12,15,16]]	[[1,4,6,7],[2,5,9,12],[3,8,11,15],[10,13,14,16]]
1132	1112234231423344	1231211324243434	[[1,2,3,10],[4,5,8,12],[6,9,13,14],[7,11,15,16]]	[[1,4,6,7],[2,5,9,11],[3,8,13,15],[10,12,14,16]]
1133	1112234231423434	1231211324243344	[[1,2,3,10],[4,5,8,12],[6,9,13,15],[7,11,14,16]]	[[1,4,6,7],[2,5,9,11],[3,8,13,14],[10,12,15,16]]
1134	1112234231432344	1231211324234434	[[1,2,3,10],[4,5,8,13],[6,9,12,14],[7,11,15,16]]	[[1,4,6,7],[2,5,9,11],[3,8,12,15],[10,13,14,16]]
1135	1112234233124344	1231211323442434	[[1,2,3,11],[4,5,8,12],[6,9,10,14],[7,13,15,16]]	[[1,4,6,7],[2,5,9,13],[3,8,10,15],[11,12,14,16]]
1136	1112234233142344	1231211323424434	[[1,2,3,11],[4,5,8,13],[6,9,10,14],[7,12,15,16]]	[[1,4,6,7],[2,5,9,12],[3,8,10,15],[11,13,14,16]]
1137	1112234233412344	1231211323244434	[[1,2,3,12],[4,5,8,13],[6,9,10,14],[7,11,15,16]]	[[1,4,6,7],[2,5,9,11],[3,8,10,15],[12,13,14,16]]
1138	1112234234123344	1231211322443434	[[1,2,3,11],[4,5,8,12],[6,9,13,14],[7,10,15,16]]	[[1,4,6,7],[2,5,9,10],[3,8,13,15],[11,12,14,16]]
1139	1112234234123434	1231211322443344	[[1,2,3,11],[4,5,8,12],[6,9,13,15],[7,10,14,16]]	[[1,4,6,7],[2,5,9,10],[3,8,13,14],[11,12,15,16]]
1140	1112234234132344	1231211322434434	[[1,2,3,11],[4,5,8,13],[6,9,12,14],[7,10,15,16]]	[[1,4,6,7],[2,5,9,10],[3,8,12,15],[11,13,14,16]]
1141	1112234234312344	1231211322344434	[[1,2,3,12],[4,5,8,13],[6,9,11,14],[7,10,15,16]]	[[1,4,6,7],[2,5,9,10],[3,8,11,15],[12,13,14,16]]
1142	1112234312324344	1231211243342434	[[1,2,3,9],[4,5,10,12],[6,8,11,14],[7,13,15,16]]	[[1,4,6,7],[2,5,8,13],[3,10,11,15],[9,12,14,16]]
1143	1112234312324434	1231211243342344	[[1,2,3,9],[4,5,10,12],[6,8,11,15],[7,13,14,16]]	[[1,4,6,7],[2,5,8,13],[3,10,11,14],[9,12,15,16]]
1144	1112234312342344	1231211243324434	[[1,2,3,9],[4,5,10,13],[6,8,11,14],[7,12,15,16]]	[[1,4,6,7],[2,5,8,12],[3,10,11,15],[9,13,14,16]]
1145	1112234312342434	1231211243324344	[[1,2,3,9],[4,5,10,13],[6,8,11,15],[7,12,14,16]]	[[1,4,6,7],[2,5,8,12],[3,10,11,14],[9,13,15,16]]
1146	1112234312344234	1231211243323444	[[1,2,3,9],[4,5,10,14],[6,8,11,15],[7,12,13,16]]	[[1,4,6,7],[2,5,8,12],[3,10,11,13],[9,14,15,16]]
1147	1112234312423344	1231211243243434	[[1,2,3,9],[4,5,10,12],[6,8,13,14],[7,11,15,16]]	[[1,4,6,7],[2,5,8,11],[3,10,13,15],[9,12,14,16]]
1148	1112234312423434	1231211243243344	[[1,2,3,9],[4,5,10,12],[6,8,13,15],[7,11,14,16]]	[[1,4,6,7],[2,5,8,11],[3,10,13,14],[9,12,15,16]]
1149	1112234312432344	1231211243234434	[[1,2,3,9],[4,5,10,13],[6,8,12,14],[7,11,15,16]]	[[1,4,6,7],[2,5,8,11],[3,10,12,15],[9,13,14,16]]
1150	1112234312434234	1231211243233444	[[1,2,3,9],[4,5,10,14],[6,8,12,15],[7,11,13,16]]	[[1,4,6,7],[2,5,8,11],[3,10,12,13],[9,14,15,16]]
1151	1112234323412344	1231211233244434	[[1,2,3,12],[4,5,9,13],[6,8,10,14],[7,11,15,16]]	[[1,4,6,7],[2,5,8,11],[3,9,10,15],[12,13,14,16]]
1152	1112234341223344	1231211224343434	[[1,2,3,10],[4,5,11,12],[6,8,13,14],[7,9,15,16]]	[[1,4,6,7],[2,5,8,9],[3,11,13,15],[10,12,14,16]]
1153	1112234341223434	1231211224343344	[[1,2,3,10],[4,5,11,12],[6,8,13,15],[7,9,14,16]]	[[1,4,6,7],[2,5,8,9],[3,11,13,14],[10,12,15,16]]
1154	1112234341232344	1231211224334434	[[1,2,3,10],[4,5,11,13],[6,8,12,14],[7,9,15,16]]	[[1,4,6,7],[2,5,8,9],[3,11,12,15],[10,13,14,16]]
1155	1112234341232434	1231211224334344	[[1,2,3,10],[4,5,11,13],[6,8,12,15],[7,9,14,16]]	[[1,4,6,7],[2,5,8,9],[3,11,12,14],[10,13,15,16]]
1156	1112234341234234	1231211224333444	[[1,2,3,10],[4,5,11,14],[6,8,12,15],[7,9,13,16]]	[[1,4,6,7],[2,5,8,9],[3,11,12,13],[10,14,15,16]]
1157	1112234342123344	1231211223443434	[[1,2,3,11],[4,5,10,12],[6,8,13,14],[7,9,15,16]]	[[1,4,6,7],[2,5,8,9],[3,10,13,15],[11,12,14,16]]
1158	1112234342123434	1231211223443344	[[1,2,3,11],[4,5,10,12],[6,8,13,15],[7,9,14,16]]	[[1,4,6,7],[2,5,8,9],[3,10,13,14],[11,12,15,16]]
1159	1112234342132344	1231211223434434	[[1,2,3,11],[4,5,10,13],[6,8,12,14],[7,9,15,16]]	[[1,4,6,7],[2,5,8,9],[3,10,12,15],[11,13,14,16]]
1160	1112234342312344	1231211223344434	[[1,2,3,12],[4,5,10,13],[6,8,11,14],[7,9,15,16]]	[[1,4,6,7],[2,5,8,9],[3,10,11,15],[12,13,14,16]]
1161	1112312223434344	1231142342132434	[[1,2,3,6],[4,7,8,9],[5,10,12,14],[11,13,15,16]]	[[1,4,5,11],[2,7,10,13],[3,8,12,15],[6,9,14,16]]
1162	1112312223434434	1231142342132344	[[1,2,3,6],[4,7,8,9],[5,10,12,15],[11,13,14,16]]	[[1,4,5,11],[2,7,10,13],[3,8,12,14],[6,9,15,16]]
1163	1112312232434344	1231142324132434	[[1,2,3,6],[4,7,8,10],[5,9,12,14],[11,13,15,16]]	[[1,4,5,11],[2,7,9,13],[3,8,12,15],[6,10,14,16]]
1164	1112312232434434	1231142324132344	[[1,2,3,6],[4,7,8,10],[5,9,12,15],[11,13,14,16]]	[[1,4,5,11],[2,7,9,13],[3,8,12,14],[6,10,15,16]]
1165	1112312233424344	1231142323142434	[[1,2,3,6],[4,7,8,12],[5,9,10,14],[11,13,15,16]]	[[1,4,5,11],[2,7,9,13],[3,8,10,15],[6,12,14,16]]
1166	1112312233424434	1231142323142344	[[1,2,3,6],[4,7,8,12],[5,9,10,15],[11,13,14,16]]	[[1,4,5,11],[2,7,9,13],[3,8,10,14],[6,12,15,16]]
1167	1112312233442344	1231142323124434	[[1,2,3,6],[4,7,8,13],[5,9,10,14],[11,12,15,16]]	[[1,4,5,11],[2,7,9,12],[3,8,10,15],[6,13,14,16]]
1168	1112312234234344	1231142321432434	[[1,2,3,6],[4,7,8,11],[5,9,12,14],[10,13,15,16]]	[[1,4,5,10],[2,7,9,13],[3,8,12,15],[6,11,14,16]]
1169	1112312234234434	1231142321432344	[[1,2,3,6],[4,7,8,11],[5,9,12,15],[10,13,14,16]]	[[1,4,5,10],[2,7,9,13],[3,8,12,14],[6,11,15,16]]
1170	1112312234243434	1231142321423344	[[1,2,3,6],[4,7,8,11],[5,9,13,15],[10,12,14,16]]	[[1,4,5,10],[2,7,9,12],[3,8,13,14],[6,11,15,16]]
1171	1112312234342344	1231142321324434	[[1,2,3,6],[4,7,8,13],[5,9,11,14],[10,12,15,16]]	[[1,4,5,10],[2,7,9,12],[3,8,11,15],[6,13,14,16]]
1172	1112312234342434	1231142321324344	[[1,2,3,6],[4,7,8,13],[5,9,11,15],[10,12,14,16]]	[[1,4,5,10],[2,7,9,12],[3,8,11,14],[6,13,15,16]]
1173	1112312234344234	1231142321323444	[[1,2,3,6],[4,7,8,14],[5,9,11,15],[10,12,13,16]]	[[1,4,5,10],[2,7,9,12],[3,8,11,13],[6,14,15,16]]
1174	1112312234423434	1231142321243344	[[1,2,3,6],[4,7,8,12],[5,9,13,15],[10,11,14,16]]	[[1,4,5,10],[2,7,9,11],[3,8,13,14],[6,12,15,16]]
1175	1112312242334344	1231142314232434	[[1,2,3,6],[4,7,8,10],[5,11,12,14],[9,13,15,16]]	[[1,4,5,9],[2,7,11,13],[3,8,12,15],[6,10,14,16]]
1176	1112312242334434	1231142314232344	[[1,2,3,6],[4,7,8,10],[5,11,12,15],[9,13,14,16]]	[[1,4,5,9],[2,7,11,13],[3,8,12,14],[6,10,15,16]]
1177	1112312242343434	1231142314223344	[[1,2,3,6],[4,7,8,10],[5,11,13,15],[9,12,14,16]]	[[1,4,5,9],[2,7,11,12],[3,8,13,14],[6,10,15,16]]
1178	1112312243234344	1231142312432434	[[1,2,3,6],[4,7,8,11],[5,10,12,14],[9,13,15,16]]	[[1,4,5,9],[2,7,10,13],[3,8,12,15],[6,11,14,16]]
1179	1112312243234434	1231142312432344	[[1,2,3,6],[4,7,8,11],[5,10,12,15],[9,13,14,16]]	[[1,4,5,9],[2,7,10,13],[3,8,12,14],[6,11,15,16]]
1180	1112312243423344	1231142312243434	[[1,2,3,6],[4,7,8,12],[5,10,13,14],[9,11,15,16]]	[[1,4,5,9],[2,7,10,11],[3,8,13,15],[6,12,14,16]]
1181	1112312243423434	1231142312243344	[[1,2,3,6],[4,7,8,12],[5,10,13,15],[9,11,14,16]]	[[1,4,5,9],[2,7,10,11],[3,8,13,14],[6,12,15,16]]
1182	1112312243432344	1231142312234434	[[1,2,3,6],[4,7,8,13],[5,10,12,14],[9,11,15,16]]	[[1,4,5,9],[2,7,10,11],[3,8,12,15],[6,13,14,16]]
1183	1112312243434234	1231142312233444	[[1,2,3,6],[4,7,8,14],[5,10,12,15],[9,11,13,16]]	[[1,4,5,9],[2,7,10,11],[3,8,12,13],[6,14,15,16]]
1184	1112312323424344	1231142233142434	[[1,2,3,6],[4,7,9,12],[5,8,10,14],[11,13,15,16]]	[[1,4,5,11],[2,7,8,13],[3,9,10,15],[6,12,14,16]]
1185	1112312323424434	1231142233142344	[[1,2,3,6],[4,7,9,12],[5,8,10,15],[11,13,14,16]]	[[1,4,5,11],[2,7,8,13],[3,9,10,14],[6,12,15,16]]
1186	1112312323442344	1231142233124434	[[1,2,3,6],[4,7,9,13],[5,8,10,14],[11,12,15,16]]	[[1,4,5,11],[2,7,8,12],[3,9,10,15],[6,13,14,16]]
1187	1112312324234344	1231142231432434	[[1,2,3,6],[4,7,9,11],[5,8,12,14],[10,13,15,16]]	[[1,4,5,10],[2,7,8,13],[3,9,12,15],[6,11,14,16]]
1188	1112312324234434	1231142231432344	[[1,2,3,6],[4,7,9,11],[5,8,12,15],[10,13,14,16]]	[[1,4,5,10],[2,7,8,13],[3,9,12,14],[6,11,15,16]]
1189	1112312324243434	1231142231423344	[[1,2,3,6],[4,7,9,11],[5,8,13,15],[10,12,14,16]]	[[1,4,5,10],[2,7,8,12],[3,9,13,14],[6,11,15,16]]
1190	1112312324342344	1231142231324434	[[1,2,3,6],[4,7,9,13],[5,8,11,14],[10,12,15,16]]	[[1,4,5,10],[2,7,8,12],[3,9,11,15],[6,13,14,16]]
1191	1112312324342434	1231142231324344	[[1,2,3,6],[4,7,9,13],[5,8,11,15],[10,12,14,16]]	[[1,4,5,10],[2,7,8,12],[3,9,11,14],[6,13,15,16]]
1192	1112312324344234	1231142231323444	[[1,2,3,6],[4,7,9,14],[5,8,11,15],[10,12,13,16]]	[[1,4,5,10],[2,7,8,12],[3,9,11,13],[6,14,15,16]]
1193	1112312324423434	1231142231243344	[[1,2,3,6],[4,7,9,12],[5,8,13,15],[10,11,14,16]]	[[1,4,5,10],[2,7,8,11],[3,9,13,14],[6,12,15,16]]
1194	1112312342234344	1231142213432434	[[1,2,3,6],[4,7,10,11],[5,8,12,14],[9,13,15,16]]	[[1,4,5,9],[2,7,8,13],[3,10,12,15],[6,11,14,16]]
1195	1112312342234434	1231142213432344	[[1,2,3,6],[4,7,10,11],[5,8,12,15],[9,13,14,16]]	[[1,4,5,9],[2,7,8,13],[3,10,12,14],[6,11,15,16]]
1196	1112312342324344	1231142213342434	[[1,2,3,6],[4,7,10,12],[5,8,11,14],[9,13,15,16]]	[[1,4,5,9],[2,7,8,13],[3,10,11,15],[6,12,14,16]]
1197	1112312342324434	1231142213342344	[[1,2,3,6],[4,7,10,12],[5,8,11,15],[9,13,14,16]]	[[1,4,5,9],[2,7,8,13],[3,10,11,14],[6,12,15,16]]
1198	1112312342342344	1231142213324434	[[1,2,3,6],[4,7,10,13],[5,8,11,14],[9,12,15,16]]	[[1,4,5,9],[2,7,8,12],[3,10,11,15],[6,13,14,16]]
1199	1112312342342434	1231142213324344	[[1,2,3,6],[4,7,10,13],[5,8,11,15],[9,12,14,16]]	[[1,4,5,9],[2,7,8,12],[3,10,11,14],[6,13,15,16]]
1200	1112312342344234	1231142213323444	[[1,2,3,6],[4,7,10,14],[5,8,11,15],[9,12,13,16]]	[[1,4,5,9],[2,7,8,12],[3,10,11,13],[6,14,15,16]]
1201	1112312342423344	1231142213243434	[[1,2,3,6],[4,7,10,12],[5,8,13,14],[9,11,15,16]]	[[1,4,5,9],[2,7,8,11],[3,10,13,15],[6,12,14,16]]
1202	1112312342423434	1231142213243344	[[1,2,3,6],[4,7,10,12],[5,8,13,15],[9,11,14,16]]	[[1,4,5,9],[2,7,8,11],[3,10,13,14],[6,12,15,16]]
1203	1112312342432344	1231142213234434	[[1,2,3,6],[4,7,10,13],[5,8,12,14],[9,11,15,16]]	[[1,4,5,9],[2,7,8,11],[3,10,12,15],[6,13,14,16]]
1204	1112312342434234	1231142213233444	[[1,2,3,6],[4,7,10,14],[5,8,12,15],[9,11,13,16]]	[[1,4,5,9],[2,7,8,11],[3,10,12,13],[6,14,15,16]]
1205	1112312344234234	1231142212333444	[[1,2,3,6],[4,7,11,14],[5,8,12,15],[9,10,13,16]]	[[1,4,5,9],[2,7,8,10],[3,11,12,13],[6,14,15,16]]
1206	1112312422343434	1231142134223344	[[1,2,3,6],[4,7,9,10],[5,11,13,15],[8,12,14,16]]	[[1,4,5,8],[2,7,11,12],[3,9,13,14],[6,10,15,16]]
1207	1112312423234344	1231142132432434	[[1,2,3,6],[4,7,9,11],[5,10,12,14],[8,13,15,16]]	[[1,4,5,8],[2,7,10,13],[3,9,12,15],[6,11,14,16]]
1208	1112312423234434	1231142132432344	[[1,2,3,6],[4,7,9,11],[5,10,12,15],[8,13,14,16]]	[[1,4,5,8],[2,7,10,13],[3,9,12,14],[6,11,15,16]]
1209	1112312423243434	1231142132423344	[[1,2,3,6],[4,7,9,11],[5,10,13,15],[8,12,14,16]]	[[1,4,5,8],[2,7,10,12],[3,9,13,14],[6,11,15,16]]
1210	1112312423342344	1231142132324434	[[1,2,3,6],[4,7,9,13],[5,10,11,14],[8,12,15,16]]	[[1,4,5,8],[2,7,10,12],[3,9,11,15],[6,13,14,16]]
1211	1112312423342434	1231142132324344	[[1,2,3,6],[4,7,9,13],[5,10,11,15],[8,12,14,16]]	[[1,4,5,8],[2,7,10,12],[3,9,11,14],[6,13,15,16]]
1212	1112312423344234	1231142132323444	[[1,2,3,6],[4,7,9,14],[5,10,11,15],[8,12,13,16]]	[[1,4,5,8],[2,7,10,12],[3,9,11,13],[6,14,15,16]]
1213	1112312423423344	1231142132243434	[[1,2,3,6],[4,7,9,12],[5,10,13,14],[8,11,15,16]]	[[1,4,5,8],[2,7,10,11],[3,9,13,15],[6,12,14,16]]
1214	1112312423423434	1231142132243344	[[1,2,3,6],[4,7,9,12],[5,10,13,15],[8,11,14,16]]	[[1,4,5,8],[2,7,10,11],[3,9,13,14],[6,12,15,16]]
1215	1112312423432344	1231142132234434	[[1,2,3,6],[4,7,9,13],[5,10,12,14],[8,11,15,16]]	[[1,4,5,8],[2,7,10,11],[3,9,12,15],[6,13,14,16]]
1216	1112312423434234	1231142132233444	[[1,2,3,6],[4,7,9,14],[5,10,12,15],[8,11,13,16]]	[[1,4,5,8],[2,7,10,11],[3,9,12,13],[6,14,15,16]]
1217	1112312432344234	1231142123323444	[[1,2,3,6],[4,7,10,14],[5,9,11,15],[8,12,13,16]]	[[1,4,5,8],[2,7,9,12],[3,10,11,13],[6,14,15,16]]
1218	1112312434223434	1231142122343344	[[1,2,3,6],[4,7,11,12],[5,9,13,15],[8,10,14,16]]	[[1,4,5,8],[2,7,9,10],[3,11,13,14],[6,12,15,16]]
1219	1112312434232344	1231142122334434	[[1,2,3,6],[4,7,11,13],[5,9,12,14],[8,10,15,16]]	[[1,4,5,8],[2,7,9,10],[3,11,12,15],[6,13,14,16]]
1220	1112312434232434	1231142122334344	[[1,2,3,6],[4,7,11,13],[5,9,12,15],[8,10,14,16]]	[[1,4,5,8],[2,7,9,10],[3,11,12,14],[6,13,15,16]]
1221	1112312434234234	1231142122333444	[[1,2,3,6],[4,7,11,14],[5,9,12,15],[8,10,13,16]]	[[1,4,5,8],[2,7,9,10],[3,11,12,13],[6,14,15,16]]
1222	1112314223432344	1231141232234434	[[1,2,3,6],[4,8,9,13],[5,10,12,14],[7,11,15,16]]	[[1,4,5,7],[2,8,10,11],[3,9,12,15],[6,13,14,16]]
1223	1112314223434234	1231141232233444	[[1,2,3,6],[4,8,9,14],[5,10,12,15],[7,11,13,16]]	[[1,4,5,7],[2,8,10,11],[3,9,12,13],[6,14,15,16]]
1224	1112314232234344	1231141223432434	[[1,2,3,6],[4,8,10,11],[5,9,12,14],[7,13,15,16]]	[[1,4,5,7],[2,8,9,13],[3,10,12,15],[6,11,14,16]]
1225	1112314232234434	1231141223432344	[[1,2,3,6],[4,8,10,11],[5,9,12,15],[7,13,14,16]]	[[1,4,5,7],[2,8,9,13],[3,10,12,14],[6,11,15,16]]
1226	1112314232324344	1231141223342434	[[1,2,3,6],[4,8,10,12],[5,9,11,14],[7,13,15,16]]	[[1,4,5,7],[2,8,9,13],[3,10,11,15],[6,12,14,16]]
1227	1112314232324434	1231141223342344	[[1,2,3,6],[4,8,10,12],[5,9,11,15],[7,13,14,16]]	[[1,4,5,7],[2,8,9,13],[3,10,11,14],[6,12,15,16]]
1228	1112314232342344	1231141223324434	[[1,2,3,6],[4,8,10,13],[5,9,11,14],[7,12,15,16]]	[[1,4,5,7],[2,8,9,12],[3,10,11,15],[6,13,14,16]]
1229	1112314232342434	1231141223324344	[[1,2,3,6],[4,8,10,13],[5,9,11,15],[7,12,14,16]]	[[1,4,5,7],[2,8,9,12],[3,10,11,14],[6,13,15,16]]
1230	1112314232344234	1231141223323444	[[1,2,3,6],[4,8,10,14],[5,9,11,15],[7,12,13,16]]	[[1,4,5,7],[2,8,9,12],[3,10,11,13],[6,14,15,16]]
1231	1112314232423344	1231141223243434	[[1,2,3,6],[4,8,10,12],[5,9,13,14],[7,11,15,16]]	[[1,4,5,7],[2,8,9,11],[3,10,13,15],[6,12,14,16]]
1232	1112314232423434	1231141223243344	[[1,2,3,6],[4,8,10,12],[5,9,13,15],[7,11,14,16]]	[[1,4,5,7],[2,8,9,11],[3,10,13,14],[6,12,15,16]]
1233	1112314232432344	1231141223234434	[[1,2,3,6],[4,8,10,13],[5,9,12,14],[7,11,15,16]]	[[1,4,5,7],[2,8,9,11],[3,10,12,15],[6,13,14,16]]
1234	1112314232434234	1231141223233444	[[1,2,3,6],[4,8,10,14],[5,9,12,15],[7,11,13,16]]	[[1,4,5,7],[2,8,9,11],[3,10,12,13],[6,14,15,16]]
1235	1112314234223434	1231141222343344	[[1,2,3,6],[4,8,11,12],[5,9,13,15],[7,10,14,16]]	[[1,4,5,7],[2,8,9,10],[3,11,13,14],[6,12,15,16]]
1236	1112314234232344	1231141222334434	[[1,2,3,6],[4,8,11,13],[5,9,12,14],[7,10,15,16]]	[[1,4,5,7],[2,8,9,10],[3,11,12,15],[6,13,14,16]]
1237	1112314234232434	1231141222334344	[[1,2,3,6],[4,8,11,13],[5,9,12,15],[7,10,14,16]]	[[1,4,5,7],[2,8,9,10],[3,11,12,14],[6,13,15,16]]
1238	1112314234234234	1231141222333444	[[1,2,3,6],[4,8,11,14],[5,9,12,15],[7,10,13,16]]	[[1,4,5,7],[2,8,9,10],[3,11,12,13],[6,14,15,16]]
1239	1112321233424344	1231124323142434	[[1,2,3,7],[4,6,8,12],[5,9,10,14],[11,13,15,16]]	[[1,4,5,11],[2,6,9,13],[3,8,10,15],[7,12,14,16]]
1240	1112321233424434	1231124323142344	[[1,2,3,7],[4,6,8,12],[5,9,10,15],[11,13,14,16]]	[[1,4,5,11],[2,6,9,13],[3,8,10,14],[7,12,15,16]]
1241	1112321234234344	1231124321432434	[[1,2,3,7],[4,6,8,11],[5,9,12,14],[10,13,15,16]]	[[1,4,5,10],[2,6,9,13],[3,8,12,15],[7,11,14,16]]
1242	1112321234234434	1231124321432344	[[1,2,3,7],[4,6,8,11],[5,9,12,15],[10,13,14,16]]	[[1,4,5,10],[2,6,9,13],[3,8,12,14],[7,11,15,16]]
1243	1112321234243434	1231124321423344	[[1,2,3,7],[4,6,8,11],[5,9,13,15],[10,12,14,16]]	[[1,4,5,10],[2,6,9,12],[3,8,13,14],[7,11,15,16]]
1244	1112321234342344	1231124321324434	[[1,2,3,7],[4,6,8,13],[5,9,11,14],[10,12,15,16]]	[[1,4,5,10],[2,6,9,12],[3,8,11,15],[7,13,14,16]]
1245	1112321234342434	1231124321324344	[[1,2,3,7],[4,6,8,13],[5,9,11,15],[10,12,14,16]]	[[1,4,5,10],[2,6,9,12],[3,8,11,14],[7,13,15,16]]
1246	1112321234344234	1231124321323444	[[1,2,3,7],[4,6,8,14],[5,9,11,15],[10,12,13,16]]	[[1,4,5,10],[2,6,9,12],[3,8,11,13],[7,14,15,16]]
1247	1112321243234434	1231124312432344	[[1,2,3,7],[4,6,8,11],[5,10,12,15],[9,13,14,16]]	[[1,4,5,9],[2,6,10,13],[3,8,12,14],[7,11,15,16]]
1248	1112321243423344	1231124312243434	[[1,2,3,7],[4,6,8,12],[5,10,13,14],[9,11,15,16]]	[[1,4,5,9],[2,6,10,11],[3,8,13,15],[7,12,14,16]]
1249	1112321243423434	1231124312243344	[[1,2,3,7],[4,6,8,12],[5,10,13,15],[9,11,14,16]]	[[1,4,5,9],[2,6,10,11],[3,8,13,14],[7,12,15,16]]
1250	1112321243432344	1231124312234434	[[1,2,3,7],[4,6,8,13],[5,10,12,14],[9,11,15,16]]	[[1,4,5,9],[2,6,10,11],[3,8,12,15],[7,13,14,16]]
1251	1112321243434234	1231124312233444	[[1,2,3,7],[4,6,8,14],[5,10,12,15],[9,11,13,16]]	[[1,4,5,9],[2,6,10,11],[3,8,12,13],[7,14,15,16]]
1252	1112321342234344	1231124213432434	[[1,2,3,7],[4,6,10,11],[5,8,12,14],[9,13,15,16]]	[[1,4,5,9],[2,6,8,13],[3,10,12,15],[7,11,14,16]]
1253	1112321342234434	1231124213432344	[[1,2,3,7],[4,6,10,11],[5,8,12,15],[9,13,14,16]]	[[1,4,5,9],[2,6,8,13],[3,10,12,14],[7,11,15,16]]
1254	1112321342324344	1231124213342434	[[1,2,3,7],[4,6,10,12],[5,8,11,14],[9,13,15,16]]	[[1,4,5,9],[2,6,8,13],[3,10,11,15],[7,12,14,16]]
1255	1112321342342344	1231124213324434	[[1,2,3,7],[4,6,10,13],[5,8,11,14],[9,12,15,16]]	[[1,4,5,9],[2,6,8,12],[3,10,11,15],[7,13,14,16]]
1256	1112321342342434	1231124213324344	[[1,2,3,7],[4,6,10,13],[5,8,11,15],[9,12,14,16]]	[[1,4,5,9],[2,6,8,12],[3,10,11,14],[7,13,15,16]]
1257	1112321342344234	1231124213323444	[[1,2,3,7],[4,6,10,14],[5,8,11,15],[9,12,13,16]]	[[1,4,5,9],[2,6,8,12],[3,10,11,13],[7,14,15,16]]
1258	1112321342423344	1231124213243434	[[1,2,3,7],[4,6,10,12],[5,8,13,14],[9,11,15,16]]	[[1,4,5,9],[2,6,8,11],[3,10,13,15],[7,12,14,16]]
1259	1112321342423434	1231124213243344	[[1,2,3,7],[4,6,10,12],[5,8,13,15],[9,11,14,16]]	[[1,4,5,9],[2,6,8,11],[3,10,13,14],[7,12,15,16]]
1260	1112321342432344	1231124213234434	[[1,2,3,7],[4,6,10,13],[5,8,12,14],[9,11,15,16]]	[[1,4,5,9],[2,6,8,11],[3,10,12,15],[7,13,14,16]]
1261	1112321342434234	1231124213233444	[[1,2,3,7],[4,6,10,14],[5,8,12,15],[9,11,13,16]]	[[1,4,5,9],[2,6,8,11],[3,10,12,13],[7,14,15,16]]
1262	1112322343412344	1231123213244434	[[1,2,3,12],[4,6,7,13],[5,8,10,14],[9,11,15,16]]	[[1,4,5,9],[2,6,8,11],[3,7,10,15],[12,13,14,16]]
1263	1112323122434344	1231122434132434	[[1,2,3,8],[4,6,9,10],[5,7,12,14],[11,13,15,16]]	[[1,4,5,11],[2,6,7,13],[3,9,12,15],[8,10,14,16]]
1264	1112323123424344	1231122433142434	[[1,2,3,8],[4,6,9,12],[5,7,10,14],[11,13,15,16]]	[[1,4,5,11],[2,6,7,13],[3,9,10,15],[8,12,14,16]]
1265	1112323124234344	1231122431432434	[[1,2,3,8],[4,6,9,11],[5,7,12,14],[10,13,15,16]]	[[1,4,5,10],[2,6,7,13],[3,9,12,15],[8,11,14,16]]
1266	1112323124243434	1231122431423344	[[1,2,3,8],[4,6,9,11],[5,7,13,15],[10,12,14,16]]	[[1,4,5,10],[2,6,7,12],[3,9,13,14],[8,11,15,16]]
1267	1112323124342344	1231122431324434	[[1,2,3,8],[4,6,9,13],[5,7,11,14],[10,12,15,16]]	[[1,4,5,10],[2,6,7,12],[3,9,11,15],[8,13,14,16]]
1268	1112323124342434	1231122431324344	[[1,2,3,8],[4,6,9,13],[5,7,11,15],[10,12,14,16]]	[[1,4,5,10],[2,6,7,12],[3,9,11,14],[8,13,15,16]]
1269	1112323124344234	1231122431323444	[[1,2,3,8],[4,6,9,14],[5,7,11,15],[10,12,13,16]]	[[1,4,5,10],[2,6,7,12],[3,9,11,13],[8,14,15,16]]
1270	1112323142234344	1231122413432434	[[1,2,3,8],[4,6,10,11],[5,7,12,14],[9,13,15,16]]	[[1,4,5,9],[2,6,7,13],[3,10,12,15],[8,11,14,16]]
1271	1112323142324344	1231122413342434	[[1,2,3,8],[4,6,10,12],[5,7,11,14],[9,13,15,16]]	[[1,4,5,9],[2,6,7,13],[3,10,11,15],[8,12,14,16]]
1272	1112323142342344	1231122413324434	[[1,2,3,8],[4,6,10,13],[5,7,11,14],[9,12,15,16]]	[[1,4,5,9],[2,6,7,12],[3,10,11,15],[8,13,14,16]]
1273	1112323142342434	1231122413324344	[[1,2,3,8],[4,6,10,13],[5,7,11,15],[9,12,14,16]]	[[1,4,5,9],[2,6,7,12],[3,10,11,14],[8,13,15,16]]
1274	1112323142344234	1231122413323444	[[1,2,3,8],[4,6,10,14],[5,7,11,15],[9,12,13,16]]	[[1,4,5,9],[2,6,7,12],[3,10,11,13],[8,14,15,16]]
1275	1112323142423344	1231122413243434	[[1,2,3,8],[4,6,10,12],[5,7,13,14],[9,11,15,16]]	[[1,4,5,9],[2,6,7,11],[3,10,13,15],[8,12,14,16]]
1276	1112323142423434	1231122413243344	[[1,2,3,8],[4,6,10,12],[5,7,13,15],[9,11,14,16]]	[[1,4,5,9],[2,6,7,11],[3,10,13,14],[8,12,15,16]]
1277	1112323142432344	1231122413234434	[[1,2,3,8],[4,6,10,13],[5,7,12,14],[9,11,15,16]]	[[1,4,5,9],[2,6,7,11],[3,10,12,15],[8,13,14,16]]
1278	1112323142434234	1231122413233444	[[1,2,3,8],[4,6,10,14],[5,7,12,15],[9,11,13,16]]	[[1,4,5,9],[2,6,7,11],[3,10,12,13],[8,14,15,16]]
1279	1112323212434344	1231122344132434	[[1,2,3,9],[4,6,8,10],[5,7,12,14],[11,13,15,16]]	[[1,4,5,11],[2,6,7,13],[3,8,12,15],[9,10,14,16]]
1280	1112323213424344	1231122343142434	[[1,2,3,9],[4,6,8,12],[5,7,10,14],[11,13,15,16]]	[[1,4,5,11],[2,6,7,13],[3,8,10,15],[9,12,14,16]]
1281	1112323231424344	1231122334142434	[[1,2,3,10],[4,6,8,12],[5,7,9,14],[11,13,15,16]]	[[1,4,5,11],[2,6,7,13],[3,8,9,15],[10,12,14,16]]
1282	1112323234124344	1231122331442434	[[1,2,3,11],[4,6,8,12],[5,7,9,14],[10,13,15,16]]	[[1,4,5,10],[2,6,7,13],[3,8,9,15],[11,12,14,16]]
1283	1112323234142344	1231122331424434	[[1,2,3,11],[4,6,8,13],[5,7,9,14],[10,12,15,16]]	[[1,4,5,10],[2,6,7,12],[3,8,9,15],[11,13,14,16]]
1284	1112323234412344	1231122331244434	[[1,2,3,12],[4,6,8,13],[5,7,9,14],[10,11,15,16]]	[[1,4,5,10],[2,6,7,11],[3,8,9,15],[12,13,14,16]]
1285	1112323241234344	1231122314432434	[[1,2,3,10],[4,6,8,11],[5,7,12,14],[9,13,15,16]]	[[1,4,5,9],[2,6,7,13],[3,8,12,15],[10,11,14,16]]
1286	1112323241243434	1231122314423344	[[1,2,3,10],[4,6,8,11],[5,7,13,15],[9,12,14,16]]	[[1,4,5,9],[2,6,7,12],[3,8,13,14],[10,11,15,16]]
1287	1112323241324344	1231122314342434	[[1,2,3,10],[4,6,8,12],[5,7,11,14],[9,13,15,16]]	[[1,4,5,9],[2,6,7,13],[3,8,11,15],[10,12,14,16]]
1288	1112323241342344	1231122314324434	[[1,2,3,10],[4,6,8,13],[5,7,11,14],[9,12,15,16]]	[[1,4,5,9],[2,6,7,12],[3,8,11,15],[10,13,14,16]]
1289	1112323241423344	1231122314243434	[[1,2,3,10],[4,6,8,12],[5,7,13,14],[9,11,15,16]]	[[1,4,5,9],[2,6,7,11],[3,8,13,15],[10,12,14,16]]
1290	1112323241423434	1231122314243344	[[1,2,3,10],[4,6,8,12],[5,7,13,15],[9,11,14,16]]	[[1,4,5,9],[2,6,7,11],[3,8,13,14],[10,12,15,16]]
1291	1112323243124344	1231122313442434	[[1,2,3,11],[4,6,8,12],[5,7,10,14],[9,13,15,16]]	[[1,4,5,9],[2,6,7,13],[3,8,10,15],[11,12,14,16]]
1292	1112323243412344	1231122313244434	[[1,2,3,12],[4,6,8,13],[5,7,10,14],[9,11,15,16]]	[[1,4,5,9],[2,6,7,11],[3,8,10,15],[12,13,14,16]]
1293	1112323244123434	1231122312443344	[[1,2,3,11],[4,6,8,12],[5,7,13,15],[9,10,14,16]]	[[1,4,5,9],[2,6,7,10],[3,8,13,14],[11,12,15,16]]
1294	1112323412234344	1231122143432434	[[1,2,3,9],[4,6,10,11],[5,7,12,14],[8,13,15,16]]	[[1,4,5,8],[2,6,7,13],[3,10,12,15],[9,11,14,16]]
1295	1112323412243434	1231122143423344	[[1,2,3,9],[4,6,10,11],[5,7,13,15],[8,12,14,16]]	[[1,4,5,8],[2,6,7,12],[3,10,13,14],[9,11,15,16]]
1296	1112323412324344	1231122143342434	[[1,2,3,9],[4,6,10,12],[5,7,11,14],[8,13,15,16]]	[[1,4,5,8],[2,6,7,13],[3,10,11,15],[9,12,14,16]]
1297	1112323412342344	1231122143324434	[[1,2,3,9],[4,6,10,13],[5,7,11,14],[8,12,15,16]]	[[1,4,5,8],[2,6,7,12],[3,10,11,15],[9,13,14,16]]
1298	1112323412342434	1231122143324344	[[1,2,3,9],[4,6,10,13],[5,7,11,15],[8,12,14,16]]	[[1,4,5,8],[2,6,7,12],[3,10,11,14],[9,13,15,16]]
1299	1112323412344234	1231122143323444	[[1,2,3,9],[4,6,10,14],[5,7,11,15],[8,12,13,16]]	[[1,4,5,8],[2,6,7,12],[3,10,11,13],[9,14,15,16]]
1300	1112323412423344	1231122143243434	[[1,2,3,9],[4,6,10,12],[5,7,13,14],[8,11,15,16]]	[[1,4,5,8],[2,6,7,11],[3,10,13,15],[9,12,14,16]]
1301	1112323412423434	1231122143243344	[[1,2,3,9],[4,6,10,12],[5,7,13,15],[8,11,14,16]]	[[1,4,5,8],[2,6,7,11],[3,10,13,14],[9,12,15,16]]
1302	1112323412432344	1231122143234434	[[1,2,3,9],[4,6,10,13],[5,7,12,14],[8,11,15,16]]	[[1,4,5,8],[2,6,7,11],[3,10,12,15],[9,13,14,16]]
1303	1112323412434234	1231122143233444	[[1,2,3,9],[4,6,10,14],[5,7,12,15],[8,11,13,16]]	[[1,4,5,8],[2,6,7,11],[3,10,12,13],[9,14,15,16]]
1304	1112323414223434	1231122142343344	[[1,2,3,9],[4,6,11,12],[5,7,13,15],[8,10,14,16]]	[[1,4,5,8],[2,6,7,10],[3,11,13,14],[9,12,15,16]]
1305	1112323414232344	1231122142334434	[[1,2,3,9],[4,6,11,13],[5,7,12,14],[8,10,15,16]]	[[1,4,5,8],[2,6,7,10],[3,11,12,15],[9,13,14,16]]
1306	1112323414232434	1231122142334344	[[1,2,3,9],[4,6,11,13],[5,7,12,15],[8,10,14,16]]	[[1,4,5,8],[2,6,7,10],[3,11,12,14],[9,13,15,16]]
1307	1112323414234234	1231122142333444	[[1,2,3,9],[4,6,11,14],[5,7,12,15],[8,10,13,16]]	[[1,4,5,8],[2,6,7,10],[3,11,12,13],[9,14,15,16]]
1308	1112323421234344	1231122134432434	[[1,2,3,10],[4,6,9,11],[5,7,12,14],[8,13,15,16]]	[[1,4,5,8],[2,6,7,13],[3,9,12,15],[10,11,14,16]]
1309	1112323421243434	1231122134423344	[[1,2,3,10],[4,6,9,11],[5,7,13,15],[8,12,14,16]]	[[1,4,5,8],[2,6,7,12],[3,9,13,14],[10,11,15,16]]
1310	1112323423124344	1231122133442434	[[1,2,3,11],[4,6,9,12],[5,7,10,14],[8,13,15,16]]	[[1,4,5,8],[2,6,7,13],[3,9,10,15],[11,12,14,16]]
1311	1112323423142344	1231122133424434	[[1,2,3,11],[4,6,9,13],[5,7,10,14],[8,12,15,16]]	[[1,4,5,8],[2,6,7,12],[3,9,10,15],[11,13,14,16]]
1312	1112323423412344	1231122133244434	[[1,2,3,12],[4,6,9,13],[5,7,10,14],[8,11,15,16]]	[[1,4,5,8],[2,6,7,11],[3,9,10,15],[12,13,14,16]]
1313	1112323424123344	1231122132443434	[[1,2,3,11],[4,6,9,12],[5,7,13,14],[8,10,15,16]]	[[1,4,5,8],[2,6,7,10],[3,9,13,15],[11,12,14,16]]
1314	1112323424123434	1231122132443344	[[1,2,3,11],[4,6,9,12],[5,7,13,15],[8,10,14,16]]	[[1,4,5,8],[2,6,7,10],[3,9,13,14],[11,12,15,16]]
1315	1112323424132344	1231122132434434	[[1,2,3,11],[4,6,9,13],[5,7,12,14],[8,10,15,16]]	[[1,4,5,8],[2,6,7,10],[3,9,12,15],[11,13,14,16]]
1316	1112323424312344	1231122132344434	[[1,2,3,12],[4,6,9,13],[5,7,11,14],[8,10,15,16]]	[[1,4,5,8],[2,6,7,10],[3,9,11,15],[12,13,14,16]]
1317	1112323441234234	1231122124333444	[[1,2,3,10],[4,6,11,14],[5,7,12,15],[8,9,13,16]]	[[1,4,5,8],[2,6,7,9],[3,11,12,13],[10,14,15,16]]
1318	1112324122334344	1231121434232434	[[1,2,3,8],[4,6,9,10],[5,11,12,14],[7,13,15,16]]	[[1,4,5,7],[2,6,11,13],[3,9,12,15],[8,10,14,16]]
1319	1112324122343434	1231121434223344	[[1,2,3,8],[4,6,9,10],[5,11,13,15],[7,12,14,16]]	[[1,4,5,7],[2,6,11,12],[3,9,13,14],[8,10,15,16]]
1320	1112324123234344	1231121432432434	[[1,2,3,8],[4,6,9,11],[5,10,12,14],[7,13,15,16]]	[[1,4,5,7],[2,6,10,13],[3,9,12,15],[8,11,14,16]]
1321	1112324123243434	1231121432423344	[[1,2,3,8],[4,6,9,11],[5,10,13,15],[7,12,14,16]]	[[1,4,5,7],[2,6,10,12],[3,9,13,14],[8,11,15,16]]
1322	1112324123342344	1231121432324434	[[1,2,3,8],[4,6,9,13],[5,10,11,14],[7,12,15,16]]	[[1,4,5,7],[2,6,10,12],[3,9,11,15],[8,13,14,16]]
1323	1112324123342434	1231121432324344	[[1,2,3,8],[4,6,9,13],[5,10,11,15],[7,12,14,16]]	[[1,4,5,7],[2,6,10,12],[3,9,11,14],[8,13,15,16]]
1324	1112324123344234	1231121432323444	[[1,2,3,8],[4,6,9,14],[5,10,11,15],[7,12,13,16]]	[[1,4,5,7],[2,6,10,12],[3,9,11,13],[8,14,15,16]]
1325	1112324123423344	1231121432243434	[[1,2,3,8],[4,6,9,12],[5,10,13,14],[7,11,15,16]]	[[1,4,5,7],[2,6,10,11],[3,9,13,15],[8,12,14,16]]
1326	1112324123423434	1231121432243344	[[1,2,3,8],[4,6,9,12],[5,10,13,15],[7,11,14,16]]	[[1,4,5,7],[2,6,10,11],[3,9,13,14],[8,12,15,16]]
1327	1112324123432344	1231121432234434	[[1,2,3,8],[4,6,9,13],[5,10,12,14],[7,11,15,16]]	[[1,4,5,7],[2,6,10,11],[3,9,12,15],[8,13,14,16]]
1328	1112324123434234	1231121432233444	[[1,2,3,8],[4,6,9,14],[5,10,12,15],[7,11,13,16]]	[[1,4,5,7],[2,6,10,11],[3,9,12,13],[8,14,15,16]]
1329	1112324132324344	1231121423342434	[[1,2,3,8],[4,6,10,12],[5,9,11,14],[7,13,15,16]]	[[1,4,5,7],[2,6,9,13],[3,10,11,15],[8,12,14,16]]
1330	1112324132342344	1231121423324434	[[1,2,3,8],[4,6,10,13],[5,9,11,14],[7,12,15,16]]	[[1,4,5,7],[2,6,9,12],[3,10,11,15],[8,13,14,16]]
1331	1112324132342434	1231121423324344	[[1,2,3,8],[4,6,10,13],[5,9,11,15],[7,12,14,16]]	[[1,4,5,7],[2,6,9,12],[3,10,11,14],[8,13,15,16]]
1332	1112324132344234	1231121423323444	[[1,2,3,8],[4,6,10,14],[5,9,11,15],[7,12,13,16]]	[[1,4,5,7],[2,6,9,12],[3,10,11,13],[8,14,15,16]]
1333	1112324132423344	1231121423243434	[[1,2,3,8],[4,6,10,12],[5,9,13,14],[7,11,15,16]]	[[1,4,5,7],[2,6,9,11],[3,10,13,15],[8,12,14,16]]
1334	1112324132423434	1231121423243344	[[1,2,3,8],[4,6,10,12],[5,9,13,15],[7,11,14,16]]	[[1,4,5,7],[2,6,9,11],[3,10,13,14],[8,12,15,16]]
1335	1112324132432344	1231121423234434	[[1,2,3,8],[4,6,10,13],[5,9,12,14],[7,11,15,16]]	[[1,4,5,7],[2,6,9,11],[3,10,12,15],[8,13,14,16]]
1336	1112324132434234	1231121423233444	[[1,2,3,8],[4,6,10,14],[5,9,12,15],[7,11,13,16]]	[[1,4,5,7],[2,6,9,11],[3,10,12,13],[8,14,15,16]]
1337	1112324134232344	1231121422334434	[[1,2,3,8],[4,6,11,13],[5,9,12,14],[7,10,15,16]]	[[1,4,5,7],[2,6,9,10],[3,11,12,15],[8,13,14,16]]
1338	1112324134232434	1231121422334344	[[1,2,3,8],[4,6,11,13],[5,9,12,15],[7,10,14,16]]	[[1,4,5,7],[2,6,9,10],[3,11,12,14],[8,13,15,16]]
1339	1112324134234234	1231121422333444	[[1,2,3,8],[4,6,11,14],[5,9,12,15],[7,10,13,16]]	[[1,4,5,7],[2,6,9,10],[3,11,12,13],[8,14,15,16]]
1340	1112324212343434	1231121344223344	[[1,2,3,9],[4,6,8,10],[5,11,13,15],[7,12,14,16]]	[[1,4,5,7],[2,6,11,12],[3,8,13,14],[9,10,15,16]]
1341	1112324231234344	1231121324432434	[[1,2,3,10],[4,6,8,11],[5,9,12,14],[7,13,15,16]]	[[1,4,5,7],[2,6,9,13],[3,8,12,15],[10,11,14,16]]
1342	1112324231243434	1231121324423344	[[1,2,3,10],[4,6,8,11],[5,9,13,15],[7,12,14,16]]	[[1,4,5,7],[2,6,9,12],[3,8,13,14],[10,11,15,16]]
1343	1112324231324344	1231121324342434	[[1,2,3,10],[4,6,8,12],[5,9,11,14],[7,13,15,16]]	[[1,4,5,7],[2,6,9,13],[3,8,11,15],[10,12,14,16]]
1344	1112324231342344	1231121324324434	[[1,2,3,10],[4,6,8,13],[5,9,11,14],[7,12,15,16]]	[[1,4,5,7],[2,6,9,12],[3,8,11,15],[10,13,14,16]]
1345	1112324231423344	1231121324243434	[[1,2,3,10],[4,6,8,12],[5,9,13,14],[7,11,15,16]]	[[1,4,5,7],[2,6,9,11],[3,8,13,15],[10,12,14,16]]
1346	1112324231423434	1231121324243344	[[1,2,3,10],[4,6,8,12],[5,9,13,15],[7,11,14,16]]	[[1,4,5,7],[2,6,9,11],[3,8,13,14],[10,12,15,16]]
1347	1112324233124344	1231121323442434	[[1,2,3,11],[4,6,8,12],[5,9,10,14],[7,13,15,16]]	[[1,4,5,7],[2,6,9,13],[3,8,10,15],[11,12,14,16]]
1348	1112324233412344	1231121323244434	[[1,2,3,12],[4,6,8,13],[5,9,10,14],[7,11,15,16]]	[[1,4,5,7],[2,6,9,11],[3,8,10,15],[12,13,14,16]]
1349	1112324234123344	1231121322443434	[[1,2,3,11],[4,6,8,12],[5,9,13,14],[7,10,15,16]]	[[1,4,5,7],[2,6,9,10],[3,8,13,15],[11,12,14,16]]
1350	1112324234123434	1231121322443344	[[1,2,3,11],[4,6,8,12],[5,9,13,15],[7,10,14,16]]	[[1,4,5,7],[2,6,9,10],[3,8,13,14],[11,12,15,16]]
1351	1112324234132344	1231121322434434	[[1,2,3,11],[4,6,8,13],[5,9,12,14],[7,10,15,16]]	[[1,4,5,7],[2,6,9,10],[3,8,12,15],[11,13,14,16]]
1352	1112324234312344	1231121322344434	[[1,2,3,12],[4,6,8,13],[5,9,11,14],[7,10,15,16]]	[[1,4,5,7],[2,6,9,10],[3,8,11,15],[12,13,14,16]]
1353	1112324312342344	1231121243324434	[[1,2,3,9],[4,6,10,13],[5,8,11,14],[7,12,15,16]]	[[1,4,5,7],[2,6,8,12],[3,10,11,15],[9,13,14,16]]
1354	1112324312342434	1231121243324344	[[1,2,3,9],[4,6,10,13],[5,8,11,15],[7,12,14,16]]	[[1,4,5,7],[2,6,8,12],[3,10,11,14],[9,13,15,16]]
1355	1112324312344234	1231121243323444	[[1,2,3,9],[4,6,10,14],[5,8,11,15],[7,12,13,16]]	[[1,4,5,7],[2,6,8,12],[3,10,11,13],[9,14,15,16]]
1356	1112324341223344	1231121224343434	[[1,2,3,10],[4,6,11,12],[5,8,13,14],[7,9,15,16]]	[[1,4,5,7],[2,6,8,9],[3,11,13,15],[10,12,14,16]]
1357	1112324341223434	1231121224343344	[[1,2,3,10],[4,6,11,12],[5,8,13,15],[7,9,14,16]]	[[1,4,5,7],[2,6,8,9],[3,11,13,14],[10,12,15,16]]
1358	1112324341232344	1231121224334434	[[1,2,3,10],[4,6,11,13],[5,8,12,14],[7,9,15,16]]	[[1,4,5,7],[2,6,8,9],[3,11,12,15],[10,13,14,16]]
1359	1112324341232434	1231121224334344	[[1,2,3,10],[4,6,11,13],[5,8,12,15],[7,9,14,16]]	[[1,4,5,7],[2,6,8,9],[3,11,12,14],[10,13,15,16]]
1360	1112324341234234	1231121224333444	[[1,2,3,10],[4,6,11,14],[5,8,12,15],[7,9,13,16]]	[[1,4,5,7],[2,6,8,9],[3,11,12,13],[10,14,15,16]]
1361	1112324342123344	1231121223443434	[[1,2,3,11],[4,6,10,12],[5,8,13,14],[7,9,15,16]]	[[1,4,5,7],[2,6,8,9],[3,10,13,15],[11,12,14,16]]
1362	1112324342123434	1231121223443344	[[1,2,3,11],[4,6,10,12],[5,8,13,15],[7,9,14,16]]	[[1,4,5,7],[2,6,8,9],[3,10,13,14],[11,12,15,16]]
1363	1112324342312344	1231121223344434	[[1,2,3,12],[4,6,10,13],[5,8,11,14],[7,9,15,16]]	[[1,4,5,7],[2,6,8,9],[3,10,11,15],[12,13,14,16]]
1364	1112341223234344	1231114232432434	[[1,2,3,7],[4,8,9,11],[5,10,12,14],[6,13,15,16]]	[[1,4,5,6],[2,8,10,13],[3,9,12,15],[7,11,14,16]]
1365	1112341223243434	1231114232423344	[[1,2,3,7],[4,8,9,11],[5,10,13,15],[6,12,14,16]]	[[1,4,5,6],[2,8,10,12],[3,9,13,14],[7,11,15,16]]
1366	1112341223342344	1231114232324434	[[1,2,3,7],[4,8,9,13],[5,10,11,14],[6,12,15,16]]	[[1,4,5,6],[2,8,10,12],[3,9,11,15],[7,13,14,16]]
1367	1112341223342434	1231114232324344	[[1,2,3,7],[4,8,9,13],[5,10,11,15],[6,12,14,16]]	[[1,4,5,6],[2,8,10,12],[3,9,11,14],[7,13,15,16]]
1368	1112341223344234	1231114232323444	[[1,2,3,7],[4,8,9,14],[5,10,11,15],[6,12,13,16]]	[[1,4,5,6],[2,8,10,12],[3,9,11,13],[7,14,15,16]]
1369	1112341223423344	1231114232243434	[[1,2,3,7],[4,8,9,12],[5,10,13,14],[6,11,15,16]]	[[1,4,5,6],[2,8,10,11],[3,9,13,15],[7,12,14,16]]
1370	1112341223423434	1231114232243344	[[1,2,3,7],[4,8,9,12],[5,10,13,15],[6,11,14,16]]	[[1,4,5,6],[2,8,10,11],[3,9,13,14],[7,12,15,16]]
1371	1112341223434234	1231114232233444	[[1,2,3,7],[4,8,9,14],[5,10,12,15],[6,11,13,16]]	[[1,4,5,6],[2,8,10,11],[3,9,12,13],[7,14,15,16]]
1372	1112341232324344	1231114223342434	[[1,2,3,7],[4,8,10,12],[5,9,11,14],[6,13,15,16]]	[[1,4,5,6],[2,8,9,13],[3,10,11,15],[7,12,14,16]]
1373	1112341232342344	1231114223324434	[[1,2,3,7],[4,8,10,13],[5,9,11,14],[6,12,15,16]]	[[1,4,5,6],[2,8,9,12],[3,10,11,15],[7,13,14,16]]
1374	1112341232342434	1231114223324344	[[1,2,3,7],[4,8,10,13],[5,9,11,15],[6,12,14,16]]	[[1,4,5,6],[2,8,9,12],[3,10,11,14],[7,13,15,16]]
1375	1112341232344234	1231114223323444	[[1,2,3,7],[4,8,10,14],[5,9,11,15],[6,12,13,16]]	[[1,4,5,6],[2,8,9,12],[3,10,11,13],[7,14,15,16]]
1376	1112341232423344	1231114223243434	[[1,2,3,7],[4,8,10,12],[5,9,13,14],[6,11,15,16]]	[[1,4,5,6],[2,8,9,11],[3,10,13,15],[7,12,14,16]]
1377	1112341232423434	1231114223243344	[[1,2,3,7],[4,8,10,12],[5,9,13,15],[6,11,14,16]]	[[1,4,5,6],[2,8,9,11],[3,10,13,14],[7,12,15,16]]
1378	1112341232434234	1231114223233444	[[1,2,3,7],[4,8,10,14],[5,9,12,15],[6,11,13,16]]	[[1,4,5,6],[2,8,9,11],[3,10,12,13],[7,14,15,16]]
1379	1112341234232344	1231114222334434	[[1,2,3,7],[4,8,11,13],[5,9,12,14],[6,10,15,16]]	[[1,4,5,6],[2,8,9,10],[3,11,12,15],[7,13,14,16]]
1380	1112341234232434	1231114222334344	[[1,2,3,7],[4,8,11,13],[5,9,12,15],[6,10,14,16]]	[[1,4,5,6],[2,8,9,10],[3,11,12,14],[7,13,15,16]]
1381	1112341234234234	1231114222333444	[[1,2,3,7],[4,8,11,14],[5,9,12,15],[6,10,13,16]]	[[1,4,5,6],[2,8,9,10],[3,11,12,13],[7,14,15,16]]
1382	1112342123434234	1231112432233444	[[1,2,3,8],[4,7,9,14],[5,10,12,15],[6,11,13,16]]	[[1,4,5,6],[2,7,10,11],[3,9,12,13],[8,14,15,16]]
1383	1112342312234344	1231112243432434	[[1,2,3,9],[4,7,10,11],[5,8,12,14],[6,13,15,16]]	[[1,4,5,6],[2,7,8,13],[3,10,12,15],[9,11,14,16]]
1384	1112342312243434	1231112243423344	[[1,2,3,9],[4,7,10,11],[5,8,13,15],[6,12,14,16]]	[[1,4,5,6],[2,7,8,12],[3,10,13,14],[9,11,15,16]]
1385	1112342312324344	1231112243342434	[[1,2,3,9],[4,7,10,12],[5,8,11,14],[6,13,15,16]]	[[1,4,5,6],[2,7,8,13],[3,10,11,15],[9,12,14,16]]
1386	1112342312342344	1231112243324434	[[1,2,3,9],[4,7,10,13],[5,8,11,14],[6,12,15,16]]	[[1,4,5,6],[2,7,8,12],[3,10,11,15],[9,13,14,16]]
1387	1112342312342434	1231112243324344	[[1,2,3,9],[4,7,10,13],[5,8,11,15],[6,12,14,16]]	[[1,4,5,6],[2,7,8,12],[3,10,11,14],[9,13,15,16]]
1388	1112342312423344	1231112243243434	[[1,2,3,9],[4,7,10,12],[5,8,13,14],[6,11,15,16]]	[[1,4,5,6],[2,7,8,11],[3,10,13,15],[9,12,14,16]]
1389	1112342312423434	1231112243243344	[[1,2,3,9],[4,7,10,12],[5,8,13,15],[6,11,14,16]]	[[1,4,5,6],[2,7,8,11],[3,10,13,14],[9,12,15,16]]
1390	1112342312434234	1231112243233444	[[1,2,3,9],[4,7,10,14],[5,8,12,15],[6,11,13,16]]	[[1,4,5,6],[2,7,8,11],[3,10,12,13],[9,14,15,16]]
1391	1112342314232344	1231112242334434	[[1,2,3,9],[4,7,11,13],[5,8,12,14],[6,10,15,16]]	[[1,4,5,6],[2,7,8,10],[3,11,12,15],[9,13,14,16]]
1392	1112342314232434	1231112242334344	[[1,2,3,9],[4,7,11,13],[5,8,12,15],[6,10,14,16]]	[[1,4,5,6],[2,7,8,10],[3,11,12,14],[9,13,15,16]]
1393	1112342314234234	1231112242333444	[[1,2,3,9],[4,7,11,14],[5,8,12,15],[6,10,13,16]]	[[1,4,5,6],[2,7,8,10],[3,11,12,13],[9,14,15,16]]
1394	1112342321234344	1231112234432434	[[1,2,3,10],[4,7,9,11],[5,8,12,14],[6,13,15,16]]	[[1,4,5,6],[2,7,8,13],[3,9,12,15],[10,11,14,16]]
1395	1112342323124344	1231112233442434	[[1,2,3,11],[4,7,9,12],[5,8,10,14],[6,13,15,16]]	[[1,4,5,6],[2,7,8,13],[3,9,10,15],[11,12,14,16]]
1396	1112342323142344	1231112233424434	[[1,2,3,11],[4,7,9,13],[5,8,10,14],[6,12,15,16]]	[[1,4,5,6],[2,7,8,12],[3,9,10,15],[11,13,14,16]]
1397	1112342323412344	1231112233244434	[[1,2,3,12],[4,7,9,13],[5,8,10,14],[6,11,15,16]]	[[1,4,5,6],[2,7,8,11],[3,9,10,15],[12,13,14,16]]
1398	1112342324123344	1231112232443434	[[1,2,3,11],[4,7,9,12],[5,8,13,14],[6,10,15,16]]	[[1,4,5,6],[2,7,8,10],[3,9,13,15],[11,12,14,16]]
1399	1112342324123434	1231112232443344	[[1,2,3,11],[4,7,9,12],[5,8,13,15],[6,10,14,16]]	[[1,4,5,6],[2,7,8,10],[3,9,13,14],[11,12,15,16]]
1400	1112342324132344	1231112232434434	[[1,2,3,11],[4,7,9,13],[5,8,12,14],[6,10,15,16]]	[[1,4,5,6],[2,7,8,10],[3,9,12,15],[11,13,14,16]]
1401	1112342341223344	1231112224343434	[[1,2,3,10],[4,7,11,12],[5,8,13,14],[6,9,15,16]]	[[1,4,5,6],[2,7,8,9],[3,11,13,15],[10,12,14,16]]
1402	1112342341223434	1231112224343344	[[1,2,3,10],[4,7,11,12],[5,8,13,15],[6,9,14,16]]	[[1,4,5,6],[2,7,8,9],[3,11,13,14],[10,12,15,16]]
1403	1112342341232344	1231112224334434	[[1,2,3,10],[4,7,11,13],[5,8,12,14],[6,9,15,16]]	[[1,4,5,6],[2,7,8,9],[3,11,12,15],[10,13,14,16]]
1404	1112342341232434	1231112224334344	[[1,2,3,10],[4,7,11,13],[5,8,12,15],[6,9,14,16]]	[[1,4,5,6],[2,7,8,9],[3,11,12,14],[10,13,15,16]]
1405	1112342341234234	1231112224333444	[[1,2,3,10],[4,7,11,14],[5,8,12,15],[6,9,13,16]]	[[1,4,5,6],[2,7,8,9],[3,11,12,13],[10,14,15,16]]
1406	1112342342123434	1231112223443344	[[1,2,3,11],[4,7,10,12],[5,8,13,15],[6,9,14,16]]	[[1,4,5,6],[2,7,8,9],[3,10,13,14],[11,12,15,16]]
1407	1112342342312344	1231112223344434	[[1,2,3,12],[4,7,10,13],[5,8,11,14],[6,9,15,16]]	[[1,4,5,6],[2,7,8,9],[3,10,11,15],[12,13,14,16]]
1408	1121212233434344	1213243412132434	[[1,2,4,6],[3,5,7,8],[9,10,12,14],[11,13,15,16]]	[[1,3,9,11],[2,5,10,13],[4,7,12,15],[6,8,14,16]]
1409	1121212234343434	1213243411223344	[[1,2,4,6],[3,5,7,8],[9,11,13,15],[10,12,14,16]]	[[1,3,9,10],[2,5,11,12],[4,7,13,14],[6,8,15,16]]
1410	1121212323434344	1213243142132434	[[1,2,4,6],[3,5,7,9],[8,10,12,14],[11,13,15,16]]	[[1,3,8,11],[2,5,10,13],[4,7,12,15],[6,9,14,16]]
1411	1121212324343434	1213243141223344	[[1,2,4,6],[3,5,7,9],[8,11,13,15],[10,12,14,16]]	[[1,3,8,10],[2,5,11,12],[4,7,13,14],[6,9,15,16]]
1412	1121212334234344	1213243121432434	[[1,2,4,6],[3,5,7,11],[8,9,12,14],[10,13,15,16]]	[[1,3,8,10],[2,5,9,13],[4,7,12,15],[6,11,14,16]]
1413	1121212334243434	1213243121423344	[[1,2,4,6],[3,5,7,11],[8,9,13,15],[10,12,14,16]]	[[1,3,8,10],[2,5,9,12],[4,7,13,14],[6,11,15,16]]
1414	1121212342334344	1213243114232434	[[1,2,4,6],[3,5,7,10],[8,11,12,14],[9,13,15,16]]	[[1,3,8,9],[2,5,11,13],[4,7,12,15],[6,10,14,16]]
1415	1121212342343434	1213243114223344	[[1,2,4,6],[3,5,7,10],[8,11,13,15],[9,12,14,16]]	[[1,3,8,9],[2,5,11,12],[4,7,13,14],[6,10,15,16]]
1416	1121212343423344	1213243112243434	[[1,2,4,6],[3,5,7,12],[8,10,13,14],[9,11,15,16]]	[[1,3,8,9],[2,5,10,11],[4,7,13,15],[6,12,14,16]]
1417	1121212343423434	1213243112243344	[[1,2,4,6],[3,5,7,12],[8,10,13,15],[9,11,14,16]]	[[1,3,8,9],[2,5,10,11],[4,7,13,14],[6,12,15,16]]
1418	1121212343434234	1213243112233444	[[1,2,4,6],[3,5,7,14],[8,10,12,15],[9,11,13,16]]	[[1,3,8,9],[2,5,10,11],[4,7,12,13],[6,14,15,16]]
1419	1121213232434344	1213241324132434	[[1,2,4,6],[3,5,8,10],[7,9,12,14],[11,13,15,16]]	[[1,3,7,11],[2,5,9,13],[4,8,12,15],[6,10,14,16]]
1420	1121213233424344	1213241323142434	[[1,2,4,6],[3,5,8,12],[7,9,10,14],[11,13,15,16]]	[[1,3,7,11],[2,5,9,13],[4,8,10,15],[6,12,14,16]]
1421	1121213234234344	1213241321432434	[[1,2,4,6],[3,5,8,11],[7,9,12,14],[10,13,15,16]]	[[1,3,7,10],[2,5,9,13],[4,8,12,15],[6,11,14,16]]
1422	1121213234243434	1213241321423344	[[1,2,4,6],[3,5,8,11],[7,9,13,15],[10,12,14,16]]	[[1,3,7,10],[2,5,9,12],[4,8,13,14],[6,11,15,16]]
1423	1121213234342344	1213241321324434	[[1,2,4,6],[3,5,8,13],[7,9,11,14],[10,12,15,16]]	[[1,3,7,10],[2,5,9,12],[4,8,11,15],[6,13,14,16]]
1424	1121213234342434	1213241321324344	[[1,2,4,6],[3,5,8,13],[7,9,11,15],[10,12,14,16]]	[[1,3,7,10],[2,5,9,12],[4,8,11,14],[6,13,15,16]]
1425	1121213242334344	1213241314232434	[[1,2,4,6],[3,5,8,10],[7,11,12,14],[9,13,15,16]]	[[1,3,7,9],[2,5,11,13],[4,8,12,15],[6,10,14,16]]
1426	1121213242343434	1213241314223344	[[1,2,4,6],[3,5,8,10],[7,11,13,15],[9,12,14,16]]	[[1,3,7,9],[2,5,11,12],[4,8,13,14],[6,10,15,16]]
1427	1121213243423344	1213241312243434	[[1,2,4,6],[3,5,8,12],[7,10,13,14],[9,11,15,16]]	[[1,3,7,9],[2,5,10,11],[4,8,13,15],[6,12,14,16]]
1428	1121213243423434	1213241312243344	[[1,2,4,6],[3,5,8,12],[7,10,13,15],[9,11,14,16]]	[[1,3,7,9],[2,5,10,11],[4,8,13,14],[6,12,15,16]]
1429	1121213342342344	1213241213324434	[[1,2,4,6],[3,5,10,13],[7,8,11,14],[9,12,15,16]]	[[1,3,7,9],[2,5,8,12],[4,10,11,15],[6,13,14,16]]
1430	1121213342342434	1213241213324344	[[1,2,4,6],[3,5,10,13],[7,8,11,15],[9,12,14,16]]	[[1,3,7,9],[2,5,8,12],[4,10,11,14],[6,13,15,16]]
1431	1121213342434234	1213241213233444	[[1,2,4,6],[3,5,10,14],[7,8,12,15],[9,11,13,16]]	[[1,3,7,9],[2,5,8,11],[4,10,12,13],[6,14,15,16]]
1432	1121213423234344	1213241132432434	[[1,2,4,6],[3,5,9,11],[7,10,12,14],[8,13,15,16]]	[[1,3,7,8],[2,5,10,13],[4,9,12,15],[6,11,14,16]]
1433	1121213423243434	1213241132423344	[[1,2,4,6],[3,5,9,11],[7,10,13,15],[8,12,14,16]]	[[1,3,7,8],[2,5,10,12],[4,9,13,14],[6,11,15,16]]
1434	1121213423342344	1213241132324434	[[1,2,4,6],[3,5,9,13],[7,10,11,14],[8,12,15,16]]	[[1,3,7,8],[2,5,10,12],[4,9,11,15],[6,13,14,16]]
1435	1121213423342434	1213241132324344	[[1,2,4,6],[3,5,9,13],[7,10,11,15],[8,12,14,16]]	[[1,3,7,8],[2,5,10,12],[4,9,11,14],[6,13,15,16]]
1436	1121213423423344	1213241132243434	[[1,2,4,6],[3,5,9,12],[7,10,13,14],[8,11,15,16]]	[[1,3,7,8],[2,5,10,11],[4,9,13,15],[6,12,14,16]]
1437	1121213423423434	1213241132243344	[[1,2,4,6],[3,5,9,12],[7,10,13,15],[8,11,14,16]]	[[1,3,7,8],[2,5,10,11],[4,9,13,14],[6,12,15,16]]
1438	1121213423434234	1213241132233444	[[1,2,4,6],[3,5,9,14],[7,10,12,15],[8,11,13,16]]	[[1,3,7,8],[2,5,10,11],[4,9,12,13],[6,14,15,16]]
1439	1121213434234234	1213241122333444	[[1,2,4,6],[3,5,11,14],[7,9,12,15],[8,10,13,16]]	[[1,3,7,8],[2,5,9,10],[4,11,12,13],[6,14,15,16]]
1440	1121223133424344	1213231423142434	[[1,2,4,8],[3,5,6,12],[7,9,10,14],[11,13,15,16]]	[[1,3,7,11],[2,5,9,13],[4,6,10,15],[8,12,14,16]]
1441	1121223134234344	1213231421432434	[[1,2,4,8],[3,5,6,11],[7,9,12,14],[10,13,15,16]]	[[1,3,7,10],[2,5,9,13],[4,6,12,15],[8,11,14,16]]
1442	1121223134243434	1213231421423344	[[1,2,4,8],[3,5,6,11],[7,9,13,15],[10,12,14,16]]	[[1,3,7,10],[2,5,9,12],[4,6,13,14],[8,11,15,16]]
1443	1121223134342344	1213231421324434	[[1,2,4,8],[3,5,6,13],[7,9,11,14],[10,12,15,16]]	[[1,3,7,10],[2,5,9,12],[4,6,11,15],[8,13,14,16]]
1444	1121223142334344	1213231414232434	[[1,2,4,8],[3,5,6,10],[7,11,12,14],[9,13,15,16]]	[[1,3,7,9],[2,5,11,13],[4,6,12,15],[8,10,14,16]]
1445	1121223142343434	1213231414223344	[[1,2,4,8],[3,5,6,10],[7,11,13,15],[9,12,14,16]]	[[1,3,7,9],[2,5,11,12],[4,6,13,14],[8,10,15,16]]
1446	1121223143423434	1213231412243344	[[1,2,4,8],[3,5,6,12],[7,10,13,15],[9,11,14,16]]	[[1,3,7,9],[2,5,10,11],[4,6,13,14],[8,12,15,16]]
1447	1121223341234344	1213231214432434	[[1,2,4,10],[3,5,6,11],[7,8,12,14],[9,13,15,16]]	[[1,3,7,9],[2,5,8,13],[4,6,12,15],[10,11,14,16]]
1448	1121223341243434	1213231214423344	[[1,2,4,10],[3,5,6,11],[7,8,13,15],[9,12,14,16]]	[[1,3,7,9],[2,5,8,12],[4,6,13,14],[10,11,15,16]]
1449	1121223341342344	1213231214324434	[[1,2,4,10],[3,5,6,13],[7,8,11,14],[9,12,15,16]]	[[1,3,7,9],[2,5,8,12],[4,6,11,15],[10,13,14,16]]
1450	1121223341423434	1213231214243344	[[1,2,4,10],[3,5,6,12],[7,8,13,15],[9,11,14,16]]	[[1,3,7,9],[2,5,8,11],[4,6,13,14],[10,12,15,16]]
1451	1121223412343434	1213231144223344	[[1,2,4,9],[3,5,6,10],[7,11,13,15],[8,12,14,16]]	[[1,3,7,8],[2,5,11,12],[4,6,13,14],[9,10,15,16]]
1452	1121223413234344	1213231142432434	[[1,2,4,9],[3,5,6,11],[7,10,12,14],[8,13,15,16]]	[[1,3,7,8],[2,5,10,13],[4,6,12,15],[9,11,14,16]]
1453	1121223413243434	1213231142423344	[[1,2,4,9],[3,5,6,11],[7,10,13,15],[8,12,14,16]]	[[1,3,7,8],[2,5,10,12],[4,6,13,14],[9,11,15,16]]
1454	1121223413342344	1213231142324434	[[1,2,4,9],[3,5,6,13],[7,10,11,14],[8,12,15,16]]	[[1,3,7,8],[2,5,10,12],[4,6,11,15],[9,13,14,16]]
1455	1121223413423344	1213231142243434	[[1,2,4,9],[3,5,6,12],[7,10,13,14],[8,11,15,16]]	[[1,3,7,8],[2,5,10,11],[4,6,13,15],[9,12,14,16]]
1456	1121223413423434	1213231142243344	[[1,2,4,9],[3,5,6,12],[7,10,13,15],[8,11,14,16]]	[[1,3,7,8],[2,5,10,11],[4,6,13,14],[9,12,15,16]]
1457	1121223434123344	1213231122443434	[[1,2,4,11],[3,5,6,12],[7,9,13,14],[8,10,15,16]]	[[1,3,7,8],[2,5,9,10],[4,6,13,15],[11,12,14,16]]
1458	1121223434123434	1213231122443344	[[1,2,4,11],[3,5,6,12],[7,9,13,15],[8,10,14,16]]	[[1,3,7,8],[2,5,9,10],[4,6,13,14],[11,12,15,16]]
1459	1121231234234344	1213214321432434	[[1,2,4,7],[3,5,8,11],[6,9,12,14],[10,13,15,16]]	[[1,3,6,10],[2,5,9,13],[4,8,12,15],[7,11,14,16]]
1460	1121231234243434	1213214321423344	[[1,2,4,7],[3,5,8,11],[6,9,13,15],[10,12,14,16]]	[[1,3,6,10],[2,5,9,12],[4,8,13,14],[7,11,15,16]]
1461	1121231234342344	1213214321324434	[[1,2,4,7],[3,5,8,13],[6,9,11,14],[10,12,15,16]]	[[1,3,6,10],[2,5,9,12],[4,8,11,15],[7,13,14,16]]
1462	1121231242343434	1213214314223344	[[1,2,4,7],[3,5,8,10],[6,11,13,15],[9,12,14,16]]	[[1,3,6,9],[2,5,11,12],[4,8,13,14],[7,10,15,16]]
1463	1121231243423434	1213214312243344	[[1,2,4,7],[3,5,8,12],[6,10,13,15],[9,11,14,16]]	[[1,3,6,9],[2,5,10,11],[4,8,13,14],[7,12,15,16]]
1464	1121231323424344	1213214233142434	[[1,2,4,7],[3,5,9,12],[6,8,10,14],[11,13,15,16]]	[[1,3,6,11],[2,5,8,13],[4,9,10,15],[7,12,14,16]]
1465	1121231324234344	1213214231432434	[[1,2,4,7],[3,5,9,11],[6,8,12,14],[10,13,15,16]]	[[1,3,6,10],[2,5,8,13],[4,9,12,15],[7,11,14,16]]
1466	1121231324342344	1213214231324434	[[1,2,4,7],[3,5,9,13],[6,8,11,14],[10,12,15,16]]	[[1,3,6,10],[2,5,8,12],[4,9,11,15],[7,13,14,16]]
1467	1121231342324344	1213214213342434	[[1,2,4,7],[3,5,10,12],[6,8,11,14],[9,13,15,16]]	[[1,3,6,9],[2,5,8,13],[4,10,11,15],[7,12,14,16]]
1468	1121231342342344	1213214213324434	[[1,2,4,7],[3,5,10,13],[6,8,11,14],[9,12,15,16]]	[[1,3,6,9],[2,5,8,12],[4,10,11,15],[7,13,14,16]]
1469	1121231342342434	1213214213324344	[[1,2,4,7],[3,5,10,13],[6,8,11,15],[9,12,14,16]]	[[1,3,6,9],[2,5,8,12],[4,10,11,14],[7,13,15,16]]
1470	1121231342423434	1213214213243344	[[1,2,4,7],[3,5,10,12],[6,8,13,15],[9,11,14,16]]	[[1,3,6,9],[2,5,8,11],[4,10,13,14],[7,12,15,16]]
1471	1121231342434234	1213214213233444	[[1,2,4,7],[3,5,10,14],[6,8,12,15],[9,11,13,16]]	[[1,3,6,9],[2,5,8,11],[4,10,12,13],[7,14,15,16]]
1472	1121231423243434	1213214132423344	[[1,2,4,7],[3,5,9,11],[6,10,13,15],[8,12,14,16]]	[[1,3,6,8],[2,5,10,12],[4,9,13,14],[7,11,15,16]]
1473	1121231423342344	1213214132324434	[[1,2,4,7],[3,5,9,13],[6,10,11,14],[8,12,15,16]]	[[1,3,6,8],[2,5,10,12],[4,9,11,15],[7,13,14,16]]
1474	1121231423423344	1213214132243434	[[1,2,4,7],[3,5,9,12],[6,10,13,14],[8,11,15,16]]	[[1,3,6,8],[2,5,10,11],[4,9,13,15],[7,12,14,16]]
1475	1121231423423434	1213214132243344	[[1,2,4,7],[3,5,9,12],[6,10,13,15],[8,11,14,16]]	[[1,3,6,8],[2,5,10,11],[4,9,13,14],[7,12,15,16]]
1476	1121231423434234	1213214132233444	[[1,2,4,7],[3,5,9,14],[6,10,12,15],[8,11,13,16]]	[[1,3,6,8],[2,5,10,11],[4,9,12,13],[7,14,15,16]]
1477	1121232314234344	1213213241432434	[[1,2,4,9],[3,5,7,11],[6,8,12,14],[10,13,15,16]]	[[1,3,6,10],[2,5,8,13],[4,7,12,15],[9,11,14,16]]
1478	1121232314243434	1213213241423344	[[1,2,4,9],[3,5,7,11],[6,8,13,15],[10,12,14,16]]	[[1,3,6,10],[2,5,8,12],[4,7,13,14],[9,11,15,16]]
1479	1121232341234344	1213213214432434	[[1,2,4,10],[3,5,7,11],[6,8,12,14],[9,13,15,16]]	[[1,3,6,9],[2,5,8,13],[4,7,12,15],[10,11,14,16]]
1480	1121232341243434	1213213214423344	[[1,2,4,10],[3,5,7,11],[6,8,13,15],[9,12,14,16]]	[[1,3,6,9],[2,5,8,12],[4,7,13,14],[10,11,15,16]]
1481	1121232341342344	1213213214324434	[[1,2,4,10],[3,5,7,13],[6,8,11,14],[9,12,15,16]]	[[1,3,6,9],[2,5,8,12],[4,7,11,15],[10,13,14,16]]
1482	1121232341423344	1213213214243434	[[1,2,4,10],[3,5,7,12],[6,8,13,14],[9,11,15,16]]	[[1,3,6,9],[2,5,8,11],[4,7,13,15],[10,12,14,16]]
1483	1121232341423434	1213213214243344	[[1,2,4,10],[3,5,7,12],[6,8,13,15],[9,11,14,16]]	[[1,3,6,9],[2,5,8,11],[4,7,13,14],[10,12,15,16]]
1484	1121232343412344	1213213213244434	[[1,2,4,12],[3,5,7,13],[6,8,10,14],[9,11,15,16]]	[[1,3,6,9],[2,5,8,11],[4,7,10,15],[12,13,14,16]]
1485	1121232412343434	1213213144223344	[[1,2,4,9],[3,5,7,10],[6,11,13,15],[8,12,14,16]]	[[1,3,6,8],[2,5,11,12],[4,7,13,14],[9,10,15,16]]
1486	1121232434123434	1213213122443344	[[1,2,4,11],[3,5,7,12],[6,9,13,15],[8,10,14,16]]	[[1,3,6,8],[2,5,9,10],[4,7,13,14],[11,12,15,16]]
1487	1121233412342344	1213212143324434	[[1,2,4,9],[3,5,10,13],[6,7,11,14],[8,12,15,16]]	[[1,3,6,8],[2,5,7,12],[4,10,11,15],[9,13,14,16]]
1488	1121233412342434	1213212143324344	[[1,2,4,9],[3,5,10,13],[6,7,11,15],[8,12,14,16]]	[[1,3,6,8],[2,5,7,12],[4,10,11,14],[9,13,15,16]]
1489	1121234123234344	1213211432432434	[[1,2,4,8],[3,5,9,11],[6,10,12,14],[7,13,15,16]]	[[1,3,6,7],[2,5,10,13],[4,9,12,15],[8,11,14,16]]
1490	1121234123423344	1213211432243434	[[1,2,4,8],[3,5,9,12],[6,10,13,14],[7,11,15,16]]	[[1,3,6,7],[2,5,10,11],[4,9,13,15],[8,12,14,16]]
1491	1121234123423434	1213211432243344	[[1,2,4,8],[3,5,9,12],[6,10,13,15],[7,11,14,16]]	[[1,3,6,7],[2,5,10,11],[4,9,13,14],[8,12,15,16]]
1492	1121234123434234	1213211432233444	[[1,2,4,8],[3,5,9,14],[6,10,12,15],[7,11,13,16]]	[[1,3,6,7],[2,5,10,11],[4,9,12,13],[8,14,15,16]]
1493	1121234132324344	1213211423342434	[[1,2,4,8],[3,5,10,12],[6,9,11,14],[7,13,15,16]]	[[1,3,6,7],[2,5,9,13],[4,10,11,15],[8,12,14,16]]
1494	1121234132342344	1213211423324434	[[1,2,4,8],[3,5,10,13],[6,9,11,14],[7,12,15,16]]	[[1,3,6,7],[2,5,9,12],[4,10,11,15],[8,13,14,16]]
1495	1121234132342434	1213211423324344	[[1,2,4,8],[3,5,10,13],[6,9,11,15],[7,12,14,16]]	[[1,3,6,7],[2,5,9,12],[4,10,11,14],[8,13,15,16]]
1496	1121234132434234	1213211423233444	[[1,2,4,8],[3,5,10,14],[6,9,12,15],[7,11,13,16]]	[[1,3,6,7],[2,5,9,11],[4,10,12,13],[8,14,15,16]]
1497	1121234134232434	1213211422334344	[[1,2,4,8],[3,5,11,13],[6,9,12,15],[7,10,14,16]]	[[1,3,6,7],[2,5,9,10],[4,11,12,14],[8,13,15,16]]
1498	1121234134234234	1213211422333444	[[1,2,4,8],[3,5,11,14],[6,9,12,15],[7,10,13,16]]	[[1,3,6,7],[2,5,9,10],[4,11,12,13],[8,14,15,16]]
1499	1121234231423344	1213211324243434	[[1,2,4,10],[3,5,8,12],[6,9,13,14],[7,11,15,16]]	[[1,3,6,7],[2,5,9,11],[4,8,13,15],[10,12,14,16]]
1500	1121234231423434	1213211324243344	[[1,2,4,10],[3,5,8,12],[6,9,13,15],[7,11,14,16]]	[[1,3,6,7],[2,5,9,11],[4,8,13,14],[10,12,15,16]]
1501	1121234233412344	1213211323244434	[[1,2,4,12],[3,5,8,13],[6,9,10,14],[7,11,15,16]]	[[1,3,6,7],[2,5,9,11],[4,8,10,15],[12,13,14,16]]
1502	1121234234123344	1213211322443434	[[1,2,4,11],[3,5,8,12],[6,9,13,14],[7,10,15,16]]	[[1,3,6,7],[2,5,9,10],[4,8,13,15],[11,12,14,16]]
1503	1121234234123434	1213211322443344	[[1,2,4,11],[3,5,8,12],[6,9,13,15],[7,10,14,16]]	[[1,3,6,7],[2,5,9,10],[4,8,13,14],[11,12,15,16]]
1504	1121234234132344	1213211322434434	[[1,2,4,11],[3,5,8,13],[6,9,12,14],[7,10,15,16]]	[[1,3,6,7],[2,5,9,10],[4,8,12,15],[11,13,14,16]]
1505	1121314234232434	1213141222334344	[[1,2,4,6],[3,8,11,13],[5,9,12,15],[7,10,14,16]]	[[1,3,5,7],[2,8,9,10],[4,11,12,14],[6,13,15,16]]
1506	1121314234234234	1213141222333444	[[1,2,4,6],[3,8,11,14],[5,9,12,15],[7,10,13,16]]	[[1,3,5,7],[2,8,9,10],[4,11,12,13],[6,14,15,16]]
1507	1121323142324344	1213122413342434	[[1,2,4,8],[3,6,10,12],[5,7,11,14],[9,13,15,16]]	[[1,3,5,9],[2,6,7,13],[4,10,11,15],[8,12,14,16]]
1508	1121323142342344	1213122413324434	[[1,2,4,8],[3,6,10,13],[5,7,11,14],[9,12,15,16]]	[[1,3,5,9],[2,6,7,12],[4,10,11,15],[8,13,14,16]]
1509	1121323142342434	1213122413324344	[[1,2,4,8],[3,6,10,13],[5,7,11,15],[9,12,14,16]]	[[1,3,5,9],[2,6,7,12],[4,10,11,14],[8,13,15,16]]
1510	1121323412342344	1213122143324434	[[1,2,4,9],[3,6,10,13],[5,7,11,14],[8,12,15,16]]	[[1,3,5,8],[2,6,7,12],[4,10,11,15],[9,13,14,16]]
1511	1121323412342434	1213122143324344	[[1,2,4,9],[3,6,10,13],[5,7,11,15],[8,12,14,16]]	[[1,3,5,8],[2,6,7,12],[4,10,11,14],[9,13,15,16]]
1512	1121323412423434	1213122143243344	[[1,2,4,9],[3,6,10,12],[5,7,13,15],[8,11,14,16]]	[[1,3,5,8],[2,6,7,11],[4,10,13,14],[9,12,15,16]]
1513	1121323414234234	1213122142333444	[[1,2,4,9],[3,6,11,14],[5,7,12,15],[8,10,13,16]]	[[1,3,5,8],[2,6,7,10],[4,11,12,13],[9,14,15,16]]
1514	1121341223423434	1213114232243344	[[1,2,4,7],[3,8,9,12],[5,10,13,15],[6,11,14,16]]	[[1,3,5,6],[2,8,10,11],[4,9,13,14],[7,12,15,16]]
1515	1121341234234234	1213114222333444	[[1,2,4,7],[3,8,11,14],[5,9,12,15],[6,10,13,16]]	[[1,3,5,6],[2,8,9,10],[4,11,12,13],[7,14,15,16]]
1516	1121342341223434	1213112224343344	[[1,2,4,10],[3,7,11,12],[5,8,13,15],[6,9,14,16]]	[[1,3,5,6],[2,7,8,9],[4,11,13,14],[10,12,15,16]]
1517	1121342341232434	1213112224334344	[[1,2,4,10],[3,7,11,13],[5,8,12,15],[6,9,14,16]]	[[1,3,5,6],[2,7,8,9],[4,11,12,14],[10,13,15,16]]
1518	1121342341234234	1213112224333444	[[1,2,4,10],[3,7,11,14],[5,8,12,15],[6,9,13,16]]	[[1,3,5,6],[2,7,8,9],[4,11,12,13],[10,14,15,16]]
1519	1122341231423434	1212113324243344	[[1,2,7,10],[3,4,8,12],[5,9,13,15],[6,11,14,16]]	[[1,3,5,6],[2,4,9,11],[7,8,13,14],[10,12,15,16]]
1520	1122341234123434	1212113322443344	[[1,2,7,11],[3,4,8,12],[5,9,13,15],[6,10,14,16]]	[[1,3,5,6],[2,4,9,10],[7,8,13,14],[11,12,15,16]]
1521	1123123412423434	1211322143243344	[[1,2,5,9],[3,6,10,12],[4,7,13,15],[8,11,14,16]]	[[1,3,4,8],[2,6,7,11],[5,10,13,14],[9,12,15,16]]
1522	1123412341234234	1211132224333444	[[1,2,6,10],[3,7,11,14],[4,8,12,15],[5,9,13,16]]	[[1,3,4,5],[2,7,8,9],[6,11,12,13],[10,14,15,16]]
