index	representative	orbit_size	orbit_words
1	1111222233334444	4	1111222233334444,1112221333244434,1122113322443344,1211132224333444
2	1111222233343444	16	1111222233343444,1112221333424434,1122113324243344,1211132242333444,1111222323334444,1112223133244434,1122131322443344,1211312224333444,1112122233334444,1121221333244434,1212113322443344,1121132224333444,1211322143324434,1112221333244344,1122113322443434,1211132224334344
3	1111222233344344	16	1111222233344344,1112221333442434,1122113324423344,1211132243233444,1111222332334444,1112223313244434,1122133122443344,1211321224333444,1112212233334444,1122121333244434,1211213322443344,1112132224333444,1121322143324434,1213211432243344,1122113322433444,1211132224334434
4	1111222233344434	16	1111222233344434,1112221333444234,1122113324432344,1211132243323444,1111222333234444,1112223331244434,1122133212443344,1211322124333444,1112221233334444,1122112333244434,1211123322443344,1111232224333444,1112322143324434,1123211432243344,1231114222333444,1211132223334444
5	1111222233433444	16	1111222233433444,1112221334324434,1122113342243344,1211132422333444,1111223223334444,1112232133244434,1122311322443344,1213112224333444,1121122233334444,1211221333244434,1112213322443344,1122133214432434,1211322143324344,1112221333243444,1122113322434434,1211132224343344
6	1111222233434344	16	1111222233434344,1112221334342434,1122113342423344,1211132423233444,1111223232334444,1112232313244434,1122313122443344,1213121224333444,1121212233334444,1212121333244434,1121213322443344,1212133214432434,1121322143324344,1213211432243434,1122113322434344,1211132224343434
7	1111222233434434	16	1111222233434434,1112221334344234,1122113342432344,1211132423323444,1111223233234444,1112232331244434,1122313212443344,1213122124333444,1121221233334444,1212112333244434,1121123322443344,1211233214432434,1112322143324344,1123211432243434,1231114222334344,1211132223343444
8	1111222233443344	16	1111222233443344,1112221334432434,1122113344223344,1211132432233444,1111223322334444,1112233213244434,1122331122443344,1213211224333444,1122112233334444,1211122333244434,1111223322443344,1112233214432434,1122331144223344,1213211432233444,1122113322334444,1211132223344434
9	1111222233443434	16	1111222233443434,1112221334434234,1122113344232344,1211132432323444,1111223323234444,1112233231244434,1122331212443344,1213212124333444,1122121233334444,1211212333244434,1112123322443344,1121233214432434,1212331144223344,1123211432233444,1231114222334434,1211132223344344
10	1111222234333444	16	1111222234333444,1112221343324434,1122113432243344,1211134222333444,1111232223334444,1112322133244434,1123211322443344,1231112224333444,1211122233334444,1111222333244434,1112223331444234,1122133214432344,1211322143323444,1112221333234444,1122113322344434,1211132223443344
11	1111222234334344	16	1111222234334344,1112221343342434,1122113432423344,1211134223233444,1111232232334444,1112322313244434,1123213122443344,1231121224333444,1211212233334444,1112122333244434,1121223331444234,1212133214432344,1121322143323444,1213211432234434,1122113322344344,1211132223443434
12	1111222234334434	16	1111222234334434,1112221343344234,1122113432432344,1211134223323444,1111232233234444,1112322331244434,1123213212443344,1231122124333444,1211221233334444,1112212333244434,1122123331444234,1211233214432344,1112322143323444,1123211432234434,1231114222343344,1211132223433444
13	1111222234343344	16	1111222234343344,1112221343432434,1122113434223344,1211134232233444,1111232322334444,1112323213244434,1123231122443344,1231211224333444,1212112233334444,1121122333244434,1211223331444234,1112233214432344,1122331144223434,1213211432234344,1122113322343444,1211132223434434
14	1111222234343434	16	1111222234343434,1112221343434234,1122113434232344,1211134232323444,1111232323234444,1112323231244434,1123231212443344,1231212124333444,1212121233334444,1121212333244434,1212123331444234,1121233214432344,1212331144223434,1123211432234344,1231114222343434,1211132223434344
15	1111222323343444	16	1111222323343444,1112223133424434,1122131324243344,1211312242333444,1112122323334444,1121223133244434,1212131322443344,1121312224333444,1213122143324434,1121221333244344,1212113322443434,1121132224334344,1211322143342434,1112221333424344,1122113324243434,1211132242334344
16	1111222323344344	16	1111222323344344,1112223133442434,1122131324423344,1211312243233444,1112122332334444,1121223313244434,1212133122443344,1121321224333444,1213212143324434,1122121333244344,1211213322443434,1112132224334344,1121322143342434,1213211432423344,1122113324233444,1211132242334434
17	1111222323344434	16	1111222323344434,1112223133444234,1122131324432344,1211312243323444,1112122333234444,1121223331244434,1212133212443344,1121322124333444,1213211243324434,1122112333244344,1211123322443434,1111232224334344,1112322143342434,1123211432423344,1231114223233444,1211132232334444
18	1111222323433444	16	1111222323433444,1112223134324434,1122131342243344,1211312422333444,1112123223334444,1121232133244434,1212311322443344,1123112224333444,1231122143324434,1211221333244344,1112213322443434,1122133214434234,1211322143342344,1112221333423444,1122113324234434,1211132242343344
19	1111222323434344	16	1111222323434344,1112223134342434,1122131342423344,1211312423233444,1112123232334444,1121232313244434,1212313122443344,1123121224333444,1231212143324434,1212121333244344,1121213322443434,1212133214434234,1121322143342344,1213211432423434,1122113324234344,1211132242343434
20	1111222323434434	16	1111222323434434,1112223134344234,1122131342432344,1211312423323444,1112123233234444,1121232331244434,1212313212443344,1123122124333444,1231211243324434,1212112333244344,1121123322443434,1211233214434234,1112322143342344,1123211432423434,1231114223234344,1211132232343444
21	1111222323443344	16	1111222323443344,1112223134432434,1122131344223344,1211312432233444,1112123322334444,1121233213244434,1212331122443344,1123211224333444,1231112243324434,1211122333244344,1111223322443434,1112233214434234,1122331144232344,1213211432323444,1122113323234444,1211132232344434
22	1111222323443434	16	1111222323443434,1112223134434234,1122131344232344,1211312432323444,1112123323234444,1121233231244434,1212331212443344,1123212124333444,1231121243324434,1211212333244344,1112123322443434,1121233214434234,1212331144232344,1123211432323444,1231114223234434,1211132232344344
23	1111222324333444	16	1111222324333444,1112223143324434,1122131432243344,1211314222333444,1112132223334444,1121322133244434,1213211322443344,1122113224333444,1211132243324434,1111222333244344,1112223331442434,1122133214423344,1211322143233444,1112221332334444,1122113323244434,1211132232443344
24	1111222324334344	16	1111222324334344,1112223143342434,1122131432423344,1211314223233444,1112132232334444,1121322313244434,1213213122443344,1122131224333444,1211312243324434,1112122333244344,1121223331442434,1212133214423344,1121322143233444,1213211432324434,1122113323244344,1211132232443434
25	1111222324334434	16	1111222324334434,1112223143344234,1122131432432344,1211314223323444,1112132233234444,1121322331244434,1213213212443344,1122132124333444,1211321243324434,1112212333244344,1122123331442434,1211233214423344,1112322143233444,1123211432324434,1231114223243344,1211132232433444
26	1111222324343344	16	1111222324343344,1112223143432434,1122131434223344,1211314232233444,1112132322334444,1121323213244434,1213231122443344,1122311224333444,1213112243324434,1121122333244344,1211223331442434,1112233214423344,1122331144232434,1213211432324344,1122113323243444,1211132232434434
27	1111222324343434	16	1111222324343434,1112223143434234,1122131434232344,1211314232323444,1112132323234444,1121323231244434,1213231212443344,1122312124333444,1213121243324434,1121212333244344,1212123331442434,1121233214423344,1212331144232434,1123211432324344,1231114223243434,1211132232434344
28	1111222332343444	16	1111222332343444,1112223313424434,1122133124243344,1211321242333444,1112212323334444,1122123133244434,1211231322443344,1112312224333444,1123122143324434,1231211432243344,1212113322433444,1121132224334434,1211322143344234,1112221333442344,1122113324423434,1211132243234344
29	1111222332344344	16	1111222332344344,1112223313442434,1122133124423344,1211321243233444,1112212332334444,1122123313244434,1211233122443344,1112321224333444,1123212143324434,1231121432243344,1211213322433444,1112132224334434,1121322143344234,1213211432432344,1122113324323444,1211132243234434
30	1111222332344434	16	1111222332344434,1112223313444234,1122133124432344,1211321243323444,1112212333234444,1122123331244434,1211233212443344,1112322124333444,1123211243324434,1231112432243344,1211123322433444,1111232224334434,1112322143344234,1123211432432344,1231114223323444,1211132233234444
31	1111222332433444	16	1111222332433444,1112223314324434,1122133142243344,1211321422333444,1112213223334444,1122132133244434,1211321322443344,1112213224333444,1122132143324434,1211321432243344,1112213322433444,1122133214324434,1211322143243344,1112221332433444,1122113324324434,1211132243243344
32	1111222332434344	16	1111222332434344,1112223314342434,1122133142423344,1211321423233444,1112213232334444,1122132313244434,1211323122443344,1112231224333444,1122312143324434,1213121432243344,1121213322433444,1212133214324434,1121322143243344,1213211432432434,1122113324324344,1211132243243434
33	1111222332434434	16	1111222332434434,1112223314344234,1122133142432344,1211321423323444,1112213233234444,1122132331244434,1211323212443344,1112232124333444,1122311243324434,1213112432243344,1121123322433444,1211233214324434,1112322143243344,1123211432432434,1231114223324344,1211132233243444
34	1111222332443344	16	1111222332443344,1112223314432434,1122133144223344,1211321432233444,1112213322334444,1122133213244434,1211322132443344,1112221324333444,1122113243324434,1211132432243344,1111223322433444,1112233214324434,1122331142243344,1213211422333444,1122113223334444,1211132233244434
35	1111222332443434	16	1111222332443434,1112223314434234,1122133144232344,1211321432323444,1112213323234444,1122133231244434,1211322312443344,1112223124333444,1122131243324434,1211312432243344,1112123322433444,1121233214324434,1212331142243344,1123211422333444,1231114223324434,1211132233244344
36	1111222333243444	16	1111222333243444,1112223331424434,1122133214243344,1211322142333444,1112221323334444,1122113233244434,1211132322443344,1111223224333444,1112232143324434,1122311432243344,1213114222333444,1121132223334444,1211322133244434,1112221332443344,1122113324432434,1211132243324344
37	1111222333423444	16	1111222333423444,1112223334124434,1122133241243344,1211322412333444,1112223123334444,1122131233244434,1211312322443344,1112123224333444,1121232143324434,1212311432243344,1123114222333444,1231142213324434,1211322133244344,1112221332443434,1122113324434234,1211132243342344
38	1111222333424344	16	1111222333424344,1112223334142434,1122133241423344,1211322413233444,1112223132334444,1122131323244434,1211312232443344,1112122324333444,1121223143324434,1212131432243344,1121314222333444,1213142213324434,1121322133244344,1213211322443434,1122113224334344,1211132243342434
39	1111222333424434	16	1111222333424434,1112223334144234,1122133241432344,1211322413323444,1112223133234444,1122131322344434,1211312223443344,1112122234333444,1121221343324434,1212113432243344,1121134222333444,1211342213324434,1112322133244344,1123211322443434,1231112224334344,1211122233343444
40	1111222333442344	16	1111222333442344,1112223334412434,1122133244123344,1211322431233444,1112223312334444,1122133123244434,1211321232443344,1112212324333444,1122123143324434,1211231432243344,1112314222333444,1123142213324434,1231421132243344,1213211322433444,1122113224334434,1211132243344234
41	1111222333442434	16	1111222333442434,1112223334414234,1122133244132344,1211322431323444,1112223313234444,1122133122344434,1211321223443344,1112212234333444,1122121343324434,1211213432243344,1112134222333444,1121342213324434,1213421132243344,1123211322433444,1231112224334434,1211122233344344
42	1111222333444234	16	1111222333444234,1112223334441234,1122133244312344,1211322433123444,1112223331234444,1122133212344434,1211322123443344,1112221234333444,1122112343324434,1211123432243344,1111234222333444,1112342213324434,1123421132243344,1234111222333444,1231112223334444,1211122233344434
43	1111222334233444	16	1111222334233444,1112223341324434,1122133412243344,1211324122333444,1112231223334444,1122312133244434,1213121322443344,1121213224333444,1212132143324434,1121321432243344,1213214321432434,1122133214324344,1211322143243434,1112221332434344,1122113324342434,1211132243423344
44	1111222334234344	16	1111222334234344,1112223341342434,1122133412423344,1211324123233444,1112231232334444,1122312313244434,1213123122443344,1121231224333444,1212312143324434,1123121432243344,1231214321432434,1212133214324344,1121322143243434,1213211432434234,1122113324342344,1211132243423434
45	1111222334234434	16	1111222334234434,1112223341344234,1122133412432344,1211324123323444,1112231233234444,1122312331244434,1213123212443344,1121232124333444,1212311243324434,1123112432243344,1231124321432434,1211233214324344,1112322143243434,1123211432434234,1231114223342344,1211132233423444
46	1111222334243344	16	1111222334243344,1112223341432434,1122133414223344,1211324132233444,1112231322334444,1122313213244434,1213122132443344,1121221324333444,1212113243324434,1121132432243344,1211324321432434,1112233214324344,1122331142243434,1213211422334344,1122113223343444,1211132233424434
47	1111222334243434	16	1111222334243434,1112223341434234,1122133414232344,1211324132323444,1112231323234444,1122313231244434,1213122312443344,1121223124333444,1212131243324434,1121312432243344,1213124321432434,1121233214324344,1212331142243434,1123211422334344,1231114223342434,1211132233424344
48	1111222334323444	16	1111222334323444,1112223343124434,1122133421243344,1211324212333444,1112232123334444,1122311233244434,1213112322443344,1121123224333444,1211232143324434,1112321432243344,1123214321432434,1231142213324344,1211322133243444,1112221332434434,1122113324344234,1211132243432344
49	1111222334324344	16	1111222334324344,1112223343142434,1122133421423344,1211324213233444,1112232132334444,1122311323244434,1213112232443344,1121122324333444,1211223143324434,1112231432243344,1122314321432434,1213142213324344,1121322133243444,1213211322434434,1122113224343344,1211132243432434
50	1111222334324434	16	1111222334324434,1112223343144234,1122133421432344,1211324213323444,1112232133234444,1122311322344434,1213112223443344,1121122234333444,1211221343324434,1112213432243344,1122134321432434,1211342213324344,1112322133243444,1123211322434434,1231112224343344,1211122233433444
51	1111222334342344	16	1111222334342344,1112223343412434,1122133424123344,1211324231233444,1112232312334444,1122313123244434,1213121232443344,1121212324333444,1212123143324434,1121231432243344,1212314321432434,1123142213324344,1231421132243434,1213211322434344,1122113224343434,1211132243434234
52	1111222334342434	16	1111222334342434,1112223343414234,1122133424132344,1211324231323444,1112232313234444,1122313122344434,1213121223443344,1121212234333444,1212121343324434,1121213432243344,1212134321432434,1121342213324344,1213421132243434,1123211322434344,1231112224343434,1211122233434344
53	1111222334344234	16	1111222334344234,1112223343441234,1122133424312344,1211324233123444,1112232331234444,1122313212344434,1213122123443344,1121221234333444,1212112343324434,1121123432243344,1211234321432434,1112342213324344,1123421132243434,1234111222334344,1231112223343444,1211122233434434
54	1111222334423344	16	1111222334423344,1112223344132434,1122133441223344,1211324312233444,1112233122334444,1122331213244434,1213212132443344,1122121324333444,1211213243324434,1112132432243344,1121324321432434,1213243114223344,1122331142233444,1213211422334434,1122113223344344,1211132233442434
55	1111222334423434	16	1111222334423434,1112223344134234,1122133441232344,1211324312323444,1112233123234444,1122331231244434,1213212312443344,1122123124333444,1211231243324434,1112312432243344,1123124321432434,1231243114223344,1212331142233444,1123211422334434,1231114223344234,1211132233442344
56	1111222334432344	16	1111222334432344,1112223344312434,1122133442123344,1211324321233444,1112233212334444,1122331123244434,1213211232443344,1122112324333444,1211123243324434,1111232432243344,1112324321432434,1123243114223344,1231421132233444,1213211322334444,1122113223344434,1211132233444234
57	1111222334432434	16	1111222334432434,1112223344314234,1122133442132344,1211324321323444,1112233213234444,1122331122344434,1213211223443344,1122112234333444,1211122343324434,1111223432243344,1112234321432434,1122343114223344,1213421132233444,1123211322334444,1231112223344434,1211122233443344
58	1111222334434234	16	1111222334434234,1112223344341234,1122133442312344,1211324323123444,1112233231234444,1122331212344434,1213212123443344,1122121234333444,1211212343324434,1112123432243344,1121234321432434,1212343114223344,1123421132233444,1234111222334434,1231112223344344,1211122233443434
59	1111222342333444	16	1111222342333444,1112223413324434,1122134132243344,1211341222333444,1112312223334444,1123122133244434,1231211322443344,1212113224333444,1121132243324434,1211322433144234,1112223331442344,1122133214423434,1211322143234344,1112221332343444,1122113323424434,1211132234243344
60	1111222342334344	16	1111222342334344,1112223413342434,1122134132423344,1211341223233444,1112312232334444,1123122313244434,1231213122443344,1212131224333444,1121312243324434,1213122433144234,1121223331442344,1212133214423434,1121322143234344,1213211432342434,1122113323424344,1211132234243434
61	1111222342334434	16	1111222342334434,1112223413344234,1122134132432344,1211341223323444,1112312233234444,1123122331244434,1231213212443344,1212132124333444,1121321243324434,1213212433144234,1122123331442344,1211233214423434,1112322143234344,1123211432342434,1231114223423344,1211132234233444
62	1111222342343344	16	1111222342343344,1112223413432434,1122134134223344,1211341232233444,1112312322334444,1123123213244434,1231231122443344,1212311224333444,1123112243324434,1231122433144234,1211223331442344,1112233214423434,1122331144234234,1213211432342344,1122113323423444,1211132234234434
63	1111222342343434	16	1111222342343434,1112223413434234,1122134134232344,1211341232323444,1112312323234444,1123123231244434,1231231212443344,1212312124333444,1123121243324434,1231212433144234,1212123331442344,1121233214423434,1212331144234234,1123211432342344,1231114223423434,1211132234234344
64	1111222343233444	16	1111222343233444,1112223431324434,1122134312243344,1211342122333444,1112321223334444,1123212133244434,1231121322443344,1211213224333444,1112132243324434,1121322433144234,1213214321432344,1122133214323444,1211322143234434,1112221332344344,1122113323442434,1211132234423344
65	1111222343234344	16	1111222343234344,1112223431342434,1122134312423344,1211342123233444,1112321232334444,1123212313244434,1231123122443344,1211231224333444,1112312243324434,1123122433144234,1231214321432344,1212133214323444,1121322143234434,1213211432344234,1122113323442344,1211132234423434
66	1111222343234434	16	1111222343234434,1112223431344234,1122134312432344,1211342123323444,1112321233234444,1123212331244434,1231123212443344,1211232124333444,1112321243324434,1123212433144234,1231124321432344,1211233214323444,1112322143234434,1123211432344234,1231114223432344,1211132234323444
67	1111222343243344	16	1111222343243344,1112223431432434,1122134314223344,1211342132233444,1112321322334444,1123213213244434,1231122132443344,1211221324333444,1112213243324434,1122132433144234,1211324321432344,1112233214323444,1122331142234434,1213211422343344,1122113223433444,1211132234324434
68	1111222343243434	16	1111222343243434,1112223431434234,1122134314232344,1211342132323444,1112321323234444,1123213231244434,1231122312443344,1211223124333444,1112231243324434,1122312433144234,1213124321432344,1121233214323444,1212331142234434,1123211422343344,1231114223432434,1211132234324344
69	1111222343323444	16	1111222343323444,1112223433124434,1122134321243344,1211342212333444,1112322123334444,1123211233244434,1231112322443344,1211123224333444,1111232243324434,1112322433144234,1123214321432344,1231142213323444,1211322133234444,1112221332344434,1122113323444234,1211132234432344
70	1111222343324344	16	1111222343324344,1112223433142434,1122134321423344,1211342213233444,1112322132334444,1123211323244434,1231112232443344,1211122324333444,1111223243324434,1112232433144234,1122314321432344,1213142213323444,1121322133234444,1213211322344434,1122113223443344,1211132234432434
71	1111222343324434	8	1111222343324434,1112223433144234,1122134321432344,1211342213323444,1112322133234444,1123211322344434,1231112223443344,1211122234333444
72	1111222343342344	16	1111222343342344,1112223433412434,1122134324123344,1211342231233444,1112322312334444,1123213123244434,1231121232443344,1211212324333444,1112123243324434,1121232433144234,1212314321432344,1123142213323444,1231421132234434,1213211322344344,1122113223443434,1211132234434234
73	1111222343342434	16	1111222343342434,1112223433414234,1122134324132344,1211342231323444,1112322313234444,1123213122344434,1231121223443344,1211212234333444,1112122343324434,1121223433144234,1212134321432344,1121342213323444,1213421132234434,1123211322344344,1231112223443434,1211122234334344
74	1111222343344234	16	1111222343344234,1112223433441234,1122134324312344,1211342233123444,1112322331234444,1123213212344434,1231122123443344,1211221234333444,1112212343324434,1122123433144234,1211234321432344,1112342213323444,1123421132234434,1234111222343344,1231112223433444,1211122234334434
75	1111222343423344	16	1111222343423344,1112223434132434,1122134341223344,1211342312233444,1112323122334444,1123231213244434,1231212132443344,1212121324333444,1121213243324434,1212132433144234,1121324321432344,1213243114223434,1122331142234344,1213211422343434,1122113223434344,1211132234342434
76	1111222343423434	16	1111222343423434,1112223434134234,1122134341232344,1211342312323444,1112323123234444,1123231231244434,1231212312443344,1212123124333444,1121231243324434,1212312433144234,1123124321432344,1231243114223434,1212331142234344,1123211422343434,1231114223434234,1211132234342344
77	1111222343432344	16	1111222343432344,1112223434312434,1122134342123344,1211342321233444,1112323212334444,1123231123244434,1231211232443344,1212112324333444,1121123243324434,1211232433144234,1112324321432344,1123243114223434,1231421132234344,1213211322343444,1122113223434434,1211132234344234
78	1111222343432434	16	1111222343432434,1112223434314234,1122134342132344,1211342321323444,1112323213234444,1123231122344434,1231211223443344,1212112234333444,1121122343324434,1211223433144234,1112234321432344,1122343114223434,1213421132234344,1123211322343444,1231112223434434,1211122234343344
79	1111222343434234	16	1111222343434234,1112223434341234,1122134342312344,1211342323123444,1112323231234444,1123231212344434,1231212123443344,1212121234333444,1121212343324434,1212123433144234,1121234321432344,1212343114223434,1123421132234344,1234111222343434,1231112223434344,1211122234343434
80	1111223223343444	16	1111223223343444,1112232133424434,1122311324243344,1213112242333444,1121122323334444,1211223133244434,1112231322443344,1122313214432434,1213122143324344,1121221333243444,1212113322434434,1121132224343344,1211322143432434,1112221334324344,1122113342243434,1211132422334344
81	1111223223344344	16	1111223223344344,1112232133442434,1122311324423344,1213112243233444,1121122332334444,1211223313244434,1112233122443344,1122331214432434,1213212143324344,1122121333243444,1211213322434434,1112132224343344,1121322143432434,1213211434223344,1122113342233444,1211132422334434
82	1111223223344434	16	1111223223344434,1112232133444234,1122311324432344,1213112243323444,1121122333234444,1211223331244434,1112233212443344,1122331124432434,1213211243324344,1122112333243444,1211123322434434,1111232224343344,1112322143432434,1123211434223344,1231114232233444,1211132322334444
83	1111223223433444	16	1111223223433444,1112232134324434,1122311342243344,1213112422333444,1121123223334444,1211232133244434,1112321322443344,1123213214432434,1231122143324344,1211221333243444,1112213322434434,1122133214344234,1211322143432344,1112221334323444,1122113342234434,1211132422343344
84	1111223223434344	16	1111223223434344,1112232134342434,1122311342423344,1213112423233444,1121123232334444,1211232313244434,1112323122443344,1123231214432434,1231212143324344,1212121333243444,1121213322434434,1212133214344234,1121322143432344,1213211434223434,1122113342234344,1211132422343434
85	1111223223434434	16	1111223223434434,1112232134344234,1122311342432344,1213112423323444,1121123233234444,1211232331244434,1112323212443344,1123231124432434,1231211243324344,1212112333243444,1121123322434434,1211233214344234,1112322143432344,1123211434223434,1231114232234344,1211132322343444
86	1111223223443344	16	1111223223443344,1112232134432434,1122311344223344,1213112432233444,1121123322334444,1211233213244434,1112322132443344,1123211324432434,1231112243324344,1211122333243444,1111223322434434,1112233214344234,1122331142432344,1213211423323444,1122113233234444,1211132322344434
87	1111223223443434	16	1111223223443434,1112232134434234,1122311344232344,1213112432323444,1121123323234444,1211233231244434,1112322312443344,1123213124432434,1231121243324344,1211212333243444,1112123322434434,1121233214344234,1212331142432344,1123211423323444,1231114232234434,1211132322344344
88	1111223224334344	16	1111223224334344,1112232143342434,1122311432423344,1213114223233444,1121132232334444,1211322313244434,1112223132443344,1122131324432434,1211312243324344,1112122333243444,1121223331424434,1212133214243344,1121322142333444,1213211423324434,1122113233244344,1211132322443434
89	1111223224334434	16	1111223224334434,1112232143344234,1122311432432344,1213114223323444,1121132233234444,1211322331244434,1112223312443344,1122133124432434,1211321243324344,1112212333243444,1122123331424434,1211233214243344,1112322142333444,1123211423324434,1231114232243344,1211132322433444
90	1111223224343344	16	1111223224343344,1112232143432434,1122311434223344,1213114232233444,1121132322334444,1211323213244434,1112232132443344,1122311324432434,1213112243324344,1121122333243444,1211223331424434,1112233214243344,1122331142432434,1213211423324344,1122113233243444,1211132322434434
91	1111223224343434	16	1111223224343434,1112232143434234,1122311434232344,1213114232323444,1121132323234444,1211323231244434,1112232312443344,1122313124432434,1213121243324344,1121212333243444,1212123331424434,1121233214243344,1212331142432434,1123211423324344,1231114232243434,1211132322434344
92	1111223232343444	16	1111223232343444,1112232313424434,1122313124243344,1213121242333444,1121212323334444,1212123133244434,1121231322443344,1212313214432434,1123122143324344,1231211432243434,1212113322434344,1121132224343434,1211322143434234,1112221334342344,1122113342423434,1211132423234344
93	1111223232344344	16	1111223232344344,1112232313442434,1122313124423344,1213121243233444,1121212332334444,1212123313244434,1121233122443344,1212331214432434,1123212143324344,1231121432243434,1211213322434344,1112132224343434,1121322143434234,1213211434232344,1122113342323444,1211132423234434
94	1111223232344434	16	1111223232344434,1112232313444234,1122313124432344,1213121243323444,1121212333234444,1212123331244434,1121233212443344,1212331124432434,1123211243324344,1231112432243434,1211123322434344,1111232224343434,1112322143434234,1123211434232344,1231114232323444,1211132323234444
95	1111223232433444	16	1111223232433444,1112232314324434,1122313142243344,1213121422333444,1121213223334444,1212132133244434,1121321322443344,1213213214432434,1122132143324344,1211321432243434,1112213322434344,1122133214342434,1211322143423344,1112221334233444,1122113342324434,1211132423243344
96	1111223232434344	16	1111223232434344,1112232314342434,1122313142423344,1213121423233444,1121213232334444,1212132313244434,1121323122443344,1213231214432434,1122312143324344,1213121432243434,1121213322434344,1212133214342434,1121322143423344,1213211434232434,1122113342324344,1211132423243434
97	1111223232434434	16	1111223232434434,1112232314344234,1122313142432344,1213121423323444,1121213233234444,1212132331244434,1121323212443344,1213231124432434,1122311243324344,1213112432243434,1121123322434344,1211233214342434,1112322143423344,1123211434232434,1231114232324344,1211132323243444
98	1111223232443344	16	1111223232443344,1112232314432434,1122313144223344,1213121432233444,1121213322334444,1212133213244434,1121322132443344,1213211324432434,1122113243324344,1211132432243434,1111223322434344,1112233214342434,1122331142423344,1213211423233444,1122113232334444,1211132323244434
99	1111223232443434	16	1111223232443434,1112232314434234,1122313144232344,1213121432323444,1121213323234444,1212133231244434,1121322312443344,1213213124432434,1122131243324344,1211312432243434,1112123322434344,1121233214342434,1212331142423344,1123211423233444,1231114232324434,1211132323244344
100	1111223233243444	16	1111223233243444,1112232331424434,1122313214243344,1213122142333444,1121221323334444,1212113233244434,1121132322443344,1211323214432434,1112232143324344,1122311432243434,1213114222334344,1121132223343444,1211322133424434,1112221334243344,1122113342432434,1211132423324344
101	1111223233244344	16	1111223233244344,1112232331442434,1122313214423344,1213122143233444,1121221332334444,1212113323244434,1121132232443344,1211322314432434,1112223143324344,1122131432243434,1211314222334344,1112132223343444,1121322133424434,1213211324243344,1122113242333444,1211132423324434
102	1111223233244434	16	1111223233244434,1112232331444234,1122313214432344,1213122143323444,1121221333234444,1212113322344434,1121132223443344,1211322134432434,1112221343324344,1122113432243434,1211134222334344,1111232223343444,1112322133424434,1123211324243344,1231112242333444,1211122323334444
103	1111223233423444	16	1111223233423444,1112232334124434,1122313241243344,1213122412333444,1121223123334444,1212131233244434,1121312322443344,1213123214432434,1121232143324344,1212311432243434,1123114222334344,1231142213342434,1211322133424344,1112221334243434,1122113342434234,1211132423342344
104	1111223233424344	16	1111223233424344,1112232334142434,1122313241423344,1213122413233444,1121223132334444,1212131323244434,1121312232443344,1213122314432434,1121223143324344,1212131432243434,1121314222334344,1213142213342434,1121322133424344,1213211324243434,1122113242334344,1211132423342434
105	1111223233424434	16	1111223233424434,1112232334144234,1122313241432344,1213122413323444,1121223133234444,1212131322344434,1121312223443344,1213122134432434,1121221343324344,1212113432243434,1121134222334344,1211342213342434,1112322133424344,1123211324243434,1231112242334344,1211122323343444
106	1111223233442344	16	1111223233442344,1112232334412434,1122313244123344,1213122431233444,1121223312334444,1212133123244434,1121321232443344,1213212314432434,1122123143324344,1211231432243434,1112314222334344,1123142213342434,1231421132423344,1213211324233444,1122113242334434,1211132423344234
107	1111223233442434	16	1111223233442434,1112232334414234,1122313244132344,1213122431323444,1121223313234444,1212133122344434,1121321223443344,1213212134432434,1122121343324344,1211213432243434,1112134222334344,1121342213342434,1213421132423344,1123211324233444,1231112242334434,1211122323344344
108	1111223233444234	16	1111223233444234,1112232334441234,1122313244312344,1213122433123444,1121223331234444,1212133212344434,1121322123443344,1213211234432434,1122112343324344,1211123432243434,1111234222334344,1112342213342434,1123421132423344,1234111223233444,1231112232334444,1211122323344434
109	1111223234233444	16	1111223234233444,1112232341324434,1122313412243344,1213124122333444,1121231223334444,1212312133244434,1123121322443344,1231213214432434,1212132143324344,1121321432243434,1213214321434234,1122133214342344,1211322143423434,1112221334234344,1122113342342434,1211132423423344
110	1111223234234344	16	1111223234234344,1112232341342434,1122313412423344,1213124123233444,1121231232334444,1212312313244434,1123123122443344,1231231214432434,1212312143324344,1123121432243434,1231214321434234,1212133214342344,1121322143423434,1213211434234234,1122113342342344,1211132423423434
111	1111223234234434	16	1111223234234434,1112232341344234,1122313412432344,1213124123323444,1121231233234444,1212312331244434,1123123212443344,1231231124432434,1212311243324344,1123112432243434,1231124321434234,1211233214342344,1112322143423434,1123211434234234,1231114232342344,1211132323423444
112	1111223234243344	16	1111223234243344,1112232341432434,1122313414223344,1213124132233444,1121231322334444,1212313213244434,1123122132443344,1231211324432434,1212113243324344,1121132432243434,1211324321434234,1112233214342344,1122331142423434,1213211423234344,1122113232343444,1211132323424434
113	1111223234243434	16	1111223234243434,1112232341434234,1122313414232344,1213124132323444,1121231323234444,1212313231244434,1123122312443344,1231213124432434,1212131243324344,1121312432243434,1213124321434234,1121233214342344,1212331142423434,1123211423234344,1231114232342434,1211132323424344
114	1111223234323444	16	1111223234323444,1112232343124434,1122313421243344,1213124212333444,1121232123334444,1212311233244434,1123112322443344,1231123214432434,1211232143324344,1112321432243434,1123214321434234,1231142213342344,1211322133423444,1112221334234434,1122113342344234,1211132423432344
115	1111223234324344	16	1111223234324344,1112232343142434,1122313421423344,1213124213233444,1121232132334444,1212311323244434,1123112232443344,1231122314432434,1211223143324344,1112231432243434,1122314321434234,1213142213342344,1121322133423444,1213211324234434,1122113242343344,1211132423432434
116	1111223234324434	16	1111223234324434,1112232343144234,1122313421432344,1213124213323444,1121232133234444,1212311322344434,1123112223443344,1231122134432434,1211221343324344,1112213432243434,1122134321434234,1211342213342344,1112322133423444,1123211324234434,1231112242343344,1211122323433444
117	1111223234342344	16	1111223234342344,1112232343412434,1122313424123344,1213124231233444,1121232312334444,1212313123244434,1123121232443344,1231212314432434,1212123143324344,1121231432243434,1212314321434234,1123142213342344,1231421132423434,1213211324234344,1122113242343434,1211132423434234
118	1111223234342434	16	1111223234342434,1112232343414234,1122313424132344,1213124231323444,1121232313234444,1212313122344434,1123121223443344,1231212134432434,1212121343324344,1121213432243434,1212134321434234,1121342213342344,1213421132423434,1123211324234344,1231112242343434,1211122323434344
119	1111223234344234	16	1111223234344234,1112232343441234,1122313424312344,1213124233123444,1121232331234444,1212313212344434,1123122123443344,1231211234432434,1212112343324344,1121123432243434,1211234321434234,1112342213342344,1123421132423434,1234111223234344,1231112232343444,1211122323434434
120	1111223234423344	16	1111223234423344,1112232344132434,1122313441223344,1213124312233444,1121233122334444,1212331213244434,1123212132443344,1231121324432434,1211213243324344,1112132432243434,1121324321434234,1213243114232344,1122331142323444,1213211423234434,1122113232344344,1211132323442434
121	1111223234423434	16	1111223234423434,1112232344134234,1122313441232344,1213124312323444,1121233123234444,1212331231244434,1123212312443344,1231123124432434,1211231243324344,1112312432243434,1123124321434234,1231243114232344,1212331142323444,1123211423234434,1231114232344234,1211132323442344
122	1111223234432344	16	1111223234432344,1112232344312434,1122313442123344,1213124321233444,1121233212334444,1212331123244434,1123211232443344,1231112324432434,1211123243324344,1111232432243434,1112324321434234,1123243114232344,1231421132323444,1213211323234444,1122113232344434,1211132323444234
123	1111223234432434	16	1111223234432434,1112232344314234,1122313442132344,1213124321323444,1121233213234444,1212331122344434,1123211223443344,1231112234432434,1211122343324344,1111223432243434,1112234321434234,1122343114232344,1213421132323444,1123211323234444,1231112232344434,1211122323443344
124	1111223234434234	16	1111223234434234,1112232344341234,1122313442312344,1213124323123444,1121233231234444,1212331212344434,1123212123443344,1231121234432434,1211212343324344,1112123432243434,1121234321434234,1212343114232344,1123421132323444,1234111223234434,1231112232344344,1211122323443434
125	1111223242333444	16	1111223242333444,1112232413324434,1122314132243344,1213141222333444,1121312223334444,1213122133244434,1121221332443344,1212113324432434,1121132243324344,1211322433142434,1112223331424344,1122133214243434,1211322142334344,1112221323343444,1122113233424434,1211132324243344
126	1111223242334344	16	1111223242334344,1112232413342434,1122314132423344,1213141223233444,1121312232334444,1213122313244434,1121223132443344,1212131324432434,1121312243324344,1213122433142434,1121223331424344,1212133214243434,1121322142334344,1213211423342434,1122113233424344,1211132324243434
127	1111223242334434	16	1111223242334434,1112232413344234,1122314132432344,1213141223323444,1121312233234444,1213122331244434,1121223312443344,1212133124432434,1121321243324344,1213212433142434,1122123331424344,1211233214243434,1112322142334344,1123211423342434,1231114232423344,1211132324233444
128	1111223242343344	16	1111223242343344,1112232413432434,1122314134223344,1213141232233444,1121312322334444,1213123213244434,1121232132443344,1212311324432434,1123112243324344,1231122433142434,1211223331424344,1112233214243434,1122331142434234,1213211423342344,1122113233423444,1211132324234434
129	1111223242343434	16	1111223242343434,1112232413434234,1122314134232344,1213141232323444,1121312323234444,1213123231244434,1121232312443344,1212313124432434,1123121243324344,1231212433142434,1212123331424344,1121233214243434,1212331142434234,1123211423342344,1231114232423434,1211132324234344
130	1111223243233444	16	1111223243233444,1112232431324434,1122314312243344,1213142122333444,1121321223334444,1213212133244434,1122121332443344,1211213324432434,1112132243324344,1121322433142434,1213214321423344,1122133214233444,1211322142334434,1112221323344344,1122113233442434,1211132324423344
131	1111223243234344	16	1111223243234344,1112232431342434,1122314312423344,1213142123233444,1121321232334444,1213212313244434,1122123132443344,1211231324432434,1112312243324344,1123122433142434,1231214321423344,1212133214233444,1121322142334434,1213211423344234,1122113233442344,1211132324423434
132	1111223243234434	16	1111223243234434,1112232431344234,1122314312432344,1213142123323444,1121321233234444,1213212331244434,1122123312443344,1211233124432434,1112321243324344,1123212433142434,1231124321423344,1211233214233444,1112322142334434,1123211423344234,1231114232432344,1211132324323444
133	1111223243243344	16	1111223243243344,1112232431432434,1122314314223344,1213142132233444,1121321322334444,1213213213244434,1122132132443344,1211321324432434,1112213243324344,1122132433142434,1211324321423344,1112233214233444,1122331142324434,1213211423243344,1122113232433444,1211132324324434
134	1111223243243434	16	1111223243243434,1112232431434234,1122314314232344,1213142132323444,1121321323234444,1213213231244434,1122132312443344,1211323124432434,1112231243324344,1122312433142434,1213124321423344,1121233214233444,1212331142324434,1123211423243344,1231114232432434,1211132324324344
135	1111223243323444	16	1111223243323444,1112232433124434,1122314321243344,1213142212333444,1121322123334444,1213211233244434,1122112332443344,1211123324432434,1111232243324344,1112322433142434,1123214321423344,1231142213233444,1211322132334444,1112221323344434,1122113233444234,1211132324432344
136	1111223243324344	8	1111223243324344,1112232433142434,1122314321423344,1213142213233444,1121322132334444,1213211323244434,1122113232443344,1211132324432434
137	1111223243342344	16	1111223243342344,1112232433412434,1122314324123344,1213142231233444,1121322312334444,1213213123244434,1122131232443344,1211312324432434,1112123243324344,1121232433142434,1212314321423344,1123142213233444,1231421132324434,1213211323244344,1122113232443434,1211132324434234
138	1111223243342434	16	1111223243342434,1112232433414234,1122314324132344,1213142231323444,1121322313234444,1213213122344434,1122131223443344,1211312234432434,1112122343324344,1121223433142434,1212134321423344,1121342213233444,1213421132324434,1123211323244344,1231112232443434,1211122324334344
139	1111223243344234	16	1111223243344234,1112232433441234,1122314324312344,1213142233123444,1121322331234444,1213213212344434,1122132123443344,1211321234432434,1112212343324344,1122123433142434,1211234321423344,1112342213233444,1123421132324434,1234111223243344,1231112232433444,1211122324334434
140	1111223243423344	16	1111223243423344,1112232434132434,1122314341223344,1213142312233444,1121323122334444,1213231213244434,1122312132443344,1213121324432434,1121213243324344,1212132433142434,1121324321423344,1213243114232434,1122331142324344,1213211423243434,1122113232434344,1211132324342434
141	1111223243423434	16	1111223243423434,1112232434134234,1122314341232344,1213142312323444,1121323123234444,1213231231244434,1122312312443344,1213123124432434,1121231243324344,1212312433142434,1123124321423344,1231243114232434,1212331142324344,1123211423243434,1231114232434234,1211132324342344
142	1111223243432344	16	1111223243432344,1112232434312434,1122314342123344,1213142321233444,1121323212334444,1213231123244434,1122311232443344,1213112324432434,1121123243324344,1211232433142434,1112324321423344,1123243114232434,1231421132324344,1213211323243444,1122113232434434,1211132324344234
143	1111223243432434	16	1111223243432434,1112232434314234,1122314342132344,1213142321323444,1121323213234444,1213231122344434,1122311223443344,1213112234432434,1121122343324344,1211223433142434,1112234321423344,1122343114232434,1213421132324344,1123211323243444,1231112232434434,1211122324343344
144	1111223243434234	16	1111223243434234,1112232434341234,1122314342312344,1213142323123444,1121323231234444,1213231212344434,1122312123443344,1213121234432434,1121212343324344,1212123433142434,1121234321423344,1212343114232434,1123421132324344,1234111223243434,1231112232434344,1211122324343434
145	1111223322343444	16	1111223322343444,1112233213424434,1122331124243344,1213211242333444,1122112323334444,1211123233244434,1111232322443344,1112323214432434,1123231144223344,1231211432233444,1212113322334444,1121132223344434,1211322133444234,1112221334432344,1122113344223434,1211132432234344
146	1111223322344344	16	1111223322344344,1112233213442434,1122331124423344,1213211243233444,1122112332334444,1211123323244434,1111232232443344,1112322314432434,1123213144223344,1231121432233444,1211213322334444,1112132223344434,1121322133444234,1213211324432344,1122113243323444,1211132432234434
147	1111223322344434	16	1111223322344434,1112233213444234,1122331124432344,1213211243323444,1122112333234444,1211123322344434,1111232223443344,1112322134432434,1123211344223344,1231112432233444,1211123322334444,1111232223344434,1112322133444234,1123211324432344,1231112243323444,1211122333234444
148	1111223323243444	16	1111223323243444,1112233231424434,1122331214243344,1213212142333444,1122121323334444,1211213233244434,1112132322443344,1121323214432434,1213231144223344,1122311432233444,1213114222334434,1121132223344344,1211322133442434,1112221334423344,1122113344232434,1211132432324344
149	1111223323244344	16	1111223323244344,1112233231442434,1122331214423344,1213212143233444,1122121332334444,1211213323244434,1112132232443344,1121322314432434,1213213144223344,1122131432233444,1211314222334434,1112132223344344,1121322133442434,1213211324423344,1122113243233444,1211132432324434
150	1111223323244434	16	1111223323244434,1112233231444234,1122331214432344,1213212143323444,1122121333234444,1211213322344434,1112132223443344,1121322134432434,1213211344223344,1122113432233444,1211134222334434,1111232223344344,1112322133442434,1123211324423344,1231112243233444,1211122332334444
151	1111223323423444	16	1111223323423444,1112233234124434,1122331241243344,1213212412333444,1122123123334444,1211231233244434,1112312322443344,1123123214432434,1231231144223344,1212311432233444,1123114222334434,1231142213344234,1211322133442344,1112221334423434,1122113344234234,1211132432342344
152	1111223323424344	16	1111223323424344,1112233234142434,1122331241423344,1213212413233444,1122123132334444,1211231323244434,1112312232443344,1123122314432434,1231213144223344,1212131432233444,1121314222334434,1213142213344234,1121322133442344,1213211324423434,1122113243234344,1211132432342434
153	1111223323424434	16	1111223323424434,1112233234144234,1122331241432344,1213212413323444,1122123133234444,1211231322344434,1112312223443344,1123122134432434,1231211344223344,1212113432233444,1121134222334434,1211342213344234,1112322133442344,1123211324423434,1231112243234344,1211122332343444
154	1111223323442344	16	1111223323442344,1112233234412434,1122331244123344,1213212431233444,1122123312334444,1211233123244434,1112321232443344,1123212314432434,1231123144223344,1211231432233444,1112314222334434,1123142213344234,1231421132432344,1213211324323444,1122113243234434,1211132432344234
155	1111223323442434	16	1111223323442434,1112233234414234,1122331244132344,1213212431323444,1122123313234444,1211233122344434,1112321223443344,1123212134432434,1231121344223344,1211213432233444,1112134222334434,1121342213344234,1213421132432344,1123211324323444,1231112243234434,1211122332344344
156	1111223323444234	16	1111223323444234,1112233234441234,1122331244312344,1213212433123444,1122123331234444,1211233212344434,1112322123443344,1123211234432434,1231112344223344,1211123432233444,1111234222334434,1112342213344234,1123421132432344,1234111223323444,1231112233234444,1211122332344434
157	1111223324233444	16	1111223324233444,1112233241324434,1122331412243344,1213214122333444,1122131223334444,1211312233244434,1112122332443344,1121223314432434,1212133144223344,1121321432233444,1213214321324434,1122133213244344,1211322132443434,1112221324334344,1122113243342434,1211132432423344
158	1111223324234344	16	1111223324234344,1112233241342434,1122331412423344,1213214123233444,1122131232334444,1211312323244434,1112123232443344,1121232314432434,1212313144223344,1123121432233444,1231214321324434,1212133213244344,1121322132443434,1213211324434234,1122113243342344,1211132432423434
159	1111223324234434	16	1111223324234434,1112233241344234,1122331412432344,1213214123323444,1122131233234444,1211312322344434,1112123223443344,1121232134432434,1212311344223344,1123112432233444,1231124321324434,1211233213244344,1112322132443434,1123211324434234,1231112243342344,1211122333423444
160	1111223324243344	16	1111223324243344,1112233241432434,1122331414223344,1213214132233444,1122131322334444,1211312223344434,1112122233443344,1121221334432434,1212113344223344,1121132432233444,1211324321324434,1112233213244344,1122331122443434,1213211224334344,1122112233343444,1211122333424434
161	1111223324243434	16	1111223324243434,1112233241434234,1122331414232344,1213214132323444,1122131323234444,1211312232344434,1112122323443344,1121223134432434,1212131344223344,1121312432233444,1213124321324434,1121233213244344,1212331122443434,1123211224334344,1231112243342434,1211122333424344
162	1111223324323444	16	1111223324323444,1112233243124434,1122331421243344,1213214212333444,1122132123334444,1211321233244434,1112212332443344,1122123314432434,1211233144223344,1112321432233444,1123214321324434,1231142213243344,1211322132433444,1112221324334434,1122113243344234,1211132432432344
163	1111223324324344	16	1111223324324344,1112233243142434,1122331421423344,1213214213233444,1122132132334444,1211321323244434,1112213232443344,1122132314432434,1211323144223344,1112231432233444,1122314321324434,1213142213243344,1121322132433444,1213211324324434,1122113243243344,1211132432432434
164	1111223324324434	16	1111223324324434,1112233243144234,1122331421432344,1213214213323444,1122132133234444,1211321322344434,1112213223443344,1122132134432434,1211321344223344,1112213432233444,1122134321324434,1211342213243344,1112322132433444,1123211324324434,1231112243243344,1211122332433444
165	1111223324342344	16	1111223324342344,1112233243412434,1122331424123344,1213214231233444,1122132312334444,1211323123244434,1112231232443344,1122312314432434,1213123144223344,1121231432233444,1212314321324434,1123142213243344,1231421132432434,1213211324324344,1122113243243434,1211132432434234
166	1111223324342434	16	1111223324342434,1112233243414234,1122331424132344,1213214231323444,1122132313234444,1211323122344434,1112231223443344,1122312134432434,1213121344223344,1121213432233444,1212134321324434,1121342213243344,1213421132432434,1123211324324344,1231112243243434,1211122332434344
167	1111223324344234	16	1111223324344234,1112233243441234,1122331424312344,1213214233123444,1122132331234444,1211323212344434,1112232123443344,1122311234432434,1213112344223344,1121123432233444,1211234321324434,1112342213243344,1123421132432434,1234111223324344,1231112233243444,1211122332434434
168	1111223324423344	16	1111223324423344,1112233244132434,1122331441223344,1213214312233444,1122133122334444,1211321223344434,1112212233443344,1122121334432434,1211213344223344,1112132432233444,1121324321324434,1213243112243344,1122331122433444,1213211224334434,1122112233344344,1211122333442434
169	1111223324423434	16	1111223324423434,1112233244134234,1122331441232344,1213214312323444,1122133123234444,1211321232344434,1112212323443344,1122123134432434,1211231344223344,1112312432233444,1123124321324434,1231243112243344,1212331122433444,1123211224334434,1231112243344234,1211122333442344
170	1111223324432344	16	1111223324432344,1112233244312434,1122331442123344,1213214321233444,1122133212334444,1211322123344434,1112221233443344,1122112334432434,1211123344223344,1111232432233444,1112324321324434,1123243112243344,1231421122333444,1213211223334444,1122112233344434,1211122333444234
171	1111223324432434	16	1111223324432434,1112233244314234,1122331442132344,1213214321323444,1122133213234444,1211322132344434,1112221323443344,1122113234432434,1211132344223344,1111223432233444,1112234321324434,1122343112243344,1213421122333444,1123211223334444,1231112233244434,1211122332443344
172	1111223324434234	16	1111223324434234,1112233244341234,1122331442312344,1213214323123444,1122133231234444,1211322312344434,1112223123443344,1122131234432434,1211312344223344,1112123432233444,1121234321324434,1212343112243344,1123421122333444,1234111223324434,1231112233244344,1211122332443434
173	1111223342233444	16	1111223342233444,1112233421324434,1122334112243344,1213241122333444,1122311223334444,1213112233244434,1121122332443344,1211223314432434,1112233144223344,1122331442132434,1213214321324344,1122133213243444,1211322132434434,1112221324343344,1122113243432434,1211132434223344
174	1111223342234344	16	1111223342234344,1112233421342434,1122334112423344,1213241123233444,1122311232334444,1213112323244434,1121123232443344,1211232314432434,1112323144223344,1123231442132434,1231214321324344,1212133213243444,1121322132434434,1213211324344234,1122113243432344,1211132434223434
175	1111223342234434	16	1111223342234434,1112233421344234,1122334112432344,1213241123323444,1122311233234444,1213112322344434,1121123223443344,1211232134432434,1112321344223344,1123213442132434,1231124321324344,1211233213243444,1112322132434434,1123211324344234,1231112243432344,1211122334323444
176	1111223342243344	16	1111223342243344,1112233421432434,1122334114223344,1213241132233444,1122311322334444,1213112223344434,1121122233443344,1211221334432434,1112213344223344,1122133442132434,1211324321324344,1112233213243444,1122331122434434,1213211224343344,1122112233433444,1211122334324434
177	1111223342243434	16	1111223342243434,1112233421434234,1122334114232344,1213241132323444,1122311323234444,1213112232344434,1121122323443344,1211223134432434,1112231344223344,1122313442132434,1213124321324344,1121233213243444,1212331122434434,1123211224343344,1231112243432434,1211122334324344
178	1111223342323444	16	1111223342323444,1112233423124434,1122334121243344,1213241212333444,1122312123334444,1213121233244434,1121212332443344,1212123314432434,1121233144223344,1212331442132434,1123214321324344,1231142213243434,1211322132434344,1112221324343434,1122113243434234,1211132434232344
179	1111223342324344	16	1111223342324344,1112233423142434,1122334121423344,1213241213233444,1122312132334444,1213121323244434,1121213232443344,1212132314432434,1121323144223344,1213231442132434,1122314321324344,1213142213243434,1121322132434344,1213211324342434,1122113243423344,1211132434232434
180	1111223342324434	16	1111223342324434,1112233423144234,1122334121432344,1213241213323444,1122312133234444,1213121322344434,1121213223443344,1212132134432434,1121321344223344,1213213442132434,1122134321324344,1211342213243434,1112322132434344,1123211324342434,1231112243423344,1211122334233444
181	1111223342342344	16	1111223342342344,1112233423412434,1122334124123344,1213241231233444,1122312312334444,1213123123244434,1121231232443344,1212312314432434,1123123144223344,1231231442132434,1212314321324344,1123142213243434,1231421132434234,1213211324342344,1122113243423434,1211132434234234
182	1111223342342434	16	1111223342342434,1112233423414234,1122334124132344,1213241231323444,1122312313234444,1213123122344434,1121231223443344,1212312134432434,1123121344223344,1231213442132434,1212134321324344,1121342213243434,1213421132434234,1123211324342344,1231112243423434,1211122334234344
183	1111223342344234	16	1111223342344234,1112233423441234,1122334124312344,1213241233123444,1122312331234444,1213123212344434,1121232123443344,1212311234432434,1123112344223344,1231123442132434,1211234321324344,1112342213243434,1123421132434234,1234111223342344,1231112233423444,1211122334234434
184	1111223342423344	16	1111223342423344,1112233424132434,1122334141223344,1213241312233444,1122313122334444,1213121223344434,1121212233443344,1212121334432434,1121213344223344,1212133442132434,1121324321324344,1213243112243434,1122331122434344,1213211224343434,1122112233434344,1211122334342434
185	1111223342423434	16	1111223342423434,1112233424134234,1122334141232344,1213241312323444,1122313123234444,1213121232344434,1121212323443344,1212123134432434,1121231344223344,1212313442132434,1123124321324344,1231243112243434,1212331122434344,1123211224343434,1231112243434234,1211122334342344
186	1111223342432344	16	1111223342432344,1112233424312434,1122334142123344,1213241321233444,1122313212334444,1213122123344434,1121221233443344,1212112334432434,1121123344223344,1211233442132434,1112324321324344,1123243112243434,1231421122334344,1213211223343444,1122112233434434,1211122334344234
187	1111223342432434	16	1111223342432434,1112233424314234,1122334142132344,1213241321323444,1122313213234444,1213122132344434,1121221323443344,1212113234432434,1121132344223344,1211323442132434,1112234321324344,1122343112243434,1213421122334344,1123211223343444,1231112233424434,1211122334243344
188	1111223342434234	16	1111223342434234,1112233424341234,1122334142312344,1213241323123444,1122313231234444,1213122312344434,1121223123443344,1212131234432434,1121312344223344,1213123442132434,1121234321324344,1212343112243434,1123421122334344,1234111223342434,1231112233424344,1211122334243434
189	1111223344223344	8	1111223344223344,1112233442132434,1122334411223344,1213243112233444,1122331122334444,1213211223344434,1122112233443344,1211122334432434
190	1111223344223434	16	1111223344223434,1112233442134234,1122334411232344,1213243112323444,1122331123234444,1213211232344434,1122112323443344,1211123234432434,1111232344223344,1112323442132434,1123234411223344,1231243112233444,1212331122334444,1123211223344434,1231112233444234,1211122334432344
191	1111223344232344	16	1111223344232344,1112233442312434,1122334412123344,1213243121233444,1122331212334444,1213212123344434,1122121233443344,1211212334432434,1112123344223344,1121233442132434,1212334411223344,1123243112233444,1231421122334434,1213211223344344,1122112233443434,1211122334434234
192	1111223344232434	16	1111223344232434,1112233442314234,1122334412132344,1213243121323444,1122331213234444,1213212132344434,1122121323443344,1211213234432434,1112132344223344,1121323442132434,1213234411223344,1122343112233444,1213421122334434,1123211223344344,1231112233442434,1211122334423344
193	1111223344234234	16	1111223344234234,1112233442341234,1122334412312344,1213243123123444,1122331231234444,1213212312344434,1122123123443344,1211231234432434,1112312344223344,1123123442132434,1231234411223344,1212343112233444,1123421122334434,1234111223344234,1231112233442344,1211122334423434
194	1111223422333444	16	1111223422333444,1112234213324434,1122341132243344,1213411222333444,1123112223334444,1231122133244434,1211221332443344,1112213324432434,1122133244314234,1211322433142344,1112223331423444,1122133214234434,1211322142343344,1112221323433444,1122113234324434,1211132342243344
195	1111223422334344	16	1111223422334344,1112234213342434,1122341132423344,1213411223233444,1123112232334444,1231122313244434,1211223132443344,1112231324432434,1122313244314234,1213122433142344,1121223331423444,1212133214234434,1121322142343344,1213211423432434,1122113234324344,1211132342243434
196	1111223422334434	16	1111223422334434,1112234213344234,1122341132432344,1213411223323444,1123112233234444,1231122331244434,1211223312443344,1112233124432434,1122331244314234,1213212433142344,1122123331423444,1211233214234434,1112322142343344,1123211423432434,1231114234223344,1211132342233444
197	1111223422343344	16	1111223422343344,1112234213432434,1122341134223344,1213411232233444,1123112322334444,1231123213244434,1211232132443344,1112321324432434,1123213244314234,1231122433142344,1211223331423444,1112233214234434,1122331142344234,1213211423432344,1122113234323444,1211132342234434
198	1111223422343434	16	1111223422343434,1112234213434234,1122341134232344,1213411232323444,1123112323234444,1231123231244434,1211232312443344,1112323124432434,1123231244314234,1231212433142344,1212123331423444,1121233214234434,1212331142344234,1123211423432344,1231114234223434,1211132342234344
199	1111223423233444	16	1111223423233444,1112234231324434,1122341312243344,1213412122333444,1123121223334444,1231212133244434,1212121332443344,1121213324432434,1212133244314234,1121322433142344,1213214321423434,1122133214234344,1211322142343434,1112221323434344,1122113234342434,1211132342423344
200	1111223423234344	16	1111223423234344,1112234231342434,1122341312423344,1213412123233444,1123121232334444,1231212313244434,1212123132443344,1121231324432434,1212313244314234,1123122433142344,1231214321423434,1212133214234344,1121322142343434,1213211423434234,1122113234342344,1211132342423434
201	1111223423234434	16	1111223423234434,1112234231344234,1122341312432344,1213412123323444,1123121233234444,1231212331244434,1212123312443344,1121233124432434,1212331244314234,1123212433142344,1231124321423434,1211233214234344,1112322142343434,1123211423434234,1231114234232344,1211132342323444
202	1111223423243344	16	1111223423243344,1112234231432434,1122341314223344,1213412132233444,1123121322334444,1231213213244434,1212132132443344,1121321324432434,1213213244314234,1122132433142344,1211324321423434,1112233214234344,1122331142342434,1213211423423344,1122113234233444,1211132342324434
203	1111223423243434	16	1111223423243434,1112234231434234,1122341314232344,1213412132323444,1123121323234444,1231213231244434,1212132312443344,1121323124432434,1213231244314234,1122312433142344,1213124321423434,1121233214234344,1212331142342434,1123211423423344,1231114234232434,1211132342324344
204	1111223423323444	16	1111223423323444,1112234233124434,1122341321243344,1213412212333444,1123122123334444,1231211233244434,1212112332443344,1121123324432434,1211233244314234,1112322433142344,1123214321423434,1231142213234344,1211322132343444,1112221323434434,1122113234344234,1211132342432344
205	1111223423324344	16	1111223423324344,1112234233142434,1122341321423344,1213412213233444,1123122132334444,1231211323244434,1212113232443344,1121132324432434,1211323244314234,1112232433142344,1122314321423434,1213142213234344,1121322132343444,1213211323424434,1122113234243344,1211132342432434
206	1111223423324434	16	1111223423324434,1112234233144234,1122341321432344,1213412213323444,1123122133234444,1231211322344434,1212113223443344,1121132234432434,1211322344314234,1112223433142344,1122134321423434,1211342213234344,1112322132343444,1123211323424434,1231112234243344,1211122342333444
207	1111223423342344	16	1111223423342344,1112234233412434,1122341324123344,1213412231233444,1123122312334444,1231213123244434,1212131232443344,1121312324432434,1213123244314234,1121232433142344,1212314321423434,1123142213234344,1231421132342434,1213211323424344,1122113234243434,1211132342434234
208	1111223423342434	16	1111223423342434,1112234233414234,1122341324132344,1213412231323444,1123122313234444,1231213122344434,1212131223443344,1121312234432434,1213122344314234,1121223433142344,1212134321423434,1121342213234344,1213421132342434,1123211323424344,1231112234243434,1211122342334344
209	1111223423344234	16	1111223423344234,1112234233441234,1122341324312344,1213412233123444,1123122331234444,1231213212344434,1212132123443344,1121321234432434,1213212344314234,1122123433142344,1211234321423434,1112342213234344,1123421132342434,1234111223423344,1231112234233444,1211122342334434
210	1111223423423344	16	1111223423423344,1112234234132434,1122341341223344,1213412312233444,1123123122334444,1231231213244434,1212312132443344,1123121324432434,1231213244314234,1212132433142344,1121324321423434,1213243114234234,1122331142342344,1213211423423434,1122113234234344,1211132342342434
211	1111223423423434	16	1111223423423434,1112234234134234,1122341341232344,1213412312323444,1123123123234444,1231231231244434,1212312312443344,1123123124432434,1231231244314234,1212312433142344,1123124321423434,1231243114234234,1212331142342344,1123211423423434,1231114234234234,1211132342342344
212	1111223423432344	16	1111223423432344,1112234234312434,1122341342123344,1213412321233444,1123123212334444,1231231123244434,1212311232443344,1123112324432434,1231123244314234,1211232433142344,1112324321423434,1123243114234234,1231421132342344,1213211323423444,1122113234234434,1211132342344234
213	1111223423432434	16	1111223423432434,1112234234314234,1122341342132344,1213412321323444,1123123213234444,1231231122344434,1212311223443344,1123112234432434,1231122344314234,1211223433142344,1112234321423434,1122343114234234,1213421132342344,1123211323423444,1231112234234434,1211122342343344
214	1111223423434234	16	1111223423434234,1112234234341234,1122341342312344,1213412323123444,1123123231234444,1231231212344434,1212312123443344,1123121234432434,1231212344314234,1212123433142344,1121234321423434,1212343114234234,1123421132342344,1234111223423434,1231112234234344,1211122342343434
215	1111223432234344	16	1111223432234344,1112234321342434,1122343112423344,1213421123233444,1123211232334444,1231112323244434,1211123232443344,1111232324432434,1112323244314234,1123231442132344,1231214321323444,1212133213234444,1121322132344434,1213211323444234,1122113234432344,1211132344223434
216	1111223432234434	16	1111223432234434,1112234321344234,1122343112432344,1213421123323444,1123211233234444,1231112322344434,1211123223443344,1111232234432434,1112322344314234,1123213442132344,1231124321323444,1211233213234444,1112322132344434,1123211323444234,1231112234432344,1211122343323444
217	1111223432323444	16	1111223432323444,1112234323124434,1122343121243344,1213421212333444,1123212123334444,1231121233244434,1211212332443344,1112123324432434,1121233244314234,1212331442132344,1123214321323444,1231142213234434,1211322132344344,1112221323443434,1122113234434234,1211132344232344
218	1111223432324344	16	1111223432324344,1112234323142434,1122343121423344,1213421213233444,1123212132334444,1231121323244434,1211213232443344,1112132324432434,1121323244314234,1213231442132344,1122314321323444,1213142213234434,1121322132344344,1213211323442434,1122113234423344,1211132344232434
219	1111223432324434	16	1111223432324434,1112234323144234,1122343121432344,1213421213323444,1123212133234444,1231121322344434,1211213223443344,1112132234432434,1121322344314234,1213213442132344,1122134321323444,1211342213234434,1112322132344344,1123211323442434,1231112234423344,1211122343233444
220	1111223432342344	16	1111223432342344,1112234323412434,1122343124123344,1213421231233444,1123212312334444,1231123123244434,1211231232443344,1112312324432434,1123123244314234,1231231442132344,1212314321323444,1123142213234434,1231421132344234,1213211323442344,1122113234423434,1211132344234234
221	1111223432342434	16	1111223432342434,1112234323414234,1122343124132344,1213421231323444,1123212313234444,1231123122344434,1211231223443344,1112312234432434,1123122344314234,1231213442132344,1212134321323444,1121342213234434,1213421132344234,1123211323442344,1231112234423434,1211122343234344
222	1111223432344234	16	1111223432344234,1112234323441234,1122343124312344,1213421233123444,1123212331234444,1231123212344434,1211232123443344,1112321234432434,1123212344314234,1231123442132344,1211234321323444,1112342213234434,1123421132344234,1234111223432344,1231112234323444,1211122343234434
223	1111223432423344	16	1111223432423344,1112234324132434,1122343141223344,1213421312233444,1123213122334444,1231121223344434,1211212233443344,1112122334432434,1121223344314234,1212133442132344,1121324321323444,1213243112234434,1122331122344344,1213211223443434,1122112234334344,1211122343342434
224	1111223432423434	16	1111223432423434,1112234324134234,1122343141232344,1213421312323444,1123213123234444,1231121232344434,1211212323443344,1112123234432434,1121232344314234,1212313442132344,1123124321323444,1231243112234434,1212331122344344,1123211223443434,1231112234434234,1211122343342344
225	1111223432432344	16	1111223432432344,1112234324312434,1122343142123344,1213421321233444,1123213212334444,1231122123344434,1211221233443344,1112212334432434,1122123344314234,1211233442132344,1112324321323444,1123243112234434,1231421122343344,1213211223433444,1122112234334434,1211122343344234
226	1111223432432434	16	1111223432432434,1112234324314234,1122343142132344,1213421321323444,1123213213234444,1231122132344434,1211221323443344,1112213234432434,1122132344314234,1211323442132344,1112234321323444,1122343112234434,1213421122343344,1123211223433444,1231112234324434,1211122343243344
227	1111223432434234	16	1111223432434234,1112234324341234,1122343142312344,1213421323123444,1123213231234444,1231122312344434,1211223123443344,1112231234432434,1122312344314234,1213123442132344,1121234321323444,1212343112234434,1123421122343344,1234111223432434,1231112234324344,1211122343243434
228	1111223434223344	16	1111223434223344,1112234342132434,1122343411223344,1213423112233444,1123231122334444,1231211223344434,1212112233443344,1121122334432434,1211223344314234,1112233442132344,1122334411223434,1213243112234344,1122331122343444,1213211223434434,1122112234343344,1211122343432434
229	1111223434223434	16	1111223434223434,1112234342134234,1122343411232344,1213423112323444,1123231123234444,1231211232344434,1212112323443344,1121123234432434,1211232344314234,1112323442132344,1123234411223434,1231243112234344,1212331122343444,1123211223434434,1231112234344234,1211122343432344
230	1111223434232344	16	1111223434232344,1112234342312434,1122343412123344,1213423121233444,1123231212334444,1231212123344434,1212121233443344,1121212334432434,1212123344314234,1121233442132344,1212334411223434,1123243112234344,1231421122343434,1213211223434344,1122112234343434,1211122343434234
231	1111223434232434	16	1111223434232434,1112234342314234,1122343412132344,1213423121323444,1123231213234444,1231212132344434,1212121323443344,1121213234432434,1212132344314234,1121323442132344,1213234411223434,1122343112234344,1213421122343434,1123211223434344,1231112234342434,1211122343423344
232	1111223434234234	16	1111223434234234,1112234342341234,1122343412312344,1213423123123444,1123231231234444,1231212312344434,1212123123443344,1121231234432434,1212312344314234,1123123442132344,1231234411223434,1212343112234344,1123421122343434,1234111223434234,1231112234342344,1211122343423434
233	1111232223433444	16	1111232223433444,1112322134324434,1123211342243344,1231112422333444,1211123223334444,1111232233244434,1112322331444234,1123213214432344,1231122143323444,1211221333234444,1112213322344434,1122133213444234,1211322134432344,1112221343323444,1122113432234434,1211134222343344
234	1111232223434344	16	1111232223434344,1112322134342434,1123211342423344,1231112423233444,1211123232334444,1111232323244434,1112323231444234,1123231214432344,1231212143323444,1212121333234444,1121213322344434,1212133213444234,1121322134432344,1213211344223434,1122113432234344,1211134222343434
235	1111232223434434	16	1111232223434434,1112322134344234,1123211342432344,1231112423323444,1211123233234444,1111232322344434,1112323213444234,1123231124432344,1231211243323444,1212112333234444,1121123322344434,1211233213444234,1112322134432344,1123211344223434,1231112432234344,1211123322343444
236	1111232223443434	16	1111232223443434,1112322134434234,1123211344232344,1231112432323444,1211123323234444,1111232232344434,1112322313444234,1123213124432344,1231121243323444,1211212333234444,1112123322344434,1121233213444234,1212331124432344,1123211243323444,1231112432234434,1211123322344344
237	1111232232343444	16	1111232232343444,1112322313424434,1123213124243344,1231121242333444,1211212323334444,1112123233244434,1121232331444234,1212313214432344,1123122143323444,1231211432234434,1212113322344344,1121132223443434,1211322134434234,1112221343342344,1122113432423434,1211134223234344
238	1111232232344344	16	1111232232344344,1112322313442434,1123213124423344,1231121243233444,1211212332334444,1112123323244434,1121233231444234,1212331214432344,1123212143323444,1231121432234434,1211213322344344,1112132223443434,1121322134434234,1213211344232344,1122113432323444,1211134223234434
239	1111232232433444	16	1111232232433444,1112322314324434,1123213142243344,1231121422333444,1211213223334444,1112132233244434,1121322331444234,1213213214432344,1122132143323444,1211321432234434,1112213322344344,1122133213442434,1211322134423344,1112221343233444,1122113432324434,1211134223243344
240	1111232232434344	16	1111232232434344,1112322314342434,1123213142423344,1231121423233444,1211213232334444,1112132323244434,1121323231444234,1213231214432344,1122312143323444,1213121432234434,1121213322344344,1212133213442434,1121322134423344,1213211344232434,1122113432324344,1211134223243434
241	1111232232434434	16	1111232232434434,1112322314344234,1123213142432344,1231121423323444,1211213233234444,1112132322344434,1121323213444234,1213231124432344,1122311243323444,1213112432234434,1121123322344344,1211233213442434,1112322134423344,1123211344232434,1231112432324344,1211123323243444
242	1111232232443434	16	1111232232443434,1112322314434234,1123213144232344,1231121432323444,1211213323234444,1112132232344434,1121322313444234,1213213124432344,1122131243323444,1211312432234434,1112123322344344,1121233213442434,1212331124423344,1123211243233444,1231112432324434,1211123323244344
243	1111232233243444	16	1111232233243444,1112322331424434,1123213214243344,1231122142333444,1211221323334444,1112213233244434,1122132331444234,1211323214432344,1112232143323444,1122311432234434,1213114222343344,1121132223433444,1211322134324434,1112221343243344,1122113432432434,1211134223324344
244	1111232233244344	16	1111232233244344,1112322331442434,1123213214423344,1231122143233444,1211221332334444,1112213323244434,1122133231444234,1211322314432344,1112223143323444,1122131432234434,1211314222343344,1112132223433444,1121322134324434,1213211342243344,1122113422333444,1211134223324434
245	1111232233423444	16	1111232233423444,1112322334124434,1123213241243344,1231122412333444,1211223123334444,1112231233244434,1122312331444234,1213123214432344,1121232143323444,1212311432234434,1123114222343344,1231142213432434,1211322134324344,1112221343243434,1122113432434234,1211134223342344
246	1111232233424344	16	1111232233424344,1112322334142434,1123213241423344,1231122413233444,1211223132334444,1112231323244434,1122313231444234,1213122314432344,1121223143323444,1212131432234434,1121314222343344,1213142213432434,1121322134324344,1213211342243434,1122113422334344,1211134223342434
247	1111232233424434	16	1111232233424434,1112322334144234,1123213241432344,1231122413323444,1211223133234444,1112231322344434,1122313213444234,1213122134432344,1121221343323444,1212113432234434,1121134222343344,1211342213432434,1112322134324344,1123211342243434,1231112422334344,1211123223343444
248	1111232233442344	16	1111232233442344,1112322334412434,1123213244123344,1231122431233444,1211223312334444,1112233123244434,1122331231444234,1213212314432344,1122123143323444,1211231432234434,1112314222343344,1123142213432434,1231421134223344,1213211342233444,1122113422334434,1211134223344234
249	1111232233442434	16	1111232233442434,1112322334414234,1123213244132344,1231122431323444,1211223313234444,1112233122344434,1122331213444234,1213212134432344,1122121343323444,1211213432234434,1112134222343344,1121342213432434,1213421134223344,1123211342233444,1231112422334434,1211123223344344
250	1111232233444234	16	1111232233444234,1112322334441234,1123213244312344,1231122433123444,1211223331234444,1112233212344434,1122331123444234,1213211234432344,1122112343323444,1211123432234434,1111234222343344,1112342213432434,1123421134223344,1234111232233444,1231112322334444,1211123223344434
251	1111232234233444	16	1111232234233444,1112322341324434,1123213412243344,1231124122333444,1211231223334444,1112312233244434,1123122331444234,1231213214432344,1212132143323444,1121321432234434,1213214321344234,1122133213442344,1211322134423434,1112221343234344,1122113432342434,1211134223423344
252	1111232234234344	16	1111232234234344,1112322341342434,1123213412423344,1231124123233444,1211231232334444,1112312323244434,1123123231444234,1231231214432344,1212312143323444,1123121432234434,1231214321344234,1212133213442344,1121322134423434,1213211344234234,1122113432342344,1211134223423434
253	1111232234234434	16	1111232234234434,1112322341344234,1123213412432344,1231124123323444,1211231233234444,1112312322344434,1123123213444234,1231231124432344,1212311243323444,1123112432234434,1231124321344234,1211233213442344,1112322134423434,1123211344234234,1231112432342344,1211123323423444
254	1111232234243344	16	1111232234243344,1112322341432434,1123213414223344,1231124132233444,1211231322334444,1112312223344434,1123122133444234,1231211324432344,1212113243323444,1121132432234434,1211324321344234,1112233213442344,1122331124423434,1213211243234344,1122112332343444,1211123323424434
255	1111232234243434	16	1111232234243434,1112322341434234,1123213414232344,1231124132323444,1211231323234444,1112312232344434,1123122313444234,1231213124432344,1212131243323444,1121312432234434,1213124321344234,1121233213442344,1212331124423434,1123211243234344,1231112432342434,1211123323424344
256	1111232234323444	16	1111232234323444,1112322343124434,1123213421243344,1231124212333444,1211232123334444,1112321233244434,1123212331444234,1231123214432344,1211232143323444,1112321432234434,1123214321344234,1231142213432344,1211322134323444,1112221343234434,1122113432344234,1211134223432344
257	1111232234324344	16	1111232234324344,1112322343142434,1123213421423344,1231124213233444,1211232132334444,1112321323244434,1123213231444234,1231122314432344,1211223143323444,1112231432234434,1122314321344234,1213142213432344,1121322134323444,1213211342234434,1122113422343344,1211134223432434
258	1111232234324434	16	1111232234324434,1112322343144234,1123213421432344,1231124213323444,1211232133234444,1112321322344434,1123213213444234,1231122134432344,1211221343323444,1112213432234434,1122134321344234,1211342213432344,1112322134323444,1123211342234434,1231112422343344,1211123223433444
259	1111232234342344	16	1111232234342344,1112322343412434,1123213424123344,1231124231233444,1211232312334444,1112323123244434,1123231231444234,1231212314432344,1212123143323444,1121231432234434,1212314321344234,1123142213432344,1231421134223434,1213211342234344,1122113422343434,1211134223434234
260	1111232234342434	16	1111232234342434,1112322343414234,1123213424132344,1231124231323444,1211232313234444,1112323122344434,1123231213444234,1231212134432344,1212121343323444,1121213432234434,1212134321344234,1121342213432344,1213421134223434,1123211342234344,1231112422343434,1211123223434344
261	1111232234344234	16	1111232234344234,1112322343441234,1123213424312344,1231124233123444,1211232331234444,1112323212344434,1123231123444234,1231211234432344,1212112343323444,1121123432234434,1211234321344234,1112342213432344,1123421134223434,1234111232234344,1231112322343444,1211123223434434
262	1111232234423344	16	1111232234423344,1112322344132434,1123213441223344,1231124312233444,1211233122334444,1112321223344434,1123212133444234,1231121324432344,1211213243323444,1112132432234434,1121324321344234,1213243112432344,1122331124323444,1213211243234434,1122112332344344,1211123323442434
263	1111232234423434	16	1111232234423434,1112322344134234,1123213441232344,1231124312323444,1211233123234444,1112321232344434,1123212313444234,1231123124432344,1211231243323444,1112312432234434,1123124321344234,1231243112432344,1212331124323444,1123211243234434,1231112432344234,1211123323442344
264	1111232234432344	16	1111232234432344,1112322344312434,1123213442123344,1231124321233444,1211233212334444,1112322123344434,1123211233444234,1231112324432344,1211123243323444,1111232432234434,1112324321344234,1123243112432344,1231421123323444,1213211233234444,1122112332344434,1211123323444234
265	1111232234434234	16	1111232234434234,1112322344341234,1123213442312344,1231124323123444,1211233231234444,1112322312344434,1123213123444234,1231121234432344,1211212343323444,1112123432234434,1121234321344234,1212343112432344,1123421123323444,1234111232234434,1231112322344344,1211123223443434
266	1111232242333444	16	1111232242333444,1112322413324434,1123214132243344,1231141222333444,1211312223334444,1112122233344434,1121221333444234,1212113324432344,1121132243323444,1211322433124434,1112223331244344,1122133212443434,1211322124334344,1112221233343444,1122112333424434,1211123324243344
267	1111232242334344	16	1111232242334344,1112322413342434,1123214132423344,1231141223233444,1211312232334444,1112122323344434,1121223133444234,1212131324432344,1121312243323444,1213122433124434,1121223331244344,1212133212443434,1121322124334344,1213211243342434,1122112333424344,1211123324243434
268	1111232242334434	16	1111232242334434,1112322413344234,1123214132432344,1231141223323444,1211312233234444,1112122332344434,1121223313444234,1212133124432344,1121321243323444,1213212433124434,1122123331244344,1211233212443434,1112322124334344,1123211243342434,1231112432423344,1211123324233444
269	1111232242343344	16	1111232242343344,1112322413432434,1123214134223344,1231141232233444,1211312322334444,1112123223344434,1121232133444234,1212311324432344,1123112243323444,1231122433124434,1211223331244344,1112233212443434,1122331124434234,1213211243342344,1122112333423444,1211123324234434
270	1111232242343434	16	1111232242343434,1112322413434234,1123214134232344,1231141232323444,1211312323234444,1112123232344434,1121232313444234,1212313124432344,1123121243323444,1231212433124434,1212123331244344,1121233212443434,1212331124434234,1123211243342344,1231112432423434,1211123324234344
271	1111232243233444	16	1111232243233444,1112322431324434,1123214312243344,1231142122333444,1211321223334444,1112212233344434,1122121333444234,1211213324432344,1112132243323444,1121322433124434,1213214321243344,1122133212433444,1211322124334434,1112221233344344,1122112333442434,1211123324423344
272	1111232243234344	16	1111232243234344,1112322431342434,1123214312423344,1231142123233444,1211321232334444,1112212323344434,1122123133444234,1211231324432344,1112312243323444,1123122433124434,1231214321243344,1212133212433444,1121322124334434,1213211243344234,1122112333442344,1211123324423434
273	1111232243234434	16	1111232243234434,1112322431344234,1123214312432344,1231142123323444,1211321233234444,1112212332344434,1122123313444234,1211233124432344,1112321243323444,1123212433124434,1231124321243344,1211233212433444,1112322124334434,1123211243344234,1231112432432344,1211123324323444
274	1111232243243344	16	1111232243243344,1112322431432434,1123214314223344,1231142132233444,1211321322334444,1112213223344434,1122132133444234,1211321324432344,1112213243323444,1122132433124434,1211324321243344,1112233212433444,1122331124324434,1213211243243344,1122112332433444,1211123324324434
275	1111232243243434	16	1111232243243434,1112322431434234,1123214314232344,1231142132323444,1211321323234444,1112213232344434,1122132313444234,1211323124432344,1112231243323444,1122312433124434,1213124321243344,1121233212433444,1212331124324434,1123211243243344,1231112432432434,1211123324324344
276	1111232243323444	8	1111232243323444,1112322433124434,1123214321243344,1231142212333444,1211322123334444,1112221233344434,1122112333444234,1211123324432344
277	1111232243342344	16	1111232243342344,1112322433412434,1123214324123344,1231142231233444,1211322312334444,1112223123344434,1122131233444234,1211312324432344,1112123243323444,1121232433124434,1212314321243344,1123142212333444,1231421123324434,1213211233244344,1122112332443434,1211123324434234
278	1111232243342434	16	1111232243342434,1112322433414234,1123214324132344,1231142231323444,1211322313234444,1112223132344434,1122131323444234,1211312234432344,1112122343323444,1121223433124434,1212134321243344,1121342212333444,1213421123324434,1123211233244344,1231112322443434,1211123224334344
279	1111232243344234	16	1111232243344234,1112322433441234,1123214324312344,1231142233123444,1211322331234444,1112223312344434,1122133123444234,1211321234432344,1112212343323444,1122123433124434,1211234321243344,1112342212333444,1123421123324434,1234111232243344,1231112322433444,1211123224334434
280	1111232243423344	16	1111232243423344,1112322434132434,1123214341223344,1231142312233444,1211323122334444,1112231223344434,1122312133444234,1213121324432344,1121213243323444,1212132433124434,1121324321243344,1213243112432434,1122331124324344,1213211243243434,1122112332434344,1211123324342434
281	1111232243423434	16	1111232243423434,1112322434134234,1123214341232344,1231142312323444,1211323123234444,1112231232344434,1122312313444234,1213123124432344,1121231243323444,1212312433124434,1123124321243344,1231243112432434,1212331124324344,1123211243243434,1231112432434234,1211123324342344
282	1111232243432344	16	1111232243432344,1112322434312434,1123214342123344,1231142321233444,1211323212334444,1112232123344434,1122311233444234,1213112324432344,1121123243323444,1211232433124434,1112324321243344,1123243112432434,1231421123324344,1213211233243444,1122112332434434,1211123324344234
283	1111232243432434	16	1111232243432434,1112322434314234,1123214342132344,1231142321323444,1211323213234444,1112232132344434,1122311323444234,1213112234432344,1121122343323444,1211223433124434,1112234321243344,1122343112432434,1213421123324344,1123211233243444,1231112322434434,1211123224343344
284	1111232243434234	16	1111232243434234,1112322434341234,1123214342312344,1231142323123444,1211323231234444,1112232312344434,1122313123444234,1213121234432344,1121212343323444,1212123433124434,1121234321243344,1212343112432434,1123421123324344,1234111232243434,1231112322434344,1211123224343434
285	1111232322343444	16	1111232322343444,1112323213424434,1123231124243344,1231211242333444,1212112323334444,1121123233244434,1211232331444234,1112323214432344,1123231144223434,1231211432234344,1212113322343444,1121132223434434,1211322134344234,1112221343432344,1122113434223434,1211134232234344
286	1111232322344344	16	1111232322344344,1112323213442434,1123231124423344,1231211243233444,1212112332334444,1121123323244434,1211233231444234,1112322314432344,1123213144223434,1231121432234344,1211213322343444,1112132223434434,1121322134344234,1213211342432344,1122113423323444,1211134232234434
287	1111232322433444	16	1111232322433444,1112323214324434,1123231142243344,1231211422333444,1212113223334444,1121132233244434,1211322331444234,1112223314432344,1122133144223434,1211321432234344,1112213322343444,1122133213424434,1211322134243344,1112221342333444,1122113423324434,1211134232243344
288	1111232322434344	16	1111232322434344,1112323214342434,1123231142423344,1231211423233444,1212113232334444,1121132323244434,1211323231444234,1112232314432344,1122313144223434,1213121432234344,1121213322343444,1212133213424434,1121322134243344,1213211342432434,1122113423324344,1211134232243434
289	1111232322434434	16	1111232322434434,1112323214344234,1123231142432344,1231211423323444,1212113233234444,1121132322344434,1211323213444234,1112232134432344,1122311344223434,1213112432234344,1121123322343444,1211233213424434,1112322134243344,1123211342432434,1231112423324344,1211123233243444
290	1111232322443434	16	1111232322443434,1112323214434234,1123231144232344,1231211432323444,1212113323234444,1121132232344434,1211322313444234,1112223134432344,1122131344223434,1211312432234344,1112123322343444,1121233213424434,1212331124243344,1123211242333444,1231112423324434,1211123233244344
291	1111232323243444	16	1111232323243444,1112323231424434,1123231214243344,1231212142333444,1212121323334444,1121213233244434,1212132331444234,1121323214432344,1213231144223434,1122311432234344,1213114222343434,1121132223434344,1211322134342434,1112221343423344,1122113434232434,1211134232324344
292	1111232323244344	16	1111232323244344,1112323231442434,1123231214423344,1231212143233444,1212121332334444,1121213323244434,1212133231444234,1121322314432344,1213213144223434,1122131432234344,1211314222343434,1112132223434344,1121322134342434,1213211342423344,1122113423233444,1211134232324434
293	1111232323423444	16	1111232323423444,1112323234124434,1123231241243344,1231212412333444,1212123123334444,1121231233244434,1212312331444234,1123123214432344,1231231144223434,1212311432234344,1123114222343434,1231142213434234,1211322134342344,1112221343423434,1122113434234234,1211134232342344
294	1111232323424344	16	1111232323424344,1112323234142434,1123231241423344,1231212413233444,1212123132334444,1121231323244434,1212313231444234,1123122314432344,1231213144223434,1212131432234344,1121314222343434,1213142213434234,1121322134342344,1213211342423434,1122113423234344,1211134232342434
295	1111232323424434	16	1111232323424434,1112323234144234,1123231241432344,1231212413323444,1212123133234444,1121231322344434,1212313213444234,1123122134432344,1231211344223434,1212113432234344,1121134222343434,1211342213434234,1112322134342344,1123211342423434,1231112423234344,1211123232343444
296	1111232323442344	16	1111232323442344,1112323234412434,1123231244123344,1231212431233444,1212123312334444,1121233123244434,1212331231444234,1123212314432344,1231123144223434,1211231432234344,1112314222343434,1123142213434234,1231421134232344,1213211342323444,1122113423234434,1211134232344234
297	1111232323442434	16	1111232323442434,1112323234414234,1123231244132344,1231212431323444,1212123313234444,1121233122344434,1212331213444234,1123212134432344,1231121344223434,1211213432234344,1112134222343434,1121342213434234,1213421134232344,1123211342323444,1231112423234434,1211123232344344
298	1111232323444234	16	1111232323444234,1112323234441234,1123231244312344,1231212433123444,1212123331234444,1121233212344434,1212331123444234,1123211234432344,1231112344223434,1211123432234344,1111234222343434,1112342213434234,1123421134232344,1234111232323444,1231112323234444,1211123232344434
299	1111232324233444	16	1111232324233444,1112323241324434,1123231412243344,1231214122333444,1212131223334444,1121312233244434,1213122331444234,1121223314432344,1212133144223434,1121321432234344,1213214321342434,1122133213424344,1211322134243434,1112221342334344,1122113423342434,1211134232423344
300	1111232324234344	16	1111232324234344,1112323241342434,1123231412423344,1231214123233444,1212131232334444,1121312323244434,1213123231444234,1121232314432344,1212313144223434,1123121432234344,1231214321342434,1212133213424344,1121322134243434,1213211342434234,1122113423342344,1211134232423434
301	1111232324234434	16	1111232324234434,1112323241344234,1123231412432344,1231214123323444,1212131233234444,1121312322344434,1213123213444234,1121232134432344,1212311344223434,1123112432234344,1231124321342434,1211233213424344,1112322134243434,1123211342434234,1231112423342344,1211123233423444
302	1111232324243344	16	1111232324243344,1112323241432434,1123231414223344,1231214132233444,1212131322334444,1121312223344434,1213122133444234,1121221334432344,1212113344223434,1121132432234344,1211324321342434,1112233213424344,1122331124243434,1213211242334344,1122112323343444,1211123233424434
303	1111232324243434	16	1111232324243434,1112323241434234,1123231414232344,1231214132323444,1212131323234444,1121312232344434,1213122313444234,1121223134432344,1212131344223434,1121312432234344,1213124321342434,1121233213424344,1212331124243434,1123211242334344,1231112423342434,1211123233424344
304	1111232324323444	16	1111232324323444,1112323243124434,1123231421243344,1231214212333444,1212132123334444,1121321233244434,1213212331444234,1122123314432344,1211233144223434,1112321432234344,1123214321342434,1231142213423344,1211322134233444,1112221342334434,1122113423344234,1211134232432344
305	1111232324324344	16	1111232324324344,1112323243142434,1123231421423344,1231214213233444,1212132132334444,1121321323244434,1213213231444234,1122132314432344,1211323144223434,1112231432234344,1122314321342434,1213142213423344,1121322134233444,1213211342324434,1122113423243344,1211134232432434
306	1111232324324434	16	1111232324324434,1112323243144234,1123231421432344,1231214213323444,1212132133234444,1121321322344434,1213213213444234,1122132134432344,1211321344223434,1112213432234344,1122134321342434,1211342213423344,1112322134233444,1123211342324434,1231112423243344,1211123232433444
307	1111232324342344	16	1111232324342344,1112323243412434,1123231424123344,1231214231233444,1212132312334444,1121323123244434,1213231231444234,1122312314432344,1213123144223434,1121231432234344,1212314321342434,1123142213423344,1231421134232434,1213211342324344,1122113423243434,1211134232434234
308	1111232324342434	16	1111232324342434,1112323243414234,1123231424132344,1231214231323444,1212132313234444,1121323122344434,1213231213444234,1122312134432344,1213121344223434,1121213432234344,1212134321342434,1121342213423344,1213421134232434,1123211342324344,1231112423243434,1211123232434344
309	1111232324344234	16	1111232324344234,1112323243441234,1123231424312344,1231214233123444,1212132331234444,1121323212344434,1213231123444234,1122311234432344,1213112344223434,1121123432234344,1211234321342434,1112342213423344,1123421134232434,1234111232324344,1231112323243444,1211123232434434
310	1111232324423344	16	1111232324423344,1112323244132434,1123231441223344,1231214312233444,1212133122334444,1121321223344434,1213212133444234,1122121334432344,1211213344223434,1112132432234344,1121324321342434,1213243112423344,1122331124233444,1213211242334434,1122112323344344,1211123233442434
311	1111232324423434	16	1111232324423434,1112323244134234,1123231441232344,1231214312323444,1212133123234444,1121321232344434,1213212313444234,1122123134432344,1211231344223434,1112312432234344,1123124321342434,1231243112423344,1212331124233444,1123211242334434,1231112423344234,1211123233442344
312	1111232324432344	16	1111232324432344,1112323244312434,1123231442123344,1231214321233444,1212133212334444,1121322123344434,1213211233444234,1122112334432344,1211123344223434,1111232432234344,1112324321342434,1123243112423344,1231421123233444,1213211232334444,1122112323344434,1211123233444234
313	1111232324434234	16	1111232324434234,1112323244341234,1123231442312344,1231214323123444,1212133231234444,1121322312344434,1213213123444234,1122131234432344,1211312344223434,1112123432234344,1121234321342434,1212343112423344,1123421123233444,1234111232324434,1231112323244344,1211123232443434
314	1111232342233444	16	1111232342233444,1112323421324434,1123234112243344,1231241122333444,1212311223334444,1123112233244434,1231122331444234,1211223314432344,1112233144223434,1122331442134234,1213214321342344,1122133213423444,1211322134234434,1112221342343344,1122113423432434,1211134234223344
315	1111232342234344	16	1111232342234344,1112323421342434,1123234112423344,1231241123233444,1212311232334444,1123112323244434,1231123231444234,1211232314432344,1112323144223434,1123231442134234,1231214321342344,1212133213423444,1121322134234434,1213211342344234,1122113423432344,1211134234223434
316	1111232342234434	16	1111232342234434,1112323421344234,1123234112432344,1231241123323444,1212311233234444,1123112322344434,1231123213444234,1211232134432344,1112321344223434,1123213442134234,1231124321342344,1211233213423444,1112322134234434,1123211342344234,1231112423432344,1211123234323444
317	1111232342243344	16	1111232342243344,1112323421432434,1123234114223344,1231241132233444,1212311322334444,1123112223344434,1231122133444234,1211221334432344,1112213344223434,1122133442134234,1211324321342344,1112233213423444,1122331124234434,1213211242343344,1122112323433444,1211123234324434
318	1111232342243434	16	1111232342243434,1112323421434234,1123234114232344,1231241132323444,1212311323234444,1123112232344434,1231122313444234,1211223134432344,1112231344223434,1122313442134234,1213124321342344,1121233213423444,1212331124234434,1123211242343344,1231112423432434,1211123234324344
319	1111232342323444	16	1111232342323444,1112323423124434,1123234121243344,1231241212333444,1212312123334444,1123121233244434,1231212331444234,1212123314432344,1121233144223434,1212331442134234,1123214321342344,1231142213423434,1211322134234344,1112221342343434,1122113423434234,1211134234232344
320	1111232342324344	16	1111232342324344,1112323423142434,1123234121423344,1231241213233444,1212312132334444,1123121323244434,1231213231444234,1212132314432344,1121323144223434,1213231442134234,1122314321342344,1213142213423434,1121322134234344,1213211342342434,1122113423423344,1211134234232434
321	1111232342324434	16	1111232342324434,1112323423144234,1123234121432344,1231241213323444,1212312133234444,1123121322344434,1231213213444234,1212132134432344,1121321344223434,1213213442134234,1122134321342344,1211342213423434,1112322134234344,1123211342342434,1231112423423344,1211123234233444
322	1111232342342344	16	1111232342342344,1112323423412434,1123234124123344,1231241231233444,1212312312334444,1123123123244434,1231231231444234,1212312314432344,1123123144223434,1231231442134234,1212314321342344,1123142213423434,1231421134234234,1213211342342344,1122113423423434,1211134234234234
323	1111232342342434	16	1111232342342434,1112323423414234,1123234124132344,1231241231323444,1212312313234444,1123123122344434,1231231213444234,1212312134432344,1123121344223434,1231213442134234,1212134321342344,1121342213423434,1213421134234234,1123211342342344,1231112423423434,1211123234234344
324	1111232342344234	16	1111232342344234,1112323423441234,1123234124312344,1231241233123444,1212312331234444,1123123212344434,1231231123444234,1212311234432344,1123112344223434,1231123442134234,1211234321342344,1112342213423434,1123421134234234,1234111232342344,1231112323423444,1211123234234434
325	1111232342423344	16	1111232342423344,1112323424132434,1123234141223344,1231241312233444,1212313122334444,1123121223344434,1231212133444234,1212121334432344,1121213344223434,1212133442134234,1121324321342344,1213243112423434,1122331124234344,1213211242343434,1122112323434344,1211123234342434
326	1111232342423434	16	1111232342423434,1112323424134234,1123234141232344,1231241312323444,1212313123234444,1123121232344434,1231212313444234,1212123134432344,1121231344223434,1212313442134234,1123124321342344,1231243112423434,1212331124234344,1123211242343434,1231112423434234,1211123234342344
327	1111232342432344	16	1111232342432344,1112323424312434,1123234142123344,1231241321233444,1212313212334444,1123122123344434,1231211233444234,1212112334432344,1121123344223434,1211233442134234,1112324321342344,1123243112423434,1231421123234344,1213211232343444,1122112323434434,1211123234344234
328	1111232342432434	16	1111232342432434,1112323424314234,1123234142132344,1231241321323444,1212313213234444,1123122132344434,1231211323444234,1212113234432344,1121132344223434,1211323442134234,1112234321342344,1122343112423434,1213421123234344,1123211232343444,1231112323424434,1211123234243344
329	1111232342434234	16	1111232342434234,1112323424341234,1123234142312344,1231241323123444,1212313231234444,1123122312344434,1231213123444234,1212131234432344,1121312344223434,1213123442134234,1121234321342344,1212343112423434,1123421123234344,1234111232342434,1231112323424344,1211123234243434
330	1111232344223434	8	1111232344223434,1112323442134234,1123234411232344,1231243112323444,1212331123234444,1123211232344434,1231112323444234,1211123234432344
331	1111232344232344	16	1111232344232344,1112323442312434,1123234412123344,1231243121233444,1212331212334444,1123212123344434,1231121233444234,1211212334432344,1112123344223434,1121233442134234,1212334411232344,1123243112323444,1231421123234434,1213211232344344,1122112323443434,1211123234434234
332	1111232344232434	16	1111232344232434,1112323442314234,1123234412132344,1231243121323444,1212331213234444,1123212132344434,1231121323444234,1211213234432344,1112132344223434,1121323442134234,1213234411232344,1122343112323444,1213421123234434,1123211232344344,1231112323442434,1211123234423344
333	1111232344234234	16	1111232344234234,1112323442341234,1123234412312344,1231243123123444,1212331231234444,1123212312344434,1231123123444234,1211231234432344,1112312344223434,1123123442134234,1231234411232344,1212343112323444,1123421123234434,1234111232344234,1231112323442344,1211123234423434
334	1111232422333444	16	1111232422333444,1112324213324434,1123241132243344,1231411222333444,1213112223334444,1121122233344434,1211221333444234,1112213324432344,1122133244312434,1211322433124344,1112223331243444,1122133212434434,1211322124343344,1112221233433444,1122112334324434,1211123342243344
335	1111232422334344	16	1111232422334344,1112324213342434,1123241132423344,1231411223233444,1213112232334444,1121122323344434,1211223133444234,1112231324432344,1122313244312434,1213122433124344,1121223331243444,1212133212434434,1121322124343344,1213211243432434,1122112334324344,1211123342243434
336	1111232422334434	16	1111232422334434,1112324213344234,1123241132432344,1231411223323444,1213112233234444,1121122332344434,1211223313444234,1112233124432344,1122331244312434,1213212433124344,1122123331243444,1211233212434434,1112322124343344,1123211243432434,1231112434223344,1211123342233444
337	1111232422343344	16	1111232422343344,1112324213432434,1123241134223344,1231411232233444,1213112322334444,1121123223344434,1211232133444234,1112321324432344,1123213244312434,1231122433124344,1211223331243444,1112233212434434,1122331124344234,1213211243432344,1122112334323444,1211123342234434
338	1111232422343434	16	1111232422343434,1112324213434234,1123241134232344,1231411232323444,1213112323234444,1121123232344434,1211232313444234,1112323124432344,1123231244312434,1231212433124344,1212123331243444,1121233212434434,1212331124344234,1123211243432344,1231112434223434,1211123342234344
339	1111232423233444	16	1111232423233444,1112324231324434,1123241312243344,1231412122333444,1213121223334444,1121212233344434,1212121333444234,1121213324432344,1212133244312434,1121322433124344,1213214321243434,1122133212434344,1211322124343434,1112221233434344,1122112334342434,1211123342423344
340	1111232423234344	16	1111232423234344,1112324231342434,1123241312423344,1231412123233444,1213121232334444,1121212323344434,1212123133444234,1121231324432344,1212313244312434,1123122433124344,1231214321243434,1212133212434344,1121322124343434,1213211243434234,1122112334342344,1211123342423434
341	1111232423234434	16	1111232423234434,1112324231344234,1123241312432344,1231412123323444,1213121233234444,1121212332344434,1212123313444234,1121233124432344,1212331244312434,1123212433124344,1231124321243434,1211233212434344,1112322124343434,1123211243434234,1231112434232344,1211123342323444
342	1111232423243344	16	1111232423243344,1112324231432434,1123241314223344,1231412132233444,1213121322334444,1121213223344434,1212132133444234,1121321324432344,1213213244312434,1122132433124344,1211324321243434,1112233212434344,1122331124342434,1213211243423344,1122112334233444,1211123342324434
343	1111232423243434	16	1111232423243434,1112324231434234,1123241314232344,1231412132323444,1213121323234444,1121213232344434,1212132313444234,1121323124432344,1213231244312434,1122312433124344,1213124321243434,1121233212434344,1212331124342434,1123211243423344,1231112434232434,1211123342324344
344	1111232423323444	16	1111232423323444,1112324233124434,1123241321243344,1231412212333444,1213122123334444,1121221233344434,1212112333444234,1121123324432344,1211233244312434,1112322433124344,1123214321243434,1231142212334344,1211322123343444,1112221233434434,1122112334344234,1211123342432344
345	1111232423324344	16	1111232423324344,1112324233142434,1123241321423344,1231412213233444,1213122132334444,1121221323344434,1212113233444234,1121132324432344,1211323244312434,1112232433124344,1122314321243434,1213142212334344,1121322123343444,1213211233424434,1122112334243344,1211123342432434
346	1111232423324434	16	1111232423324434,1112324233144234,1123241321432344,1231412213323444,1213122133234444,1121221332344434,1212113323444234,1121132234432344,1211322344312434,1112223433124344,1122134321243434,1211342212334344,1112322123343444,1123211233424434,1231112324243344,1211123242333444
347	1111232423342344	16	1111232423342344,1112324233412434,1123241324123344,1231412231233444,1213122312334444,1121223123344434,1212131233444234,1121312324432344,1213123244312434,1121232433124344,1212314321243434,1123142212334344,1231421123342434,1213211233424344,1122112334243434,1211123342434234
348	1111232423342434	16	1111232423342434,1112324233414234,1123241324132344,1231412231323444,1213122313234444,1121223132344434,1212131323444234,1121312234432344,1213122344312434,1121223433124344,1212134321243434,1121342212334344,1213421123342434,1123211233424344,1231112324243434,1211123242334344
349	1111232423344234	16	1111232423344234,1112324233441234,1123241324312344,1231412233123444,1213122331234444,1121223312344434,1212133123444234,1121321234432344,1213212344312434,1122123433124344,1211234321243434,1112342212334344,1123421123342434,1234111232423344,1231112324233444,1211123242334434
350	1111232423423344	16	1111232423423344,1112324234132434,1123241341223344,1231412312233444,1213123122334444,1121231223344434,1212312133444234,1123121324432344,1231213244312434,1212132433124344,1121324321243434,1213243112434234,1122331124342344,1213211243423434,1122112334234344,1211123342342434
351	1111232423423434	16	1111232423423434,1112324234134234,1123241341232344,1231412312323444,1213123123234444,1121231232344434,1212312313444234,1123123124432344,1231231244312434,1212312433124344,1123124321243434,1231243112434234,1212331124342344,1123211243423434,1231112434234234,1211123342342344
352	1111232423432344	16	1111232423432344,1112324234312434,1123241342123344,1231412321233444,1213123212334444,1121232123344434,1212311233444234,1123112324432344,1231123244312434,1211232433124344,1112324321243434,1123243112434234,1231421123342344,1213211233423444,1122112334234434,1211123342344234
353	1111232423432434	16	1111232423432434,1112324234314234,1123241342132344,1231412321323444,1213123213234444,1121232132344434,1212311323444234,1123112234432344,1231122344312434,1211223433124344,1112234321243434,1122343112434234,1213421123342344,1123211233423444,1231112324234434,1211123242343344
354	1111232423434234	16	1111232423434234,1112324234341234,1123241342312344,1231412323123444,1213123231234444,1121232312344434,1212313123444234,1123121234432344,1231212344312434,1212123433124344,1121234321243434,1212343112434234,1123421123342344,1234111232423434,1231112324234344,1211123242343434
355	1111232432323444	16	1111232432323444,1112324323124434,1123243121243344,1231421212333444,1213212123334444,1122121233344434,1211212333444234,1112123324432344,1121233244312434,1212331442123344,1123214321233444,1231142212334434,1211322123344344,1112221233443434,1122112334434234,1211123344232344
356	1111232432324344	16	1111232432324344,1112324323142434,1123243121423344,1231421213233444,1213212132334444,1122121323344434,1211213233444234,1112132324432344,1121323244312434,1213231442123344,1122314321233444,1213142212334434,1121322123344344,1213211233442434,1122112334423344,1211123344232434
357	1111232432324434	16	1111232432324434,1112324323144234,1123243121432344,1231421213323444,1213212133234444,1122121332344434,1211213323444234,1112132234432344,1121322344312434,1213213442123344,1122134321233444,1211342212334434,1112322123344344,1123211233442434,1231112324423344,1211123243233444
358	1111232432342344	16	1111232432342344,1112324323412434,1123243124123344,1231421231233444,1213212312334444,1122123123344434,1211231233444234,1112312324432344,1123123244312434,1231231442123344,1212314321233444,1123142212334434,1231421123344234,1213211233442344,1122112334423434,1211123344234234
359	1111232432342434	16	1111232432342434,1112324323414234,1123243124132344,1231421231323444,1213212313234444,1122123132344434,1211231323444234,1112312234432344,1123122344312434,1231213442123344,1212134321233444,1121342212334434,1213421123344234,1123211233442344,1231112324423434,1211123243234344
360	1111232432344234	16	1111232432344234,1112324323441234,1123243124312344,1231421233123444,1213212331234444,1122123312344434,1211233123444234,1112321234432344,1123212344312434,1231123442123344,1211234321233444,1112342212334434,1123421123344234,1234111232432344,1231112324323444,1211123243234434
361	1111232432423344	16	1111232432423344,1112324324132434,1123243141223344,1231421312233444,1213213122334444,1122131223344434,1211312233444234,1112122334432344,1121223344312434,1212133442123344,1121324321233444,1213243112324434,1122331123244344,1213211232443434,1122112324334344,1211123243342434
362	1111232432423434	16	1111232432423434,1112324324134234,1123243141232344,1231421312323444,1213213123234444,1122131232344434,1211312323444234,1112123234432344,1121232344312434,1212313442123344,1123124321233444,1231243112324434,1212331123244344,1123211232443434,1231112324434234,1211123243342344
363	1111232432432344	16	1111232432432344,1112324324312434,1123243142123344,1231421321233444,1213213212334444,1122132123344434,1211321233444234,1112212334432344,1122123344312434,1211233442123344,1112324321233444,1123243112324434,1231421123243344,1213211232433444,1122112324334434,1211123243344234
364	1111232432432434	16	1111232432432434,1112324324314234,1123243142132344,1231421321323444,1213213213234444,1122132132344434,1211321323444234,1112213234432344,1122132344312434,1211323442123344,1112234321233444,1122343112324434,1213421123243344,1123211232433444,1231112324324434,1211123243243344
365	1111232432434234	16	1111232432434234,1112324324341234,1123243142312344,1231421323123444,1213213231234444,1122132312344434,1211323123444234,1112231234432344,1122312344312434,1213123442123344,1121234321233444,1212343112324434,1123421123243344,1234111232432434,1231112324324344,1211123243243434
366	1111232434223344	16	1111232434223344,1112324342132434,1123243411223344,1231423112233444,1213231122334444,1122311223344434,1213112233444234,1121122334432344,1211223344312434,1112233442123344,1122334411232434,1213243112324344,1122331123243444,1213211232434434,1122112324343344,1211123243432434
367	1111232434223434	16	1111232434223434,1112324342134234,1123243411232344,1231423112323444,1213231123234444,1122311232344434,1213112323444234,1121123234432344,1211232344312434,1112323442123344,1123234411232434,1231243112324344,1212331123243444,1123211232434434,1231112324344234,1211123243432344
368	1111232434232344	16	1111232434232344,1112324342312434,1123243412123344,1231423121233444,1213231212334444,1122312123344434,1213121233444234,1121212334432344,1212123344312434,1121233442123344,1212334411232434,1123243112324344,1231421123243434,1213211232434344,1122112324343434,1211123243434234
369	1111232434232434	16	1111232434232434,1112324342314234,1123243412132344,1231423121323444,1213231213234444,1122312132344434,1213121323444234,1121213234432344,1212132344312434,1121323442123344,1213234411232434,1122343112324344,1213421123243434,1123211232434344,1231112324342434,1211123243423344
370	1111232434234234	16	1111232434234234,1112324342341234,1123243412312344,1231423123123444,1213231231234444,1122312312344434,1213123123444234,1121231234432344,1212312344312434,1123123442123344,1231234411232434,1212343112324344,1123421123243434,1234111232434234,1231112324342344,1211123243423434
371	1111234223233444	16	1111234223233444,1112342231324434,1123421312243344,1234112122333444,1231121223334444,1211212233344434,1112122333444234,1121223334441234,1212133244312344,1121322433123444,1213214321234434,1122133212344344,1211322123443434,1112221234334344,1122112343342434,1211123432423344
372	1111234223234344	16	1111234223234344,1112342231342434,1123421312423344,1234112123233444,1231121232334444,1211212323344434,1112123233444234,1121232334441234,1212313244312344,1123122433123444,1231214321234434,1212133212344344,1121322123443434,1213211234434234,1122112343342344,1211123432423434
373	1111234223234434	16	1111234223234434,1112342231344234,1123421312432344,1234112123323444,1231121233234444,1211212332344434,1112123323444234,1121233234441234,1212331244312344,1123212433123444,1231124321234434,1211233212344344,1112322123443434,1123211234434234,1231112344232344,1211123432323444
374	1111234223243344	16	1111234223243344,1112342231432434,1123421314223344,1234112132233444,1231121322334444,1211213223344434,1112132233444234,1121322334441234,1213213244312344,1122132433123444,1211324321234434,1112233212344344,1122331123442434,1213211234423344,1122112343233444,1211123432324434
375	1111234223243434	16	1111234223243434,1112342231434234,1123421314232344,1234112132323444,1231121323234444,1211213232344434,1112132323444234,1121323234441234,1213231244312344,1122312433123444,1213124321234434,1121233212344344,1212331123442434,1123211234423344,1231112344232434,1211123432324344
376	1111234223323444	16	1111234223323444,1112342233124434,1123421321243344,1234112212333444,1231122123334444,1211221233344434,1112212333444234,1122123334441234,1211233244312344,1112322433123444,1123214321234434,1231142212343344,1211322123433444,1112221234334434,1122112343344234,1211123432432344
377	1111234223324344	16	1111234223324344,1112342233142434,1123421321423344,1234112213233444,1231122132334444,1211221323344434,1112213233444234,1122132334441234,1211323244312344,1112232433123444,1122314321234434,1213142212343344,1121322123433444,1213211234324434,1122112343243344,1211123432432434
378	1111234223324434	16	1111234223324434,1112342233144234,1123421321432344,1234112213323444,1231122133234444,1211221332344434,1112213323444234,1122133234441234,1211322344312344,1112223433123444,1122134321234434,1211342212343344,1112322123433444,1123211234324434,1231112342243344,1211123422333444
379	1111234223342344	16	1111234223342344,1112342233412434,1123421324123344,1234112231233444,1231122312334444,1211223123344434,1112231233444234,1122312334441234,1213123244312344,1121232433123444,1212314321234434,1123142212343344,1231421123432434,1213211234324344,1122112343243434,1211123432434234
380	1111234223342434	16	1111234223342434,1112342233414234,1123421324132344,1234112231323444,1231122313234444,1211223132344434,1112231323444234,1122313234441234,1213122344312344,1121223433123444,1212134321234434,1121342212343344,1213421123432434,1123211234324344,1231112342243434,1211123422334344
381	1111234223344234	16	1111234223344234,1112342233441234,1123421324312344,1234112233123444,1231122331234444,1211223312344434,1112233123444234,1122331234441234,1213212344312344,1122123433123444,1211234321234434,1112342212343344,1123421123432434,1234111234223344,1231112342233444,1211123422334434
382	1111234223423344	16	1111234223423344,1112342234132434,1123421341223344,1234112312233444,1231123122334444,1211231223344434,1112312233444234,1123122334441234,1231213244312344,1212132433123444,1121324321234434,1213243112344234,1122331123442344,1213211234423434,1122112343234344,1211123432342434
383	1111234223423434	16	1111234223423434,1112342234134234,1123421341232344,1234112312323444,1231123123234444,1211231232344434,1112312323444234,1123123234441234,1231231244312344,1212312433123444,1123124321234434,1231243112344234,1212331123442344,1123211234423434,1231112344234234,1211123432342344
384	1111234223432344	16	1111234223432344,1112342234312434,1123421342123344,1234112321233444,1231123212334444,1211232123344434,1112321233444234,1123212334441234,1231123244312344,1211232433123444,1112324321234434,1123243112344234,1231421123432344,1213211234323444,1122112343234434,1211123432344234
385	1111234223432434	16	1111234223432434,1112342234314234,1123421342132344,1234112321323444,1231123213234444,1211232132344434,1112321323444234,1123213234441234,1231122344312344,1211223433123444,1112234321234434,1122343112344234,1213421123432344,1123211234323444,1231112342234434,1211123422343344
386	1111234223434234	16	1111234223434234,1112342234341234,1123421342312344,1234112323123444,1231123231234444,1211232312344434,1112323123444234,1123231234441234,1231212344312344,1212123433123444,1121234321234434,1212343112344234,1123421123432344,1234111234223434,1231112342234344,1211123422343434
387	1111234232233444	16	1111234232233444,1112342321324434,1123423112243344,1234121122333444,1231211223334444,1212112233344434,1121122333444234,1211223334441234,1112233244312344,1122331442123434,1213214321234344,1122133212343444,1211322123434434,1112221234343344,1122112343432434,1211123434223344
388	1111234232234344	16	1111234232234344,1112342321342434,1123423112423344,1234121123233444,1231211232334444,1212112323344434,1121123233444234,1211232334441234,1112323244312344,1123231442123434,1231214321234344,1212133212343444,1121322123434434,1213211234344234,1122112343432344,1211123434223434
389	1111234232234434	16	1111234232234434,1112342321344234,1123423112432344,1234121123323444,1231211233234444,1212112332344434,1121123323444234,1211233234441234,1112322344312344,1123213442123434,1231124321234344,1211233212343444,1112322123434434,1123211234344234,1231112342432344,1211123423323444
390	1111234232243344	16	1111234232243344,1112342321432434,1123423114223344,1234121132233444,1231211322334444,1212113223344434,1121132233444234,1211322334441234,1112223344312344,1122133442123434,1211324321234344,1112233212343444,1122331123424434,1213211234243344,1122112342333444,1211123423324434
391	1111234232243434	16	1111234232243434,1112342321434234,1123423114232344,1234121132323444,1231211323234444,1212113232344434,1121132323444234,1211323234441234,1112232344312344,1122313442123434,1213124321234344,1121233212343444,1212331123424434,1123211234243344,1231112342432434,1211123423324344
392	1111234232323444	16	1111234232323444,1112342323124434,1123423121243344,1234121212333444,1231212123334444,1212121233344434,1121212333444234,1212123334441234,1121233244312344,1212331442123434,1123214321234344,1231142212343434,1211322123434344,1112221234343434,1122112343434234,1211123434232344
393	1111234232324344	16	1111234232324344,1112342323142434,1123423121423344,1234121213233444,1231212132334444,1212121323344434,1121213233444234,1212132334441234,1121323244312344,1213231442123434,1122314321234344,1213142212343434,1121322123434344,1213211234342434,1122112343423344,1211123434232434
394	1111234232324434	16	1111234232324434,1112342323144234,1123423121432344,1234121213323444,1231212133234444,1212121332344434,1121213323444234,1212133234441234,1121322344312344,1213213442123434,1122134321234344,1211342212343434,1112322123434344,1123211234342434,1231112342423344,1211123423233444
395	1111234232342344	16	1111234232342344,1112342323412434,1123423124123344,1234121231233444,1231212312334444,1212123123344434,1121231233444234,1212312334441234,1123123244312344,1231231442123434,1212314321234344,1123142212343434,1231421123434234,1213211234342344,1122112343423434,1211123434234234
396	1111234232342434	16	1111234232342434,1112342323414234,1123423124132344,1234121231323444,1231212313234444,1212123132344434,1121231323444234,1212313234441234,1123122344312344,1231213442123434,1212134321234344,1121342212343434,1213421123434234,1123211234342344,1231112342423434,1211123423234344
397	1111234232344234	16	1111234232344234,1112342323441234,1123423124312344,1234121233123444,1231212331234444,1212123312344434,1121233123444234,1212331234441234,1123212344312344,1231123442123434,1211234321234344,1112342212343434,1123421123434234,1234111234232344,1231112342323444,1211123423234434
398	1111234232423344	16	1111234232423344,1112342324132434,1123423141223344,1234121312233444,1231213122334444,1212131223344434,1121312233444234,1213122334441234,1121223344312344,1212133442123434,1121324321234344,1213243112342434,1122331123424344,1213211234243434,1122112342334344,1211123423342434
399	1111234232423434	16	1111234232423434,1112342324134234,1123423141232344,1234121312323444,1231213123234444,1212131232344434,1121312323444234,1213123234441234,1121232344312344,1212313442123434,1123124321234344,1231243112342434,1212331123424344,1123211234243434,1231112342434234,1211123423342344
400	1111234232432344	16	1111234232432344,1112342324312434,1123423142123344,1234121321233444,1231213212334444,1212132123344434,1121321233444234,1213212334441234,1122123344312344,1211233442123434,1112324321234344,1123243112342434,1231421123423344,1213211234233444,1122112342334434,1211123423344234
401	1111234232432434	16	1111234232432434,1112342324314234,1123423142132344,1234121321323444,1231213213234444,1212132132344434,1121321323444234,1213213234441234,1122132344312344,1211323442123434,1112234321234344,1122343112342434,1213421123423344,1123211234233444,1231112342324434,1211123423243344
402	1111234232434234	16	1111234232434234,1112342324341234,1123423142312344,1234121323123444,1231213231234444,1212132312344434,1121323123444234,1213231234441234,1122312344312344,1213123442123434,1121234321234344,1212343112342434,1123421123423344,1234111234232434,1231112342324344,1211123423243434
403	1111234234223344	16	1111234234223344,1112342342132434,1123423411223344,1234123112233444,1231231122334444,1212311223344434,1123112233444234,1231122334441234,1211223344312344,1112233442123434,1122334411234234,1213243112342344,1122331123423444,1213211234234434,1122112342343344,1211123423432434
404	1111234234223434	16	1111234234223434,1112342342134234,1123423411232344,1234123112323444,1231231123234444,1212311232344434,1123112323444234,1231123234441234,1211232344312344,1112323442123434,1123234411234234,1231243112342344,1212331123423444,1123211234234434,1231112342344234,1211123423432344
405	1111234234232344	16	1111234234232344,1112342342312434,1123423412123344,1234123121233444,1231231212334444,1212312123344434,1123121233444234,1231212334441234,1212123344312344,1121233442123434,1212334411234234,1123243112342344,1231421123423434,1213211234234344,1122112342343434,1211123423434234
406	1111234234232434	16	1111234234232434,1112342342314234,1123423412132344,1234123121323444,1231231213234444,1212312132344434,1123121323444234,1231213234441234,1212132344312344,1121323442123434,1213234411234234,1122343112342344,1213421123423434,1123211234234344,1231112342342434,1211123423423344
407	1111234234234234	16	1111234234234234,1112342342341234,1123423412312344,1234123123123444,1231231231234444,1212312312344434,1123123123444234,1231231234441234,1212312344312344,1123123442123434,1231234411234234,1212343112342344,1123421123423434,1234111234234234,1231112342342344,1211123423423434
408	1112122233343444	8	1112122233343444,1121221333424434,1212113324243344,1121132242333444,1211322413324434,1112223133244344,1122131322443434,1211312224334344
409	1112122233344344	16	1112122233344344,1121221333442434,1212113324423344,1121132243233444,1211322431324434,1112223313244344,1122133122443434,1211321224334344,1112212233343444,1122121333424434,1211213324243344,1112132242333444,1121322413324434,1213214132243344,1122131322433444,1211312224334434
410	1112122233433444	16	1112122233433444,1121221334324434,1212113342243344,1121132422333444,1211324213324434,1112232133244344,1122311322443434,1213112224334344,1121122233343444,1211221333424434,1112213324243344,1122133241432434,1211322413324344,1112223133243444,1122131322434434,1211312224343344
411	1112122233434344	16	1112122233434344,1121221334342434,1212113342423344,1121132423233444,1211324231324434,1112232313244344,1122313122443434,1213121224334344,1121212233343444,1212121333424434,1121213324243344,1212133241432434,1121322413324344,1213214132243434,1122131322434344,1211312224343434
412	1112122233434434	16	1112122233434434,1121221334344234,1212113342432344,1121132423323444,1211324233124434,1112232331244344,1122313212443434,1213122124334344,1121221233343444,1212112333424434,1121123324243344,1211233241432434,1112322413324344,1123214132243434,1231141222334344,1211312223343444
413	1112122233443434	16	1112122233443434,1121221334434234,1212113344232344,1121132432323444,1211324323124434,1112233231244344,1122331212443434,1213212124334344,1122121233343444,1211212333424434,1112123324243344,1121233241432434,1212331414223344,1123214132233444,1231141222334434,1211312223344344
414	1112122234334344	16	1112122234334344,1121221343342434,1212113432423344,1121134223233444,1211342231324434,1112322313244344,1123213122443434,1231121224334344,1211212233343444,1112122333424434,1121223334144234,1212133241432344,1121322413323444,1213214132234434,1122131322344344,1211312223443434
415	1112122234334434	16	1112122234334434,1121221343344234,1212113432432344,1121134223323444,1211342233124434,1112322331244344,1123213212443434,1231122124334344,1211221233343444,1112212333424434,1122123334144234,1211233241432344,1112322413323444,1123214132234434,1231141222343344,1211312223433444
416	1112122234343344	16	1112122234343344,1121221343432434,1212113434223344,1121134232233444,1211342321324434,1112323213244344,1123231122443434,1231211224334344,1212112233343444,1121122333424434,1211223334144234,1112233241432344,1122331414223434,1213214132234344,1122131322343444,1211312223434434
417	1112122234343434	16	1112122234343434,1121221343434234,1212113434232344,1121134232323444,1211342323124434,1112323231244344,1123231212443434,1231212124334344,1212121233343444,1121212333424434,1212123334144234,1121233241432344,1212331414223434,1123214132234344,1231141222343434,1211312223434344
418	1112122323343444	16	1112122323343444,1121223133424434,1212131324243344,1121312242333444,1213122413324434,1121223133244344,1212131322443434,1121312224334344,1213122143342434,1121221333424344,1212113324243434,1121132242334344,1211322413342434,1112223133424344,1122131324243434,1211312242334344
419	1112122323344344	16	1112122323344344,1121223133442434,1212131324423344,1121312243233444,1213122431324434,1121223313244344,1212133122443434,1121321224334344,1213212143342434,1122121333424344,1211213324243434,1112132242334344,1121322413342434,1213214132423344,1122131324233444,1211312242334434
420	1112122323433444	16	1112122323433444,1121223134324434,1212131342243344,1121312422333444,1213124213324434,1121232133244344,1212311322443434,1123112224334344,1231122143342434,1211221333424344,1112213324243434,1122133241434234,1211322413342344,1112223133423444,1122131324234434,1211312242343344
421	1112122323434344	16	1112122323434344,1121223134342434,1212131342423344,1121312423233444,1213124231324434,1121232313244344,1212313122443434,1123121224334344,1231212143342434,1212121333424344,1121213324243434,1212133241434234,1121322413342344,1213214132423434,1122131324234344,1211312242343434
422	1112122323434434	16	1112122323434434,1121223134344234,1212131342432344,1121312423323444,1213124233124434,1121232331244344,1212313212443434,1123122124334344,1231211243342434,1212112333424344,1121123324243434,1211233241434234,1112322413342344,1123214132423434,1231141223234344,1211312232343444
423	1112122323443434	16	1112122323443434,1121223134434234,1212131344232344,1121312432323444,1213124323124434,1121233231244344,1212331212443434,1123212124334344,1231121243342434,1211212333424344,1112123324243434,1121233241434234,1212331414232344,1123214132323444,1231141223234434,1211312232344344
424	1112122324334344	16	1112122324334344,1121223143342434,1212131432423344,1121314223233444,1213142231324434,1121322313244344,1213213122443434,1122131224334344,1211312243342434,1112122333424344,1121223334142434,1212133241423344,1121322413233444,1213214132324434,1122131323244344,1211312232443434
425	1112122324334434	16	1112122324334434,1121223143344234,1212131432432344,1121314223323444,1213142233124434,1121322331244344,1213213212443434,1122132124334344,1211321243342434,1112212333424344,1122123334142434,1211233241423344,1112322413233444,1123214132324434,1231141223243344,1211312232433444
426	1112122324343344	16	1112122324343344,1121223143432434,1212131434223344,1121314232233444,1213142321324434,1121323213244344,1213231122443434,1122311224334344,1213112243342434,1121122333424344,1211223334142434,1112233241423344,1122331414232434,1213214132324344,1122131323243444,1211312232434434
427	1112122324343434	16	1112122324343434,1121223143434234,1212131434232344,1121314232323444,1213142323124434,1121323231244344,1213231212443434,1122312124334344,1213121243342434,1121212333424344,1212123334142434,1121233241423344,1212331414232434,1123214132324344,1231141223243434,1211312232434344
428	1112122332343444	16	1112122332343444,1121223313424434,1212133124243344,1121321242333444,1213212413324434,1122123133244344,1211231322443434,1112312224334344,1123122143342434,1231211432423344,1212113324233444,1121132242334434,1211322413344234,1112223133442344,1122131324423434,1211312243234344
429	1112122332344344	16	1112122332344344,1121223313442434,1212133124423344,1121321243233444,1213212431324434,1122123313244344,1211233122443434,1112321224334344,1123212143342434,1231121432423344,1211213324233444,1112132242334434,1121322413344234,1213214132432344,1122131324323444,1211312243234434
430	1112122332433444	16	1112122332433444,1121223314324434,1212133142243344,1121321422333444,1213214213324434,1122132133244344,1211321322443434,1112213224334344,1122132143342434,1211321432423344,1112213324233444,1122133241324434,1211322413243344,1112223132433444,1122131324324434,1211312243243344
431	1112122332434344	16	1112122332434344,1121223314342434,1212133142423344,1121321423233444,1213214231324434,1122132313244344,1211323122443434,1112231224334344,1122312143342434,1213121432423344,1121213324233444,1212133241324434,1121322413243344,1213214132432434,1122131324324344,1211312243243434
432	1112122332434434	16	1112122332434434,1121223314344234,1212133142432344,1121321423323444,1213214233124434,1122132331244344,1211323212443434,1112232124334344,1122311243342434,1213112432423344,1121123324233444,1211233241324434,1112322413243344,1123214132432434,1231141223324344,1211312233243444
433	1112122332443434	16	1112122332443434,1121223314434234,1212133144232344,1121321432323444,1213214323124434,1122133231244344,1211322312443434,1112223124334344,1122131243342434,1211312432423344,1112123324233444,1121233241324434,1212331412243344,1123214122333444,1231141223324434,1211312233244344
434	1112122333423444	16	1112122333423444,1121223334124434,1212133241243344,1121322412333444,1213214123324434,1122131233244344,1211312322443434,1112123224334344,1121232143342434,1212311432423344,1123114223233444,1231142231324434,1211322313244344,1112223132443434,1122131324434234,1211312243342344
435	1112122333442344	16	1112122333442344,1121223334412434,1212133244123344,1121322431233444,1213214312324434,1122133123244344,1211321232443434,1112212324334344,1122123143342434,1211231432423344,1112314223233444,1123142231324434,1231421312243344,1213213122433444,1122131224334434,1211312243344234
436	1112122333442434	16	1112122333442434,1121223334414234,1212133244132344,1121322431323444,1213214312234434,1122133122344344,1211321223443434,1112212234334344,1122121343342434,1211213432423344,1112134223233444,1121342231324434,1213421312243344,1123213122433444,1231121224334434,1211212233344344
437	1112122334233444	16	1112122334233444,1121223341324434,1212133412243344,1121324122333444,1213241213324434,1122312133244344,1213121322443434,1121213224334344,1212132143342434,1121321432423344,1213214324132434,1122133241324344,1211322413243434,1112223132434344,1122131324342434,1211312243423344
438	1112122334234344	16	1112122334234344,1121223341342434,1212133412423344,1121324123233444,1213241231324434,1122312313244344,1213123122443434,1121231224334344,1212312143342434,1123121432423344,1231214324132434,1212133241324344,1121322413243434,1213214132434234,1122131324342344,1211312243423434
439	1112122334234434	16	1112122334234434,1121223341344234,1212133412432344,1121324123323444,1213241233124434,1122312331244344,1213123212443434,1121232124334344,1212311243342434,1123112432423344,1231124324132434,1211233241324344,1112322413243434,1123214132434234,1231141223342344,1211312233423444
440	1112122334243344	16	1112122334243344,1121223341432434,1212133414223344,1121324132233444,1213241321324434,1122313213244344,1213122132443434,1121221324334344,1212113243342434,1121132432423344,1211324324132434,1112233241324344,1122331412243434,1213214122334344,1122131223343444,1211312233424434
441	1112122334243434	16	1112122334243434,1121223341434234,1212133414232344,1121324132323444,1213241323124434,1122313231244344,1213122312443434,1121223124334344,1212131243342434,1121312432423344,1213124324132434,1121233241324344,1212331412243434,1123214122334344,1231141223342434,1211312233424344
442	1112122334323444	16	1112122334323444,1121223343124434,1212133421243344,1121324212333444,1213241123324434,1122311233244344,1213112322443434,1121123224334344,1211232143342434,1112321432423344,1123214324132434,1231142231324344,1211322313243444,1112223132434434,1122131324344234,1211312243432344
443	1112122334324344	16	1112122334324344,1121223343142434,1212133421423344,1121324213233444,1213241132324434,1122311323244344,1213112232443434,1121122324334344,1211223143342434,1112231432423344,1122314324132434,1213142231324344,1121322313243444,1213213122434434,1122131224343344,1211312243432434
444	1112122334324434	16	1112122334324434,1121223343144234,1212133421432344,1121324213323444,1213241132234434,1122311322344344,1213112223443434,1121122234334344,1211221343342434,1112213432423344,1122134324132434,1211342231324344,1112322313243444,1123213122434434,1231121224343344,1211212233433444
445	1112122334342344	16	1112122334342344,1121223343412434,1212133424123344,1121324231233444,1213241312324434,1122313123244344,1213121232443434,1121212324334344,1212123143342434,1121231432423344,1212314324132434,1123142231324344,1231421312243434,1213213122434344,1122131224343434,1211312243434234
446	1112122334342434	16	1112122334342434,1121223343414234,1212133424132344,1121324231323444,1213241312234434,1122313122344344,1213121223443434,1121212234334344,1212121343342434,1121213432423344,1212134324132434,1121342231324344,1213421312243434,1123213122434344,1231121224343434,1211212233434344
447	1112122334344234	16	1112122334344234,1121223343441234,1212133424312344,1121324233123444,1213241321234434,1122313212344344,1213122123443434,1121221234334344,1212112343342434,1121123432423344,1211234324132434,1112342231324344,1123421312243434,1234112122334344,1231121223343444,1211212233434434
448	1112122334423344	16	1112122334423344,1121223344132434,1212133441223344,1121324312233444,1213243121324434,1122331213244344,1213212132443434,1122121324334344,1211213243342434,1112132432423344,1121324324132434,1213243141223344,1122331412233444,1213214122334434,1122131223344344,1211312233442434
449	1112122334423434	16	1112122334423434,1121223344134234,1212133441232344,1121324312323444,1213243123124434,1122331231244344,1213212312443434,1122123124334344,1211231243342434,1112312432423344,1123124324132434,1231243141223344,1212331412233444,1123214122334434,1231141223344234,1211312233442344
450	1112122334434234	16	1112122334434234,1121223344341234,1212133442312344,1121324323123444,1213243121234434,1122331212344344,1213212123443434,1122121234334344,1211212343342434,1112123432423344,1121234324132434,1212343141223344,1123421312233444,1234112122334434,1231121223344344,1211212233443434
451	1112122342333444	16	1112122342333444,1121223413324434,1212134132243344,1121341222333444,1213412213324434,1123122133244344,1231211322443434,1212113224334344,1121132243342434,1211322433414234,1112223334142344,1122133241423434,1211322413234344,1112223132343444,1122131323424434,1211312234243344
452	1112122342334344	16	1112122342334344,1121223413342434,1212134132423344,1121341223233444,1213412231324434,1123122313244344,1231213122443434,1212131224334344,1121312243342434,1213122433414234,1121223334142344,1212133241423434,1121322413234344,1213214132342434,1122131323424344,1211312234243434
453	1112122342334434	16	1112122342334434,1121223413344234,1212134132432344,1121341223323444,1213412233124434,1123122331244344,1231213212443434,1212132124334344,1121321243342434,1213212433414234,1122123334142344,1211233241423434,1112322413234344,1123214132342434,1231141223423344,1211312234233444
454	1112122342343344	16	1112122342343344,1121223413432434,1212134134223344,1121341232233444,1213412321324434,1123123213244344,1231231122443434,1212311224334344,1123112243342434,1231122433414234,1211223334142344,1112233241423434,1122331414234234,1213214132342344,1122131323423444,1211312234234434
455	1112122342343434	16	1112122342343434,1121223413434234,1212134134232344,1121341232323444,1213412323124434,1123123231244344,1231231212443434,1212312124334344,1123121243342434,1231212433414234,1212123334142344,1121233241423434,1212331414234234,1123214132342344,1231141223423434,1211312234234344
456	1112122343233444	16	1112122343233444,1121223431324434,1212134312243344,1121342122333444,1213421213324434,1123212133244344,1231121322443434,1211213224334344,1112132243342434,1121322433414234,1213214324132344,1122133241323444,1211322413234434,1112223132344344,1122131323442434,1211312234423344
457	1112122343234344	16	1112122343234344,1121223431342434,1212134312423344,1121342123233444,1213421231324434,1123212313244344,1231123122443434,1211231224334344,1112312243342434,1123122433414234,1231214324132344,1212133241323444,1121322413234434,1213214132344234,1122131323442344,1211312234423434
458	1112122343234434	16	1112122343234434,1121223431344234,1212134312432344,1121342123323444,1213421233124434,1123212331244344,1231123212443434,1211232124334344,1112321243342434,1123212433414234,1231124324132344,1211233241323444,1112322413234434,1123214132344234,1231141223432344,1211312234323444
459	1112122343243344	16	1112122343243344,1121223431432434,1212134314223344,1121342132233444,1213421321324434,1123213213244344,1231122132443434,1211221324334344,1112213243342434,1122132433414234,1211324324132344,1112233241323444,1122331412234434,1213214122343344,1122131223433444,1211312234324434
460	1112122343243434	16	1112122343243434,1121223431434234,1212134314232344,1121342132323444,1213421323124434,1123213231244344,1231122312443434,1211223124334344,1112231243342434,1122312433414234,1213124324132344,1121233241323444,1212331412234434,1123214122343344,1231141223432434,1211312234324344
461	1112122343342344	16	1112122343342344,1121223433412434,1212134324123344,1121342231233444,1213421312324434,1123213123244344,1231121232443434,1211212324334344,1112123243342434,1121232433414234,1212314324132344,1123142231323444,1231421312234434,1213213122344344,1122131223443434,1211312234434234
462	1112122343342434	8	1112122343342434,1121223433414234,1212134324132344,1121342231323444,1213421312234434,1123213122344344,1231121223443434,1211212234334344
463	1112122343344234	16	1112122343344234,1121223433441234,1212134324312344,1121342233123444,1213421321234434,1123213212344344,1231122123443434,1211221234334344,1112212343342434,1122123433414234,1211234324132344,1112342231323444,1123421312234434,1234112122343344,1231121223433444,1211212234334434
464	1112122343423344	16	1112122343423344,1121223434132434,1212134341223344,1121342312233444,1213423121324434,1123231213244344,1231212132443434,1212121324334344,1121213243342434,1212132433414234,1121324324132344,1213243141223434,1122331412234344,1213214122343434,1122131223434344,1211312234342434
465	1112122343423434	16	1112122343423434,1121223434134234,1212134341232344,1121342312323444,1213423123124434,1123231231244344,1231212312443434,1212123124334344,1121231243342434,1212312433414234,1123124324132344,1231243141223434,1212331412234344,1123214122343434,1231141223434234,1211312234342344
466	1112122343432344	16	1112122343432344,1121223434312434,1212134342123344,1121342321233444,1213423112324434,1123231123244344,1231211232443434,1212112324334344,1121123243342434,1211232433414234,1112324324132344,1123243141223434,1231421312234344,1213213122343444,1122131223434434,1211312234344234
467	1112122343432434	16	1112122343432434,1121223434314234,1212134342132344,1121342321323444,1213423112234434,1123231122344344,1231211223443434,1212112234334344,1121122343342434,1211223433414234,1112234324132344,1122343141223434,1213421312234344,1123213122343444,1231121223434434,1211212234343344
468	1112122343434234	16	1112122343434234,1121223434341234,1212134342312344,1121342323123444,1213423121234434,1123231212344344,1231212123443434,1212121234334344,1121212343342434,1212123433414234,1121234324132344,1212343141223434,1123421312234344,1234112122343434,1231121223434344,1211212234343434
469	1112123223343444	16	1112123223343444,1121232133424434,1212311324243344,1123112242333444,1231122413324434,1211223133244344,1112231322443434,1122313214434234,1213122143342344,1121221333423444,1212113324234434,1121132242343344,1211322413432434,1112223134324344,1122131342243434,1211312422334344
470	1112123223344344	16	1112123223344344,1121232133442434,1212311324423344,1123112243233444,1231122431324434,1211223313244344,1112233122443434,1122331214434234,1213212143342344,1122121333423444,1211213324234434,1112132242343344,1121322413432434,1213214134223344,1122131342233444,1211312422334434
471	1112123223433444	16	1112123223433444,1121232134324434,1212311342243344,1123112422333444,1231124213324434,1211232133244344,1112321322443434,1123213214434234,1231122143342344,1211221333423444,1112213324234434,1122133241344234,1211322413432344,1112223134323444,1122131342234434,1211312422343344
472	1112123223434344	16	1112123223434344,1121232134342434,1212311342423344,1123112423233444,1231124231324434,1211232313244344,1112323122443434,1123231214434234,1231212143342344,1212121333423444,1121213324234434,1212133241344234,1121322413432344,1213214134223434,1122131342234344,1211312422343434
473	1112123223434434	16	1112123223434434,1121232134344234,1212311342432344,1123112423323444,1231124233124434,1211232331244344,1112323212443434,1123231124434234,1231211243342344,1212112333423444,1121123324234434,1211233241344234,1112322413432344,1123214134223434,1231141232234344,1211312322343444
474	1112123223443434	16	1112123223443434,1121232134434234,1212311344232344,1123112432323444,1231124323124434,1211233231244344,1112322312443434,1123213124434234,1231121243342344,1211212333423444,1112123324234434,1121233241344234,1212331412432344,1123214123323444,1231141232234434,1211312322344344
475	1112123224334434	16	1112123224334434,1121232143344234,1212311432432344,1123114223323444,1231142233124434,1211322331244344,1112223312443434,1122133124434234,1211321243342344,1112212333423444,1122123334124434,1211233241243344,1112322412333444,1123214123324434,1231141232243344,1211312322433444
476	1112123224343344	16	1112123224343344,1121232143432434,1212311434223344,1123114232233444,1231142321324434,1211323213244344,1112232132443434,1122311324434234,1213112243342344,1121122333423444,1211223334124434,1112233241243344,1122331412432434,1213214123324344,1122131233243444,1211312322434434
477	1112123224343434	16	1112123224343434,1121232143434234,1212311434232344,1123114232323444,1231142323124434,1211323231244344,1112232312443434,1122313124434234,1213121243342344,1121212333423444,1212123334124434,1121233241243344,1212331412432434,1123214123324344,1231141232243434,1211312322434344
478	1112123232343444	16	1112123232343444,1121232313424434,1212313124243344,1123121242333444,1231212413324434,1212123133244344,1121231322443434,1212313214434234,1123122143342344,1231211432423434,1212113324234344,1121132242343434,1211322413434234,1112223134342344,1122131342423434,1211312423234344
479	1112123232344344	16	1112123232344344,1121232313442434,1212313124423344,1123121243233444,1231212431324434,1212123313244344,1121233122443434,1212331214434234,1123212143342344,1231121432423434,1211213324234344,1112132242343434,1121322413434234,1213214134232344,1122131342323444,1211312423234434
480	1112123232433444	16	1112123232433444,1121232314324434,1212313142243344,1123121422333444,1231214213324434,1212132133244344,1121321322443434,1213213214434234,1122132143342344,1211321432423434,1112213324234344,1122133241342434,1211322413423344,1112223134233444,1122131342324434,1211312423243344
481	1112123232434344	16	1112123232434344,1121232314342434,1212313142423344,1123121423233444,1231214231324434,1212132313244344,1121323122443434,1213231214434234,1122312143342344,1213121432423434,1121213324234344,1212133241342434,1121322413423344,1213214134232434,1122131342324344,1211312423243434
482	1112123232434434	16	1112123232434434,1121232314344234,1212313142432344,1123121423323444,1231214233124434,1212132331244344,1121323212443434,1213231124434234,1122311243342344,1213112432423434,1121123324234344,1211233241342434,1112322413423344,1123214134232434,1231141232324344,1211312323243444
483	1112123232443434	16	1112123232443434,1121232314434234,1212313144232344,1123121432323444,1231214323124434,1212133231244344,1121322312443434,1213213124434234,1122131243342344,1211312432423434,1112123324234344,1121233241342434,1212331412423344,1123214123233444,1231141232324434,1211312323244344
484	1112123233243444	16	1112123233243444,1121232331424434,1212313214243344,1123122142333444,1231211423324434,1212113233244344,1121132322443434,1211323214434234,1112232143342344,1122311432423434,1213114223234344,1121132232343444,1211322313424434,1112223134243344,1122131342432434,1211312423324344
485	1112123233244344	16	1112123233244344,1121232331442434,1212313214423344,1123122143233444,1231211432324434,1212113323244344,1121132232443434,1211322314434234,1112223143342344,1122131432423434,1211314223234344,1112132232343444,1121322313424434,1213213124243344,1122131242333444,1211312423324434
486	1112123233423444	16	1112123233423444,1121232334124434,1212313241243344,1123122412333444,1231214123324434,1212131233244344,1121312322443434,1213123214434234,1121232143342344,1212311432423434,1123114223234344,1231142231342434,1211322313424344,1112223134243434,1122131342434234,1211312423342344
487	1112123233424344	16	1112123233424344,1121232334142434,1212313241423344,1123122413233444,1231214132324434,1212131323244344,1121312232443434,1213122314434234,1121223143342344,1212131432423434,1121314223234344,1213142231342434,1121322313424344,1213213124243434,1122131242334344,1211312423342434
488	1112123233424434	16	1112123233424434,1121232334144234,1212313241432344,1123122413323444,1231214132234434,1212131322344344,1121312223443434,1213122134434234,1121221343342344,1212113432423434,1121134223234344,1211342231342434,1112322313424344,1123213124243434,1231121242334344,1211212323343444
489	1112123233442344	16	1112123233442344,1121232334412434,1212313244123344,1123122431233444,1231214312324434,1212133123244344,1121321232443434,1213212314434234,1122123143342344,1211231432423434,1112314223234344,1123142231342434,1231421312423344,1213213124233444,1122131242334434,1211312423344234
490	1112123233442434	16	1112123233442434,1121232334414234,1212313244132344,1123122431323444,1231214312234434,1212133122344344,1121321223443434,1213212134434234,1122121343342344,1211213432423434,1112134223234344,1121342231342434,1213421312423344,1123213124233444,1231121242334434,1211212323344344
491	1112123234233444	16	1112123234233444,1121232341324434,1212313412243344,1123124122333444,1231241213324434,1212312133244344,1123121322443434,1231213214434234,1212132143342344,1121321432423434,1213214324134234,1122133241342344,1211322413423434,1112223134234344,1122131342342434,1211312423423344
492	1112123234234344	16	1112123234234344,1121232341342434,1212313412423344,1123124123233444,1231241231324434,1212312313244344,1123123122443434,1231231214434234,1212312143342344,1123121432423434,1231214324134234,1212133241342344,1121322413423434,1213214134234234,1122131342342344,1211312423423434
493	1112123234234434	16	1112123234234434,1121232341344234,1212313412432344,1123124123323444,1231241233124434,1212312331244344,1123123212443434,1231231124434234,1212311243342344,1123112432423434,1231124324134234,1211233241342344,1112322413423434,1123214134234234,1231141232342344,1211312323423444
494	1112123234243344	16	1112123234243344,1121232341432434,1212313414223344,1123124132233444,1231241321324434,1212313213244344,1123122132443434,1231211324434234,1212113243342344,1121132432423434,1211324324134234,1112233241342344,1122331412423434,1213214123234344,1122131232343444,1211312323424434
495	1112123234243434	16	1112123234243434,1121232341434234,1212313414232344,1123124132323444,1231241323124434,1212313231244344,1123122312443434,1231213124434234,1212131243342344,1121312432423434,1213124324134234,1121233241342344,1212331412423434,1123214123234344,1231141232342434,1211312323424344
496	1112123234323444	16	1112123234323444,1121232343124434,1212313421243344,1123124212333444,1231241123324434,1212311233244344,1123112322443434,1231123214434234,1211232143342344,1112321432423434,1123214324134234,1231142231342344,1211322313423444,1112223134234434,1122131342344234,1211312423432344
497	1112123234324344	16	1112123234324344,1121232343142434,1212313421423344,1123124213233444,1231241132324434,1212311323244344,1123112232443434,1231122314434234,1211223143342344,1112231432423434,1122314324134234,1213142231342344,1121322313423444,1213213124234434,1122131242343344,1211312423432434
498	1112123234324434	16	1112123234324434,1121232343144234,1212313421432344,1123124213323444,1231241132234434,1212311322344344,1123112223443434,1231122134434234,1211221343342344,1112213432423434,1122134324134234,1211342231342344,1112322313423444,1123213124234434,1231121242343344,1211212323433444
499	1112123234342344	16	1112123234342344,1121232343412434,1212313424123344,1123124231233444,1231241312324434,1212313123244344,1123121232443434,1231212314434234,1212123143342344,1121231432423434,1212314324134234,1123142231342344,1231421312423434,1213213124234344,1122131242343434,1211312423434234
500	1112123234342434	16	1112123234342434,1121232343414234,1212313424132344,1123124231323444,1231241312234434,1212313122344344,1123121223443434,1231212134434234,1212121343342344,1121213432423434,1212134324134234,1121342231342344,1213421312423434,1123213124234344,1231121242343434,1211212323434344
501	1112123234344234	16	1112123234344234,1121232343441234,1212313424312344,1123124233123444,1231241321234434,1212313212344344,1123122123443434,1231211234434234,1212112343342344,1121123432423434,1211234324134234,1112342231342344,1123421312423434,1234112123234344,1231121232343444,1211212323434434
502	1112123234423344	16	1112123234423344,1121232344132434,1212313441223344,1123124312233444,1231243121324434,1212331213244344,1123212132443434,1231121324434234,1211213243342344,1112132432423434,1121324324134234,1213243141232344,1122331412323444,1213214123234434,1122131232344344,1211312323442434
503	1112123234423434	16	1112123234423434,1121232344134234,1212313441232344,1123124312323444,1231243123124434,1212331231244344,1123212312443434,1231123124434234,1211231243342344,1112312432423434,1123124324134234,1231243141232344,1212331412323444,1123214123234434,1231141232344234,1211312323442344
504	1112123234434234	16	1112123234434234,1121232344341234,1212313442312344,1123124323123444,1231243121234434,1212331212344344,1123212123443434,1231121234434234,1211212343342344,1112123432423434,1121234324134234,1212343141232344,1123421312323444,1234112123234434,1231121232344344,1211212323443434
505	1112123242333444	16	1112123242333444,1121232413324434,1212314132243344,1123141222333444,1231412213324434,1213122133244344,1121221332443434,1212113324434234,1121132243342344,1211322433412434,1112223334124344,1122133241243434,1211322412334344,1112223123343444,1122131233424434,1211312324243344
506	1112123242334344	16	1112123242334344,1121232413342434,1212314132423344,1123141223233444,1231412231324434,1213122313244344,1121223132443434,1212131324434234,1121312243342344,1213122433412434,1121223334124344,1212133241243434,1121322412334344,1213214123342434,1122131233424344,1211312324243434
507	1112123242334434	16	1112123242334434,1121232413344234,1212314132432344,1123141223323444,1231412233124434,1213122331244344,1121223312443434,1212133124434234,1121321243342344,1213212433412434,1122123334124344,1211233241243434,1112322412334344,1123214123342434,1231141232423344,1211312324233444
508	1112123242343344	16	1112123242343344,1121232413432434,1212314134223344,1123141232233444,1231412321324434,1213123213244344,1121232132443434,1212311324434234,1123112243342344,1231122433412434,1211223334124344,1112233241243434,1122331412434234,1213214123342344,1122131233423444,1211312324234434
509	1112123242343434	16	1112123242343434,1121232413434234,1212314134232344,1123141232323444,1231412323124434,1213123231244344,1121232312443434,1212313124434234,1123121243342344,1231212433412434,1212123334124344,1121233241243434,1212331412434234,1123214123342344,1231141232423434,1211312324234344
510	1112123243233444	16	1112123243233444,1121232431324434,1212314312243344,1123142122333444,1231421213324434,1213212133244344,1122121332443434,1211213324434234,1112132243342344,1121322433412434,1213214324123344,1122133241233444,1211322412334434,1112223123344344,1122131233442434,1211312324423344
511	1112123243234344	16	1112123243234344,1121232431342434,1212314312423344,1123142123233444,1231421231324434,1213212313244344,1122123132443434,1211231324434234,1112312243342344,1123122433412434,1231214324123344,1212133241233444,1121322412334434,1213214123344234,1122131233442344,1211312324423434
512	1112123243234434	16	1112123243234434,1121232431344234,1212314312432344,1123142123323444,1231421233124434,1213212331244344,1122123312443434,1211233124434234,1112321243342344,1123212433412434,1231124324123344,1211233241233444,1112322412334434,1123214123344234,1231141232432344,1211312324323444
513	1112123243243344	16	1112123243243344,1121232431432434,1212314314223344,1123142132233444,1231421321324434,1213213213244344,1122132132443434,1211321324434234,1112213243342344,1122132433412434,1211324324123344,1112233241233444,1122331412324434,1213214123243344,1122131232433444,1211312324324434
514	1112123243243434	16	1112123243243434,1121232431434234,1212314314232344,1123142132323444,1231421323124434,1213213231244344,1122132312443434,1211323124434234,1112231243342344,1122312433412434,1213124324123344,1121233241233444,1212331412324434,1123214123243344,1231141232432434,1211312324324344
515	1112123243342344	8	1112123243342344,1121232433412434,1212314324123344,1123142231233444,1231421312324434,1213213123244344,1122131232443434,1211312324434234
516	1112123243344234	16	1112123243344234,1121232433441234,1212314324312344,1123142233123444,1231421321234434,1213213212344344,1122132123443434,1211321234434234,1112212343342344,1122123433412434,1211234324123344,1112342231233444,1123421312324434,1234112123243344,1231121232433444,1211212324334434
517	1112123243423344	16	1112123243423344,1121232434132434,1212314341223344,1123142312233444,1231423121324434,1213231213244344,1122312132443434,1213121324434234,1121213243342344,1212132433412434,1121324324123344,1213243141232434,1122331412324344,1213214123243434,1122131232434344,1211312324342434
518	1112123243423434	16	1112123243423434,1121232434134234,1212314341232344,1123142312323444,1231423123124434,1213231231244344,1122312312443434,1213123124434234,1121231243342344,1212312433412434,1123124324123344,1231243141232434,1212331412324344,1123214123243434,1231141232434234,1211312324342344
519	1112123243432344	16	1112123243432344,1121232434312434,1212314342123344,1123142321233444,1231423112324434,1213231123244344,1122311232443434,1213112324434234,1121123243342344,1211232433412434,1112324324123344,1123243141232434,1231421312324344,1213213123243444,1122131232434434,1211312324344234
520	1112123243432434	16	1112123243432434,1121232434314234,1212314342132344,1123142321323444,1231423112234434,1213231122344344,1122311223443434,1213112234434234,1121122343342344,1211223433412434,1112234324123344,1122343141232434,1213421312324344,1123213123243444,1231121232434434,1211212324343344
521	1112123243434234	16	1112123243434234,1121232434341234,1212314342312344,1123142323123444,1231423121234434,1213231212344344,1122312123443434,1213121234434234,1121212343342344,1212123433412434,1121234324123344,1212343141232434,1123421312324344,1234112123243434,1231121232434344,1211212324343434
522	1112123323243444	16	1112123323243444,1121233231424434,1212331214243344,1123212142333444,1231121423324434,1211213233244344,1112132322443434,1121323214434234,1213231144232344,1122311432323444,1213114223234434,1121132232344344,1211322313442434,1112223134423344,1122131344232434,1211312432324344
523	1112123323244344	16	1112123323244344,1121233231442434,1212331214423344,1123212143233444,1231121432324434,1211213323244344,1112132232443434,1121322314434234,1213213144232344,1122131432323444,1211314223234434,1112132232344344,1121322313442434,1213213124423344,1122131243233444,1211312432324434
524	1112123323423444	16	1112123323423444,1121233234124434,1212331241243344,1123212412333444,1231124123324434,1211231233244344,1112312322443434,1123123214434234,1231231144232344,1212311432323444,1123114223234434,1231142231344234,1211322313442344,1112223134423434,1122131344234234,1211312432342344
525	1112123323424344	16	1112123323424344,1121233234142434,1212331241423344,1123212413233444,1231124132324434,1211231323244344,1112312232443434,1123122314434234,1231213144232344,1212131432323444,1121314223234434,1213142231344234,1121322313442344,1213213124423434,1122131243234344,1211312432342434
526	1112123323424434	16	1112123323424434,1121233234144234,1212331241432344,1123212413323444,1231124132234434,1211231322344344,1112312223443434,1123122134434234,1231211344232344,1212113432323444,1121134223234434,1211342231344234,1112322313442344,1123213124423434,1231121243234344,1211212332343444
527	1112123323442344	16	1112123323442344,1121233234412434,1212331244123344,1123212431233444,1231124312324434,1211233123244344,1112321232443434,1123212314434234,1231123144232344,1211231432323444,1112314223234434,1123142231344234,1231421312432344,1213213124323444,1122131243234434,1211312432344234
528	1112123323442434	16	1112123323442434,1121233234414234,1212331244132344,1123212431323444,1231124312234434,1211233122344344,1112321223443434,1123212134434234,1231121344232344,1211213432323444,1112134223234434,1121342231344234,1213421312432344,1123213124323444,1231121243234434,1211212332344344
529	1112123324323444	16	1112123324323444,1121233243124434,1212331421243344,1123214212333444,1231142123324434,1211321233244344,1112212332443434,1122123314434234,1211233144232344,1112321432323444,1123214323124434,1231142231243344,1211322312433444,1112223124334434,1122131243344234,1211312432432344
530	1112123324324344	16	1112123324324344,1121233243142434,1212331421423344,1123214213233444,1231142132324434,1211321323244344,1112213232443434,1122132314434234,1211323144232344,1112231432323444,1122314323124434,1213142231243344,1121322312433444,1213213124324434,1122131243243344,1211312432432434
531	1112123324324434	16	1112123324324434,1121233243144234,1212331421432344,1123214213323444,1231142132234434,1211321322344344,1112213223443434,1122132134434234,1211321344232344,1112213432323444,1122134323124434,1211342231243344,1112322312433444,1123213124324434,1231121243243344,1211212332433444
532	1112123324342344	16	1112123324342344,1121233243412434,1212331424123344,1123214231233444,1231142312324434,1211323123244344,1112231232443434,1122312314434234,1213123144232344,1121231432323444,1212314323124434,1123142231243344,1231421312432434,1213213124324344,1122131243243434,1211312432434234
533	1112123324342434	16	1112123324342434,1121233243414234,1212331424132344,1123214231323444,1231142312234434,1211323122344344,1112231223443434,1122312134434234,1213121344232344,1121213432323444,1212134323124434,1121342231243344,1213421312432434,1123213124324344,1231121243243434,1211212332434344
534	1112123324344234	16	1112123324344234,1121233243441234,1212331424312344,1123214233123444,1231142321234434,1211323212344344,1112232123443434,1122311234434234,1213112344232344,1121123432323444,1211234323124434,1112342231243344,1123421312432434,1234112123324344,1231121233243444,1211212332434434
535	1112123324423344	16	1112123324423344,1121233244132434,1212331441223344,1123214312233444,1231142122334434,1211321223344344,1112212233443434,1122121334434234,1211213344232344,1112132432323444,1121324323124434,1213243121243344,1122331212433444,1213212124334434,1122121233344344,1211212333442434
536	1112123324423434	16	1112123324423434,1121233244134234,1212331441232344,1123214312323444,1231142123234434,1211321232344344,1112212323443434,1122123134434234,1211231344232344,1112312432323444,1123124323124434,1231243121243344,1212331212433444,1123212124334434,1231121243344234,1211212333442344
537	1112123324434234	16	1112123324434234,1121233244341234,1212331442312344,1123214323123444,1231142231234434,1211322312344344,1112223123443434,1122131234434234,1211312344232344,1112123432323444,1121234323124434,1212343121243344,1123421212333444,1234112123324434,1231121233244344,1211212332443434
538	1112123342233444	16	1112123342233444,1121233421324434,1212334112243344,1123241122333444,1231411223324434,1213112233244344,1121122332443434,1211223314434234,1112233144232344,1122331442312434,1213214323124344,1122133231243444,1211322312434434,1112223124343344,1122131243432434,1211312434223344
539	1112123342234344	16	1112123342234344,1121233421342434,1212334112423344,1123241123233444,1231411232324434,1213112323244344,1121123232443434,1211232314434234,1112323144232344,1123231442312434,1231214323124344,1212133231243444,1121322312434434,1213213124344234,1122131243432344,1211312434223434
540	1112123342234434	16	1112123342234434,1121233421344234,1212334112432344,1123241123323444,1231411232234434,1213112322344344,1121123223443434,1211232134434234,1112321344232344,1123213442312434,1231124323124344,1211233231243444,1112322312434434,1123213124344234,1231121243432344,1211212334323444
541	1112123342243344	16	1112123342243344,1121233421432434,1212334114223344,1123241132233444,1231411222334434,1213112223344344,1121122233443434,1211221334434234,1112213344232344,1122133442312434,1211324323124344,1112233231243444,1122331212434434,1213212124343344,1122121233433444,1211212334324434
542	1112123342243434	16	1112123342243434,1121233421434234,1212334114232344,1123241132323444,1231411223234434,1213112232344344,1121122323443434,1211223134434234,1112231344232344,1122313442312434,1213124323124344,1121233231243444,1212331212434434,1123212124343344,1231121243432434,1211212334324344
543	1112123342323444	16	1112123342323444,1121233423124434,1212334121243344,1123241212333444,1231412123324434,1213121233244344,1121212332443434,1212123314434234,1121233144232344,1212331442312434,1123214323124344,1231142231243434,1211322312434344,1112223124343434,1122131243434234,1211312434232344
544	1112123342324344	16	1112123342324344,1121233423142434,1212334121423344,1123241213233444,1231412132324434,1213121323244344,1121213232443434,1212132314434234,1121323144232344,1213231442312434,1122314323124344,1213142231243434,1121322312434344,1213213124342434,1122131243423344,1211312434232434
545	1112123342324434	16	1112123342324434,1121233423144234,1212334121432344,1123241213323444,1231412132234434,1213121322344344,1121213223443434,1212132134434234,1121321344232344,1213213442312434,1122134323124344,1211342231243434,1112322312434344,1123213124342434,1231121243423344,1211212334233444
546	1112123342342344	16	1112123342342344,1121233423412434,1212334124123344,1123241231233444,1231412312324434,1213123123244344,1121231232443434,1212312314434234,1123123144232344,1231231442312434,1212314323124344,1123142231243434,1231421312434234,1213213124342344,1122131243423434,1211312434234234
547	1112123342342434	16	1112123342342434,1121233423414234,1212334124132344,1123241231323444,1231412312234434,1213123122344344,1121231223443434,1212312134434234,1123121344232344,1231213442312434,1212134323124344,1121342231243434,1213421312434234,1123213124342344,1231121243423434,1211212334234344
548	1112123342344234	16	1112123342344234,1121233423441234,1212334124312344,1123241233123444,1231412321234434,1213123212344344,1121232123443434,1212311234434234,1123112344232344,1231123442312434,1211234323124344,1112342231243434,1123421312434234,1234112123342344,1231121233423444,1211212334234434
549	1112123342423344	16	1112123342423344,1121233424132434,1212334141223344,1123241312233444,1231412122334434,1213121223344344,1121212233443434,1212121334434234,1121213344232344,1212133442312434,1121324323124344,1213243121243434,1122331212434344,1213212124343434,1122121233434344,1211212334342434
550	1112123342423434	16	1112123342423434,1121233424134234,1212334141232344,1123241312323444,1231412123234434,1213121232344344,1121212323443434,1212123134434234,1121231344232344,1212313442312434,1123124323124344,1231243121243434,1212331212434344,1123212124343434,1231121243434234,1211212334342344
551	1112123342432344	16	1112123342432344,1121233424312434,1212334142123344,1123241321233444,1231412212334434,1213122123344344,1121221233443434,1212112334434234,1121123344232344,1211233442312434,1112324323124344,1123243121243434,1231421212334344,1213212123343444,1122121233434434,1211212334344234
552	1112123342432434	16	1112123342432434,1121233424314234,1212334142132344,1123241321323444,1231412213234434,1213122132344344,1121221323443434,1212113234434234,1121132344232344,1211323442312434,1112234323124344,1122343121243434,1213421212334344,1123212123343444,1231121233424434,1211212334243344
553	1112123342434234	16	1112123342434234,1121233424341234,1212334142312344,1123241323123444,1231412231234434,1213122312344344,1121223123443434,1212131234434234,1121312344232344,1213123442312434,1121234323124344,1212343121243434,1123421212334344,1234112123342434,1231121233424344,1211212334243434
554	1112123344232344	8	1112123344232344,1121233442312434,1212334412123344,1123243121233444,1231421212334434,1213212123344344,1122121233443434,1211212334434234
555	1112123344232434	16	1112123344232434,1121233442314234,1212334412132344,1123243121323444,1231421213234434,1213212132344344,1122121323443434,1211213234434234,1112132344232344,1121323442312434,1213234412123344,1122343121233444,1213421212334434,1123212123344344,1231121233442434,1211212334423344
556	1112123344234234	16	1112123344234234,1121233442341234,1212334412312344,1123243123123444,1231421231234434,1213212312344344,1122123123443434,1211231234434234,1112312344232344,1123123442312434,1231234412123344,1212343121233444,1123421212334434,1234112123344234,1231121233442344,1211212334423434
557	1112123422333444	16	1112123422333444,1121234213324434,1212341132243344,1123411222333444,1234112213324434,1231122133244344,1211221332443434,1112213324434234,1122133244341234,1211322433412344,1112223334123444,1122133241234434,1211322412343344,1112223123433444,1122131234324434,1211312342243344
558	1112123422334344	16	1112123422334344,1121234213342434,1212341132423344,1123411223233444,1234112231324434,1231122313244344,1211223132443434,1112231324434234,1122313244341234,1213122433412344,1121223334123444,1212133241234434,1121322412343344,1213214123432434,1122131234324344,1211312342243434
559	1112123422334434	16	1112123422334434,1121234213344234,1212341132432344,1123411223323444,1234112233124434,1231122331244344,1211223312443434,1112233124434234,1122331244341234,1213212433412344,1122123334123444,1211233241234434,1112322412343344,1123214123432434,1231141234223344,1211312342233444
560	1112123422343344	16	1112123422343344,1121234213432434,1212341134223344,1123411232233444,1234112321324434,1231123213244344,1211232132443434,1112321324434234,1123213244341234,1231122433412344,1211223334123444,1112233241234434,1122331412344234,1213214123432344,1122131234323444,1211312342234434
561	1112123422343434	16	1112123422343434,1121234213434234,1212341134232344,1123411232323444,1234112323124434,1231123231244344,1211232312443434,1112323124434234,1123231244341234,1231212433412344,1212123334123444,1121233241234434,1212331412344234,1123214123432344,1231141234223434,1211312342234344
562	1112123423233444	16	1112123423233444,1121234231324434,1212341312243344,1123412122333444,1234121213324434,1231212133244344,1212121332443434,1121213324434234,1212133244341234,1121322433412344,1213214324123434,1122133241234344,1211322412343434,1112223123434344,1122131234342434,1211312342423344
563	1112123423234344	16	1112123423234344,1121234231342434,1212341312423344,1123412123233444,1234121231324434,1231212313244344,1212123132443434,1121231324434234,1212313244341234,1123122433412344,1231214324123434,1212133241234344,1121322412343434,1213214123434234,1122131234342344,1211312342423434
564	1112123423234434	16	1112123423234434,1121234231344234,1212341312432344,1123412123323444,1234121233124434,1231212331244344,1212123312443434,1121233124434234,1212331244341234,1123212433412344,1231124324123434,1211233241234344,1112322412343434,1123214123434234,1231141234232344,1211312342323444
565	1112123423243344	16	1112123423243344,1121234231432434,1212341314223344,1123412132233444,1234121321324434,1231213213244344,1212132132443434,1121321324434234,1213213244341234,1122132433412344,1211324324123434,1112233241234344,1122331412342434,1213214123423344,1122131234233444,1211312342324434
566	1112123423243434	16	1112123423243434,1121234231434234,1212341314232344,1123412132323444,1234121323124434,1231213231244344,1212132312443434,1121323124434234,1213231244341234,1122312433412344,1213124324123434,1121233241234344,1212331412342434,1123214123423344,1231141234232434,1211312342324344
567	1112123423323444	16	1112123423323444,1121234233124434,1212341321243344,1123412212333444,1234121123324434,1231211233244344,1212112332443434,1121123324434234,1211233244341234,1112322433412344,1123214324123434,1231142231234344,1211322312343444,1112223123434434,1122131234344234,1211312342432344
568	1112123423324344	16	1112123423324344,1121234233142434,1212341321423344,1123412213233444,1234121132324434,1231211323244344,1212113232443434,1121132324434234,1211323244341234,1112232433412344,1122314324123434,1213142231234344,1121322312343444,1213213123424434,1122131234243344,1211312342432434
569	1112123423324434	16	1112123423324434,1121234233144234,1212341321432344,1123412213323444,1234121132234434,1231211322344344,1212113223443434,1121132234434234,1211322344341234,1112223433412344,1122134324123434,1211342231234344,1112322312343444,1123213123424434,1231121234243344,1211212342333444
570	1112123423342344	16	1112123423342344,1121234233412434,1212341324123344,1123412231233444,1234121312324434,1231213123244344,1212131232443434,1121312324434234,1213123244341234,1121232433412344,1212314324123434,1123142231234344,1231421312342434,1213213123424344,1122131234243434,1211312342434234
571	1112123423342434	16	1112123423342434,1121234233414234,1212341324132344,1123412231323444,1234121312234434,1231213122344344,1212131223443434,1121312234434234,1213122344341234,1121223433412344,1212134324123434,1121342231234344,1213421312342434,1123213123424344,1231121234243434,1211212342334344
572	1112123423344234	16	1112123423344234,1121234233441234,1212341324312344,1123412233123444,1234121321234434,1231213212344344,1212132123443434,1121321234434234,1213212344341234,1122123433412344,1211234324123434,1112342231234344,1123421312342434,1234112123423344,1231121234233444,1211212342334434
573	1112123423423344	16	1112123423423344,1121234234132434,1212341341223344,1123412312233444,1234123121324434,1231231213244344,1212312132443434,1123121324434234,1231213244341234,1212132433412344,1121324324123434,1213243141234234,1122331412342344,1213214123423434,1122131234234344,1211312342342434
574	1112123423423434	16	1112123423423434,1121234234134234,1212341341232344,1123412312323444,1234123123124434,1231231231244344,1212312312443434,1123123124434234,1231231244341234,1212312433412344,1123124324123434,1231243141234234,1212331412342344,1123214123423434,1231141234234234,1211312342342344
575	1112123423432344	16	1112123423432344,1121234234312434,1212341342123344,1123412321233444,1234123112324434,1231231123244344,1212311232443434,1123112324434234,1231123244341234,1211232433412344,1112324324123434,1123243141234234,1231421312342344,1213213123423444,1122131234234434,1211312342344234
576	1112123423432434	16	1112123423432434,1121234234314234,1212341342132344,1123412321323444,1234123112234434,1231231122344344,1212311223443434,1123112234434234,1231122344341234,1211223433412344,1112234324123434,1122343141234234,1213421312342344,1123213123423444,1231121234234434,1211212342343344
577	1112123423434234	16	1112123423434234,1121234234341234,1212341342312344,1123412323123444,1234123121234434,1231231212344344,1212312123443434,1123121234434234,1231212344341234,1212123433412344,1121234324123434,1212343141234234,1123421312342344,1234112123423434,1231121234234344,1211212342343434
578	1112123432324344	16	1112123432324344,1121234323142434,1212343121423344,1123421213233444,1234112132324434,1231121323244344,1211213232443434,1112132324434234,1121323244341234,1213231442312344,1122314323123444,1213142231234434,1121322312344344,1213213123442434,1122131234423344,1211312344232434
579	1112123432324434	16	1112123432324434,1121234323144234,1212343121432344,1123421213323444,1234112132234434,1231121322344344,1211213223443434,1112132234434234,1121322344341234,1213213442312344,1122134323123444,1211342231234434,1112322312344344,1123213123442434,1231121234423344,1211212343233444
580	1112123432342344	16	1112123432342344,1121234323412434,1212343124123344,1123421231233444,1234112312324434,1231123123244344,1211231232443434,1112312324434234,1123123244341234,1231231442312344,1212314323123444,1123142231234434,1231421312344234,1213213123442344,1122131234423434,1211312344234234
581	1112123432342434	16	1112123432342434,1121234323414234,1212343124132344,1123421231323444,1234112312234434,1231123122344344,1211231223443434,1112312234434234,1123122344341234,1231213442312344,1212134323123444,1121342231234434,1213421312344234,1123213123442344,1231121234423434,1211212343234344
582	1112123432344234	16	1112123432344234,1121234323441234,1212343124312344,1123421233123444,1234112321234434,1231123212344344,1211232123443434,1112321234434234,1123212344341234,1231123442312344,1211234323123444,1112342231234434,1123421312344234,1234112123432344,1231121234323444,1211212343234434
583	1112123432432344	16	1112123432432344,1121234324312434,1212343142123344,1123421321233444,1234112212334434,1231122123344344,1211221233443434,1112212334434234,1122123344341234,1211233442312344,1112324323123444,1123243121234434,1231421212343344,1213212123433444,1122121234334434,1211212343344234
584	1112123432432434	16	1112123432432434,1121234324314234,1212343142132344,1123421321323444,1234112213234434,1231122132344344,1211221323443434,1112213234434234,1122132344341234,1211323442312344,1112234323123444,1122343121234434,1213421212343344,1123212123433444,1231121234324434,1211212343243344
585	1112123432434234	16	1112123432434234,1121234324341234,1212343142312344,1123421323123444,1234112231234434,1231122312344344,1211223123443434,1112231234434234,1122312344341234,1213123442312344,1121234323123444,1212343121234434,1123421212343344,1234112123432434,1231121234324344,1211212343243434
586	1112123434223344	16	1112123434223344,1121234342132434,1212343411223344,1123423112233444,1234121122334434,1231211223344344,1212112233443434,1121122334434234,1211223344341234,1112233442312344,1122334412123434,1213243121234344,1122331212343444,1213212123434434,1122121234343344,1211212343432434
587	1112123434223434	16	1112123434223434,1121234342134234,1212343411232344,1123423112323444,1234121123234434,1231211232344344,1212112323443434,1121123234434234,1211232344341234,1112323442312344,1123234412123434,1231243121234344,1212331212343444,1123212123434434,1231121234344234,1211212343432344
588	1112123434232344	16	1112123434232344,1121234342312434,1212343412123344,1123423121233444,1234121212334434,1231212123344344,1212121233443434,1121212334434234,1212123344341234,1121233442312344,1212334412123434,1123243121234344,1231421212343434,1213212123434344,1122121234343434,1211212343434234
589	1112123434232434	16	1112123434232434,1121234342314234,1212343412132344,1123423121323444,1234121213234434,1231212132344344,1212121323443434,1121213234434234,1212132344341234,1121323442312344,1213234412123434,1122343121234344,1213421212343434,1123212123434344,1231121234342434,1211212343423344
590	1112123434234234	16	1112123434234234,1121234342341234,1212343412312344,1123423123123444,1234121231234434,1231212312344344,1212123123443434,1121231234434234,1212312344341234,1123123442312344,1231234412123434,1212343121234344,1123421212343434,1234112123434234,1231121234342344,1211212343423434
591	1112132232433444	16	1112132232433444,1121322314324434,1213213142243344,1122131422333444,1211314223324434,1112132233244344,1121322331442434,1213213214423344,1122132143233444,1211321432324434,1112213323244344,1122133231442434,1211322314423344,1112223143233444,1122131432324434,1211314223243344
592	1112132232434344	16	1112132232434344,1121322314342434,1213213142423344,1122131423233444,1211314232324434,1112132323244344,1121323231442434,1213231214423344,1122312143233444,1213121432324434,1121213323244344,1212133231442434,1121322314423344,1213213144232434,1122131432324344,1211314223243434
593	1112132232434434	16	1112132232434434,1121322314344234,1213213142432344,1122131423323444,1211314232234434,1112132322344344,1121323213442434,1213231124423344,1122311243233444,1213112432324434,1121123323244344,1211233231442434,1112322314423344,1123213144232434,1231121432324344,1211213323243444
594	1112132233243444	16	1112132233243444,1121322331424434,1213213214243344,1122132142333444,1211321423324434,1112213233244344,1122132331442434,1211323214423344,1112232143233444,1122311432324434,1213114223243344,1121132232433444,1211322314324434,1112223143243344,1122131432432434,1211314223324344
595	1112132233423444	16	1112132233423444,1121322334124434,1213213241243344,1122132412333444,1211324123324434,1112231233244344,1122312331442434,1213123214423344,1121232143233444,1212311432324434,1123114223243344,1231142231432434,1211322314324344,1112223143243434,1122131432434234,1211314223342344
596	1112132233424344	16	1112132233424344,1121322334142434,1213213241423344,1122132413233444,1211324132324434,1112231323244344,1122313231442434,1213122314423344,1121223143233444,1212131432324434,1121314223243344,1213142231432434,1121322314324344,1213213142243434,1122131422334344,1211314223342434
597	1112132233424434	16	1112132233424434,1121322334144234,1213213241432344,1122132413323444,1211324132234434,1112231322344344,1122313213442434,1213122134423344,1121221343233444,1212113432324434,1121134223243344,1211342231432434,1112322314324344,1123213142243434,1231121422334344,1211213223343444
598	1112132233442344	16	1112132233442344,1121322334412434,1213213244123344,1122132431233444,1211324312324434,1112233123244344,1122331231442434,1213212314423344,1122123143233444,1211231432324434,1112314223243344,1123142231432434,1231421314223344,1213213142233444,1122131422334434,1211314223344234
599	1112132233442434	16	1112132233442434,1121322334414234,1213213244132344,1122132431323444,1211324312234434,1112233122344344,1122331213442434,1213212134423344,1122121343233444,1211213432324434,1112134223243344,1121342231432434,1213421314223344,1123213142233444,1231121422334434,1211213223344344
600	1112132234233444	16	1112132234233444,1121322341324434,1213213412243344,1122134122333444,1211341223324434,1112312233244344,1123122331442434,1231213214423344,1212132143233444,1121321432324434,1213214323144234,1122133231442344,1211322314423434,1112223143234344,1122131432342434,1211314223423344
601	1112132234234344	16	1112132234234344,1121322341342434,1213213412423344,1122134123233444,1211341232324434,1112312323244344,1123123231442434,1231231214423344,1212312143233444,1123121432324434,1231214323144234,1212133231442344,1121322314423434,1213213144234234,1122131432342344,1211314223423434
602	1112132234234434	16	1112132234234434,1121322341344234,1213213412432344,1122134123323444,1211341232234434,1112312322344344,1123123213442434,1231231124423344,1212311243233444,1123112432324434,1231124323144234,1211233231442344,1112322314423434,1123213144234234,1231121432342344,1211213323423444
603	1112132234243344	16	1112132234243344,1121322341432434,1213213414223344,1122134132233444,1211341222334434,1112312223344344,1123122133442434,1231211324423344,1212113243233444,1121132432324434,1211324323144234,1112233231442344,1122331214423434,1213212143234344,1122121332343444,1211213323424434
604	1112132234243434	16	1112132234243434,1121322341434234,1213213414232344,1122134132323444,1211341223234434,1112312232344344,1123122313442434,1231213124423344,1212131243233444,1121312432324434,1213124323144234,1121233231442344,1212331214423434,1123212143234344,1231121432342434,1211213323424344
605	1112132234323444	16	1112132234323444,1121322343124434,1213213421243344,1122134212333444,1211342123324434,1112321233244344,1123212331442434,1231123214423344,1211232143233444,1112321432324434,1123214323144234,1231142231432344,1211322314323444,1112223143234434,1122131432344234,1211314223432344
606	1112132234324344	16	1112132234324344,1121322343142434,1213213421423344,1122134213233444,1211342132324434,1112321323244344,1123213231442434,1231122314423344,1211223143233444,1112231432324434,1122314323144234,1213142231432344,1121322314323444,1213213142234434,1122131422343344,1211314223432434
607	1112132234324434	16	1112132234324434,1121322343144234,1213213421432344,1122134213323444,1211342132234434,1112321322344344,1123213213442434,1231122134423344,1211221343233444,1112213432324434,1122134323144234,1211342231432344,1112322314323444,1123213142234434,1231121422343344,1211213223433444
608	1112132234342344	16	1112132234342344,1121322343412434,1213213424123344,1122134231233444,1211342312324434,1112323123244344,1123231231442434,1231212314423344,1212123143233444,1121231432324434,1212314323144234,1123142231432344,1231421314223434,1213213142234344,1122131422343434,1211314223434234
609	1112132234342434	16	1112132234342434,1121322343414234,1213213424132344,1122134231323444,1211342312234434,1112323122344344,1123231213442434,1231212134423344,1212121343233444,1121213432324434,1212134323144234,1121342231432344,1213421314223434,1123213142234344,1231121422343434,1211213223434344
610	1112132234344234	16	1112132234344234,1121322343441234,1213213424312344,1122134233123444,1211342321234434,1112323212344344,1123231123442434,1231211234423344,1212112343233444,1121123432324434,1211234323144234,1112342231432344,1123421314223434,1234112132234344,1231121322343444,1211213223434434
611	1112132234423344	16	1112132234423344,1121322344132434,1213213441223344,1122134312233444,1211342122334434,1112321223344344,1123212133442434,1231121324423344,1211213243233444,1112132432324434,1121324323144234,1213243121432344,1122331214323444,1213212143234434,1122121332344344,1211213323442434
612	1112132234423434	16	1112132234423434,1121322344134234,1213213441232344,1122134312323444,1211342123234434,1112321232344344,1123212313442434,1231123124423344,1211231243233444,1112312432324434,1123124323144234,1231243121432344,1212331214323444,1123212143234434,1231121432344234,1211213323442344
613	1112132243233444	8	1112132243233444,1121322431324434,1213214312243344,1122133122433444,1211321224334434,1112212233344344,1122121333442434,1211213324423344
614	1112132243234344	16	1112132243234344,1121322431342434,1213214312423344,1122133124233444,1211321242334434,1112212323344344,1122123133442434,1211231324423344,1112312243233444,1123122431324434,1231214312243344,1212133122433444,1121321224334434,1213212143344234,1122121333442344,1211213324423434
615	1112132243234434	16	1112132243234434,1121322431344234,1213214312432344,1122133124323444,1211321243234434,1112212332344344,1122123313442434,1211233124423344,1112321243233444,1123212431324434,1231124312243344,1211233122433444,1112321224334434,1123212143344234,1231121432432344,1211213324323444
616	1112132243243344	16	1112132243243344,1121322431432434,1213214314223344,1122133142233444,1211321422334434,1112213223344344,1122132133442434,1211321324423344,1112213243233444,1122132431324434,1211324312243344,1112233122433444,1122331214324434,1213212143243344,1122121332433444,1211213324324434
617	1112132243243434	16	1112132243243434,1121322431434234,1213214314232344,1122133142323444,1211321423234434,1112213232344344,1122132313442434,1211323124423344,1112231243233444,1122312431324434,1213124312243344,1121233122433444,1212331214324434,1123212143243344,1231121432432434,1211213324324344
618	1112132243344234	16	1112132243344234,1121322433441234,1213214324312344,1122133243123444,1211322431234434,1112223312344344,1122133123442434,1211321234423344,1112212343233444,1122123431324434,1211234312243344,1112342122333444,1123421213324434,1234112132243344,1231121322433444,1211213224334434
619	1112132243423344	16	1112132243423344,1121322434132434,1213214341223344,1122133412233444,1211324122334434,1112231223344344,1122312133442434,1213121324423344,1121213243233444,1212132431324434,1121324312243344,1213243121432434,1122331214324344,1213212143243434,1122121332434344,1211213324342434
620	1112132243423434	16	1112132243423434,1121322434134234,1213214341232344,1122133412323444,1211324123234434,1112231232344344,1122312313442434,1213123124423344,1121231243233444,1212312431324434,1123124312243344,1231243121432434,1212331214324344,1123212143243434,1231121432434234,1211213324342344
621	1112132243432344	16	1112132243432344,1121322434312434,1213214342123344,1122133421233444,1211324212334434,1112232123344344,1122311233442434,1213112324423344,1121123243233444,1211232431324434,1112324312243344,1123243121432434,1231421213324344,1213212133243444,1122121332434434,1211213324344234
622	1112132243432434	16	1112132243432434,1121322434314234,1213214342132344,1122133421323444,1211324213234434,1112232132344344,1122311323442434,1213112234423344,1121122343233444,1211223431324434,1112234312243344,1122343121432434,1213421213324344,1123212133243444,1231121322434434,1211213224343344
623	1112132243434234	16	1112132243434234,1121322434341234,1213214342312344,1122133423123444,1211324231234434,1112232312344344,1122313123442434,1213121234423344,1121212343233444,1212123431324434,1121234312243344,1212343121432434,1123421213324344,1234112132243434,1231121322434344,1211213224343434
624	1112132322343444	16	1112132322343444,1121323213424434,1213231124243344,1122311242333444,1213112423324434,1121123233244344,1211232331442434,1112323214423344,1123231144232434,1231211432324344,1212113323243444,1121132232434434,1211322314344234,1112223143432344,1122131434223434,1211314232234344
625	1112132322433444	16	1112132322433444,1121323214324434,1213231142243344,1122311422333444,1213114223324434,1121132233244344,1211322331442434,1112223314423344,1122133144232434,1211321432324344,1112213323243444,1122133231424434,1211322314243344,1112223142333444,1122131423324434,1211314232243344
626	1112132322434344	16	1112132322434344,1121323214342434,1213231142423344,1122311423233444,1213114232324434,1121132323244344,1211323231442434,1112232314423344,1122313144232434,1213121432324344,1121213323243444,1212133231424434,1121322314243344,1213213142432434,1122131423324344,1211314232243434
627	1112132322434434	16	1112132322434434,1121323214344234,1213231142432344,1122311423323444,1213114232234434,1121132322344344,1211323213442434,1112232134423344,1122311344232434,1213112432324344,1121123323243444,1211233231424434,1112322314243344,1123213142432434,1231121423324344,1211213233243444
628	1112132323243444	16	1112132323243444,1121323231424434,1213231214243344,1122312142333444,1213121423324434,1121213233244344,1212132331442434,1121323214423344,1213231144232434,1122311432324344,1213114223243434,1121132232434344,1211322314342434,1112223143423344,1122131434232434,1211314232324344
629	1112132323423444	16	1112132323423444,1121323234124434,1213231241243344,1122312412333444,1213124123324434,1121231233244344,1212312331442434,1123123214423344,1231231144232434,1212311432324344,1123114223243434,1231142231434234,1211322314342344,1112223143423434,1122131434234234,1211314232342344
630	1112132323424344	16	1112132323424344,1121323234142434,1213231241423344,1122312413233444,1213124132324434,1121231323244344,1212313231442434,1123122314423344,1231213144232434,1212131432324344,1121314223243434,1213142231434234,1121322314342344,1213213142423434,1122131423234344,1211314232342434
631	1112132323424434	16	1112132323424434,1121323234144234,1213231241432344,1122312413323444,1213124132234434,1121231322344344,1212313213442434,1123122134423344,1231211344232434,1212113432324344,1121134223243434,1211342231434234,1112322314342344,1123213142423434,1231121423234344,1211213232343444
632	1112132323442344	16	1112132323442344,1121323234412434,1213231244123344,1122312431233444,1213124312324434,1121233123244344,1212331231442434,1123212314423344,1231123144232434,1211231432324344,1112314223243434,1123142231434234,1231421314232344,1213213142323444,1122131423234434,1211314232344234
633	1112132323442434	16	1112132323442434,1121323234414234,1213231244132344,1122312431323444,1213124312234434,1121233122344344,1212331213442434,1123212134423344,1231121344232434,1211213432324344,1112134223243434,1121342231434234,1213421314232344,1123213142323444,1231121423234434,1211213232344344
634	1112132324233444	16	1112132324233444,1121323241324434,1213231412243344,1122314122333444,1213141223324434,1121312233244344,1213122331442434,1121223314423344,1212133144232434,1121321432324344,1213214323142434,1122133231424344,1211322314243434,1112223142334344,1122131423342434,1211314232423344
635	1112132324234344	16	1112132324234344,1121323241342434,1213231412423344,1122314123233444,1213141232324434,1121312323244344,1213123231442434,1121232314423344,1212313144232434,1123121432324344,1231214323142434,1212133231424344,1121322314243434,1213213142434234,1122131423342344,1211314232423434
636	1112132324234434	16	1112132324234434,1121323241344234,1213231412432344,1122314123323444,1213141232234434,1121312322344344,1213123213442434,1121232134423344,1212311344232434,1123112432324344,1231124323142434,1211233231424344,1112322314243434,1123213142434234,1231121423342344,1211213233423444
637	1112132324243344	16	1112132324243344,1121323241432434,1213231414223344,1122314132233444,1213141222334434,1121312223344344,1213122133442434,1121221334423344,1212113344232434,1121132432324344,1211324323142434,1112233231424344,1122331214243434,1213212142334344,1122121323343444,1211213233424434
638	1112132324243434	16	1112132324243434,1121323241434234,1213231414232344,1122314132323444,1213141223234434,1121312232344344,1213122313442434,1121223134423344,1212131344232434,1121312432324344,1213124323142434,1121233231424344,1212331214243434,1123212142334344,1231121423342434,1211213233424344
639	1112132324323444	16	1112132324323444,1121323243124434,1213231421243344,1122314212333444,1213142123324434,1121321233244344,1213212331442434,1122123314423344,1211233144232434,1112321432324344,1123214323142434,1231142231423344,1211322314233444,1112223142334434,1122131423344234,1211314232432344
640	1112132324324344	16	1112132324324344,1121323243142434,1213231421423344,1122314213233444,1213142132324434,1121321323244344,1213213231442434,1122132314423344,1211323144232434,1112231432324344,1122314323142434,1213142231423344,1121322314233444,1213213142324434,1122131423243344,1211314232432434
641	1112132324324434	16	1112132324324434,1121323243144234,1213231421432344,1122314213323444,1213142132234434,1121321322344344,1213213213442434,1122132134423344,1211321344232434,1112213432324344,1122134323142434,1211342231423344,1112322314233444,1123213142324434,1231121423243344,1211213232433444
642	1112132324342344	16	1112132324342344,1121323243412434,1213231424123344,1122314231233444,1213142312324434,1121323123244344,1213231231442434,1122312314423344,1213123144232434,1121231432324344,1212314323142434,1123142231423344,1231421314232434,1213213142324344,1122131423243434,1211314232434234
643	1112132324342434	16	1112132324342434,1121323243414234,1213231424132344,1122314231323444,1213142312234434,1121323122344344,1213231213442434,1122312134423344,1213121344232434,1121213432324344,1212134323142434,1121342231423344,1213421314232434,1123213142324344,1231121423243434,1211213232434344
644	1112132324344234	16	1112132324344234,1121323243441234,1213231424312344,1122314233123444,1213142321234434,1121323212344344,1213231123442434,1122311234423344,1213112344232434,1121123432324344,1211234323142434,1112342231423344,1123421314232434,1234112132324344,1231121323243444,1211213232434434
645	1112132324423344	16	1112132324423344,1121323244132434,1213231441223344,1122314312233444,1213142122334434,1121321223344344,1213212133442434,1122121334423344,1211213344232434,1112132432324344,1121324323142434,1213243121423344,1122331214233444,1213212142334434,1122121323344344,1211213233442434
646	1112132324423434	16	1112132324423434,1121323244134234,1213231441232344,1122314312323444,1213142123234434,1121321232344344,1213212313442434,1122123134423344,1211231344232434,1112312432324344,1123124323142434,1231243121423344,1212331214233444,1123212142334434,1231121423344234,1211213233442344
647	1112132342233444	16	1112132342233444,1121323421324434,1213234112243344,1122341122333444,1213411223324434,1123112233244344,1231122331442434,1211223314423344,1112233144232434,1122331442314234,1213214323142344,1122133231423444,1211322314234434,1112223142343344,1122131423432434,1211314234223344
648	1112132342234344	16	1112132342234344,1121323421342434,1213234112423344,1122341123233444,1213411232324434,1123112323244344,1231123231442434,1211232314423344,1112323144232434,1123231442314234,1231214323142344,1212133231423444,1121322314234434,1213213142344234,1122131423432344,1211314234223434
649	1112132342234434	16	1112132342234434,1121323421344234,1213234112432344,1122341123323444,1213411232234434,1123112322344344,1231123213442434,1211232134423344,1112321344232434,1123213442314234,1231124323142344,1211233231423444,1112322314234434,1123213142344234,1231121423432344,1211213234323444
650	1112132342243344	16	1112132342243344,1121323421432434,1213234114223344,1122341132233444,1213411222334434,1123112223344344,1231122133442434,1211221334423344,1112213344232434,1122133442314234,1211324323142344,1112233231423444,1122331214234434,1213212142343344,1122121323433444,1211213234324434
651	1112132342243434	16	1112132342243434,1121323421434234,1213234114232344,1122341132323444,1213411223234434,1123112232344344,1231122313442434,1211223134423344,1112231344232434,1122313442314234,1213124323142344,1121233231423444,1212331214234434,1123212142343344,1231121423432434,1211213234324344
652	1112132342323444	16	1112132342323444,1121323423124434,1213234121243344,1122341212333444,1213412123324434,1123121233244344,1231212331442434,1212123314423344,1121233144232434,1212331442314234,1123214323142344,1231142231423434,1211322314234344,1112223142343434,1122131423434234,1211314234232344
653	1112132342324344	16	1112132342324344,1121323423142434,1213234121423344,1122341213233444,1213412132324434,1123121323244344,1231213231442434,1212132314423344,1121323144232434,1213231442314234,1122314323142344,1213142231423434,1121322314234344,1213213142342434,1122131423423344,1211314234232434
654	1112132342324434	16	1112132342324434,1121323423144234,1213234121432344,1122341213323444,1213412132234434,1123121322344344,1231213213442434,1212132134423344,1121321344232434,1213213442314234,1122134323142344,1211342231423434,1112322314234344,1123213142342434,1231121423423344,1211213234233444
655	1112132342342344	16	1112132342342344,1121323423412434,1213234124123344,1122341231233444,1213412312324434,1123123123244344,1231231231442434,1212312314423344,1123123144232434,1231231442314234,1212314323142344,1123142231423434,1231421314234234,1213213142342344,1122131423423434,1211314234234234
656	1112132342342434	16	1112132342342434,1121323423414234,1213234124132344,1122341231323444,1213412312234434,1123123122344344,1231231213442434,1212312134423344,1123121344232434,1231213442314234,1212134323142344,1121342231423434,1213421314234234,1123213142342344,1231121423423434,1211213234234344
657	1112132342344234	16	1112132342344234,1121323423441234,1213234124312344,1122341233123444,1213412321234434,1123123212344344,1231231123442434,1212311234423344,1123112344232434,1231123442314234,1211234323142344,1112342231423434,1123421314234234,1234112132342344,1231121323423444,1211213234234434
658	1112132342423344	16	1112132342423344,1121323424132434,1213234141223344,1122341312233444,1213412122334434,1123121223344344,1231212133442434,1212121334423344,1121213344232434,1212133442314234,1121324323142344,1213243121423434,1122331214234344,1213212142343434,1122121323434344,1211213234342434
659	1112132342423434	16	1112132342423434,1121323424134234,1213234141232344,1122341312323444,1213412123234434,1123121232344344,1231212313442434,1212123134423344,1121231344232434,1212313442314234,1123124323142344,1231243121423434,1212331214234344,1123212142343434,1231121423434234,1211213234342344
660	1112132342432344	16	1112132342432344,1121323424312434,1213234142123344,1122341321233444,1213412212334434,1123122123344344,1231211233442434,1212112334423344,1121123344232434,1211233442314234,1112324323142344,1123243121423434,1231421213234344,1213212132343444,1122121323434434,1211213234344234
661	1112132342432434	16	1112132342432434,1121323424314234,1213234142132344,1122341321323444,1213412213234434,1123122132344344,1231211323442434,1212113234423344,1121132344232434,1211323442314234,1112234323142344,1122343121423434,1213421213234344,1123212132343444,1231121323424434,1211213234243344
662	1112132342434234	16	1112132342434234,1121323424341234,1213234142312344,1122341323123444,1213412231234434,1123122312344344,1231213123442434,1212131234423344,1121312344232434,1213123442314234,1121234323142344,1212343121423434,1123421213234344,1234112132342434,1231121323424344,1211213234243434
663	1112132344232434	8	1112132344232434,1121323442314234,1213234412132344,1122343121323444,1213421213234434,1123212132344344,1231121323442434,1211213234423344
664	1112132344234234	16	1112132344234234,1121323442341234,1213234412312344,1122343123123444,1213421231234434,1123212312344344,1231123123442434,1211231234423344,1112312344232434,1123123442314234,1231234412132344,1212343121323444,1123421213234434,1234112132344234,1231121323442344,1211213234423434
665	1112132422333444	16	1112132422333444,1121324213324434,1213241132243344,1122311322433444,1213112224334434,1121122233344344,1211221333442434,1112213324423344,1122133244132434,1211322431324344,1112223313243444,1122133122434434,1211321224343344,1112212233433444,1122121334324434,1211213342243344
666	1112132422334344	16	1112132422334344,1121324213342434,1213241132423344,1122311324233444,1213112242334434,1121122323344344,1211223133442434,1112231324423344,1122313244132434,1213122431324344,1121223313243444,1212133122434434,1121321224343344,1213212143432434,1122121334324344,1211213342243434
667	1112132422334434	16	1112132422334434,1121324213344234,1213241132432344,1122311324323444,1213112243234434,1121122332344344,1211223313442434,1112233124423344,1122331244132434,1213212431324344,1122123313243444,1211233122434434,1112321224343344,1123212143432434,1231121434223344,1211213342233444
668	1112132422343344	16	1112132422343344,1121324213432434,1213241134223344,1122311342233444,1213112422334434,1121123223344344,1211232133442434,1112321324423344,1123213244132434,1231122431324344,1211223313243444,1112233122434434,1122331214344234,1213212143432344,1122121334323444,1211213342234434
669	1112132422343434	16	1112132422343434,1121324213434234,1213241134232344,1122311342323444,1213112423234434,1121123232344344,1211232313442434,1112323124423344,1123231244132434,1231212431324344,1212123313243444,1121233122434434,1212331214344234,1123212143432344,1231121434223434,1211213342234344
670	1112132423233444	16	1112132423233444,1121324231324434,1213241312243344,1122313122433444,1213121224334434,1121212233344344,1212121333442434,1121213324423344,1212133244132434,1121322431324344,1213214312243434,1122133122434344,1211321224343434,1112212233434344,1122121334342434,1211213342423344
671	1112132423234344	16	1112132423234344,1121324231342434,1213241312423344,1122313124233444,1213121242334434,1121212323344344,1212123133442434,1121231324423344,1212313244132434,1123122431324344,1231214312243434,1212133122434344,1121321224343434,1213212143434234,1122121334342344,1211213342423434
672	1112132423234434	16	1112132423234434,1121324231344234,1213241312432344,1122313124323444,1213121243234434,1121212332344344,1212123313442434,1121233124423344,1212331244132434,1123212431324344,1231124312243434,1211233122434344,1112321224343434,1123212143434234,1231121434232344,1211213342323444
673	1112132423243344	16	1112132423243344,1121324231432434,1213241314223344,1122313142233444,1213121422334434,1121213223344344,1212132133442434,1121321324423344,1213213244132434,1122132431324344,1211324312243434,1112233122434344,1122331214342434,1213212143423344,1122121334233444,1211213342324434
674	1112132423243434	16	1112132423243434,1121324231434234,1213241314232344,1122313142323444,1213121423234434,1121213232344344,1212132313442434,1121323124423344,1213231244132434,1122312431324344,1213124312243434,1121233122434344,1212331214342434,1123212143423344,1231121434232434,1211213342324344
675	1112132423323444	16	1112132423323444,1121324233124434,1213241321243344,1122313212433444,1213122124334434,1121221233344344,1212112333442434,1121123324423344,1211233244132434,1112322431324344,1123214312243434,1231142122334344,1211321223343444,1112212233434434,1122121334344234,1211213342432344
676	1112132423324344	16	1112132423324344,1121324233142434,1213241321423344,1122313214233444,1213122142334434,1121221323344344,1212113233442434,1121132324423344,1211323244132434,1112232431324344,1122314312243434,1213142122334344,1121321223343444,1213212133424434,1122121334243344,1211213342432434
677	1112132423324434	16	1112132423324434,1121324233144234,1213241321432344,1122313214323444,1213122143234434,1121221332344344,1212113323442434,1121132234423344,1211322344132434,1112223431324344,1122134312243434,1211342122334344,1112321223343444,1123212133424434,1231121324243344,1211213242333444
678	1112132423342344	16	1112132423342344,1121324233412434,1213241324123344,1122313241233444,1213122412334434,1121223123344344,1212131233442434,1121312324423344,1213123244132434,1121232431324344,1212314312243434,1123142122334344,1231421213342434,1213212133424344,1122121334243434,1211213342434234
679	1112132423342434	16	1112132423342434,1121324233414234,1213241324132344,1122313241323444,1213122413234434,1121223132344344,1212131323442434,1121312234423344,1213122344132434,1121223431324344,1212134312243434,1121342122334344,1213421213342434,1123212133424344,1231121324243434,1211213242334344
680	1112132423344234	16	1112132423344234,1121324233441234,1213241324312344,1122313243123444,1213122431234434,1121223312344344,1212133123442434,1121321234423344,1213212344132434,1122123431324344,1211234312243434,1112342122334344,1123421213342434,1234112132423344,1231121324233444,1211213242334434
681	1112132423423344	16	1112132423423344,1121324234132434,1213241341223344,1122313412233444,1213124122334434,1121231223344344,1212312133442434,1123121324423344,1231213244132434,1212132431324344,1121324312243434,1213243121434234,1122331214342344,1213212143423434,1122121334234344,1211213342342434
682	1112132423423434	16	1112132423423434,1121324234134234,1213241341232344,1122313412323444,1213124123234434,1121231232344344,1212312313442434,1123123124423344,1231231244132434,1212312431324344,1123124312243434,1231243121434234,1212331214342344,1123212143423434,1231121434234234,1211213342342344
683	1112132423432344	16	1112132423432344,1121324234312434,1213241342123344,1122313421233444,1213124212334434,1121232123344344,1212311233442434,1123112324423344,1231123244132434,1211232431324344,1112324312243434,1123243121434234,1231421213342344,1213212133423444,1122121334234434,1211213342344234
684	1112132423432434	16	1112132423432434,1121324234314234,1213241342132344,1122313421323444,1213124213234434,1121232132344344,1212311323442434,1123112234423344,1231122344132434,1211223431324344,1112234312243434,1122343121434234,1213421213342344,1123212133423444,1231121324234434,1211213242343344
685	1112132423434234	16	1112132423434234,1121324234341234,1213241342312344,1122313423123444,1213124231234434,1121232312344344,1212313123442434,1123121234423344,1231212344132434,1212123431324344,1121234312243434,1212343121434234,1123421213342344,1234112132423434,1231121324234344,1211213242343434
686	1112132432342344	16	1112132432342344,1121324323412434,1213243124123344,1122331241233444,1213212412334434,1122123123344344,1211231233442434,1112312324423344,1123123244132434,1231231441223344,1212314312233444,1123142122334434,1231421213344234,1213212133442344,1122121334423434,1211213344234234
687	1112132432342434	16	1112132432342434,1121324323414234,1213243124132344,1122331241323444,1213212413234434,1122123132344344,1211231323442434,1112312234423344,1123122344132434,1231213441223344,1212134312233444,1121342122334434,1213421213344234,1123212133442344,1231121324423434,1211213243234344
688	1112132432344234	16	1112132432344234,1121324323441234,1213243124312344,1122331243123444,1213212431234434,1122123312344344,1211233123442434,1112321234423344,1123212344132434,1231123441223344,1211234312233444,1112342122334434,1123421213344234,1234112132432344,1231121324323444,1211213243234434
689	1112132432432344	16	1112132432432344,1121324324312434,1213243142123344,1122331421233444,1213214212334434,1122132123344344,1211321233442434,1112212334423344,1122123344132434,1211233441223344,1112324312233444,1123243121324434,1231421213243344,1213212132433444,1122121324334434,1211213243344234
690	1112132432432434	16	1112132432432434,1121324324314234,1213243142132344,1122331421323444,1213214213234434,1122132132344344,1211321323442434,1112213234423344,1122132344132434,1211323441223344,1112234312233444,1122343121324434,1213421213243344,1123212132433444,1231121324324434,1211213243243344
691	1112132432434234	16	1112132432434234,1121324324341234,1213243142312344,1122331423123444,1213214231234434,1122132312344344,1211323123442434,1112231234423344,1122312344132434,1213123441223344,1121234312233444,1212343121324434,1123421213243344,1234112132432434,1231121324324344,1211213243243434
692	1112132434223344	16	1112132434223344,1121324342132434,1213243411223344,1122334112233444,1213241122334434,1122311223344344,1213112233442434,1121122334423344,1211223344132434,1112233441223344,1122334412132434,1213243121324344,1122331213243444,1213212132434434,1122121324343344,1211213243432434
693	1112132434223434	16	1112132434223434,1121324342134234,1213243411232344,1122334112323444,1213241123234434,1122311232344344,1213112323442434,1121123234423344,1211232344132434,1112323441223344,1123234412132434,1231243121324344,1212331213243444,1123212132434434,1231121324344234,1211213243432344
694	1112132434232344	16	1112132434232344,1121324342312434,1213243412123344,1122334121233444,1213241212334434,1122312123344344,1213121233442434,1121212334423344,1212123344132434,1121233441223344,1212334412132434,1123243121324344,1231421213243434,1213212132434344,1122121324343434,1211213243434234
695	1112132434232434	16	1112132434232434,1121324342314234,1213243412132344,1122334121323444,1213241213234434,1122312132344344,1213121323442434,1121213234423344,1212132344132434,1121323441223344,1213234412132434,1122343121324344,1213421213243434,1123212132434344,1231121324342434,1211213243423344
696	1112132434234234	16	1112132434234234,1121324342341234,1213243412312344,1122334123123444,1213241231234434,1122312312344344,1213123123442434,1121231234423344,1212312344132434,1123123441223344,1231234412132434,1212343121324344,1123421213243434,1234112132434234,1231121324342344,1211213243423434
697	1112134223323444	16	1112134223323444,1121342233124434,1213421321243344,1123213212433444,1231122124334434,1211221233344344,1112212333442434,1122123334414234,1211233244132344,1112322431323444,1123214312234434,1231142122343344,1211321223433444,1112212234334434,1122121343344234,1211213432432344
698	1112134223324344	16	1112134223324344,1121342233142434,1213421321423344,1123213214233444,1231122142334434,1211221323344344,1112213233442434,1122132334414234,1211323244132344,1112232431323444,1122314312234434,1213142122343344,1121321223433444,1213212134324434,1122121343243344,1211213432432434
699	1112134223324434	16	1112134223324434,1121342233144234,1213421321432344,1123213214323444,1231122143234434,1211221332344344,1112213323442434,1122133234414234,1211322344132344,1112223431323444,1122134312234434,1211342122343344,1112321223433444,1123212134324434,1231121342243344,1211213422333444
700	1112134223342344	16	1112134223342344,1121342233412434,1213421324123344,1123213241233444,1231122412334434,1211223123344344,1112231233442434,1122312334414234,1213123244132344,1121232431323444,1212314312234434,1123142122343344,1231421213432434,1213212134324344,1122121343243434,1211213432434234
701	1112134223342434	16	1112134223342434,1121342233414234,1213421324132344,1123213241323444,1231122413234434,1211223132344344,1112231323442434,1122313234414234,1213122344132344,1121223431323444,1212134312234434,1121342122343344,1213421213432434,1123212134324344,1231121342243434,1211213422334344
702	1112134223344234	16	1112134223344234,1121342233441234,1213421324312344,1123213243123444,1231122431234434,1211223312344344,1112233123442434,1122331234414234,1213212344132344,1122123431323444,1211234312234434,1112342122343344,1123421213432434,1234112134223344,1231121342233444,1211213422334434
703	1112134223423344	16	1112134223423344,1121342234132434,1213421341223344,1123213412233444,1231124122334434,1211231223344344,1112312233442434,1123122334414234,1231213244132344,1212132431323444,1121324312234434,1213243121344234,1122331213442344,1213212134423434,1122121343234344,1211213432342434
704	1112134223423434	16	1112134223423434,1121342234134234,1213421341232344,1123213412323444,1231124123234434,1211231232344344,1112312323442434,1123123234414234,1231231244132344,1212312431323444,1123124312234434,1231243121344234,1212331213442344,1123212134423434,1231121344234234,1211213432342344
705	1112134223432344	16	1112134223432344,1121342234312434,1213421342123344,1123213421233444,1231124212334434,1211232123344344,1112321233442434,1123212334414234,1231123244132344,1211232431323444,1112324312234434,1123243121344234,1231421213432344,1213212134323444,1122121343234434,1211213432344234
706	1112134223432434	16	1112134223432434,1121342234314234,1213421342132344,1123213421323444,1231124213234434,1211232132344344,1112321323442434,1123213234414234,1231122344132344,1211223431323444,1112234312234434,1122343121344234,1213421213432344,1123212134323444,1231121342234434,1211213422343344
707	1112134223434234	16	1112134223434234,1121342234341234,1213421342312344,1123213423123444,1231124231234434,1211232312344344,1112323123442434,1123231234414234,1231212344132344,1212123431323444,1121234312234434,1212343121344234,1123421213432344,1234112134223434,1231121342234344,1211213422343434
708	1112134232233444	16	1112134232233444,1121342321324434,1213423112243344,1123231122433444,1231211224334434,1212112233344344,1121122333442434,1211223334414234,1112233244132344,1122331441223434,1213214312234344,1122133122343444,1211321223434434,1112212234343344,1122121343432434,1211213434223344
709	1112134232234344	16	1112134232234344,1121342321342434,1213423112423344,1123231124233444,1231211242334434,1212112323344344,1121123233442434,1211232334414234,1112323244132344,1123231441223434,1231214312234344,1212133122343444,1121321223434434,1213212134344234,1122121343432344,1211213434223434
710	1112134232234434	16	1112134232234434,1121342321344234,1213423112432344,1123231124323444,1231211243234434,1212112332344344,1121123323442434,1211233234414234,1112322344132344,1123213441223434,1231124312234344,1211233122343444,1112321223434434,1123212134344234,1231121342432344,1211213423323444
711	1112134232243344	16	1112134232243344,1121342321432434,1213423114223344,1123231142233444,1231211422334434,1212113223344344,1121132233442434,1211322334414234,1112223344132344,1122133441223434,1211324312234344,1112233122343444,1122331213424434,1213212134243344,1122121342333444,1211213423324434
712	1112134232243434	16	1112134232243434,1121342321434234,1213423114232344,1123231142323444,1231211423234434,1212113232344344,1121132323442434,1211323234414234,1112232344132344,1122313441223434,1213124312234344,1121233122343444,1212331213424434,1123212134243344,1231121342432434,1211213423324344
713	1112134232323444	16	1112134232323444,1121342323124434,1213423121243344,1123231212433444,1231212124334434,1212121233344344,1121212333442434,1212123334414234,1121233244132344,1212331441223434,1123214312234344,1231142122343434,1211321223434344,1112212234343434,1122121343434234,1211213434232344
714	1112134232324344	16	1112134232324344,1121342323142434,1213423121423344,1123231214233444,1231212142334434,1212121323344344,1121213233442434,1212132334414234,1121323244132344,1213231441223434,1122314312234344,1213142122343434,1121321223434344,1213212134342434,1122121343423344,1211213434232434
715	1112134232324434	16	1112134232324434,1121342323144234,1213423121432344,1123231214323444,1231212143234434,1212121332344344,1121213323442434,1212133234414234,1121322344132344,1213213441223434,1122134312234344,1211342122343434,1112321223434344,1123212134342434,1231121342423344,1211213423233444
716	1112134232342344	16	1112134232342344,1121342323412434,1213423124123344,1123231241233444,1231212412334434,1212123123344344,1121231233442434,1212312334414234,1123123244132344,1231231441223434,1212314312234344,1123142122343434,1231421213434234,1213212134342344,1122121343423434,1211213434234234
717	1112134232342434	16	1112134232342434,1121342323414234,1213423124132344,1123231241323444,1231212413234434,1212123132344344,1121231323442434,1212313234414234,1123122344132344,1231213441223434,1212134312234344,1121342122343434,1213421213434234,1123212134342344,1231121342423434,1211213423234344
718	1112134232344234	16	1112134232344234,1121342323441234,1213423124312344,1123231243123444,1231212431234434,1212123312344344,1121233123442434,1212331234414234,1123212344132344,1231123441223434,1211234312234344,1112342122343434,1123421213434234,1234112134232344,1231121342323444,1211213423234434
719	1112134232423344	16	1112134232423344,1121342324132434,1213423141223344,1123231412233444,1231214122334434,1212131223344344,1121312233442434,1213122334414234,1121223344132344,1212133441223434,1121324312234344,1213243121342434,1122331213424344,1213212134243434,1122121342334344,1211213423342434
720	1112134232423434	16	1112134232423434,1121342324134234,1213423141232344,1123231412323444,1231214123234434,1212131232344344,1121312323442434,1213123234414234,1121232344132344,1212313441223434,1123124312234344,1231243121342434,1212331213424344,1123212134243434,1231121342434234,1211213423342344
721	1112134232432344	16	1112134232432344,1121342324312434,1213423142123344,1123231421233444,1231214212334434,1212132123344344,1121321233442434,1213212334414234,1122123344132344,1211233441223434,1112324312234344,1123243121342434,1231421213423344,1213212134233444,1122121342334434,1211213423344234
722	1112134232432434	16	1112134232432434,1121342324314234,1213423142132344,1123231421323444,1231214213234434,1212132132344344,1121321323442434,1213213234414234,1122132344132344,1211323441223434,1112234312234344,1122343121342434,1213421213423344,1123212134233444,1231121342324434,1211213423243344
723	1112134232434234	16	1112134232434234,1121342324341234,1213423142312344,1123231423123444,1231214231234434,1212132312344344,1121323123442434,1213231234414234,1122312344132344,1213123441223434,1121234312234344,1212343121342434,1123421213423344,1234112134232434,1231121342324344,1211213423243434
724	1112134234223344	16	1112134234223344,1121342342132434,1213423411223344,1123234112233444,1231241122334434,1212311223344344,1123112233442434,1231122334414234,1211223344132344,1112233441223434,1122334412134234,1213243121342344,1122331213423444,1213212134234434,1122121342343344,1211213423432434
725	1112134234223434	16	1112134234223434,1121342342134234,1213423411232344,1123234112323444,1231241123234434,1212311232344344,1123112323442434,1231123234414234,1211232344132344,1112323441223434,1123234412134234,1231243121342344,1212331213423444,1123212134234434,1231121342344234,1211213423432344
726	1112134234232344	16	1112134234232344,1121342342312434,1213423412123344,1123234121233444,1231241212334434,1212312123344344,1123121233442434,1231212334414234,1212123344132344,1121233441223434,1212334412134234,1123243121342344,1231421213423434,1213212134234344,1122121342343434,1211213423434234
727	1112134234232434	16	1112134234232434,1121342342314234,1213423412132344,1123234121323444,1231241213234434,1212312132344344,1123121323442434,1231213234414234,1212132344132344,1121323441223434,1213234412134234,1122343121342344,1213421213423434,1123212134234344,1231121342342434,1211213423423344
728	1112134234234234	16	1112134234234234,1121342342341234,1213423412312344,1123234123123444,1231241231234434,1212312312344344,1123123123442434,1231231234414234,1212312344132344,1123123441223434,1231234412134234,1212343121342344,1123421213423434,1234112134234234,1231121342342344,1211213423423434
729	1112212323343444	16	1112212323343444,1122123133424434,1211231324243344,1112312242333444,1123122413324434,1231214132243344,1212131322433444,1121312224334434,1213122143344234,1121221333442344,1212113324423434,1121132243234344,1211322431342434,1112223313424344,1122133124243434,1211321242334344
730	1112212323433444	16	1112212323433444,1122123134324434,1211231342243344,1112312422333444,1123124213324434,1231241132243344,1212311322433444,1123112224334434,1231122143344234,1211221333442344,1112213324423434,1122133244134234,1211322431342344,1112223313423444,1122133124234434,1211321242343344
731	1112212323434344	16	1112212323434344,1122123134342434,1211231342423344,1112312423233444,1123124231324434,1231241312243344,1212313122433444,1123121224334434,1231212143344234,1212121333442344,1121213324423434,1212133244134234,1121322431342344,1213214312423434,1122133124234344,1211321242343434
732	1112212323434434	16	1112212323434434,1122123134344234,1211231342432344,1112312423323444,1123124233124434,1231241321243344,1212313212433444,1123122124334434,1231211243344234,1212112333442344,1121123324423434,1211233244134234,1112322431342344,1123214312423434,1231142123234344,1211321232343444
733	1112212324334434	16	1112212324334434,1122123143344234,1211231432432344,1112314223323444,1123142233124434,1231421321243344,1213213212433444,1122132124334434,1211321243344234,1112212333442344,1122123334412434,1211233244123344,1112322431233444,1123214312324434,1231142123243344,1211321232433444
734	1112212324343344	16	1112212324343344,1122123143432434,1211231434223344,1112314232233444,1123142321324434,1231423112243344,1213231122433444,1122311224334434,1213112243344234,1121122333442344,1211223334412434,1112233244123344,1122331441232434,1213214312324344,1122133123243444,1211321232434434
735	1112212324343434	16	1112212324343434,1122123143434234,1211231434232344,1112314232323444,1123142323124434,1231423121243344,1213231212433444,1122312124334434,1213121243344234,1121212333442344,1212123334412434,1121233244123344,1212331441232434,1123214312324344,1231142123243434,1211321232434344
736	1112212332343444	16	1112212332343444,1122123313424434,1211233124243344,1112321242333444,1123212413324434,1231124132243344,1211231322433444,1112312224334434,1123122143344234,1231211432432344,1212113324323444,1121132243234434,1211322431344234,1112223313442344,1122133124423434,1211321243234344
737	1112212332433444	16	1112212332433444,1122123314324434,1211233142243344,1112321422333444,1123214213324434,1231142132243344,1211321322433444,1112213224334434,1122132143344234,1211321432432344,1112213324323444,1122133243124434,1211322431243344,1112223312433444,1122133124324434,1211321243243344
738	1112212332434344	16	1112212332434344,1122123314342434,1211233142423344,1112321423233444,1123214231324434,1231142312243344,1211323122433444,1112231224334434,1122312143344234,1213121432432344,1121213324323444,1212133243124434,1121322431243344,1213214312432434,1122133124324344,1211321243243434
739	1112212332434434	16	1112212332434434,1122123314344234,1211233142432344,1112321423323444,1123214233124434,1231142321243344,1211323212433444,1112232124334434,1122311243344234,1213112432432344,1121123324323444,1211233243124434,1112322431243344,1123214312432434,1231142123324344,1211321233243444
740	1112212334233444	16	1112212334233444,1122123341324434,1211233412243344,1112324122333444,1123241213324434,1231412132243344,1213121322433444,1121213224334434,1212132143344234,1121321432432344,1213214324312434,1122133243124344,1211322431243434,1112223312434344,1122133124342434,1211321243423344
741	1112212334234344	16	1112212334234344,1122123341342434,1211233412423344,1112324123233444,1123241231324434,1231412312243344,1213123122433444,1121231224334434,1212312143344234,1123121432432344,1231214324312434,1212133243124344,1121322431243434,1213214312434234,1122133124342344,1211321243423434
742	1112212334234434	16	1112212334234434,1122123341344234,1211233412432344,1112324123323444,1123241233124434,1231412321243344,1213123212433444,1121232124334434,1212311243344234,1123112432432344,1231124324312434,1211233243124344,1112322431243434,1123214312434234,1231142123342344,1211321233423444
743	1112212334243344	16	1112212334243344,1122123341432434,1211233414223344,1112324132233444,1123241321324434,1231412213243344,1213122132433444,1121221324334434,1212113243344234,1121132432432344,1211324324312434,1112233243124344,1122331421243434,1213214212334344,1122132123343444,1211321233424434
744	1112212334243434	16	1112212334243434,1122123341434234,1211233414232344,1112324132323444,1123241323124434,1231412231243344,1213122312433444,1121223124334434,1212131243344234,1121312432432344,1213124324312434,1121233243124344,1212331421243434,1123214212334344,1231142123342434,1211321233424344
745	1112212334323444	16	1112212334323444,1122123343124434,1211233421243344,1112324212333444,1123241123324434,1231411232243344,1213112322433444,1121123224334434,1211232143344234,1112321432432344,1123214324312434,1231142233124344,1211322331243444,1112223312434434,1122133124344234,1211321243432344
746	1112212334324344	16	1112212334324344,1122123343142434,1211233421423344,1112324213233444,1123241132324434,1231411223243344,1213112232433444,1121122324334434,1211223143344234,1112231432432344,1122314324312434,1213142233124344,1121322331243444,1213213212434434,1122132124343344,1211321243432434
747	1112212334324434	16	1112212334324434,1122123343144234,1211233421432344,1112324213323444,1123241132234434,1231411222343344,1213112223433444,1121122234334434,1211221343344234,1112213432432344,1122134324312434,1211342233124344,1112322331243444,1123213212434434,1231122124343344,1211221233433444
748	1112212334342344	16	1112212334342344,1122123343412434,1211233424123344,1112324231233444,1123241312324434,1231412123243344,1213121232433444,1121212324334434,1212123143344234,1121231432432344,1212314324312434,1123142233124344,1231421321243434,1213213212434344,1122132124343434,1211321243434234
749	1112212334342434	16	1112212334342434,1122123343414234,1211233424132344,1112324231323444,1123241312234434,1231412122343344,1213121223433444,1121212234334434,1212121343344234,1121213432432344,1212134324312434,1121342233124344,1213421321243434,1123213212434344,1231122124343434,1211221233434344
750	1112212334344234	16	1112212334344234,1122123343441234,1211233424312344,1112324233123444,1123241321234434,1231412212343344,1213122123433444,1121221234334434,1212112343344234,1121123432432344,1211234324312434,1112342233124344,1123421321243434,1234112212334344,1231122123343444,1211221233434434
751	1112212334423434	16	1112212334423434,1122123344134234,1211233441232344,1112324312323444,1123243123124434,1231421231243344,1213212312433444,1122123124334434,1211231243344234,1112312432432344,1123124324312434,1231243142123344,1212331421233444,1123214212334434,1231142123344234,1211321233442344
752	1112212342333444	16	1112212342333444,1122123413324434,1211234132243344,1112341222333444,1123412213324434,1234121132243344,1231211322433444,1212113224334434,1121132243344234,1211322433441234,1112223334412344,1122133244123434,1211322431234344,1112223312343444,1122133123424434,1211321234243344
753	1112212342334344	16	1112212342334344,1122123413342434,1211234132423344,1112341223233444,1123412231324434,1234121312243344,1231213122433444,1212131224334434,1121312243344234,1213122433441234,1121223334412344,1212133244123434,1121322431234344,1213214312342434,1122133123424344,1211321234243434
754	1112212342334434	16	1112212342334434,1122123413344234,1211234132432344,1112341223323444,1123412233124434,1234121321243344,1231213212433444,1212132124334434,1121321243344234,1213212433441234,1122123334412344,1211233244123434,1112322431234344,1123214312342434,1231142123423344,1211321234233444
755	1112212342343344	16	1112212342343344,1122123413432434,1211234134223344,1112341232233444,1123412321324434,1234123112243344,1231231122433444,1212311224334434,1123112243344234,1231122433441234,1211223334412344,1112233244123434,1122331441234234,1213214312342344,1122133123423444,1211321234234434
756	1112212342343434	16	1112212342343434,1122123413434234,1211234134232344,1112341232323444,1123412323124434,1234123121243344,1231231212433444,1212312124334434,1123121243344234,1231212433441234,1212123334412344,1121233244123434,1212331441234234,1123214312342344,1231142123423434,1211321234234344
757	1112212343234344	16	1112212343234344,1122123431342434,1211234312423344,1112342123233444,1123421231324434,1234112312243344,1231123122433444,1211231224334434,1112312243344234,1123122433441234,1231214324312344,1212133243123444,1121322431234434,1213214312344234,1122133123442344,1211321234423434
758	1112212343234434	16	1112212343234434,1122123431344234,1211234312432344,1112342123323444,1123421233124434,1234112321243344,1231123212433444,1211232124334434,1112321243344234,1123212433441234,1231124324312344,1211233243123444,1112322431234434,1123214312344234,1231142123432344,1211321234323444
759	1112212343243344	16	1112212343243344,1122123431432434,1211234314223344,1112342132233444,1123421321324434,1234112213243344,1231122132433444,1211221324334434,1112213243344234,1122132433441234,1211324324312344,1112233243123444,1122331421234434,1213214212343344,1122132123433444,1211321234324434
760	1112212343243434	16	1112212343243434,1122123431434234,1211234314232344,1112342132323444,1123421323124434,1234112231243344,1231122312433444,1211223124334434,1112231243344234,1122312433441234,1213124324312344,1121233243123444,1212331421234434,1123214212343344,1231142123432434,1211321234324344
761	1112212343344234	8	1112212343344234,1122123433441234,1211234324312344,1112342233123444,1123421321234434,1234112212343344,1231122123433444,1211221234334434
762	1112212343423344	16	1112212343423344,1122123434132434,1211234341223344,1112342312233444,1123423121324434,1234121213243344,1231212132433444,1212121324334434,1121213243344234,1212132433441234,1121324324312344,1213243142123434,1122331421234344,1213214212343434,1122132123434344,1211321234342434
763	1112212343423434	16	1112212343423434,1122123434134234,1211234341232344,1112342312323444,1123423123124434,1234121231243344,1231212312433444,1212123124334434,1121231243344234,1212312433441234,1123124324312344,1231243142123434,1212331421234344,1123214212343434,1231142123434234,1211321234342344
764	1112212343432344	16	1112212343432344,1122123434312434,1211234342123344,1112342321233444,1123423112324434,1234121123243344,1231211232433444,1212112324334434,1121123243344234,1211232433441234,1112324324312344,1123243142123434,1231421321234344,1213213212343444,1122132123434434,1211321234344234
765	1112212343432434	16	1112212343432434,1122123434314234,1211234342132344,1112342321323444,1123423112234434,1234121122343344,1231211223433444,1212112234334434,1121122343344234,1211223433441234,1112234324312344,1122343142123434,1213421321234344,1123213212343444,1231122123434434,1211221234343344
766	1112212343434234	16	1112212343434234,1122123434341234,1211234342312344,1112342323123444,1123423121234434,1234121212343344,1231212123433444,1212121234334434,1121212343344234,1212123433441234,1121234324312344,1212343142123434,1123421321234344,1234112212343434,1231122123434344,1211221234343434
767	1112213223343444	16	1112213223343444,1122132133424434,1211321324243344,1112213242333444,1122132413324434,1211324132243344,1112231322433444,1122313214324434,1213122143243344,1121221332433444,1212113324324434,1121132243243344,1211322431432434,1112223314324344,1122133142243434,1211321422334344
768	1112213223433444	16	1112213223433444,1122132134324434,1211321342243344,1112213422333444,1122134213324434,1211342132243344,1112321322433444,1123213214324434,1231122143243344,1211221332433444,1112213324324434,1122133243144234,1211322431432344,1112223314323444,1122133142234434,1211321422343344
769	1112213223434344	16	1112213223434344,1122132134342434,1211321342423344,1112213423233444,1122134231324434,1211342312243344,1112323122433444,1123231214324434,1231212143243344,1212121332433444,1121213324324434,1212133243144234,1121322431432344,1213214314223434,1122133142234344,1211321422343434
770	1112213223434434	16	1112213223434434,1122132134344234,1211321342432344,1112213423323444,1122134233124434,1211342321243344,1112323212433444,1123231124324434,1231211243243344,1212112332433444,1121123324324434,1211233243144234,1112322431432344,1123214314223434,1231142132234344,1211321322343444
771	1112213224343344	16	1112213224343344,1122132143432434,1211321434223344,1112213342233444,1122133421324434,1211324213243344,1112232132433444,1122311324324434,1213112243243344,1121122332433444,1211223314324434,1112233142243344,1122331421432434,1213214213324344,1122132133243444,1211321322434434
772	1112213224343434	16	1112213224343434,1122132143434234,1211321434232344,1112213342323444,1122133423124434,1211324231243344,1112232312433444,1122313124324434,1213121243243344,1121212332433444,1212123314324434,1121233142243344,1212331421432434,1123214213324344,1231142132243434,1211321322434344
773	1112213232343444	16	1112213232343444,1122132313424434,1211323124243344,1112231242333444,1122312413324434,1213124132243344,1121231322433444,1212313214324434,1123122143243344,1231211432432434,1212113324324344,1121132243243434,1211322431434234,1112223314342344,1122133142423434,1211321423234344
774	1112213232433444	16	1112213232433444,1122132314324434,1211323142243344,1112231422333444,1122314213324434,1213142132243344,1121321322433444,1213213214324434,1122132143243344,1211321432432434,1112213324324344,1122133243142434,1211322431423344,1112223314233444,1122133142324434,1211321423243344
775	1112213232434344	16	1112213232434344,1122132314342434,1211323142423344,1112231423233444,1122314231324434,1213142312243344,1121323122433444,1213231214324434,1122312143243344,1213121432432434,1121213324324344,1212133243142434,1121322431423344,1213214314232434,1122133142324344,1211321423243434
776	1112213232434434	16	1112213232434434,1122132314344234,1211323142432344,1112231423323444,1122314233124434,1213142321243344,1121323212433444,1213231124324434,1122311243243344,1213112432432434,1121123324324344,1211233243142434,1112322431423344,1123214314232434,1231142132324344,1211321323243444
777	1112213233243444	16	1112213233243444,1122132331424434,1211323214243344,1112232142333444,1122311423324434,1213114232243344,1121132322433444,1211323214324434,1112232143243344,1122311432432434,1213114223324344,1121132233243444,1211322331424434,1112223314243344,1122133142432434,1211321423324344
778	1112213233423444	16	1112213233423444,1122132334124434,1211323241243344,1112232412333444,1122314123324434,1213141232243344,1121312322433444,1213123214324434,1121232143243344,1212311432432434,1123114223324344,1231142233142434,1211322331424344,1112223314243434,1122133142434234,1211321423342344
779	1112213233424344	16	1112213233424344,1122132334142434,1211323241423344,1112232413233444,1122314132324434,1213141223243344,1121312232433444,1213122314324434,1121223143243344,1212131432432434,1121314223324344,1213142233142434,1121322331424344,1213213214243434,1122132142334344,1211321423342434
780	1112213233424434	16	1112213233424434,1122132334144234,1211323241432344,1112232413323444,1122314132234434,1213141222343344,1121312223433444,1213122134324434,1121221343243344,1212113432432434,1121134223324344,1211342233142434,1112322331424344,1123213214243434,1231122142334344,1211221323343444
781	1112213233442344	16	1112213233442344,1122132334412434,1211323244123344,1112232431233444,1122314312324434,1213142123243344,1121321232433444,1213212314324434,1122123143243344,1211231432432434,1112314223324344,1123142233142434,1231421321423344,1213213214233444,1122132142334434,1211321423344234
782	1112213234233444	16	1112213234233444,1122132341324434,1211323412243344,1112234122333444,1122341213324434,1213412132243344,1123121322433444,1231213214324434,1212132143243344,1121321432432434,1213214324314234,1122133243142344,1211322431423434,1112223314234344,1122133142342434,1211321423423344
783	1112213234234344	16	1112213234234344,1122132341342434,1211323412423344,1112234123233444,1122341231324434,1213412312243344,1123123122433444,1231231214324434,1212312143243344,1123121432432434,1231214324314234,1212133243142344,1121322431423434,1213214314234234,1122133142342344,1211321423423434
784	1112213234234434	16	1112213234234434,1122132341344234,1211323412432344,1112234123323444,1122341233124434,1213412321243344,1123123212433444,1231231124324434,1212311243243344,1123112432432434,1231124324314234,1211233243142344,1112322431423434,1123214314234234,1231142132342344,1211321323423444
785	1112213234243344	16	1112213234243344,1122132341432434,1211323414223344,1112234132233444,1122341321324434,1213412213243344,1123122132433444,1231211324324434,1212113243243344,1121132432432434,1211324324314234,1112233243142344,1122331421423434,1213214213234344,1122132132343444,1211321323424434
786	1112213234243434	16	1112213234243434,1122132341434234,1211323414232344,1112234132323444,1122341323124434,1213412231243344,1123122312433444,1231213124324434,1212131243243344,1121312432432434,1213124324314234,1121233243142344,1212331421423434,1123214213234344,1231142132342434,1211321323424344
787	1112213234323444	16	1112213234323444,1122132343124434,1211323421243344,1112234212333444,1122341123324434,1213411232243344,1123112322433444,1231123214324434,1211232143243344,1112321432432434,1123214324314234,1231142233142344,1211322331423444,1112223314234434,1122133142344234,1211321423432344
788	1112213234324344	16	1112213234324344,1122132343142434,1211323421423344,1112234213233444,1122341132324434,1213411223243344,1123112232433444,1231122314324434,1211223143243344,1112231432432434,1122314324314234,1213142233142344,1121322331423444,1213213214234434,1122132142343344,1211321423432434
789	1112213234324434	16	1112213234324434,1122132343144234,1211323421432344,1112234213323444,1122341132234434,1213411222343344,1123112223433444,1231122134324434,1211221343243344,1112213432432434,1122134324314234,1211342233142344,1112322331423444,1123213214234434,1231122142343344,1211221323433444
790	1112213234342344	16	1112213234342344,1122132343412434,1211323424123344,1112234231233444,1122341312324434,1213412123243344,1123121232433444,1231212314324434,1212123143243344,1121231432432434,1212314324314234,1123142233142344,1231421321423434,1213213214234344,1122132142343434,1211321423434234
791	1112213234342434	16	1112213234342434,1122132343414234,1211323424132344,1112234231323444,1122341312234434,1213412122343344,1123121223433444,1231212134324434,1212121343243344,1121213432432434,1212134324314234,1121342233142344,1213421321423434,1123213214234344,1231122142343434,1211221323434344
792	1112213234344234	16	1112213234344234,1122132343441234,1211323424312344,1112234233123444,1122341321234434,1213412212343344,1123122123433444,1231211234324434,1212112343243344,1121123432432434,1211234324314234,1112342233142344,1123421321423434,1234112213234344,1231122132343444,1211221323434434
793	1112213234423434	16	1112213234423434,1122132344134234,1211323441232344,1112234312323444,1122343123124434,1213421231243344,1123212312433444,1231123124324434,1211231243243344,1112312432432434,1123124324314234,1231243142132344,1212331421323444,1123214213234434,1231142132344234,1211321323442344
794	1112213242334344	16	1112213242334344,1122132413342434,1211324132423344,1112231324233444,1122313241324434,1213122413243344,1121223132433444,1212131324324434,1121312243243344,1213122431432434,1121223314324344,1212133142243434,1121321422334344,1213214213342434,1122132133424344,1211321324243434
795	1112213242334434	16	1112213242334434,1122132413344234,1211324132432344,1112231324323444,1122313243124434,1213122431243344,1121223312433444,1212133124324434,1121321243243344,1213212431432434,1122123314324344,1211233142243434,1112321422334344,1123214213342434,1231142132423344,1211321324233444
796	1112213242343344	16	1112213242343344,1122132413432434,1211324134223344,1112231342233444,1122313421324434,1213124213243344,1121232132433444,1212311324324434,1123112243243344,1231122431432434,1211223314324344,1112233142243434,1122331421434234,1213214213342344,1122132133423444,1211321324234434
797	1112213242343434	16	1112213242343434,1122132413434234,1211324134232344,1112231342323444,1122313423124434,1213124231243344,1121232312433444,1212313124324434,1123121243243344,1231212431432434,1212123314324344,1121233142243434,1212331421434234,1123214213342344,1231142132423434,1211321324234344
798	1112213243234344	16	1112213243234344,1122132431342434,1211324312423344,1112233124233444,1122331241324434,1213212413243344,1122123132433444,1211231324324434,1112312243243344,1123122431432434,1231214314223344,1212133142233444,1121321422334434,1213214213344234,1122132133442344,1211321324423434
799	1112213243234434	16	1112213243234434,1122132431344234,1211324312432344,1112233124323444,1122331243124434,1213212431243344,1122123312433444,1211233124324434,1112321243243344,1123212431432434,1231124314223344,1211233142233444,1112321422334434,1123214213344234,1231142132432344,1211321324323444
800	1112213243243344	8	1112213243243344,1122132431432434,1211324314223344,1112233142233444,1122331421324434,1213214213243344,1122132132433444,1211321324324434
801	1112213243243434	16	1112213243243434,1122132431434234,1211324314232344,1112233142323444,1122331423124434,1213214231243344,1122132312433444,1211323124324434,1112231243243344,1122312431432434,1213124314223344,1121233142233444,1212331421324434,1123214213243344,1231142132432434,1211321324324344
802	1112213243423344	16	1112213243423344,1122132434132434,1211324341223344,1112233412233444,1122334121324434,1213241213243344,1122312132433444,1213121324324434,1121213243243344,1212132431432434,1121324314223344,1213243142132434,1122331421324344,1213214213243434,1122132132434344,1211321324342434
803	1112213243423434	16	1112213243423434,1122132434134234,1211324341232344,1112233412323444,1122334123124434,1213241231243344,1122312312433444,1213123124324434,1121231243243344,1212312431432434,1123124314223344,1231243142132434,1212331421324344,1123214213243434,1231142132434234,1211321324342344
804	1112213243432344	16	1112213243432344,1122132434312434,1211324342123344,1112233421233444,1122334112324434,1213241123243344,1122311232433444,1213112324324434,1121123243243344,1211232431432434,1112324314223344,1123243142132434,1231421321324344,1213213213243444,1122132132434434,1211321324344234
805	1112213243432434	16	1112213243432434,1122132434314234,1211324342132344,1112233421323444,1122334112234434,1213241122343344,1122311223433444,1213112234324434,1121122343243344,1211223431432434,1112234314223344,1122343142132434,1213421321324344,1123213213243444,1231122132434434,1211221324343344
806	1112213243434234	16	1112213243434234,1122132434341234,1211324342312344,1112233423123444,1122334121234434,1213241212343344,1122312123433444,1213121234324434,1121212343243344,1212123431432434,1121234314223344,1212343142132434,1123421321324344,1234112213243434,1231122132434344,1211221324343434
807	1112213323423444	16	1112213323423444,1122133234124434,1211322341243344,1112223412333444,1122134123324434,1211341232243344,1112312322433444,1123123214324434,1231231142243344,1212311422333444,1123114223324434,1231142233144234,1211322331442344,1112223314423434,1122133144234234,1211321432342344
808	1112213323424344	16	1112213323424344,1122133234142434,1211322341423344,1112223413233444,1122134132324434,1211341223243344,1112312232433444,1123122314324434,1231213142243344,1212131422333444,1121314223324434,1213142233144234,1121322331442344,1213213214423434,1122132143234344,1211321432342434
809	1112213323424434	16	1112213323424434,1122133234144234,1211322341432344,1112223413323444,1122134132234434,1211341222343344,1112312223433444,1123122134324434,1231211342243344,1212113422333444,1121134223324434,1211342233144234,1112322331442344,1123213214423434,1231122143234344,1211221332343444
810	1112213323442344	16	1112213323442344,1122133234412434,1211322344123344,1112223431233444,1122134312324434,1211342123243344,1112321232433444,1123212314324434,1231123142243344,1211231422333444,1112314223324434,1123142233144234,1231421321432344,1213213214323444,1122132143234434,1211321432344234
811	1112213324342344	16	1112213324342344,1122133243412434,1211322434123344,1112223341233444,1122133412324434,1211324123243344,1112231232433444,1122312314324434,1213123142243344,1121231422333444,1212314213324434,1123142132243344,1231421321432434,1213213214324344,1122132143243434,1211321432434234
812	1112213324342434	16	1112213324342434,1122133243414234,1211322434132344,1112223341323444,1122133412234434,1211324122343344,1112231223433444,1122312134324434,1213121342243344,1121213422333444,1212134213324434,1121342132243344,1213421321432434,1123213214324344,1231122143243434,1211221332434344
813	1112213324344234	16	1112213324344234,1122133243441234,1211322434312344,1112223343123444,1122133421234434,1211324212343344,1112232123433444,1122311234324434,1213112342243344,1121123422333444,1211234213324434,1112342132243344,1123421321432434,1234112213324344,1231122133243444,1211221332434434
814	1112213342234344	16	1112213342234344,1122133421342434,1211324213423344,1112232134233444,1122311342324434,1213112423243344,1121123232433444,1211232314324434,1112323142243344,1123231421432434,1231214213324344,1212132133243444,1121321322434434,1213213214344234,1122132143432344,1211321434223434
815	1112213342234434	16	1112213342234434,1122133421344234,1211324213432344,1112232134323444,1122311342234434,1213112422343344,1121123223433444,1211232134324434,1112321342243344,1123213421432434,1231124213324344,1211232133243444,1112321322434434,1123213214344234,1231122143432344,1211221334323444
816	1112213342243344	8	1112213342243344,1122133421432434,1211324213324344,1112232133243444,1122311322434434,1213112224343344,1121122233433444,1211221334324434
817	1112213342243434	16	1112213342243434,1122133421434234,1211324213342344,1112232133423444,1122311324234434,1213112242343344,1121122323433444,1211223134324434,1112231342243344,1122313421432434,1213124213324344,1121232133243444,1212311322434434,1123112224343344,1231122143432434,1211221334324344
818	1112213342324344	16	1112213342324344,1122133423142434,1211324231423344,1112232314233444,1122313142324434,1213121423243344,1121213232433444,1212132314324434,1121323142243344,1213231421432434,1122314213324344,1213142132243434,1121321322434344,1213213214342434,1122132143423344,1211321434232434
819	1112213342324434	16	1112213342324434,1122133423144234,1211324231432344,1112232314323444,1122313142234434,1213121422343344,1121213223433444,1212132134324434,1121321342243344,1213213421432434,1122134213324344,1211342132243434,1112321322434344,1123213214342434,1231122143423344,1211221334233444
820	1112213342342344	16	1112213342342344,1122133423412434,1211324234123344,1112232341233444,1122313412324434,1213124123243344,1121231232433444,1212312314324434,1123123142243344,1231231421432434,1212314213324344,1123142132243434,1231421321434234,1213213214342344,1122132143423434,1211321434234234
821	1112213342342434	16	1112213342342434,1122133423414234,1211324234132344,1112232341323444,1122313412234434,1213124122343344,1121231223433444,1212312134324434,1123121342243344,1231213421432434,1212134213324344,1121342132243434,1213421321434234,1123213214342344,1231122143423434,1211221334234344
822	1112213342344234	16	1112213342344234,1122133423441234,1211324234312344,1112232343123444,1122313421234434,1213124212343344,1121232123433444,1212311234324434,1123112342243344,1231123421432434,1211234213324344,1112342132243434,1123421321434234,1234112213342344,1231122133423444,1211221334234434
823	1112213342423344	16	1112213342423344,1122133424132434,1211324231324344,1112232313243444,1122313122434434,1213121224343344,1121212233433444,1212121334324434,1121213342243344,1212133421432434,1121324213324344,1213241132243434,1122311322434344,1213112224343434,1121122233434344,1211221334342434
824	1112213342423434	16	1112213342423434,1122133424134234,1211324231342344,1112232313423444,1122313124234434,1213121242343344,1121212323433444,1212123134324434,1121231342243344,1212313421432434,1123124213324344,1231241132243434,1212311322434344,1123112224343434,1231122143434234,1211221334342344
825	1112213342432344	16	1112213342432344,1122133424312434,1211324233124344,1112232331243444,1122313212434434,1213122124343344,1121221233433444,1212112334324434,1121123342243344,1211233421432434,1112324213324344,1123241132243434,1231411222334344,1213112223343444,1121122233434434,1211221334344234
826	1112213342432434	16	1112213342432434,1122133424314234,1211324233142344,1112232331423444,1122313214234434,1213122142343344,1121221323433444,1212113234324434,1121132342243344,1211323421432434,1112234213324344,1122341132243434,1213411222334344,1123112223343444,1231122133424434,1211221334243344
827	1112213342434234	16	1112213342434234,1122133424341234,1211324233412344,1112232334123444,1122313241234434,1213122412343344,1121223123433444,1212131234324434,1121312342243344,1213123421432434,1121234213324344,1212341132243434,1123411222334344,1234112213342434,1231122133424344,1211221334243434
828	1112213344234234	16	1112213344234234,1122133442341234,1211324323412344,1112233234123444,1122331241234434,1213212412343344,1122123123433444,1211231234324434,1112312342243344,1123123421432434,1231234114223344,1212341132233444,1123411222334434,1234112213344234,1231122133442344,1211221334423434
829	1112213422334344	16	1112213422334344,1122134213342434,1211342132423344,1112321324233444,1123213241324434,1231122413243344,1211223132433444,1112231324324434,1122313243144234,1213122431432344,1121223314323444,1212133142234434,1121321422343344,1213214213432434,1122132134324344,1211321342243434
830	1112213422334434	16	1112213422334434,1122134213344234,1211342132432344,1112321324323444,1123213243124434,1231122431243344,1211223312433444,1112233124324434,1122331243144234,1213212431432344,1122123314323444,1211233142234434,1112321422343344,1123214213432434,1231142134223344,1211321342233444
831	1112213422343344	16	1112213422343344,1122134213432434,1211342134223344,1112321342233444,1123213421324434,1231124213243344,1211232132433444,1112321324324434,1123213243144234,1231122431432344,1211223314323444,1112233142234434,1122331421344234,1213214213432344,1122132134323444,1211321342234434
832	1112213422343434	16	1112213422343434,1122134213434234,1211342134232344,1112321342323444,1123213423124434,1231124231243344,1211232312433444,1112323124324434,1123231243144234,1231212431432344,1212123314323444,1121233142234434,1212331421344234,1123214213432344,1231142134223434,1211321342234344
833	1112213423234344	16	1112213423234344,1122134231342434,1211342312423344,1112323124233444,1123231241324434,1231212413243344,1212123132433444,1121231324324434,1212313243144234,1123122431432344,1231214314223434,1212133142234344,1121321422343434,1213214213434234,1122132134342344,1211321342423434
834	1112213423234434	16	1112213423234434,1122134231344234,1211342312432344,1112323124323444,1123231243124434,1231212431243344,1212123312433444,1121233124324434,1212331243144234,1123212431432344,1231124314223434,1211233142234344,1112321422343434,1123214213434234,1231142134232344,1211321342323444
835	1112213423243344	16	1112213423243344,1122134231432434,1211342314223344,1112323142233444,1123231421324434,1231214213243344,1212132132433444,1121321324324434,1213213243144234,1122132431432344,1211324314223434,1112233142234344,1122331421342434,1213214213423344,1122132134233444,1211321342324434
836	1112213423243434	16	1112213423243434,1122134231434234,1211342314232344,1112323142323444,1123231423124434,1231214231243344,1212132312433444,1121323124324434,1213231243144234,1122312431432344,1213124314223434,1121233142234344,1212331421342434,1123214213423344,1231142134232434,1211321342324344
837	1112213423324344	16	1112213423324344,1122134233142434,1211342321423344,1112323214233444,1123231142324434,1231211423243344,1212113232433444,1121132324324434,1211323243144234,1112232431432344,1122314314223434,1213142132234344,1121321322343444,1213213213424434,1122132134243344,1211321342432434
838	1112213423324434	16	1112213423324434,1122134233144234,1211342321432344,1112323214323444,1123231142234434,1231211422343344,1212113223433444,1121132234324434,1211322343144234,1112223431432344,1122134314223434,1211342132234344,1112321322343444,1123213213424434,1231122134243344,1211221342333444
839	1112213423342344	16	1112213423342344,1122134233412434,1211342324123344,1112323241233444,1123231412324434,1231214123243344,1212131232433444,1121312324324434,1213123243144234,1121232431432344,1212314314223434,1123142132234344,1231421321342434,1213213213424344,1122132134243434,1211321342434234
840	1112213423342434	16	1112213423342434,1122134233414234,1211342324132344,1112323241323444,1123231412234434,1231214122343344,1212131223433444,1121312234324434,1213122343144234,1121223431432344,1212134314223434,1121342132234344,1213421321342434,1123213213424344,1231122134243434,1211221342334344
841	1112213423344234	16	1112213423344234,1122134233441234,1211342324312344,1112323243123444,1123231421234434,1231214212343344,1212132123433444,1121321234324434,1213212343144234,1122123431432344,1211234314223434,1112342132234344,1123421321342434,1234112213423344,1231122134233444,1211221342334434
842	1112213423423344	16	1112213423423344,1122134234132434,1211342341223344,1112323412233444,1123234121324434,1231241213243344,1212312132433444,1123121324324434,1231213243144234,1212132431432344,1121324314223434,1213243142134234,1122331421342344,1213214213423434,1122132134234344,1211321342342434
843	1112213423423434	16	1112213423423434,1122134234134234,1211342341232344,1112323412323444,1123234123124434,1231241231243344,1212312312433444,1123123124324434,1231231243144234,1212312431432344,1123124314223434,1231243142134234,1212331421342344,1123214213423434,1231142134234234,1211321342342344
844	1112213423432344	16	1112213423432344,1122134234312434,1211342342123344,1112323421233444,1123234112324434,1231241123243344,1212311232433444,1123112324324434,1231123243144234,1211232431432344,1112324314223434,1123243142134234,1231421321342344,1213213213423444,1122132134234434,1211321342344234
845	1112213423432434	16	1112213423432434,1122134234314234,1211342342132344,1112323421323444,1123234112234434,1231241122343344,1212311223433444,1123112234324434,1231122343144234,1211223431432344,1112234314223434,1122343142134234,1213421321342344,1123213213423444,1231122134234434,1211221342343344
846	1112213423434234	16	1112213423434234,1122134234341234,1211342342312344,1112323423123444,1123234121234434,1231241212343344,1212312123433444,1123121234324434,1231212343144234,1212123431432344,1121234314223434,1212343142134234,1123421321342344,1234112213423434,1231122134234344,1211221342343434
847	1112213432342344	16	1112213432342344,1122134323412434,1211342234123344,1112322341233444,1123213412324434,1231124123243344,1211231232433444,1112312324324434,1123123243144234,1231231421432344,1212314213323444,1123142132234434,1231421321344234,1213213213442344,1122132134423434,1211321344234234
848	1112213432342434	16	1112213432342434,1122134323414234,1211342234132344,1112322341323444,1123213412234434,1231124122343344,1211231223433444,1112312234324434,1123122343144234,1231213421432344,1212134213323444,1121342132234434,1213421321344234,1123213213442344,1231122134423434,1211221343234344
849	1112213432344234	16	1112213432344234,1122134323441234,1211342234312344,1112322343123444,1123213421234434,1231124212343344,1211232123433444,1112321234324434,1123212343144234,1231123421432344,1211234213323444,1112342132234434,1123421321344234,1234112213432344,1231122134323444,1211221343234434
850	1112213432434234	16	1112213432434234,1122134324341234,1211342233412344,1112322334123444,1123213241234434,1231122412343344,1211223123433444,1112231234324434,1122312343144234,1213123421432344,1121234213323444,1212341132234434,1123411222343344,1234112213432434,1231122134324344,1211221343243434
851	1112213434223344	16	1112213434223344,1122134342132434,1211342321324344,1112323213243444,1123231122434434,1231211224343344,1212112233433444,1121122334324434,1211223343144234,1112233421432344,1122334114223434,1213241132234344,1122311322343444,1213112223434434,1121122234343344,1211221343432434
852	1112213434223434	16	1112213434223434,1122134342134234,1211342321342344,1112323213423444,1123231124234434,1231211242343344,1212112323433444,1121123234324434,1211232343144234,1112323421432344,1123234114223434,1231241132234344,1212311322343444,1123112223434434,1231122134344234,1211221343432344
853	1112213434232344	16	1112213434232344,1122134342312434,1211342323124344,1112323231243444,1123231212434434,1231212124343344,1212121233433444,1121212334324434,1212123343144234,1121233421432344,1212334114223434,1123241132234344,1231411222343434,1213112223434344,1121122234343434,1211221343434234
854	1112213434232434	16	1112213434232434,1122134342314234,1211342323142344,1112323231423444,1123231214234434,1231212142343344,1212121323433444,1121213234324434,1212132343144234,1121323421432344,1213234114223434,1122341132234344,1213411222343434,1123112223434344,1231122134342434,1211221343423344
855	1112213434234234	16	1112213434234234,1122134342341234,1211342323412344,1112323234123444,1123231241234434,1231212412343344,1212123123433444,1121231234324434,1212312343144234,1123123421432344,1231234114223434,1212341132234344,1123411222343434,1234112213434234,1231122134342344,1211221343423434
856	1112223341234344	16	1112223341234344,1122133412342434,1211324123423344,1112231234233444,1122312341324434,1213123412243344,1121234122333444,1212341213324434,1123412132243344,1234121321432434,1231213214324344,1212132143243434,1121321432434234,1213214324341234,1122133243412344,1211322434123434
857	1112223341234434	16	1112223341234434,1122133412344234,1211324123432344,1112231234323444,1122312343124434,1213123421243344,1121234212333444,1212341123324434,1123411232243344,1234112321432434,1231123214324344,1211232143243434,1112321432434234,1123214324341234,1231142233412344,1211322334123444
858	1112223341243344	16	1112223341243344,1122133412432434,1211324123324344,1112231233243444,1122312331424434,1213123214243344,1121232142333444,1212311423324434,1123114232243344,1231142321432434,1211323214324344,1112232143243434,1122311432434234,1213114223342344,1121132233423444,1211322334124434
859	1112223341243434	16	1112223341243434,1122133412434234,1211324123342344,1112231233423444,1122312334124434,1213123241243344,1121232412333444,1212314123324434,1123141232243344,1231412321432434,1213123214324344,1121232143243434,1212311432434234,1123114223342344,1231142233412434,1211322334124344
860	1112223341324344	16	1112223341324344,1122133412243434,1211324122334344,1112231223343444,1122312133424434,1213121324243344,1121213242333444,1212132413324434,1121324132243344,1213241321432434,1122313214324344,1213122143243434,1121221332434344,1212113324342434,1121132243423344,1211322434132434
861	1112223341342344	16	1112223341342344,1122133412423434,1211324123234344,1112231232343444,1122312313424434,1213123124243344,1121231242333444,1212312413324434,1123124132243344,1231241321432434,1212313214324344,1123122143243434,1231211432434234,1212113324342344,1121132243423434,1211322434134234
862	1112223341423344	16	1112223341423344,1122133414232434,1211324132324344,1112231323243444,1122313231424434,1213122314243344,1121223142333444,1212131423324434,1121314232243344,1213142321432434,1121323214324344,1213231142243434,1122311422334344,1213114223342434,1121132233424344,1211322334142434
863	1112223341423434	16	1112223341423434,1122133414234234,1211324132342344,1112231323423444,1122313234124434,1213122341243344,1121223412333444,1212134123324434,1121341232243344,1213412321432434,1123123214324344,1231231142243434,1212311422334344,1123114223342434,1231142233414234,1211322334142344
864	1112223341432344	16	1112223341432344,1122133414223434,1211324132234344,1112231322343444,1122313213424434,1213122134243344,1121221342333444,1212113423324434,1121134232243344,1211342321432434,1112323214324344,1123231142243434,1231211422334344,1212113223343444,1121132233424434,1211322334144234
865	1112223343124344	16	1112223343124344,1122133421243434,1211324212334344,1112232123343444,1122311233424434,1213112324243344,1121123242333444,1211232413324434,1112324132243344,1123241321432434,1231412213324344,1213122133243444,1121221332434434,1212113324344234,1121132243432344,1211322434312434
866	1112223343142344	16	1112223343142344,1122133421423434,1211324213234344,1112232132343444,1122311323424434,1213112234243344,1121122342333444,1211223413324434,1112234132243344,1122341321432434,1213412213324344,1123122133243444,1231211322434434,1212113224343344,1121132243432434,1211322434314234
867	1112223343412344	16	1112223343412344,1122133424123434,1211324231234344,1112232312343444,1122313123424434,1213121234243344,1121212342333444,1212123413324434,1121234132243344,1212341321432434,1123412213324344,1234121132243434,1231211322434344,1212113224343434,1121132243434234,1211322434341234
868	1112223344123344	16	1112223344123344,1122133441232434,1211324312324344,1112233123243444,1122331231424434,1213212314243344,1122123142333444,1211231423324434,1112314232243344,1123142321432434,1231423114223344,1213231142233444,1122311422334434,1213114223344234,1121132233442344,1211322334412434
869	1112223344123434	16	1112223344123434,1122133441234234,1211324312342344,1112233123423444,1122331234124434,1213212341243344,1122123412333444,1211234123324434,1112341232243344,1123412321432434,1234123114223344,1231231142233444,1212311422334434,1123114223344234,1231142233441234,1211322334412344
870	1112223412334344	16	1112223412334344,1122134123342434,1211341232423344,1112312324233444,1123123241324434,1231231412243344,1212314122333444,1123141223324434,1231412233144234,1213122331442344,1121223314423434,1212133144234234,1121321432342344,1213214323412434,1122133234124344,1211322341243434
871	1112223412334434	16	1112223412334434,1122134123344234,1211341232432344,1112312324323444,1123123243124434,1231231421243344,1212314212333444,1123142123324434,1231421233144234,1213212331442344,1122123314423434,1211233144234234,1112321432342344,1123214323412434,1231142234123344,1211322341233444
872	1112223412343344	16	1112223412343344,1122134123432434,1211341234223344,1112312342233444,1123123421324434,1231234112243344,1212341122333444,1123411223324434,1234112233144234,1231122331442344,1211223314423434,1112233144234234,1122331442341234,1213214323412344,1122133234123444,1211322341234434
873	1112223412343434	16	1112223412343434,1122134123434234,1211341234232344,1112312342323444,1123123423124434,1231234121243344,1212341212333444,1123412123324434,1234121233144234,1231212331442344,1212123314423434,1121233144234234,1212331442341234,1123214323412344,1231142234123434,1211322341234344
874	1112223413234344	16	1112223413234344,1122134132342434,1211341223423344,1112312234233444,1123122341324434,1231213412243344,1212134122333444,1121341223324434,1213412233144234,1123122331442344,1231213214423434,1212132143234344,1121321432342434,1213214323414234,1122133234142344,1211322341423434
875	1112223413234434	16	1112223413234434,1122134132344234,1211341223432344,1112312234323444,1123122343124434,1231213421243344,1212134212333444,1121342123324434,1213421233144234,1123212331442344,1231123214423434,1211232143234344,1112321432342434,1123214323414234,1231142234132344,1211322341323444
876	1112223413243344	16	1112223413243344,1122134132432434,1211341223324344,1112312233243444,1123122331424434,1231213214243344,1212132142333444,1121321423324434,1213214233144234,1122132331442344,1211323214423434,1112232143234344,1122311432342434,1213114223423344,1121132234233444,1211322341324434
877	1112223413243434	16	1112223413243434,1122134132434234,1211341223342344,1112312233423444,1123122334124434,1231213241243344,1212132412333444,1121324123324434,1213241233144234,1122312331442344,1213123214423434,1121232143234344,1212311432342434,1123114223423344,1231142234132434,1211322341324344
878	1112223413324344	16	1112223413324344,1122134132243434,1211341222334344,1112312223343444,1123122133424434,1231211324243344,1212113242333444,1121132423324434,1211324233144234,1112232331442344,1122313214423434,1213122143234344,1121221332343444,1212113323424434,1121132234243344,1211322341432434
879	1112223413342344	16	1112223413342344,1122134132423434,1211341223234344,1112312232343444,1123122313424434,1231213124243344,1212131242333444,1121312423324434,1213124233144234,1121232331442344,1212313214423434,1123122143234344,1231211432342434,1212113323424344,1121132234243434,1211322341434234
880	1112223413423344	16	1112223413423344,1122134134232434,1211341232324344,1112312323243444,1123123231424434,1231231214243344,1212312142333444,1123121423324434,1231214233144234,1212132331442344,1121323214423434,1213231144234234,1122311432342344,1213114223423434,1121132234234344,1211322341342434
881	1112223413423434	16	1112223413423434,1122134134234234,1211341232342344,1112312323423444,1123123234124434,1231231241243344,1212312412333444,1123124123324434,1231241233144234,1212312331442344,1123123214423434,1231231144234234,1212311432342344,1123114223423434,1231142234134234,1211322341342344
882	1112223413432344	16	1112223413432344,1122134134223434,1211341232234344,1112312322343444,1123123213424434,1231231124243344,1212311242333444,1123112423324434,1231124233144234,1211232331442344,1112323214423434,1123231144234234,1231211432342344,1212113323423444,1121132234234434,1211322341344234
883	1112223431234344	16	1112223431234344,1122134312342434,1211342123423344,1112321234233444,1123212341324434,1231123412243344,1211234122333444,1112341223324434,1123412233144234,1234121321432344,1231213214323444,1212132143234434,1121321432344234,1213214323441234,1122133234412344,1211322344123434
884	1112223431234434	16	1112223431234434,1122134312344234,1211342123432344,1112321234323444,1123212343124434,1231123421243344,1211234212333444,1112342123324434,1123421233144234,1234112321432344,1231123214323444,1211232143234434,1112321432344234,1123214323441234,1231142234312344,1211322343123444
885	1112223431243344	16	1112223431243344,1122134312432434,1211342123324344,1112321233243444,1123212331424434,1231123214243344,1211232142333444,1112321423324434,1123214233144234,1231142321432344,1211323214323444,1112232143234434,1122311432344234,1213114223432344,1121132234323444,1211322343124434
886	1112223431243434	16	1112223431243434,1122134312434234,1211342123342344,1112321233423444,1123212334124434,1231123241243344,1211232412333444,1112324123324434,1123241233144234,1231412321432344,1213123214323444,1121232143234434,1212311432344234,1123114223432344,1231142234312434,1211322343124344
887	1112223431342344	16	1112223431342344,1122134312423434,1211342123234344,1112321232343444,1123212313424434,1231123124243344,1211231242333444,1112312423324434,1123124233144234,1231241321432344,1212313214323444,1123122143234434,1231211432344234,1212113323442344,1121132234423434,1211322344134234
888	1112223431423344	16	1112223431423344,1122134314232434,1211342132324344,1112321323243444,1123213231424434,1231122314243344,1211223142333444,1112231423324434,1122314233144234,1213142321432344,1121323214323444,1213231142234434,1122311422343344,1213114223432434,1121132234324344,1211322343142434
889	1112223431423434	16	1112223431423434,1122134314234234,1211342132342344,1112321323423444,1123213234124434,1231122341243344,1211223412333444,1112234123324434,1122341233144234,1213412321432344,1123123214323444,1231231142234434,1212311422343344,1123114223432434,1231142234314234,1211322343142344
890	1112223434123344	16	1112223434123344,1122134341232434,1211342312324344,1112323123243444,1123231231424434,1231212314243344,1212123142333444,1121231423324434,1212314233144234,1123142321432344,1231423114223434,1213231142234344,1122311422343434,1213114223434234,1121132234342344,1211322343412434
891	1112223434123434	16	1112223434123434,1122134341234234,1211342312342344,1112323123423444,1123231234124434,1231212341243344,1212123412333444,1121234123324434,1212341233144234,1123412321432344,1234123114223434,1231231142234344,1212311422343434,1123114223434234,1231142234341234,1211322343412344
892	1112223434132344	16	1112223434132344,1122134341223434,1211342312234344,1112323122343444,1123231213424434,1231212134243344,1212121342333444,1121213423324434,1212134233144234,1121342321432344,1213423114223434,1123231142234344,1231211422343434,1212113223434344,1121132234342434,1211322343414234
893	1112223434312344	16	1112223434312344,1122134342123434,1211342321234344,1112323212343444,1123231123424434,1231211234243344,1212112342333444,1121123423324434,1211234233144234,1112342321432344,1123423114223434,1234121132234344,1231211322343444,1212113223434434,1121132234344234,1211322343441234
894	1112231223434344	16	1112231223434344,1122312134342434,1213121342423344,1121213423233444,1212134231324434,1121342312243344,1213423121432434,1123231214324344,1231212143243434,1212121332434344,1121213324342434,1212133243414234,1121322434132344,1213214341223434,1122133412234344,1211324122343434
895	1112231223434434	16	1112231223434434,1122312134344234,1213121342432344,1121213423323444,1212134233124434,1121342321243344,1213423112432434,1123231124324344,1231211243243434,1212112332434344,1121123324342434,1211233243414234,1112322434132344,1123214341223434,1231142312234344,1211323122343444
896	1112231224343344	16	1112231224343344,1122312143432434,1213121434223344,1121213342233444,1212133421324434,1121324213243344,1213241132432434,1122311324324344,1213112243243434,1121122332434344,1211223314342434,1112233142423344,1122331424132434,1213214231324344,1122132313243444,1211323122434434
897	1112231224343434	16	1112231224343434,1122312143434234,1213121434232344,1121213342323444,1212133423124434,1121324231243344,1213241312432434,1122313124324344,1213121243243434,1121212332434344,1212123314342434,1121233142423344,1212331424132434,1123214231324344,1231142312243434,1211323122434344
898	1112231232434344	16	1112231232434344,1122312314342434,1213123142423344,1121231423233444,1212314231324434,1123142312243344,1231423121432434,1213231214324344,1122312143243434,1213121432434234,1121213324342344,1212133243412434,1121322434123344,1213214341232434,1122133412324344,1211324123243434
899	1112231232434434	16	1112231232434434,1122312314344234,1213123142432344,1121231423323444,1212314233124434,1123142321243344,1231423112432434,1213231124324344,1122311243243434,1213112432434234,1121123324342344,1211233243412434,1112322434123344,1123214341232434,1231142312324344,1211323123243444
900	1112231233424344	16	1112231233424344,1122312334142434,1213123241423344,1121232413233444,1212314132324434,1123141223243344,1231412231432434,1213122314324344,1121223143243434,1212131432434234,1121314223342344,1213142233412434,1121322334124344,1213213241243434,1122132412334344,1211324123342434
901	1112231233424434	16	1112231233424434,1122312334144234,1213123241432344,1121232413323444,1212314132234434,1123141222343344,1231412213432434,1213122134324344,1121221343243434,1212113432434234,1121134223342344,1211342233412434,1112322334124344,1123213241243434,1231122412334344,1211223123343444
902	1112231233442344	16	1112231233442344,1122312334412434,1213123244123344,1121232431233444,1212314312324434,1123142123243344,1231421231432434,1213212314324344,1122123143243434,1211231432434234,1112314223342344,1123142233412434,1231421324123344,1213213241233444,1122132412334434,1211324123344234
903	1112231234234344	16	1112231234234344,1122312341342434,1213123412423344,1121234123233444,1212341231324434,1123412312243344,1234123121432434,1231231214324344,1212312143243434,1123121432434234,1231214324341234,1212133243412344,1121322434123434,1213214341234234,1122133412342344,1211324123423434
904	1112231234234434	16	1112231234234434,1122312341344234,1213123412432344,1121234123323444,1212341233124434,1123412321243344,1234123112432434,1231231124324344,1212311243243434,1123112432434234,1231124324341234,1211233243412344,1112322434123434,1123214341234234,1231142312342344,1211323123423444
905	1112231234243344	16	1112231234243344,1122312341432434,1213123414223344,1121234132233444,1212341321324434,1123412213243344,1234121132432434,1231211324324344,1212113243243434,1121132432434234,1211324324341234,1112233243412344,1122331424123434,1213214231234344,1122132312343444,1211323123424434
906	1112231234243434	16	1112231234243434,1122312341434234,1213123414232344,1121234132323444,1212341323124434,1123412231243344,1234121312432434,1231213124324344,1212131243243434,1121312432434234,1213124324341234,1121233243412344,1212331424123434,1123214231234344,1231142312342434,1211323123424344
907	1112231234324344	16	1112231234324344,1122312343142434,1213123421423344,1121234213233444,1212341132324434,1123411223243344,1234112231432434,1231122314324344,1211223143243434,1112231432434234,1122314324341234,1213142233412344,1121322334123444,1213213241234434,1122132412343344,1211324123432434
908	1112231234342344	16	1112231234342344,1122312343412434,1213123424123344,1121234231233444,1212341312324434,1123412123243344,1234121231432434,1231212314324344,1212123143243434,1121231432434234,1212314324341234,1123142233412344,1231421324123434,1213213241234344,1122132412343434,1211324123434234
909	1112231234342434	16	1112231234342434,1122312343414234,1213123424132344,1121234231323444,1212341312234434,1123412122343344,1234121213432434,1231212134324344,1212121343243434,1121213432434234,1212134324341234,1121342233412344,1213421324123434,1123213241234344,1231122412343434,1211223123434344
910	1112231234344234	16	1112231234344234,1122312343441234,1213123424312344,1121234233123444,1212341321234434,1123412212343344,1234121123432434,1231211234324344,1212112343243434,1121123432434234,1211234324341234,1112342233412344,1123421324123434,1234112231234344,1231122312343444,1211223123434434
911	1112231234423434	16	1112231234423434,1122312344134234,1213123441232344,1121234312323444,1212343123124434,1123421231243344,1234112312432434,1231123124324344,1211231243243434,1112312432434234,1123124324341234,1231243142312344,1212331423123444,1123214231234434,1231142312344234,1211323123442344
912	1112231242334344	16	1112231242334344,1122312413342434,1213124132423344,1121231324233444,1212313241324434,1123122413243344,1231214132432434,1212131324324344,1121312243243434,1213122431434234,1121223314342344,1212133142423434,1121321423234344,1213214231342434,1122132313424344,1211323124243434
913	1112231242334434	16	1112231242334434,1122312413344234,1213124132432344,1121231324323444,1212313243124434,1123122431243344,1231214312432434,1212133124324344,1121321243243434,1213212431434234,1122123314342344,1211233142423434,1112321423234344,1123214231342434,1231142312423344,1211323124233444
914	1112231242343344	16	1112231242343344,1122312413432434,1213124134223344,1121231342233444,1212313421324434,1123124213243344,1231241132432434,1212311324324344,1123112243243434,1231122431434234,1211223314342344,1112233142423434,1122331424134234,1213214231342344,1122132313423444,1211323124234434
915	1112231242343434	16	1112231242343434,1122312413434234,1213124134232344,1121231342323444,1212313423124434,1123124231243344,1231241312432434,1212313124324344,1123121243243434,1231212431434234,1212123314342344,1121233142423434,1212331424134234,1123214231342344,1231142312423434,1211323124234344
916	1112231243234344	16	1112231243234344,1122312431342434,1213124312423344,1121233124233444,1212331241324434,1123212413243344,1231124132432434,1211231324324344,1112312243243434,1123122431434234,1231214314232344,1212133142323444,1121321423234434,1213214231344234,1122132313442344,1211323124423434
917	1112231243234434	16	1112231243234434,1122312431344234,1213124312432344,1121233124323444,1212331243124434,1123212431243344,1231124312432434,1211233124324344,1112321243243434,1123212431434234,1231124314232344,1211233142323444,1112321423234434,1123214231344234,1231142312432344,1211323124323444
918	1112231243243434	8	1112231243243434,1122312431434234,1213124314232344,1121233142323444,1212331423124434,1123214231243344,1231142312432434,1211323124324344
919	1112231243423344	16	1112231243423344,1122312434132434,1213124341223344,1121233412233444,1212334121324434,1123241213243344,1231412132432434,1213121324324344,1121213243243434,1212132431434234,1121324314232344,1213243142312434,1122331423124344,1213214231243434,1122132312434344,1211323124342434
920	1112231243423434	16	1112231243423434,1122312434134234,1213124341232344,1121233412323444,1212334123124434,1123241231243344,1231412312432434,1213123124324344,1121231243243434,1212312431434234,1123124314232344,1231243142312434,1212331423124344,1123214231243434,1231142312434234,1211323124342344
921	1112231243432344	16	1112231243432344,1122312434312434,1213124342123344,1121233421233444,1212334112324434,1123241123243344,1231411232432434,1213112324324344,1121123243243434,1211232431434234,1112324314232344,1123243142312434,1231421323124344,1213213231243444,1122132312434434,1211323124344234
922	1112231243432434	16	1112231243432434,1122312434314234,1213124342132344,1121233421323444,1212334112234434,1123241122343344,1231411223432434,1213112234324344,1121122343243434,1211223431434234,1112234314232344,1122343142312434,1213421323124344,1123213231243444,1231122312434434,1211223124343344
923	1112231243434234	16	1112231243434234,1122312434341234,1213124342312344,1121233423123444,1212334121234434,1123241212343344,1231412123432434,1213121234324344,1121212343243434,1212123431434234,1121234314232344,1212343142312434,1123421323124344,1234112231243434,1231122312434344,1211223124343434
924	1112231322434344	16	1112231322434344,1122313214342434,1213122143423344,1121221334233444,1212113342324434,1121132423243344,1211324231432434,1112232314324344,1122313142243434,1213121422334344,1121213223343444,1212132133424434,1121321324243344,1213213241432434,1122132413324344,1211324132243434
925	1112231322434434	16	1112231322434434,1122313214344234,1213122143432344,1121221334323444,1212113342234434,1121132422343344,1211324213432434,1112232134324344,1122311342243434,1213112422334344,1121123223343444,1211232133424434,1112321324243344,1123213241432434,1231122413324344,1211223133243444
926	1112231323424344	16	1112231323424344,1122313234142434,1213122341423344,1121223413233444,1212134132324434,1121341223243344,1213412231432434,1123122314324344,1231213142243434,1212131422334344,1121314223342434,1213142233414234,1121322334142344,1213213241423434,1122132413234344,1211324132342434
927	1112231323424434	16	1112231323424434,1122313234144234,1213122341432344,1121223413323444,1212134132234434,1121341222343344,1213412213432434,1123122134324344,1231211342243434,1212113422334344,1121134223342434,1211342233414234,1112322334142344,1123213241423434,1231122413234344,1211223132343444
928	1112231323442344	16	1112231323442344,1122313234412434,1213122344123344,1121223431233444,1212134312324434,1121342123243344,1213421231432434,1123212314324344,1231123142243434,1211231422334344,1112314223342434,1123142233414234,1231421324132344,1213213241323444,1122132413234434,1211324132344234
929	1112231324234344	16	1112231324234344,1122313241342434,1213122413423344,1121223134233444,1212131342324434,1121312423243344,1213124231432434,1121232314324344,1212313142243434,1123121422334344,1231214213342434,1212132133424344,1121321324243434,1213213241434234,1122132413342344,1211324132423434
930	1112231324234434	16	1112231324234434,1122313241344234,1213122413432344,1121223134323444,1212131342234434,1121312422343344,1213124213432434,1121232134324344,1212311342243434,1123112422334344,1231124213342434,1211232133424344,1112321324243434,1123213241434234,1231122413342344,1211223133423444
931	1112231324243344	16	1112231324243344,1122313241432434,1213122413324344,1121223133243444,1212131322434434,1121312224343344,1213122143432434,1121221334324344,1212113342243434,1121132422334344,1211324213342434,1112232133424344,1122311324243434,1213112242334344,1121122323343444,1211223133424434
932	1112231324243434	16	1112231324243434,1122313241434234,1213122413342344,1121223133423444,1212131324234434,1121312242343344,1213122413432434,1121223134324344,1212131342243434,1121312422334344,1213124213342434,1121232133424344,1212311324243434,1123112242334344,1231122413342434,1211223133424344
933	1112231324324344	16	1112231324324344,1122313243142434,1213122431423344,1121223314233444,1212133142324434,1121321423243344,1213214231432434,1122132314324344,1211323142243434,1112231422334344,1122314213342434,1213142132423344,1121321324233444,1213213241324434,1122132413243344,1211324132432434
934	1112231324342344	16	1112231324342344,1122313243412434,1213122434123344,1121223341233444,1212133412324434,1121324123243344,1213241231432434,1122312314324344,1213123142243434,1121231422334344,1212314213342434,1123142132423344,1231421324132434,1213213241324344,1122132413243434,1211324132434234
935	1112231324342434	16	1112231324342434,1122313243414234,1213122434132344,1121223341323444,1212133412234434,1121324122343344,1213241213432434,1122312134324344,1213121342243434,1121213422334344,1212134213342434,1121342132423344,1213421324132434,1123213241324344,1231122413243434,1211223132434344
936	1112231324344234	16	1112231324344234,1122313243441234,1213122434312344,1121223343123444,1212133421234434,1121324212343344,1213241123432434,1122311234324344,1213112342243434,1121123422334344,1211234213342434,1112342132423344,1123421324132434,1234112231324344,1231122313243444,1211223132434434
937	1112231324423434	16	1112231324423434,1122313244134234,1213122431342344,1121223313423444,1212133124234434,1121321242343344,1213212413432434,1122123134324344,1211231342243434,1112312422334344,1123124213342434,1231241132423344,1212311324233444,1123112242334434,1231122413344234,1211223133442344
938	1112231342234344	16	1112231342234344,1122313421342434,1213124213423344,1121232134233444,1212311342324434,1123112423243344,1231124231432434,1211232314324344,1112323142243434,1123231421434234,1231214213342344,1212132133423444,1121321324234434,1213213241344234,1122132413432344,1211324134223434
939	1112231342234434	16	1112231342234434,1122313421344234,1213124213432344,1121232134323444,1212311342234434,1123112422343344,1231124213432434,1211232134324344,1112321342243434,1123213421434234,1231124213342344,1211232133423444,1112321324234434,1123213241344234,1231122413432344,1211223134323444
940	1112231342243434	8	1112231342243434,1122313421434234,1213124213342344,1121232133423444,1212311324234434,1123112242343344,1231122413432434,1211223134324344
941	1112231342324344	16	1112231342324344,1122313423142434,1213124231423344,1121232314233444,1212313142324434,1123121423243344,1231214231432434,1212132314324344,1121323142243434,1213231421434234,1122314213342344,1213142132423434,1121321324234344,1213213241342434,1122132413423344,1211324134232434
942	1112231342324434	16	1112231342324434,1122313423144234,1213124231432344,1121232314323444,1212313142234434,1123121422343344,1231214213432434,1212132134324344,1121321342243434,1213213421434234,1122134213342344,1211342132423434,1112321324234344,1123213241342434,1231122413423344,1211223134233444
943	1112231342342344	16	1112231342342344,1122313423412434,1213124234123344,1121232341233444,1212313412324434,1123124123243344,1231241231432434,1212312314324344,1123123142243434,1231231421434234,1212314213342344,1123142132423434,1231421324134234,1213213241342344,1122132413423434,1211324134234234
944	1112231342342434	16	1112231342342434,1122313423414234,1213124234132344,1121232341323444,1212313412234434,1123124122343344,1231241213432434,1212312134324344,1123121342243434,1231213421434234,1212134213342344,1121342132423434,1213421324134234,1123213241342344,1231122413423434,1211223134234344
945	1112231342344234	16	1112231342344234,1122313423441234,1213124234312344,1121232343123444,1212313421234434,1123124212343344,1231241123432434,1212311234324344,1123112342243434,1231123421434234,1211234213342344,1112342132423434,1123421324134234,1234112231342344,1231122313423444,1211223134234434
946	1112231342423344	16	1112231342423344,1122313424132434,1213124231324344,1121232313243444,1212313122434434,1123121224343344,1231212143432434,1212121334324344,1121213342243434,1212133421434234,1121324213342344,1213241132423434,1122311324234344,1213112242343434,1121122323434344,1211223134342434
947	1112231342423434	16	1112231342423434,1122313424134234,1213124231342344,1121232313423444,1212313124234434,1123121242343344,1231212413432434,1212123134324344,1121231342243434,1212313421434234,1123124213342344,1231241132423434,1212311324234344,1123112242343434,1231122413434234,1211223134342344
948	1112231342432344	16	1112231342432344,1122313424312434,1213124233124344,1121232331243444,1212313212434434,1123122124343344,1231211243432434,1212112334324344,1121123342243434,1211233421434234,1112324213342344,1123241132423434,1231411223234344,1213112232343444,1121122323434434,1211223134344234
949	1112231342432434	16	1112231342432434,1122313424314234,1213124233142344,1121232331423444,1212313214234434,1123122142343344,1231211423432434,1212113234324344,1121132342243434,1211323421434234,1112234213342344,1122341132423434,1213411223234344,1123112232343444,1231122313424434,1211223134243344
950	1112231342434234	16	1112231342434234,1122313424341234,1213124233412344,1121232334123444,1212313241234434,1123122412343344,1231214123432434,1212131234324344,1121312342243434,1213123421434234,1121234213342344,1212341132423434,1123411223234344,1234112231342434,1231122313424344,1211223134243434
951	1112231344234234	16	1112231344234234,1122313442341234,1213124323412344,1121233234123444,1212331241234434,1123212412343344,1231124123432434,1211231234324344,1112312342243434,1123123421434234,1231234114232344,1212341132323444,1123411223234434,1234112231344234,1231122313442344,1211223134423434
952	1112231422334434	16	1112231422334434,1122314213344234,1213142132432344,1121321324323444,1213213243124434,1122132431243344,1211324312432434,1112233124324344,1122331243142434,1213212431423344,1122123314233444,1211233142324434,1112321423243344,1123214231432434,1231142314223344,1211323142233444
953	1112231422343344	16	1112231422343344,1122314213432434,1213142134223344,1121321342233444,1213213421324434,1122134213243344,1211342132432434,1112321324324344,1123213243142434,1231122431423344,1211223314233444,1112233142324434,1122331423144234,1213214231432344,1122132314323444,1211323142234434
954	1112231422343434	16	1112231422343434,1122314213434234,1213142134232344,1121321342323444,1213213423124434,1122134231243344,1211342312432434,1112323124324344,1123231243142434,1231212431423344,1212123314233444,1121233142324434,1212331423144234,1123214231432344,1231142314223434,1211323142234344
955	1112231423234344	16	1112231423234344,1122314231342434,1213142312423344,1121323124233444,1213231241324434,1122312413243344,1213124132432434,1121231324324344,1212313243142434,1123122431423344,1231214314232434,1212133142324344,1121321423243434,1213214231434234,1122132314342344,1211323142423434
956	1112231423234434	16	1112231423234434,1122314231344234,1213142312432344,1121323124323444,1213231243124434,1122312431243344,1213124312432434,1121233124324344,1212331243142434,1123212431423344,1231124314232434,1211233142324344,1112321423243434,1123214231434234,1231142314232344,1211323142323444
957	1112231423243344	16	1112231423243344,1122314231432434,1213142314223344,1121323142233444,1213231421324434,1122314213243344,1213142132432434,1121321324324344,1213213243142434,1122132431423344,1211324314232434,1112233142324344,1122331423142434,1213214231423344,1122132314233444,1211323142324434
958	1112231423243434	16	1112231423243434,1122314231434234,1213142314232344,1121323142323444,1213231423124434,1122314231243344,1213142312432434,1121323124324344,1213231243142434,1122312431423344,1213124314232434,1121233142324344,1212331423142434,1123214231423344,1231142314232434,1211323142324344
959	1112231423324344	16	1112231423324344,1122314233142434,1213142321423344,1121323214233444,1213231142324434,1122311423243344,1213114232432434,1121132324324344,1211323243142434,1112232431423344,1122314314232434,1213142132324344,1121321323243444,1213213231424434,1122132314243344,1211323142432434
960	1112231423342344	16	1112231423342344,1122314233412434,1213142324123344,1121323241233444,1213231412324434,1122314123243344,1213141232432434,1121312324324344,1213123243142434,1121232431423344,1212314314232434,1123142132324344,1231421323142434,1213213231424344,1122132314243434,1211323142434234
961	1112231423342434	16	1112231423342434,1122314233414234,1213142324132344,1121323241323444,1213231412234434,1122314122343344,1213141223432434,1121312234324344,1213122343142434,1121223431423344,1212134314232434,1121342132324344,1213421323142434,1123213231424344,1231122314243434,1211223142334344
962	1112231423344234	16	1112231423344234,1122314233441234,1213142324312344,1121323243123444,1213231421234434,1122314212343344,1213142123432434,1121321234324344,1213212343142434,1122123431423344,1211234314232434,1112342132324344,1123421323142434,1234112231423344,1231122314233444,1211223142334434
963	1112231423423344	16	1112231423423344,1122314234132434,1213142341223344,1121323412233444,1213234121324434,1122341213243344,1213412132432434,1123121324324344,1231213243142434,1212132431423344,1121324314232434,1213243142314234,1122331423142344,1213214231423434,1122132314234344,1211323142342434
964	1112231423423434	16	1112231423423434,1122314234134234,1213142341232344,1121323412323444,1213234123124434,1122341231243344,1213412312432434,1123123124324344,1231231243142434,1212312431423344,1123124314232434,1231243142314234,1212331423142344,1123214231423434,1231142314234234,1211323142342344
965	1112231423432344	16	1112231423432344,1122314234312434,1213142342123344,1121323421233444,1213234112324434,1122341123243344,1213411232432434,1123112324324344,1231123243142434,1211232431423344,1112324314232434,1123243142314234,1231421323142344,1213213231423444,1122132314234434,1211323142344234
966	1112231423432434	16	1112231423432434,1122314234314234,1213142342132344,1121323421323444,1213234112234434,1122341122343344,1213411223432434,1123112234324344,1231122343142434,1211223431423344,1112234314232434,1122343142314234,1213421323142344,1123213231423444,1231122314234434,1211223142343344
967	1112231423434234	16	1112231423434234,1122314234341234,1213142342312344,1121323423123444,1213234121234434,1122341212343344,1213412123432434,1123121234324344,1231212343142434,1212123431423344,1121234314232434,1212343142314234,1123421323142344,1234112231423434,1231122314234344,1211223142343434
968	1112231432342344	16	1112231432342344,1122314323412434,1213142234123344,1121322341233444,1213213412324434,1122134123243344,1211341232432434,1112312324324344,1123123243142434,1231231421423344,1212314213233444,1123142132324434,1231421323144234,1213213231442344,1122132314423434,1211323144234234
969	1112231432342434	16	1112231432342434,1122314323414234,1213142234132344,1121322341323444,1213213412234434,1122134122343344,1211341223432434,1112312234324344,1123122343142434,1231213421423344,1212134213233444,1121342132324434,1213421323144234,1123213231442344,1231122314423434,1211223143234344
970	1112231432344234	16	1112231432344234,1122314323441234,1213142234312344,1121322343123444,1213213421234434,1122134212343344,1211342123432434,1112321234324344,1123212343142434,1231123421423344,1211234213233444,1112342132324434,1123421323144234,1234112231432344,1231122314323444,1211223143234434
971	1112231434223344	16	1112231434223344,1122314342132434,1213142321324344,1121323213243444,1213231122434434,1122311224343344,1213112243432434,1121122334324344,1211223343142434,1112233421423344,1122334114232434,1213241132324344,1122311323243444,1213112232434434,1121122324343344,1211223143432434
972	1112231434223434	16	1112231434223434,1122314342134234,1213142321342344,1121323213423444,1213231124234434,1122311242343344,1213112423432434,1121123234324344,1211232343142434,1112323421423344,1123234114232434,1231241132324344,1212311323243444,1123112232434434,1231122314344234,1211223143432344
973	1112231434232344	16	1112231434232344,1122314342312434,1213142323124344,1121323231243444,1213231212434434,1122312124343344,1213121243432434,1121212334324344,1212123343142434,1121233421423344,1212334114232434,1123241132324344,1231411223243434,1213112232434344,1121122324343434,1211223143434234
974	1112231434232434	16	1112231434232434,1122314342314234,1213142323142344,1121323231423444,1213231214234434,1122312142343344,1213121423432434,1121213234324344,1212132343142434,1121323421423344,1213234114232434,1122341132324344,1213411223243434,1123112232434344,1231122314342434,1211223143423344
975	1112231434234234	16	1112231434234234,1122314342341234,1213142323412344,1121323234123444,1213231241234434,1122312412343344,1213124123432434,1121231234324344,1212312343142434,1123123421423344,1231234114232434,1212341132324344,1123411223243434,1234112231434234,1231122314342344,1211223143423434
976	1112232123434344	16	1112232123434344,1122311234342434,1213112342423344,1121123423233444,1211234231324434,1112342312243344,1123423121432434,1234121213324344,1231212133243444,1212121332434434,1121213324344234,1212133243441234,1121322434312344,1213214342123434,1122133421234344,1211324212343434
977	1112232123434434	16	1112232123434434,1122311234344234,1213112342432344,1121123423323444,1211234233124434,1112342321243344,1123423112432434,1234121123324344,1231211233243444,1212112332434434,1121123324344234,1211233243441234,1112322434312344,1123214342123434,1231142321234344,1211323212343444
978	1112232124343344	16	1112232124343344,1122311243432434,1213112434223344,1121123342233444,1211233421324434,1112324213243344,1123241132432434,1231411223324344,1213112233243444,1121122332434434,1211223314344234,1112233142432344,1122331424312434,1213214233124344,1122132331243444,1211323212434434
979	1112232124343434	16	1112232124343434,1122311243434234,1213112434232344,1121123342323444,1211233423124434,1112324231243344,1123241312432434,1231412123324344,1213121233243444,1121212332434434,1212123314344234,1121233142432344,1212331424312434,1123214233124344,1231142321243434,1211323212434344
980	1112232132434344	16	1112232132434344,1122311324342434,1213112243423344,1121122334233444,1211223341324434,1112233412243344,1122334121432434,1213241213324344,1122312133243444,1213121322434434,1121213224343344,1212132143432434,1121321434223344,1213214342132434,1122133421324344,1211324213243434
981	1112232132434434	16	1112232132434434,1122311324344234,1213112243432344,1121122334323444,1211223343124434,1112233421243344,1122334112432434,1213241123324344,1122311233243444,1213112322434434,1121123224343344,1211232143432434,1112321434223344,1123214342132434,1231142321324344,1211323213243444
982	1112232133442344	16	1112232133442344,1122311324423434,1213112243234344,1121122332343444,1211223313424434,1112233124243344,1122331241432434,1213212413324344,1122123133243444,1211231322434434,1112312224343344,1123122143432434,1231211434223344,1212113342233444,1121132422334434,1211324213344234
983	1112232134234344	16	1112232134234344,1122311342342434,1213112423423344,1121123234233444,1211232341324434,1112323412243344,1123234121432434,1231241213324344,1212312133243444,1123121322434434,1231213214344234,1212132143432344,1121321434223434,1213214342134234,1122133421342344,1211324213423434
984	1112232134234434	16	1112232134234434,1122311342344234,1213112423432344,1121123234323444,1211232343124434,1112323421243344,1123234112432434,1231241123324344,1212311233243444,1123112322434434,1231123214344234,1211232143432344,1112321434223434,1123214342134234,1231142321342344,1211323213423444
985	1112232134243344	16	1112232134243344,1122311342432434,1213112423324344,1121123233243444,1211232331424434,1112323214243344,1123231142432434,1231211423324344,1212113233243444,1121132322434434,1211323214344234,1112232143432344,1122311434223434,1213114232234344,1121132322343444,1211323213424434
986	1112232134243434	16	1112232134243434,1122311342434234,1213112423342344,1121123233423444,1211232334124434,1112323241243344,1123231412432434,1231214123324344,1212131233243444,1121312322434434,1213123214344234,1121232143432344,1212311434223434,1123114232234344,1231142321342434,1211323213424344
987	1112232134342344	16	1112232134342344,1122311342423434,1213112423234344,1121123232343444,1211232313424434,1112323124243344,1123231241432434,1231212413324344,1212123133243444,1121231322434434,1212313214344234,1123122143432344,1231211434223434,1212113342234344,1121132422343434,1211324213434234
988	1112232134423434	16	1112232134423434,1122311344234234,1213112432342344,1121123323423444,1211233234124434,1112322341243344,1123213412432434,1231124123324344,1211231233243444,1112312322434434,1123123214344234,1231231142432344,1212311423323444,1123114232234434,1231142321344234,1211323213442344
989	1112232142334344	16	1112232142334344,1122311423342434,1213114232423344,1121132324233444,1211323241324434,1112232413243344,1122314132432434,1213141223324344,1121312233243444,1213122331424434,1121223314243344,1212133142432434,1121321423324344,1213214233142434,1122132331424344,1211323214243434
990	1112232142334434	16	1112232142334434,1122311423344234,1213114232432344,1121132324323444,1211323243124434,1112232431243344,1122314312432434,1213142123324344,1121321233243444,1213212331424434,1122123314243344,1211233142432434,1112321423324344,1123214233142434,1231142321423344,1211323214233444
991	1112232142343344	16	1112232142343344,1122311423432434,1213114234223344,1121132342233444,1211323421324434,1112234213243344,1122341132432434,1213411223324344,1123112233243444,1231122331424434,1211223314243344,1112233142432434,1122331424314234,1213214233142344,1122132331423444,1211323214234434
992	1112232142343434	16	1112232142343434,1122311423434234,1213114234232344,1121132342323444,1211323423124434,1112234231243344,1122341312432434,1213412123324344,1123121233243444,1231212331424434,1212123314243344,1121233142432434,1212331424314234,1123214233142344,1231142321423434,1211323214234344
993	1112232143423344	16	1112232143423344,1122311434232434,1213114232324344,1121132323243444,1211323231424434,1112232314243344,1122313142432434,1213121423324344,1121213233243444,1212132331424434,1121323214243344,1213231142432434,1122311423324344,1213114232243434,1121132322434344,1211323214342434
994	1112232143423434	16	1112232143423434,1122311434234234,1213114232342344,1121132323423444,1211323234124434,1112232341243344,1122313412432434,1213124123324344,1121231233243444,1212312331424434,1123123214243344,1231231142432434,1212311423324344,1123114232243434,1231142321434234,1211323214342344
995	1112232312434344	16	1112232312434344,1122313124342434,1213121243423344,1121212334233444,1212123341324434,1121233412243344,1212334121432434,1123241213324344,1231412132243434,1213121322434344,1121213224343434,1212132143434234,1121321434232344,1213214342312434,1122133423124344,1211324231243434
996	1112232312434434	16	1112232312434434,1122313124344234,1213121243432344,1121212334323444,1212123343124434,1121233421243344,1212334112432434,1123241123324344,1231411232243434,1213112322434344,1121123224343434,1211232143434234,1112321434232344,1123214342312434,1231142323124344,1211323231243444
997	1112232313424344	16	1112232313424344,1122313124243434,1213121242334344,1121212323343444,1212123133424434,1121231324243344,1212313241432434,1123122413324344,1231214132243434,1212131322434344,1121312224343434,1213122143434234,1121221334342344,1212113342423434,1121132423234344,1211324231342434
998	1112232313442344	16	1112232313442344,1122313124423434,1213121243234344,1121212332343444,1212123313424434,1121233124243344,1212331241432434,1123212413324344,1231124132243434,1211231322434344,1112312224343434,1123122143434234,1231211434232344,1212113342323444,1121132423234434,1211324231344234
999	1112232314234344	16	1112232314234344,1122313142342434,1213121423423344,1121213234233444,1212132341324434,1121323412243344,1213234121432434,1122341213324344,1213412132243434,1123121322434344,1231213214342434,1212132143423344,1121321434232434,1213214342314234,1122133423142344,1211324231423434
1000	1112232314234434	16	1112232314234434,1122313142344234,1213121423432344,1121213234323444,1212132343124434,1121323421243344,1213234112432434,1122341123324344,1213411232243434,1123112322434344,1231123214342434,1211232143423344,1112321434232434,1123214342314234,1231142323142344,1211323231423444
1001	1112232314243434	16	1112232314243434,1122313142434234,1213121423342344,1121213233423444,1212132334124434,1121323241243344,1213231412432434,1122314123324344,1213141232243434,1121312322434344,1213123214342434,1121232143423344,1212311434232434,1123114232324344,1231142323142434,1211323231424344
1002	1112232314342344	16	1112232314342344,1122313142423434,1213121423234344,1121213232343444,1212132313424434,1121323124243344,1213231241432434,1122312413324344,1213124132243434,1121231322434344,1212313214342434,1123122143423344,1231211434232434,1212113342324344,1121132423243434,1211324231434234
1003	1112232314423434	16	1112232314423434,1122313144234234,1213121432342344,1121213323423444,1212133234124434,1121322341243344,1213213412432434,1122134123324344,1211341232243434,1112312322434344,1123123214342434,1231231142423344,1212311423233444,1123114232324434,1231142323144234,1211323231442344
1004	1112232331424344	16	1112232331424344,1122313214243434,1213122142334344,1121221323343444,1212113233424434,1121132324243344,1211323241432434,1112232413324344,1122314132243434,1213141222334344,1121312223343444,1213122133424434,1121221334243344,1212113342432434,1121132423324344,1211324233142434
1005	1112232334124344	16	1112232334124344,1122313241243434,1213122412334344,1121223123343444,1212131233424434,1121312324243344,1213123241432434,1121232413324344,1212314132243434,1123141222334344,1231412213342434,1213122133424344,1121221334243434,1212113342434234,1121132423342344,1211324233412434
1006	1112232334142344	16	1112232334142344,1122313241423434,1213122413234344,1121223132343444,1212131323424434,1121312234243344,1213122341432434,1121223413324344,1212134132243434,1121341222334344,1213412213342434,1123122133424344,1231211324243434,1212113242334344,1121132423342434,1211324233414234
1007	1112232334412344	16	1112232334412344,1122313244123434,1213122431234344,1121223312343444,1212133123424434,1121321234243344,1213212341432434,1122123413324344,1211234132243434,1112341222334344,1123412213342434,1234121132423344,1231211324233444,1212113242334434,1121132423344234,1211324233441234
1008	1112232341234344	16	1112232341234344,1122313412342434,1213124123423344,1121231234233444,1212312341324434,1123123412243344,1231234121432434,1212341213324344,1123412132243434,1234121321434234,1231213214342344,1212132143423434,1121321434234234,1213214342341234,1122133423412344,1211324234123434
1009	1112232341234434	16	1112232341234434,1122313412344234,1213124123432344,1121231234323444,1212312343124434,1123123421243344,1231234112432434,1212341123324344,1123411232243434,1234112321434234,1231123214342344,1211232143423434,1112321434234234,1123214342341234,1231142323412344,1211323234123444
1010	1112232341243434	16	1112232341243434,1122313412434234,1213124123342344,1121231233423444,1212312334124434,1123123241243344,1231231412432434,1212314123324344,1123141232243434,1231412321434234,1213123214342344,1121232143423434,1212311434234234,1123114232342344,1231142323412434,1211323234124344
1011	1112232341324344	16	1112232341324344,1122313412243434,1213124122334344,1121231223343444,1212312133424434,1123121324243344,1231213241432434,1212132413324344,1121324132243434,1213241321434234,1122313214342344,1213122143423434,1121221334234344,1212113342342434,1121132423423344,1211324234132434
1012	1112232341342344	16	1112232341342344,1122313412423434,1213124123234344,1121231232343444,1212312313424434,1123123124243344,1231231241432434,1212312413324344,1123124132243434,1231241321434234,1212313214342344,1123122143423434,1231211434234234,1212113342342344,1121132423423434,1211324234134234
1013	1112232341423344	16	1112232341423344,1122313414232434,1213124132324344,1121231323243444,1212313231424434,1123122314243344,1231213142432434,1212131423324344,1121314232243434,1213142321434234,1121323214342344,1213231142423434,1122311423234344,1213114232342434,1121132323424344,1211323234142434
1014	1112232341423434	16	1112232341423434,1122313414234234,1213124132342344,1121231323423444,1212313234124434,1123122341243344,1231213412432434,1212134123324344,1121341232243434,1213412321434234,1123123214342344,1231231142423434,1212311423234344,1123114232342434,1231142323414234,1211323234142344
1015	1112232341432344	16	1112232341432344,1122313414223434,1213124132234344,1121231322343444,1212313213424434,1123122134243344,1231211342432434,1212113423324344,1121134232243434,1211342321434234,1112323214342344,1123231142423434,1231211423234344,1212113232343444,1121132323424434,1211323234144234
1016	1112232343124344	16	1112232343124344,1122313421243434,1213124212334344,1121232123343444,1212311233424434,1123112324243344,1231123241432434,1211232413324344,1112324132243434,1123241321434234,1231412213342344,1213122133423444,1121221334234434,1212113342344234,1121132423432344,1211324234312434
1017	1112232343142344	16	1112232343142344,1122313421423434,1213124213234344,1121232132343444,1212311323424434,1123112234243344,1231122341432434,1211223413324344,1112234132243434,1122341321434234,1213412213342344,1123122133423444,1231211324234434,1212113242343344,1121132423432434,1211324234314234
1018	1112232343412344	16	1112232343412344,1122313424123434,1213124231234344,1121232312343444,1212313123424434,1123121234243344,1231212341432434,1212123413324344,1121234132243434,1212341321434234,1123412213342344,1234121132423434,1231211324234344,1212113242343434,1121132423434234,1211324234341234
1019	1112232344123344	16	1112232344123344,1122313441232434,1213124312324344,1121233123243444,1212331231424434,1123212314243344,1231123142432434,1211231423324344,1112314232243434,1123142321434234,1231423114232344,1213231142323444,1122311423234434,1213114232344234,1121132323442344,1211323234412434
1020	1112232344123434	16	1112232344123434,1122313441234234,1213124312342344,1121233123423444,1212331234124434,1123212341243344,1231123412432434,1211234123324344,1112341232243434,1123412321434234,1234123114232344,1231231142323444,1212311423234434,1123114232344234,1231142323441234,1211323234412344
1021	1112232412334344	16	1112232412334344,1122314123342434,1213141232423344,1121312324233444,1213123241324434,1121232413243344,1212314132432434,1123141223324344,1231412233142434,1213122331424344,1121223314243434,1212133142434234,1121321423342344,1213214233412434,1122132334124344,1211323241243434
1022	1112232412334434	16	1112232412334434,1122314123344234,1213141232432344,1121312324323444,1213123243124434,1121232431243344,1212314312432434,1123142123324344,1231421233142434,1213212331424344,1122123314243434,1211233142434234,1112321423342344,1123214233412434,1231142324123344,1211323241233444
1023	1112232412343344	16	1112232412343344,1122314123432434,1213141234223344,1121312342233444,1213123421324434,1121234213243344,1212341132432434,1123411223324344,1234112233142434,1231122331424344,1211223314243434,1112233142434234,1122331424341234,1213214233412344,1122132334123444,1211323241234434
1024	1112232412343434	16	1112232412343434,1122314123434234,1213141234232344,1121312342323444,1213123423124434,1121234231243344,1212341312432434,1123412123324344,1234121233142434,1231212331424344,1212123314243434,1121233142434234,1212331424341234,1123214233412344,1231142324123434,1211323241234344
1025	1112232413234344	16	1112232413234344,1122314132342434,1213141223423344,1121312234233444,1213122341324434,1121223413243344,1212134132432434,1121341223324344,1213412233142434,1123122331424344,1231213214243434,1212132142334344,1121321423342434,1213214233414234,1122132334142344,1211323241423434
1026	1112232413234434	16	1112232413234434,1122314132344234,1213141223432344,1121312234323444,1213122343124434,1121223431243344,1212134312432434,1121342123324344,1213421233142434,1123212331424344,1231123214243434,1211232142334344,1112321423342434,1123214233414234,1231142324132344,1211323241323444
1027	1112232413243434	16	1112232413243434,1122314132434234,1213141223342344,1121312233423444,1213122334124434,1121223341243344,1212133412432434,1121324123324344,1213241233142434,1122312331424344,1213123214243434,1121232142334344,1212311423342434,1123114232423344,1231142324132434,1211323241324344
1028	1112232413342344	16	1112232413342344,1122314132423434,1213141223234344,1121312232343444,1213122313424434,1121223134243344,1212131342432434,1121312423324344,1213124233142434,1121232331424344,1212313214243434,1123122142334344,1231211423342434,1212113233424344,1121132324243434,1211323241434234
1029	1112232413423344	16	1112232413423344,1122314134232434,1213141232324344,1121312323243444,1213123231424434,1121232314243344,1212313142432434,1123121423324344,1231214233142434,1212132331424344,1121323214243434,1213231142434234,1122311423342344,1213114232423434,1121132324234344,1211323241342434
1030	1112232413423434	16	1112232413423434,1122314134234234,1213141232342344,1121312323423444,1213123234124434,1121232341243344,1212313412432434,1123124123324344,1231241233142434,1212312331424344,1123123214243434,1231231142434234,1212311423342344,1123114232423434,1231142324134234,1211323241342344
1031	1112232413432344	16	1112232413432344,1122314134223434,1213141232234344,1121312322343444,1213123213424434,1121232134243344,1212311342432434,1123112423324344,1231124233142434,1211232331424344,1112323214243434,1123231142434234,1231211423342344,1212113233423444,1121132324234434,1211323241344234
1032	1112232431234344	16	1112232431234344,1122314312342434,1213142123423344,1121321234233444,1213212341324434,1122123413243344,1211234132432434,1112341223324344,1123412233142434,1234121321423344,1231213214233444,1212132142334434,1121321423344234,1213214233441234,1122132334412344,1211323244123434
1033	1112232431234434	16	1112232431234434,1122314312344234,1213142123432344,1121321234323444,1213212343124434,1122123431243344,1211234312432434,1112342123324344,1123421233142434,1234112321423344,1231123214233444,1211232142334434,1112321423344234,1123214233441234,1231142324312344,1211323243123444
1034	1112232431243434	16	1112232431243434,1122314312434234,1213142123342344,1121321233423444,1213212334124434,1122123341243344,1211233412432434,1112324123324344,1123241233142434,1231412321423344,1213123214233444,1121232142334434,1212311423344234,1123114232432344,1231142324312434,1211323243124344
1035	1112232431342344	16	1112232431342344,1122314312423434,1213142123234344,1121321232343444,1213212313424434,1122123134243344,1211231342432434,1112312423324344,1123124233142434,1231241321423344,1212313214233444,1123122142334434,1231211423344234,1212113233442344,1121132324423434,1211323244134234
1036	1112232431423434	16	1112232431423434,1122314314234234,1213142132342344,1121321323423444,1213213234124434,1122132341243344,1211323412432434,1112234123324344,1122341233142434,1213412321423344,1123123214233444,1231231142324434,1212311423243344,1123114232432434,1231142324314234,1211323243142344
1037	1112232434123344	16	1112232434123344,1122314341232434,1213142312324344,1121323123243444,1213231231424434,1122312314243344,1213123142432434,1121231423324344,1212314233142434,1123142321423344,1231423114232434,1213231142324344,1122311423243434,1213114232434234,1121132324342344,1211323243412434
1038	1112232434123434	16	1112232434123434,1122314341234234,1213142312342344,1121323123423444,1213231234124434,1122312341243344,1213123412432434,1121234123324344,1212341233142434,1123412321423344,1234123114232434,1231231142324344,1212311423243434,1123114232434234,1231142324341234,1211323243412344
1039	1112232434132344	16	1112232434132344,1122314341223434,1213142312234344,1121323122343444,1213231213424434,1122312134243344,1213121342432434,1121213423324344,1212134233142434,1121342321423344,1213423114232434,1123231142324344,1231211423243434,1212113232434344,1121132324342434,1211323243414234
1040	1112232434312344	16	1112232434312344,1122314342123434,1213142321234344,1121323212343444,1213231123424434,1122311234243344,1213112342432434,1121123423324344,1211234233142434,1112342321423344,1123423114232434,1234121132324344,1231211323243444,1212113232434434,1121132324344234,1211323243441234
1041	1112233123424344	16	1112233123424344,1122331234142434,1213212341423344,1122123413233444,1211234132324434,1112341223243344,1123412231432434,1234121314223344,1231213142233444,1212131422334434,1121314223344234,1213142233441234,1121322334412344,1213213244123434,1122132431234344,1211324312342434
1042	1112233123424434	16	1112233123424434,1122331234144234,1213212341432344,1122123413323444,1211234132234434,1112341222343344,1123412213432434,1234121134223344,1231211342233444,1212113422334434,1121134223344234,1211342233441234,1112322334412344,1123213244123434,1231122431234344,1211223312343444
1043	1112233123442344	16	1112233123442344,1122331234412434,1213212344123344,1122123431233444,1211234312324434,1112342123243344,1123421231432434,1234112314223344,1231123142233444,1211231422334434,1112314223344234,1123142233441234,1231421324312344,1213213243123444,1122132431234434,1211324312344234
1044	1112233124234344	16	1112233124234344,1122331241342434,1213212413423344,1122123134233444,1211231342324434,1112312423243344,1123124231432434,1231241314223344,1212313142233444,1123121422334434,1231214213344234,1212132133442344,1121321324423434,1213213244134234,1122132431342344,1211324312423434
1045	1112233124234434	16	1112233124234434,1122331241344234,1213212413432344,1122123134323444,1211231342234434,1112312422343344,1123124213432434,1231241134223344,1212311342233444,1123112422334434,1231124213344234,1211232133442344,1112321324423434,1123213244134234,1231122431342344,1211223313423444
1046	1112233124243434	16	1112233124243434,1122331241434234,1213212413342344,1122123133423444,1211231324234434,1112312242343344,1123122413432434,1231214134223344,1212131342233444,1121312422334434,1213124213344234,1121232133442344,1212311324423434,1123112243234344,1231122431342434,1211223313424344
1047	1112233124342344	16	1112233124342344,1122331243412434,1213212434123344,1122123341233444,1211233412324434,1112324123243344,1123241231432434,1231412314223344,1213123142233444,1121231422334434,1212314213344234,1123142132432344,1231421324312434,1213213243124344,1122132431243434,1211324312434234
1048	1112233124342434	16	1112233124342434,1122331243414234,1213212434132344,1122123341323444,1211233412234434,1112324122343344,1123241213432434,1231412134223344,1213121342233444,1121213422334434,1212134213344234,1121342132432344,1213421324312434,1123213243124344,1231122431243434,1211223312434344
1049	1112233124344234	16	1112233124344234,1122331243441234,1213212434312344,1122123343123444,1211233421234434,1112324212343344,1123241123432434,1231411234223344,1213112342233444,1121123422334434,1211234213344234,1112342132432344,1123421324312434,1234112233124344,1231122331243444,1211223312434434
1050	1112233124423434	16	1112233124423434,1122331244134234,1213212431342344,1122123313423444,1211233124234434,1112321242343344,1123212413432434,1231124134223344,1211231342233444,1112312422334434,1123124213344234,1231241132432344,1212311324323444,1123112243234434,1231122431344234,1211223313442344
1051	1112233142342344	16	1112233142342344,1122331423412434,1213214234123344,1122132341233444,1211323412324434,1112234123243344,1122341231432434,1213412314223344,1123123142233444,1231231421324434,1212314213243344,1123142132432434,1231421324314234,1213213243142344,1122132431423434,1211324314234234
1052	1112233142342434	16	1112233142342434,1122331423414234,1213214234132344,1122132341323444,1211323412234434,1112234122343344,1122341213432434,1213412134223344,1123121342233444,1231213421324434,1212134213243344,1121342132432434,1213421324314234,1123213243142344,1231122431423434,1211223314234344
1053	1112233142344234	16	1112233142344234,1122331423441234,1213214234312344,1122132343123444,1211323421234434,1112234212343344,1122341123432434,1213411234223344,1123112342233444,1231123421324434,1211234213243344,1112342132432434,1123421324314234,1234112233142344,1231122331423444,1211223314234434
1054	1112233234124344	16	1112233234124344,1122331241243434,1213212412334344,1122123123343444,1211231233424434,1112312324243344,1123123241432434,1231231414223344,1212314132233444,1123141222334434,1231412213344234,1213122133442344,1121221334423434,1212113344234234,1121132432342344,1211324323412434
1055	1112233234142344	16	1112233234142344,1122331241423434,1213212413234344,1122123132343444,1211231323424434,1112312234243344,1123122341432434,1231213414223344,1212134132233444,1121341222334434,1213412213344234,1123122133442344,1231211324423434,1212113243234344,1121132432342434,1211324323414234
1056	1112233234412344	16	1112233234412344,1122331244123434,1213212431234344,1122123312343444,1211233123424434,1112321234243344,1123212341432434,1231123414223344,1211234132233444,1112341222334434,1123412213344234,1234121132432344,1231211324323444,1212113243234434,1121132432344234,1211324323441234
1057	1112233412234344	16	1112233412234344,1122334121342434,1213241213423344,1122312134233444,1213121342324434,1121213423243344,1212134231432434,1121342314223344,1213423142132434,1123231421324344,1231214213243434,1212132132434344,1121321324342434,1213213243414234,1122132434132344,1211324341223434
1058	1112233412234434	16	1112233412234434,1122334121344234,1213241213432344,1122312134323444,1213121342234434,1121213422343344,1212134213432434,1121342134223344,1213421342132434,1123213421324344,1231124213243434,1211232132434344,1112321324342434,1123213243414234,1231122434132344,1211223341323444
1059	1112233412243434	16	1112233412243434,1122334121434234,1213241213342344,1122312133423444,1213121324234434,1121213242343344,1212132413432434,1121324134223344,1213241342132434,1122313421324344,1213124213243434,1121232132434344,1212311324342434,1123112243423344,1231122434132434,1211223341324344
1060	1112233412324344	16	1112233412324344,1122334123142434,1213241231423344,1122312314233444,1213123142324434,1121231423243344,1212314231432434,1123142314223344,1231423142132434,1213231421324344,1122314213243434,1213142132434234,1121321324342344,1213213243412434,1122132434123344,1211324341232434
1061	1112233412324434	16	1112233412324434,1122334123144234,1213241231432344,1122312314323444,1213123142234434,1121231422343344,1212314213432434,1123142134223344,1231421342132434,1213213421324344,1122134213243434,1211342132434234,1112321324342344,1123213243412434,1231122434123344,1211223341233444
1062	1112233412342344	16	1112233412342344,1122334123412434,1213241234123344,1122312341233444,1213123412324434,1121234123243344,1212341231432434,1123412314223344,1234123142132434,1231231421324344,1212314213243434,1123142132434234,1231421324341234,1213213243412344,1122132434123434,1211324341234234
1063	1112233412342434	16	1112233412342434,1122334123414234,1213241234132344,1122312341323444,1213123412234434,1121234122343344,1212341213432434,1123412134223344,1234121342132434,1231213421324344,1212134213243434,1121342132434234,1213421324341234,1123213243412344,1231122434123434,1211223341234344
1064	1112233412344234	16	1112233412344234,1122334123441234,1213241234312344,1122312343123444,1213123421234434,1121234212343344,1212341123432434,1123411234223344,1234112342132434,1231123421324344,1211234213243434,1112342132434234,1123421324341234,1234112233412344,1231122334123444,1211223341234434
1065	1112233412423344	16	1112233412423344,1122334124132434,1213241231324344,1122312313243444,1213123122434434,1121231224343344,1212312143432434,1123121434223344,1231214342132434,1212133421324344,1121324213243434,1213241132434234,1122311324342344,1213112243423434,1121122334234344,1211223341342434
1066	1112233412423434	16	1112233412423434,1122334124134234,1213241231342344,1122312313423444,1213123124234434,1121231242343344,1212312413432434,1123124134223344,1231241342132434,1212313421324344,1123124213243434,1231241132434234,1212311324342344,1123112243423434,1231122434134234,1211223341342344
1067	1112233412432344	16	1112233412432344,1122334124312434,1213241233124344,1122312331243444,1213123212434434,1121232124343344,1212311243432434,1123112434223344,1231124342132434,1211233421324344,1112324213243434,1123241132434234,1231411223342344,1213112233423444,1121122334234434,1211223341344234
1068	1112233412432434	16	1112233412432434,1122334124314234,1213241233142344,1122312331423444,1213123214234434,1121232142343344,1212311423432434,1123114234223344,1231142342132434,1211323421324344,1112234213243434,1122341132434234,1213411223342344,1123112233423444,1231122334124434,1211223341243344
1069	1112233412434234	16	1112233412434234,1122334124341234,1213241233412344,1122312334123444,1213123241234434,1121232412343344,1212314123432434,1123141234223344,1231412342132434,1213123421324344,1121234213243434,1212341132434234,1123411223342344,1234112233412434,1231122334124344,1211223341243434
1070	1112233414223344	16	1112233414223344,1122334142132434,1213241321324344,1122313213243444,1213122132434434,1121221324343344,1212113243432434,1121132434223344,1211324342132434,1112233421324344,1122334112243434,1213241122334344,1122311223343444,1213112233424434,1121122334243344,1211223341432434
1071	1112233414223434	16	1112233414223434,1122334142134234,1213241321342344,1122313213423444,1213122134234434,1121221342343344,1212113423432434,1121134234223344,1211342342132434,1112323421324344,1123234112243434,1231241122334344,1212311223343444,1123112233424434,1231122334144234,1211223341432344
1072	1112233414232344	16	1112233414232344,1122334142312434,1213241323124344,1122313231243444,1213122312434434,1121223124343344,1212131243432434,1121312434223344,1213124342132434,1121233421324344,1212334112243434,1123241122334344,1231411223342434,1213112233424344,1121122334243434,1211223341434234
1073	1112233414232434	16	1112233414232434,1122334142314234,1213241323142344,1122313231423444,1213122314234434,1121223142343344,1212131423432434,1121314234223344,1213142342132434,1121323421324344,1213234112243434,1122341122334344,1213411223342434,1123112233424344,1231122334142434,1211223341423344
1074	1112233414234234	16	1112233414234234,1122334142341234,1213241323412344,1122313234123444,1213122341234434,1121223412343344,1212134123432434,1121341234223344,1213412342132434,1123123421324344,1231234112243434,1212341122334344,1123411223342434,1234112233414234,1231122334142344,1211223341423434
1075	1112233421234344	16	1112233421234344,1122334112342434,1213241123423344,1122311234233444,1213112342324434,1121123423243344,1211234231432434,1112342314223344,1123423142132434,1234121321324344,1231213213243444,1212132132434434,1121321324344234,1213213243441234,1122132434312344,1211324342123434
1076	1112233421234434	16	1112233421234434,1122334112344234,1213241123432344,1122311234323444,1213112342234434,1121123422343344,1211234213432434,1112342134223344,1123421342132434,1234112321324344,1231123213243444,1211232132434434,1112321324344234,1123213243441234,1231122434312344,1211223343123444
1077	1112233421243434	16	1112233421243434,1122334112434234,1213241123342344,1122311233423444,1213112324234434,1121123242343344,1211232413432434,1112324134223344,1123241342132434,1231412321324344,1213123213243444,1121232132434434,1212311324344234,1123112243432344,1231122434312434,1211223343124344
1078	1112233421342344	16	1112233421342344,1122334112423434,1213241123234344,1122311232343444,1213112323424434,1121123234243344,1211232341432434,1112323414223344,1123234142132434,1231241321324344,1212313213243444,1123122132434434,1231211324344234,1212113243432344,1121132434223434,1211324342134234
1079	1112233421423434	16	1112233421423434,1122334114234234,1213241132342344,1122311323423444,1213112234234434,1121122342343344,1211223413432434,1112234134223344,1122341342132434,1213412321324344,1123123213243444,1231231122434434,1212311224343344,1123112243432434,1231122434314234,1211223343142344
1080	1112233423124344	16	1112233423124344,1122334121243434,1213241212334344,1122312123343444,1213121233424434,1121212334243344,1212123341432434,1121233414223344,1212334142132434,1123241321324344,1231412213243434,1213122132434344,1121221324343434,1212113243434234,1121132434232344,1211324342312434
1081	1112233423142344	16	1112233423142344,1122334121423434,1213241213234344,1122312132343444,1213121323424434,1121213234243344,1212132341432434,1121323414223344,1213234142132434,1122341321324344,1213412213243434,1123122132434344,1231211324342434,1212113243423344,1121132434232434,1211324342314234
1082	1112233423412344	16	1112233423412344,1122334124123434,1213241231234344,1122312312343444,1213123123424434,1121231234243344,1212312341432434,1123123414223344,1231234142132434,1212341321324344,1123412213243434,1234121132434234,1231211324342344,1212113243423434,1121132434234234,1211324342341234
1083	1112233424123344	16	1112233424123344,1122334141232434,1213241312324344,1122313123243444,1213121232434434,1121212324343344,1212123143432434,1121231434223344,1212314342132434,1123142321324344,1231423112243434,1213231122434344,1122311224343434,1213112243434234,1121122334342344,1211223343412434
1084	1112233424123434	16	1112233424123434,1122334141234234,1213241312342344,1122313123423444,1213121234234434,1121212342343344,1212123413432434,1121234134223344,1212341342132434,1123412321324344,1234123112243434,1231231122434344,1212311224343434,1123112243434234,1231122434341234,1211223343412344
1085	1112233424132344	16	1112233424132344,1122334141223434,1213241312234344,1122313122343444,1213121223434434,1121212234343344,1212121343432434,1121213434223344,1212134342132434,1121342321324344,1213423112243434,1123231122434344,1231211224343434,1212112233434344,1121122334342434,1211223343414234
1086	1112233424312344	16	1112233424312344,1122334142123434,1213241321234344,1122313212343444,1213122123434434,1121221234343344,1212112343432434,1121123434223344,1211234342132434,1112342321324344,1123423112243434,1234121122334344,1231211223343444,1212112233434434,1121122334344234,1211223343441234
1087	1112233441232344	16	1112233441232344,1122334412312434,1213243123124344,1122331231243444,1213212312434434,1122123124343344,1211231243432434,1112312434223344,1123124342132434,1231243411223344,1212334112233444,1123241122334434,1231411223344234,1213112233442344,1121122334423434,1211223344134234
1088	1112233441232434	16	1112233441232434,1122334412314234,1213243123142344,1122331231423444,1213212314234434,1122123142343344,1211231423432434,1112314234223344,1123142342132434,1231423411223344,1213234112233444,1122341122334434,1213411223344234,1123112233442344,1231122334412434,1211223344123344
1089	1112233441234234	16	1112233441234234,1122334412341234,1213243123412344,1122331234123444,1213212341234434,1122123412343344,1211234123432434,1112341234223344,1123412342132434,1234123411223344,1231234112233444,1212341122334434,1123411223344234,1234112233441234,1231122334412344,1211223344123434
1090	1112234122334344	16	1112234122334344,1122341213342434,1213412132423344,1123121324233444,1231213241324434,1212132413243344,1121324132432434,1213241324314234,1122313243142344,1213122431423434,1121223314234344,1212133142342434,1121321423423344,1213214234132434,1122132341324344,1211323412243434
1091	1112234122334434	16	1112234122334434,1122341213344234,1213412132432344,1123121324323444,1231213243124434,1212132431243344,1121324312432434,1213243124314234,1122331243142344,1213212431423434,1122123314234344,1211233142342434,1112321423423344,1123214234132434,1231142341223344,1211323412233444
1092	1112234122343434	16	1112234122343434,1122341213434234,1213412134232344,1123121342323444,1231213423124434,1212134231243344,1121342312432434,1213423124314234,1123231243142344,1231212431423434,1212123314234344,1121233142342434,1212331423414234,1123214234132344,1231142341223434,1211323412234344
1093	1112234123234344	16	1112234123234344,1122341231342434,1213412312423344,1123123124233444,1231231241324434,1212312413243344,1123124132432434,1231241324314234,1212313243142344,1123122431423434,1231214314234234,1212133142342344,1121321423423434,1213214234134234,1122132341342344,1211323412423434
1094	1112234123234434	16	1112234123234434,1122341231344234,1213412312432344,1123123124323444,1231231243124434,1212312431243344,1123124312432434,1231243124314234,1212331243142344,1123212431423434,1231124314234234,1211233142342344,1112321423423434,1123214234134234,1231142341232344,1211323412323444
1095	1112234123243434	16	1112234123243434,1122341231434234,1213412314232344,1123123142323444,1231231423124434,1212314231243344,1123142312432434,1231423124314234,1213231243142344,1122312431423434,1213124314234234,1121233142342344,1212331423412434,1123214234123344,1231142341232434,1211323412324344
1096	1112234123342344	16	1112234123342344,1122341233412434,1213412324123344,1123123241233444,1231231412324434,1212314123243344,1123141232432434,1231412324314234,1213123243142344,1121232431423434,1212314314234234,1123142132342344,1231421323412434,1213213234124344,1122132341243434,1211323412434234
1097	1112234123342434	16	1112234123342434,1122341233414234,1213412324132344,1123123241323444,1231231412234434,1212314122343344,1123141223432434,1231412234314234,1213122343142344,1121223431423434,1212134314234234,1121342132342344,1213421323412434,1123213234124344,1231122341243434,1211223412334344
1098	1112234123344234	16	1112234123344234,1122341233441234,1213412324312344,1123123243123444,1231231421234434,1212314212343344,1123142123432434,1231421234314234,1213212343142344,1122123431423434,1211234314234234,1112342132342344,1123421323412434,1234112234123344,1231122341233444,1211223412334434
1099	1112234123423344	16	1112234123423344,1122341234132434,1213412341223344,1123123412233444,1231234121324434,1212341213243344,1123412132432434,1234121324314234,1231213243142344,1212132431423434,1121324314234234,1213243142341234,1122331423412344,1213214234123434,1122132341234344,1211323412342434
1100	1112234123423434	16	1112234123423434,1122341234134234,1213412341232344,1123123412323444,1231234123124434,1212341231243344,1123412312432434,1234123124314234,1231231243142344,1212312431423434,1123124314234234,1231243142341234,1212331423412344,1123214234123434,1231142341234234,1211323412342344
1101	1112234123432344	16	1112234123432344,1122341234312434,1213412342123344,1123123421233444,1231234112324434,1212341123243344,1123411232432434,1234112324314234,1231123243142344,1211232431423434,1112324314234234,1123243142341234,1231421323412344,1213213234123444,1122132341234434,1211323412344234
1102	1112234123432434	16	1112234123432434,1122341234314234,1213412342132344,1123123421323444,1231234112234434,1212341122343344,1123411223432434,1234112234314234,1231122343142344,1211223431423434,1112234314234234,1122343142341234,1213421323412344,1123213234123444,1231122341234434,1211223412343344
1103	1112234123434234	16	1112234123434234,1122341234341234,1213412342312344,1123123423123444,1231234121234434,1212341212343344,1123412123432434,1234121234314234,1231212343142344,1212123431423434,1121234314234234,1212343142341234,1123421323412344,1234112234123434,1231122341234344,1211223412343434
1104	1112234132234344	16	1112234132234344,1122341321342434,1213412213423344,1123122134233444,1231211342324434,1212113423243344,1121134232432434,1211342324314234,1112323243142344,1123231421423434,1231214213234344,1212132132343444,1121321323424434,1213213234144234,1122132341432344,1211323414223434
1105	1112234132234434	16	1112234132234434,1122341321344234,1213412213432344,1123122134323444,1231211342234434,1212113422343344,1121134223432434,1211342234314234,1112322343142344,1123213421423434,1231124213234344,1211232132343444,1112321323424434,1123213234144234,1231122341432344,1211223413323444
1106	1112234132324344	16	1112234132324344,1122341323142434,1213412231423344,1123122314233444,1231213142324434,1212131423243344,1121314232432434,1213142324314234,1121323243142344,1213231421423434,1122314213234344,1213142132342434,1121321323424344,1213213234142434,1122132341423344,1211323414232434
1107	1112234132324434	16	1112234132324434,1122341323144234,1213412231432344,1123122314323444,1231213142234434,1212131422343344,1121314223432434,1213142234314234,1121322343142344,1213213421423434,1122134213234344,1211342132342434,1112321323424344,1123213234142434,1231122341423344,1211223413233444
1108	1112234132342344	16	1112234132342344,1122341323412434,1213412234123344,1123122341233444,1231213412324434,1212134123243344,1121341232432434,1213412324314234,1123123243142344,1231231421423434,1212314213234344,1123142132342434,1231421323414234,1213213234142344,1122132341423434,1211323414234234
1109	1112234132342434	16	1112234132342434,1122341323414234,1213412234132344,1123122341323444,1231213412234434,1212134122343344,1121341223432434,1213412234314234,1123122343142344,1231213421423434,1212134213234344,1121342132342434,1213421323414234,1123213234142344,1231122341423434,1211223413234344
1110	1112234132344234	16	1112234132344234,1122341323441234,1213412234312344,1123122343123444,1231213421234434,1212134212343344,1121342123432434,1213421234314234,1123212343142344,1231123421423434,1211234213234344,1112342132342434,1123421323414234,1234112234132344,1231122341323444,1211223413234434
1111	1112234132423344	16	1112234132423344,1122341324132434,1213412231324344,1123122313243444,1231213122434434,1212131224343344,1121312243432434,1213122434314234,1121223343142344,1212133421423434,1121324213234344,1213241132342434,1122311323424344,1213112234243434,1121122342334344,1211223413342434
1112	1112234132423434	16	1112234132423434,1122341324134234,1213412231342344,1123122313423444,1231213124234434,1212131242343344,1121312423432434,1213124234314234,1121232343142344,1212313421423434,1123124213234344,1231241132342434,1212311323424344,1123112234243434,1231122341434234,1211223413342344
1113	1112234132432344	16	1112234132432344,1122341324312434,1213412233124344,1123122331243444,1231213212434434,1212132124343344,1121321243432434,1213212434314234,1122123343142344,1211233421423434,1112324213234344,1123241132342434,1231411223423344,1213112234233444,1121122342334434,1211223413344234
1114	1112234132432434	16	1112234132432434,1122341324314234,1213412233142344,1123122331423444,1231213214234434,1212132142343344,1121321423432434,1213214234314234,1122132343142344,1211323421423434,1112234213234344,1122341132342434,1213411223423344,1123112234233444,1231122341324434,1211223413243344
1115	1112234132434234	16	1112234132434234,1122341324341234,1213412233412344,1123122334123444,1231213241234434,1212132412343344,1121324123432434,1213241234314234,1122312343142344,1213123421423434,1121234213234344,1212341132342434,1123411223423344,1234112234132434,1231122341324344,1211223413243434
1116	1112234134223434	16	1112234134223434,1122341342134234,1213412321342344,1123123213423444,1231231124234434,1212311242343344,1123112423432434,1231124234314234,1211232343142344,1112323421423434,1123234114234234,1231241132342344,1212311323423444,1123112234234434,1231122341344234,1211223413432344
1117	1112234134232344	16	1112234134232344,1122341342312434,1213412323124344,1123123231243444,1231231212434434,1212312124343344,1123121243432434,1231212434314234,1212123343142344,1121233421423434,1212334114234234,1123241132342344,1231411223423434,1213112234234344,1121122342343434,1211223413434234
1118	1112234134232434	16	1112234134232434,1122341342314234,1213412323142344,1123123231423444,1231231214234434,1212312142343344,1123121423432434,1231214234314234,1212132343142344,1121323421423434,1213234114234234,1122341132342344,1213411223423434,1123112234234344,1231122341342434,1211223413423344
1119	1112234134234234	16	1112234134234234,1122341342341234,1213412323412344,1123123234123444,1231231241234434,1212312412343344,1123124123432434,1231241234314234,1212312343142344,1123123421423434,1231234114234234,1212341132342344,1123411223423434,1234112234134234,1231122341342344,1211223413423434
1120	1112234212334344	16	1112234212334344,1122341123342434,1213411232423344,1123112324233444,1231123241324434,1211232413243344,1112324132432434,1123241324314234,1231412233142344,1213122331423444,1121223314234434,1212133142344234,1121321423432344,1213214234312434,1122132343124344,1211323421243434
1121	1112234212334434	16	1112234212334434,1122341123344234,1213411232432344,1123112324323444,1231123243124434,1211232431243344,1112324312432434,1123243124314234,1231421233142344,1213212331423444,1122123314234434,1211233142344234,1112321423432344,1123214234312434,1231142342123344,1211323421233444
1122	1112234212343434	16	1112234212343434,1122341123434234,1213411234232344,1123112342323444,1231123423124434,1211234231243344,1112342312432434,1123423124314234,1234121233142344,1231212331423444,1212123314234434,1121233142344234,1212331423441234,1123214234312344,1231142342123434,1211323421234344
1123	1112234213234434	16	1112234213234434,1122341132344234,1213411223432344,1123112234323444,1231122343124434,1211223431243344,1112234312432434,1122343124314234,1213421233142344,1123212331423444,1231123214234434,1211232142343344,1112321423432434,1123214234314234,1231142342132344,1211323421323444
1124	1112234213423344	16	1112234213423344,1122341134232434,1213411232324344,1123112323243444,1231123231424434,1211232314243344,1112323142432434,1123231424314234,1231214233142344,1212132331423444,1121323214234434,1213231142344234,1122311423432344,1213114234223434,1121132342234344,1211323421342434
1125	1112234213423434	16	1112234213423434,1122341134234234,1213411232342344,1123112323423444,1231123234124434,1211232341243344,1112323412432434,1123234124314234,1231241233142344,1212312331423444,1123123214234434,1231231142344234,1212311423432344,1123114234223434,1231142342134234,1211323421342344
1126	1112234213432344	16	1112234213432344,1122341134223434,1213411232234344,1123112322343444,1231123213424434,1211232134243344,1112321342432434,1123213424314234,1231124233142344,1211232331423444,1112323214234434,1123231142344234,1231211423432344,1212113234323444,1121132342234434,1211323421344234
1127	1112234231234344	16	1112234231234344,1122341312342434,1213412123423344,1123121234233444,1231212341324434,1212123413243344,1121234132432434,1212341324314234,1123412233142344,1234121321423434,1231213214234344,1212132142343434,1121321423434234,1213214234341234,1122132343412344,1211323424123434
1128	1112234231234434	16	1112234231234434,1122341312344234,1213412123432344,1123121234323444,1231212343124434,1212123431243344,1121234312432434,1212343124314234,1123421233142344,1234112321423434,1231123214234344,1211232142343434,1112321423434234,1123214234341234,1231142342312344,1211323423123444
1129	1112234231243434	16	1112234231243434,1122341312434234,1213412123342344,1123121233423444,1231212334124434,1212123341243344,1121233412432434,1212334124314234,1123241233142344,1231412321423434,1213123214234344,1121232142343434,1212311423434234,1123114234232344,1231142342312434,1211323423124344
1130	1112234231324344	16	1112234231324344,1122341312243434,1213412122334344,1123121223343444,1231212133424434,1212121334243344,1121213342432434,1212133424314234,1121324233142344,1213241321423434,1122313214234344,1213122142343434,1121221323434344,1212113234342434,1121132342423344,1211323424132434
1131	1112234231342344	16	1112234231342344,1122341312423434,1213412123234344,1123121232343444,1231212313424434,1212123134243344,1121231342432434,1212313424314234,1123124233142344,1231241321423434,1212313214234344,1123122142343434,1231211423434234,1212113234342344,1121132342423434,1211323424134234
1132	1112234231423344	16	1112234231423344,1122341314232434,1213412132324344,1123121323243444,1231213231424434,1212132314243344,1121323142432434,1213231424314234,1122314233142344,1213142321423434,1121323214234344,1213231142342434,1122311423423344,1213114234232434,1121132342324344,1211323423142434
1133	1112234231423434	16	1112234231423434,1122341314234234,1213412132342344,1123121323423444,1231213234124434,1212132341243344,1121323412432434,1213234124314234,1122341233142344,1213412321423434,1123123214234344,1231231142342434,1212311423423344,1123114234232434,1231142342314234,1211323423142344
1134	1112234231432344	16	1112234231432344,1122341314223434,1213412132234344,1123121322343444,1231213213424434,1212132134243344,1121321342432434,1213213424314234,1122134233142344,1211342321423434,1112323214234344,1123231142342434,1231211423423344,1212113234233444,1121132342324434,1211323423144234
1135	1112234233124344	16	1112234233124344,1122341321243434,1213412212334344,1123122123343444,1231211233424434,1212112334243344,1121123342432434,1211233424314234,1112324233142344,1123241321423434,1231412213234344,1213122132343444,1121221323434434,1212113234344234,1121132342432344,1211323424312434
1136	1112234233142344	8	1112234233142344,1122341321423434,1213412213234344,1123122132343444,1231211323424434,1212113234243344,1121132342432434,1211323424314234
1137	1112234233412344	16	1112234233412344,1122341324123434,1213412231234344,1123122312343444,1231213123424434,1212131234243344,1121312342432434,1213123424314234,1121234233142344,1212341321423434,1123412213234344,1234121132342434,1231211323424344,1212113234243434,1121132342434234,1211323424341234
1138	1112234234123344	16	1112234234123344,1122341341232434,1213412312324344,1123123123243444,1231231231424434,1212312314243344,1123123142432434,1231231424314234,1212314233142344,1123142321423434,1231423114234234,1213231142342344,1122311423423434,1213114234234234,1121132342342344,1211323423412434
1139	1112234234123434	16	1112234234123434,1122341341234234,1213412312342344,1123123123423444,1231231234124434,1212312341243344,1123123412432434,1231234124314234,1212341233142344,1123412321423434,1234123114234234,1231231142342344,1212311423423434,1123114234234234,1231142342341234,1211323423412344
1140	1112234234132344	16	1112234234132344,1122341341223434,1213412312234344,1123123122343444,1231231213424434,1212312134243344,1123121342432434,1231213424314234,1212134233142344,1121342321423434,1213423114234234,1123231142342344,1231211423423434,1212113234234344,1121132342342434,1211323423414234
1141	1112234234312344	16	1112234234312344,1122341342123434,1213412321234344,1123123212343444,1231231123424434,1212311234243344,1123112342432434,1231123424314234,1211234233142344,1112342321423434,1123423114234234,1234121132342344,1231211323423444,1212113234234434,1121132342344234,1211323423441234
1142	1112234312324344	16	1112234312324344,1122343123142434,1213421231423344,1123212314233444,1231123142324434,1211231423243344,1112314232432434,1123142324314234,1231423142132344,1213231421323444,1122314213234434,1213142132344234,1121321323442344,1213213234412434,1122132344123344,1211323441232434
1143	1112234312324434	16	1112234312324434,1122343123144234,1213421231432344,1123212314323444,1231123142234434,1211231422343344,1112314223432434,1123142234314234,1231421342132344,1213213421323444,1122134213234434,1211342132344234,1112321323442344,1123213234412434,1231122344123344,1211223431233444
1144	1112234312342344	16	1112234312342344,1122343123412434,1213421234123344,1123212341233444,1231123412324434,1211234123243344,1112341232432434,1123412324314234,1234123142132344,1231231421323444,1212314213234434,1123142132344234,1231421323441234,1213213234412344,1122132344123434,1211323441234234
1145	1112234312342434	16	1112234312342434,1122343123414234,1213421234132344,1123212341323444,1231123412234434,1211234122343344,1112341223432434,1123412234314234,1234121342132344,1231213421323444,1212134213234434,1121342132344234,1213421323441234,1123213234412344,1231122344123434,1211223431234344
1146	1112234312344234	16	1112234312344234,1122343123441234,1213421234312344,1123212343123444,1231123421234434,1211234212343344,1112342123432434,1123421234314234,1234112342132344,1231123421323444,1211234213234434,1112342132344234,1123421323441234,1234112234312344,1231122343123444,1211223431234434
1147	1112234312423344	16	1112234312423344,1122343124132434,1213421231324344,1123212313243444,1231123122434434,1211231224343344,1112312243432434,1123122434314234,1231214342132344,1212133421323444,1121324213234434,1213241132344234,1122311323442344,1213112234423434,1121122343234344,1211223431342434
1148	1112234312423434	16	1112234312423434,1122343124134234,1213421231342344,1123212313423444,1231123124234434,1211231242343344,1112312423432434,1123124234314234,1231241342132344,1212313421323444,1123124213234434,1231241132344234,1212311323442344,1123112234423434,1231122344134234,1211223431342344
1149	1112234312432344	16	1112234312432344,1122343124312434,1213421233124344,1123212331243444,1231123212434434,1211232124343344,1112321243432434,1123212434314234,1231124342132344,1211233421323444,1112324213234434,1123241132344234,1231411223432344,1213112234323444,1121122343234434,1211223431344234
1150	1112234312434234	16	1112234312434234,1122343124341234,1213421233412344,1123212334123444,1231123241234434,1211232412343344,1112324123432434,1123241234314234,1231412342132344,1213123421323444,1121234213234434,1212341132344234,1123411223432344,1234112234312434,1231122343124344,1211223431243434
1151	1112234323412344	16	1112234323412344,1122343124123434,1213421231234344,1123212312343444,1231123123424434,1211231234243344,1112312342432434,1123123424314234,1231234142132344,1212341321323444,1123412213234434,1234121132344234,1231211323442344,1212113234423434,1121132344234234,1211323442341234
1152	1112234341223344	16	1112234341223344,1122343412132434,1213423121324344,1123231213243444,1231212132434434,1212121324343344,1121213243432434,1212132434314234,1121324342132344,1213243411223434,1122334112234344,1213241122343434,1122311223434344,1213112234342434,1121122343423344,1211223434132434
1153	1112234341223434	16	1112234341223434,1122343412134234,1213423121342344,1123231213423444,1231212134234434,1212121342343344,1121213423432434,1212134234314234,1121342342132344,1213423411223434,1123234112234344,1231241122343434,1212311223434344,1123112234342434,1231122343414234,1211223434132344
1154	1112234341232344	16	1112234341232344,1122343412312434,1213423123124344,1123231231243444,1231212312434434,1212123124343344,1121231243432434,1212312434314234,1123124342132344,1231243411223434,1212334112234344,1123241122343434,1231411223434234,1213112234342344,1121122343423434,1211223434134234
1155	1112234341232434	16	1112234341232434,1122343412314234,1213423123142344,1123231231423444,1231212314234434,1212123142343344,1121231423432434,1212314234314234,1123142342132344,1231423411223434,1213234112234344,1122341122343434,1213411223434234,1123112234342344,1231122343412434,1211223434123344
1156	1112234341234234	16	1112234341234234,1122343412341234,1213423123412344,1123231234123444,1231212341234434,1212123412343344,1121234123432434,1212341234314234,1123412342132344,1234123411223434,1231234112234344,1212341122343434,1123411223434234,1234112234341234,1231122343412344,1211223434123434
1157	1112234342123344	16	1112234342123344,1122343411232434,1213423112324344,1123231123243444,1231211232434434,1212112324343344,1121123243432434,1211232434314234,1112324342132344,1123243411223434,1231423112234344,1213231122343444,1122311223434434,1213112234344234,1121122343432344,1211223434312434
1158	1112234342123434	16	1112234342123434,1122343411234234,1213423112342344,1123231123423444,1231211234234434,1212112342343344,1121123423432434,1211234234314234,1112342342132344,1123423411223434,1234123112234344,1231231122343444,1212311223434434,1123112234344234,1231122343441234,1211223434312344
1159	1112234342132344	8	1112234342132344,1122343411223434,1213423112234344,1123231122343444,1231211223434434,1212112234343344,1121122343432434,1211223434314234
1160	1112234342312344	16	1112234342312344,1122343412123434,1213423121234344,1123231212343444,1231212123434434,1212121234343344,1121212343432434,1212123434314234,1121234342132344,1212343411223434,1123423112234344,1234121122343434,1231211223434344,1212112234343434,1121122343434234,1211223434341234
1161	1112312223434344	16	1112312223434344,1123122134342434,1231211342423344,1212113423233444,1121134232324434,1211342323144234,1112323231442344,1123231214423434,1231212143234344,1212121332343444,1121213323424434,1212133234144234,1121322341432344,1213213414223434,1122134132234344,1211341222343434
1162	1112312223434434	16	1112312223434434,1123122134344234,1231211342432344,1212113423323444,1121134232234434,1211342321344234,1112323213442344,1123231124423434,1231211243234344,1212112332343444,1121123323424434,1211233234144234,1112322341432344,1123213414223434,1231124132234344,1211231322343444
1163	1112312232434344	16	1112312232434344,1123122314342434,1231213142423344,1212131423233444,1121314232324434,1213142323144234,1121323231442344,1213231214423434,1122312143234344,1213121432342434,1121213323424344,1212133234142434,1121322341423344,1213213414232434,1122134132324344,1211341223243434
1164	1112312232434434	16	1112312232434434,1123122314344234,1231213142432344,1212131423323444,1121314232234434,1213142321344234,1121323213442344,1213231124423434,1122311243234344,1213112432342434,1121123323424344,1211233234142434,1112322341423344,1123213414232434,1231124132324344,1211231323243444
1165	1112312233424344	16	1112312233424344,1123122334142434,1231213241423344,1212132413233444,1121324132324434,1213241323144234,1122313231442344,1213122314423434,1121223143234344,1212131432342434,1121314223423344,1213142234132434,1121322341324344,1213213412243434,1122134122334344,1211341223342434
1166	1112312233424434	16	1112312233424434,1123122334144234,1231213241432344,1212132413323444,1121324132234434,1213241321344234,1122313213442344,1213122134423434,1121221343234344,1212113432342434,1121134223423344,1211342234132434,1112322341324344,1123213412243434,1231124122334344,1211231223343444
1167	1112312233442344	16	1112312233442344,1123122334412434,1231213244123344,1212132431233444,1121324312324434,1213243123144234,1122331231442344,1213212314423434,1122123143234344,1211231432342434,1112314223423344,1123142234132434,1231421341223344,1213213412233444,1122134122334434,1211341223344234
1168	1112312234234344	16	1112312234234344,1123122341342434,1231213412423344,1212134123233444,1121341232324434,1213412323144234,1123123231442344,1231231214423434,1212312143234344,1123121432342434,1231214323414234,1212133234142344,1121322341423434,1213213414234234,1122134132342344,1211341223423434
1169	1112312234234434	16	1112312234234434,1123122341344234,1231213412432344,1212134123323444,1121341232234434,1213412321344234,1123123213442344,1231231124423434,1212311243234344,1123112432342434,1231124323414234,1211233234142344,1112322341423434,1123213414234234,1231124132342344,1211231323423444
1170	1112312234243434	16	1112312234243434,1123122341434234,1231213414232344,1212134132323444,1121341223234434,1213412231344234,1123122313442344,1231213124423434,1212131243234344,1121312432342434,1213124323414234,1121233234142344,1212331241423434,1123212413234344,1231124132342434,1211231323424344
1171	1112312234342344	16	1112312234342344,1123122343412434,1231213424123344,1212134231233444,1121342312324434,1213423123144234,1123231231442344,1231212314423434,1212123143234344,1121231432342434,1212314323414234,1123142234132344,1231421341223434,1213213412234344,1122134122343434,1211341223434234
1172	1112312234342434	16	1112312234342434,1123122343414234,1231213424132344,1212134231323444,1121342312234434,1213423121344234,1123231213442344,1231212134423434,1212121343234344,1121213432342434,1212134323414234,1121342234132344,1213421341223434,1123213412234344,1231124122343434,1211231223434344
1173	1112312234344234	16	1112312234344234,1123122343441234,1231213424312344,1212134233123444,1121342321234434,1213423112344234,1123231123442344,1231211234423434,1212112343234344,1121123432342434,1211234323414234,1112342234132344,1123421341223434,1234112312234344,1231123122343444,1211231223434434
1174	1112312234423434	16	1112312234423434,1123122344134234,1231213441232344,1212134312323444,1121342123234434,1213421231344234,1123212313442344,1231123124423434,1211231243234344,1112312432342434,1123124323414234,1231243124132344,1212331241323444,1123212413234434,1231124132344234,1211231323442344
1175	1112312242334344	16	1112312242334344,1123122413342434,1231214132423344,1212131324233444,1121312242334434,1213122413344234,1121223133442344,1212131324423434,1121312243234344,1213122431342434,1121223313424344,1212133124243434,1121321242334344,1213212413342434,1122123133424344,1211231324243434
1176	1112312242334434	16	1112312242334434,1123122413344234,1231214132432344,1212131324323444,1121312243234434,1213122431344234,1121223313442344,1212133124423434,1121321243234344,1213212431342434,1122123313424344,1211233124243434,1112321242334344,1123212413342434,1231124132423344,1211231324233444
1177	1112312242343434	16	1112312242343434,1123122413434234,1231214134232344,1212131342323444,1121312423234434,1213124231344234,1121232313442344,1212313124423434,1123121243234344,1231212431342434,1212123313424344,1121233124243434,1212331241434234,1123212413342344,1231124132423434,1211231324234344
1178	1112312243234344	8	1112312243234344,1123122431342434,1231214312423344,1212133124233444,1121321242334434,1213212413344234,1122123133442344,1211231324423434
1179	1112312243234434	16	1112312243234434,1123122431344234,1231214312432344,1212133124323444,1121321243234434,1213212431344234,1122123313442344,1211233124423434,1112321243234344,1123212431342434,1231124312423344,1211233124233444,1112321242334434,1123212413344234,1231124132432344,1211231324323444
1180	1112312243423344	16	1112312243423344,1123122434132434,1231214341223344,1212133412233444,1121324122334434,1213241213344234,1122312133442344,1213121324423434,1121213243234344,1212132431342434,1121324312423344,1213243124132434,1122331241324344,1213212413243434,1122123132434344,1211231324342434
1181	1112312243423434	16	1112312243423434,1123122434134234,1231214341232344,1212133412323444,1121324123234434,1213241231344234,1122312313442344,1213123124423434,1121231243234344,1212312431342434,1123124312423344,1231243124132434,1212331241324344,1123212413243434,1231124132434234,1211231324342344
1182	1112312243432344	16	1112312243432344,1123122434312434,1231214342123344,1212133421233444,1121324212334434,1213241123344234,1122311233442344,1213112324423434,1121123243234344,1211232431342434,1112324312423344,1123243124132434,1231421231324344,1213212313243444,1122123132434434,1211231324344234
1183	1112312243434234	16	1112312243434234,1123122434341234,1231214342312344,1212133423123444,1121324231234434,1213241312344234,1122313123442344,1213121234423434,1121212343234344,1212123431342434,1121234312423344,1212343124132434,1123421231324344,1234112312243434,1231123122434344,1211231224343434
1184	1112312323424344	16	1112312323424344,1123123234142434,1231231241423344,1212312413233444,1123124132324434,1231241323144234,1212313231442344,1123122314423434,1231213144234234,1212131432342344,1121314223423434,1213142234134234,1121322341342344,1213213412423434,1122134123234344,1211341232342434
1185	1112312323424434	16	1112312323424434,1123123234144234,1231231241432344,1212312413323444,1123124132234434,1231241321344234,1212313213442344,1123122134423434,1231211344234234,1212113432342344,1121134223423434,1211342234134234,1112322341342344,1123213412423434,1231124123234344,1211231232343444
1186	1112312323442344	16	1112312323442344,1123123234412434,1231231244123344,1212312431233444,1123124312324434,1231243123144234,1212331231442344,1123212314423434,1231123144234234,1211231432342344,1112314223423434,1123142234134234,1231421341232344,1213213412323444,1122134123234434,1211341232344234
1187	1112312324234344	16	1112312324234344,1123123241342434,1231231412423344,1212314123233444,1123141232324434,1231412323144234,1213123231442344,1121232314423434,1212313144234234,1123121432342344,1231214323412434,1212133234124344,1121322341243434,1213213412434234,1122134123342344,1211341232423434
1188	1112312324234434	16	1112312324234434,1123123241344234,1231231412432344,1212314123323444,1123141232234434,1231412321344234,1213123213442344,1121232134423434,1212311344234234,1123112432342344,1231124323412434,1211233234124344,1112322341243434,1123213412434234,1231124123342344,1211231233423444
1189	1112312324243434	16	1112312324243434,1123123241434234,1231231414232344,1212314132323444,1123141223234434,1231412231344234,1213122313442344,1121223134423434,1212131344234234,1121312432342344,1213124323412434,1121233234124344,1212331241243434,1123212412334344,1231124123342434,1211231233424344
1190	1112312324342344	16	1112312324342344,1123123243412434,1231231424123344,1212314231233444,1123142312324434,1231423123144234,1213231231442344,1122312314423434,1213123144234234,1121231432342344,1212314323412434,1123142234123344,1231421341232434,1213213412324344,1122134123243434,1211341232434234
1191	1112312324342434	16	1112312324342434,1123123243414234,1231231424132344,1212314231323444,1123142312234434,1231423121344234,1213231213442344,1122312134423434,1213121344234234,1121213432342344,1212134323412434,1121342234123344,1213421341232434,1123213412324344,1231124123243434,1211231232434344
1192	1112312324344234	16	1112312324344234,1123123243441234,1231231424312344,1212314233123444,1123142321234434,1231423112344234,1213231123442344,1122311234423434,1213112344234234,1121123432342344,1211234323412434,1112342234123344,1123421341232434,1234112312324344,1231123123243444,1211231232434434
1193	1112312324423434	16	1112312324423434,1123123244134234,1231231441232344,1212314312323444,1123142123234434,1231421231344234,1213212313442344,1122123134423434,1211231344234234,1112312432342344,1123124323412434,1231243124123344,1212331241233444,1123212412334434,1231124123344234,1211231233442344
1194	1112312342234344	16	1112312342234344,1123123421342434,1231234112423344,1212341123233444,1123411232324434,1234112323144234,1231123231442344,1211232314423434,1112323144234234,1123231442341234,1231214323412344,1212133234123444,1121322341234434,1213213412344234,1122134123432344,1211341234223434
1195	1112312342234434	16	1112312342234434,1123123421344234,1231234112432344,1212341123323444,1123411232234434,1234112321344234,1231123213442344,1211232134423434,1112321344234234,1123213442341234,1231124323412344,1211233234123444,1112322341234434,1123213412344234,1231124123432344,1211231234323444
1196	1112312342324344	16	1112312342324344,1123123423142434,1231234121423344,1212341213233444,1123412132324434,1234121323144234,1231213231442344,1212132314423434,1121323144234234,1213231442341234,1122314323412344,1213142234123434,1121322341234344,1213213412342434,1122134123423344,1211341234232434
1197	1112312342324434	16	1112312342324434,1123123423144234,1231234121432344,1212341213323444,1123412132234434,1234121321344234,1231213213442344,1212132134423434,1121321344234234,1213213442341234,1122134323412344,1211342234123434,1112322341234344,1123213412342434,1231124123423344,1211231234233444
1198	1112312342342344	16	1112312342342344,1123123423412434,1231234124123344,1212341231233444,1123412312324434,1234123123144234,1231231231442344,1212312314423434,1123123144234234,1231231442341234,1212314323412344,1123142234123434,1231421341234234,1213213412342344,1122134123423434,1211341234234234
1199	1112312342342434	16	1112312342342434,1123123423414234,1231234124132344,1212341231323444,1123412312234434,1234123121344234,1231231213442344,1212312134423434,1123121344234234,1231213442341234,1212134323412344,1121342234123434,1213421341234234,1123213412342344,1231124123423434,1211231234234344
1200	1112312342344234	16	1112312342344234,1123123423441234,1231234124312344,1212341233123444,1123412321234434,1234123112344234,1231231123442344,1212311234423434,1123112344234234,1231123442341234,1211234323412344,1112342234123434,1123421341234234,1234112312342344,1231123123423444,1211231234234434
1201	1112312342423344	16	1112312342423344,1123123424132434,1231234141223344,1212341312233444,1123412122334434,1234121213344234,1231212133442344,1212121334423434,1121213344234234,1212133442341234,1121324323412344,1213243124123434,1122331241234344,1213212412343434,1122123123434344,1211231234342434
1202	1112312342423434	16	1112312342423434,1123123424134234,1231234141232344,1212341312323444,1123412123234434,1234121231344234,1231212313442344,1212123134423434,1121231344234234,1212313442341234,1123124323412344,1231243124123434,1212331241234344,1123212412343434,1231124123434234,1211231234342344
1203	1112312342432344	16	1112312342432344,1123123424312434,1231234142123344,1212341321233444,1123412212334434,1234121123344234,1231211233442344,1212112334423434,1121123344234234,1211233442341234,1112324323412344,1123243124123434,1231421231234344,1213212312343444,1122123123434434,1211231234344234
1204	1112312342434234	16	1112312342434234,1123123424341234,1231234142312344,1212341323123444,1123412231234434,1234121312344234,1231213123442344,1212131234423434,1121312344234234,1213123442341234,1121234323412344,1212343124123434,1123421231234344,1234112312342434,1231123123424344,1211231234243434
1205	1112312344234234	8	1112312344234234,1123123442341234,1231234412312344,1212343123123444,1123421231234434,1234112312344234,1231123123442344,1211231234423434
1206	1112312422343434	16	1112312422343434,1123124213434234,1231241134232344,1212311342323444,1123112423234434,1231124231344234,1211232313442344,1112323124423434,1123231244134234,1231212431342344,1212123313423444,1121233124234434,1212331241344234,1123212413432344,1231124134223434,1211231342234344
1207	1112312423234344	16	1112312423234344,1123124231342434,1231241312423344,1212313124233444,1123121242334434,1231212413344234,1212123133442344,1121231324423434,1212313244134234,1123122431342344,1231214312423434,1212133124234344,1121321242343434,1213212413434234,1122123134342344,1211231342423434
1208	1112312423234434	16	1112312423234434,1123124231344234,1231241312432344,1212313124323444,1123121243234434,1231212431344234,1212123313442344,1121233124423434,1212331244134234,1123212431342344,1231124312423434,1211233124234344,1112321242343434,1123212413434234,1231124134232344,1211231342323444
1209	1112312423243434	16	1112312423243434,1123124231434234,1231241314232344,1212313142323444,1123121423234434,1231214231344234,1212132313442344,1121323124423434,1213231244134234,1122312431342344,1213124312423434,1121233124234344,1212331241342434,1123212413423344,1231124134232434,1211231342324344
1210	1112312423342344	16	1112312423342344,1123124233412434,1231241324123344,1212313241233444,1123122412334434,1231214123344234,1212131233442344,1121312324423434,1213123244134234,1121232431342344,1212314312423434,1123142123234344,1231421231342434,1213212313424344,1122123134243434,1211231342434234
1211	1112312423342434	16	1112312423342434,1123124233414234,1231241324132344,1212313241323444,1123122413234434,1231214132344234,1212131323442344,1121312234423434,1213122344134234,1121223431342344,1212134312423434,1121342123234344,1213421231342434,1123212313424344,1231123124243434,1211231242334344
1212	1112312423344234	16	1112312423344234,1123124233441234,1231241324312344,1212313243123444,1123122431234434,1231214312344234,1212133123442344,1121321234423434,1213212344134234,1122123431342344,1211234312423434,1112342123234344,1123421231342434,1234112312423344,1231123124233444,1211231242334434
1213	1112312423423344	16	1112312423423344,1123124234132434,1231241341223344,1212313412233444,1123124122334434,1231241213344234,1212312133442344,1123121324423434,1231213244134234,1212132431342344,1121324312423434,1213243124134234,1122331241342344,1213212413423434,1122123134234344,1211231342342434
1214	1112312423423434	16	1112312423423434,1123124234134234,1231241341232344,1212313412323444,1123124123234434,1231241231344234,1212312313442344,1123123124423434,1231231244134234,1212312431342344,1123124312423434,1231243124134234,1212331241342344,1123212413423434,1231124134234234,1211231342342344
1215	1112312423432344	16	1112312423432344,1123124234312434,1231241342123344,1212313421233444,1123124212334434,1231241123344234,1212311233442344,1123112324423434,1231123244134234,1211232431342344,1112324312423434,1123243124134234,1231421231342344,1213212313423444,1122123134234434,1211231342344234
1216	1112312423434234	16	1112312423434234,1123124234341234,1231241342312344,1212313423123444,1123124231234434,1231241312344234,1212313123442344,1123121234423434,1231212344134234,1212123431342344,1121234312423434,1212343124134234,1123421231342344,1234112312423434,1231123124234344,1211231242343434
1217	1112312432344234	16	1112312432344234,1123124323441234,1231243124312344,1212331243123444,1123212431234434,1231124312344234,1211233123442344,1112321234423434,1123212344134234,1231123441232344,1211234312323444,1112342123234434,1123421231344234,1234112312432344,1231123124323444,1211231243234434
1218	1112312434223434	16	1112312434223434,1123124342134234,1231243411232344,1212334112323444,1123241123234434,1231411232344234,1213112323442344,1121123234423434,1211232344134234,1112323441232344,1123234412312434,1231243123124344,1212331231243444,1123212312434434,1231123124344234,1211231243432344
1219	1112312434232344	16	1112312434232344,1123124342312434,1231243412123344,1212334121233444,1123241212334434,1231412123344234,1213121233442344,1121212334423434,1212123344134234,1121233441232344,1212334412312434,1123243123124344,1231421231243434,1213212312434344,1122123124343434,1211231243434234
1220	1112312434232434	16	1112312434232434,1123124342314234,1231243412132344,1212334121323444,1123241213234434,1231412132344234,1213121323442344,1121213234423434,1212132344134234,1121323441232344,1213234412312434,1122343123124344,1213421231243434,1123212312434344,1231123124342434,1211231243423344
1221	1112312434234234	16	1112312434234234,1123124342341234,1231243412312344,1212334123123444,1123241231234434,1231412312344234,1213123123442344,1121231234423434,1212312344134234,1123123441232344,1231234412312434,1212343123124344,1123421231243434,1234112312434234,1231123124342344,1211231243423434
1222	1112314223432344	16	1112314223432344,1123142234312434,1231421342123344,1213213421233444,1122134212334434,1211342123344234,1112321233442344,1123212334412434,1231123244123344,1211232431233444,1112324312324434,1123243123144234,1231421231432344,1213212314323444,1122123143234434,1211231432344234
1223	1112314223434234	16	1112314223434234,1123142234341234,1231421342312344,1213213423123444,1122134231234434,1211342312344234,1112323123442344,1123231234412434,1231212344123344,1212123431233444,1121234312324434,1212343123144234,1123421231432344,1234112314223434,1231123142234344,1211231422343434
1224	1112314232234344	16	1112314232234344,1123142321342434,1231423112423344,1213231124233444,1122311242334434,1213112423344234,1121123233442344,1211232334412434,1112323244123344,1123231441232434,1231214312324344,1212133123243444,1121321232434434,1213212314344234,1122123143432344,1211231434223434
1225	1112314232234434	16	1112314232234434,1123142321344234,1231423112432344,1213231124323444,1122311243234434,1213112432344234,1121123323442344,1211233234412434,1112322344123344,1123213441232434,1231124312324344,1211233123243444,1112321232434434,1123212314344234,1231123142432344,1211231423323444
1226	1112314232324344	16	1112314232324344,1123142323142434,1231423121423344,1213231214233444,1122312142334434,1213121423344234,1121213233442344,1212132334412434,1121323244123344,1213231441232434,1122314312324344,1213142123243434,1121321232434344,1213212314342434,1122123143423344,1211231434232434
1227	1112314232324434	16	1112314232324434,1123142323144234,1231423121432344,1213231214323444,1122312143234434,1213121432344234,1121213323442344,1212133234412434,1121322344123344,1213213441232434,1122134312324344,1211342123243434,1112321232434344,1123212314342434,1231123142423344,1211231423233444
1228	1112314232342344	16	1112314232342344,1123142323412434,1231423124123344,1213231241233444,1122312412334434,1213124123344234,1121231233442344,1212312334412434,1123123244123344,1231231441232434,1212314312324344,1123142123243434,1231421231434234,1213212314342344,1122123143423434,1211231434234234
1229	1112314232342434	16	1112314232342434,1123142323414234,1231423124132344,1213231241323444,1122312413234434,1213124132344234,1121231323442344,1212313234412434,1123122344123344,1231213441232434,1212134312324344,1121342123243434,1213421231434234,1123212314342344,1231123142423434,1211231423234344
1230	1112314232344234	16	1112314232344234,1123142323441234,1231423124312344,1213231243123444,1122312431234434,1213124312344234,1121233123442344,1212331234412434,1123212344123344,1231123441232434,1211234312324344,1112342123243434,1123421231434234,1234112314232344,1231123142323444,1211231423234434
1231	1112314232423344	16	1112314232423344,1123142324132434,1231423141223344,1213231412233444,1122314122334434,1213141223344234,1121312233442344,1213122334412434,1121223344123344,1212133441232434,1121324312324344,1213243123142434,1122331231424344,1213212314243434,1122123142334344,1211231423342434
1232	1112314232423434	16	1112314232423434,1123142324134234,1231423141232344,1213231412323444,1122314123234434,1213141232344234,1121312323442344,1213123234412434,1121232344123344,1212313441232434,1123124312324344,1231243123142434,1212331231424344,1123212314243434,1231123142434234,1211231423342344
1233	1112314232432344	16	1112314232432344,1123142324312434,1231423142123344,1213231421233444,1122314212334434,1213142123344234,1121321233442344,1213212334412434,1122123344123344,1211233441232434,1112324312324344,1123243123142434,1231421231423344,1213212314233444,1122123142334434,1211231423344234
1234	1112314232434234	16	1112314232434234,1123142324341234,1231423142312344,1213231423123444,1122314231234434,1213142312344234,1121323123442344,1213231234412434,1122312344123344,1213123441232434,1121234312324344,1212343123142434,1123421231423344,1234112314232434,1231123142324344,1211231423243434
1235	1112314234223434	16	1112314234223434,1123142342134234,1231423411232344,1213234112323444,1122341123234434,1213411232344234,1123112323442344,1231123234412434,1211232344123344,1112323441232434,1123234412314234,1231243123142344,1212331231423444,1123212314234434,1231123142344234,1211231423432344
1236	1112314234232344	16	1112314234232344,1123142342312434,1231423412123344,1213234121233444,1122341212334434,1213412123344234,1123121233442344,1231212334412434,1212123344123344,1121233441232434,1212334412314234,1123243123142344,1231421231423434,1213212314234344,1122123142343434,1211231423434234
1237	1112314234232434	16	1112314234232434,1123142342314234,1231423412132344,1213234121323444,1122341213234434,1213412132344234,1123121323442344,1231213234412434,1212132344123344,1121323441232434,1213234412314234,1122343123142344,1213421231423434,1123212314234344,1231123142342434,1211231423423344
1238	1112314234234234	16	1112314234234234,1123142342341234,1231423412312344,1213234123123444,1122341231234434,1213412312344234,1123123123442344,1231231234412434,1212312344123344,1123123441232434,1231234412314234,1212343123142344,1123421231423434,1234112314234234,1231123142342344,1211231423423434
1239	1112321233424344	16	1112321233424344,1123212334142434,1231123241423344,1211232413233444,1112324132324434,1123241323144234,1231412231432344,1213122314323444,1121223143234434,1212131432344234,1121314223432344,1213142234312434,1121322343124344,1213213421243434,1122134212334344,1211342123342434
1240	1112321233424434	16	1112321233424434,1123212334144234,1231123241432344,1211232413323444,1112324132234434,1123241321344234,1231412213432344,1213122134323444,1121221343234434,1212113432344234,1121134223432344,1211342234312434,1112322343124344,1123213421243434,1231124212334344,1211232123343444
1241	1112321234234344	16	1112321234234344,1123212341342434,1231123412423344,1211234123233444,1112341232324434,1123412323144234,1234123121432344,1231231214323444,1212312143234434,1123121432344234,1231214323441234,1212133234412344,1121322344123434,1213213441234234,1122134312342344,1211342123423434
1242	1112321234234434	16	1112321234234434,1123212341344234,1231123412432344,1211234123323444,1112341232234434,1123412321344234,1234123112432344,1231231124323444,1212311243234434,1123112432344234,1231124323441234,1211233234412344,1112322344123434,1123213441234234,1231124312342344,1211233123423444
1243	1112321234243434	16	1112321234243434,1123212341434234,1231123414232344,1211234132323444,1112341223234434,1123412231344234,1234121312432344,1231213124323444,1212131243234434,1121312432344234,1213124323441234,1121233234412344,1212331244123434,1123212431234344,1231124312342434,1211233123424344
1244	1112321234342344	16	1112321234342344,1123212343412434,1231123424123344,1211234231233444,1112342312324434,1123423123144234,1234121231432344,1231212314323444,1212123143234434,1121231432344234,1212314323441234,1123142234312344,1231421342123434,1213213421234344,1122134212343434,1211342123434234
1245	1112321234342434	16	1112321234342434,1123212343414234,1231123424132344,1211234231323444,1112342312234434,1123423121344234,1234121213432344,1231212134323444,1212121343234434,1121213432344234,1212134323441234,1121342234312344,1213421342123434,1123213421234344,1231124212343434,1211232123434344
1246	1112321234344234	16	1112321234344234,1123212343441234,1231123424312344,1211234233123444,1112342321234434,1123423112344234,1234121123432344,1231211234323444,1212112343234434,1121123432344234,1211234323441234,1112342234312344,1123421342123434,1234112321234344,1231123212343444,1211232123434434
1247	1112321243234434	4	1112321243234434,1123212431344234,1231124312432344,1211233124323444
1248	1112321243423344	16	1112321243423344,1123212434132434,1231124341223344,1211233412233444,1112324122334434,1123241213344234,1231412132432344,1213121324323444,1121213243234434,1212132431344234,1121324312432344,1213243124312434,1122331243124344,1213212431243434,1122123312434344,1211233124342434
1249	1112321243423434	16	1112321243423434,1123212434134234,1231124341232344,1211233412323444,1112324123234434,1123241231344234,1231412312432344,1213123124323444,1121231243234434,1212312431344234,1123124312432344,1231243124312434,1212331243124344,1123212431243434,1231124312434234,1211233124342344
1250	1112321243432344	16	1112321243432344,1123212434312434,1231124342123344,1211233421233444,1112324212334434,1123241123344234,1231411232432344,1213112324323444,1121123243234434,1211232431344234,1112324312432344,1123243124312434,1231421233124344,1213212331243444,1122123312434434,1211233124344234
1251	1112321243434234	16	1112321243434234,1123212434341234,1231124342312344,1211233423123444,1112324231234434,1123241312344234,1231412123432344,1213121234323444,1121212343234434,1212123431344234,1121234312432344,1212343124312434,1123421233124344,1234112321243434,1231123212434344,1211232124343434
1252	1112321342234344	16	1112321342234344,1123213421342434,1231124213423344,1211232134233444,1112321342324434,1123213423144234,1231124231432344,1211232314323444,1112323142234434,1123231421344234,1231214213432344,1212132134323444,1121321342234434,1213213421344234,1122134213432344,1211342134223434
1253	1112321342234434	4	1112321342234434,1123213421344234,1231124213432344,1211232134323444
1254	1112321342324344	16	1112321342324344,1123213423142434,1231124231423344,1211232314233444,1112323142324434,1123231423144234,1231214231432344,1212132314323444,1121323142234434,1213231421344234,1122314213432344,1213142134223434,1121321342234344,1213213421342434,1122134213423344,1211342134232434
1255	1112321342342344	16	1112321342342344,1123213423412434,1231124234123344,1211232341233444,1112323412324434,1123234123144234,1231241231432344,1212312314323444,1123123142234434,1231231421344234,1212314213432344,1123142134223434,1231421342134234,1213213421342344,1122134213423434,1211342134234234
1256	1112321342342434	16	1112321342342434,1123213423414234,1231124234132344,1211232341323444,1112323412234434,1123234121344234,1231241213432344,1212312134323444,1123121342234434,1231213421344234,1212134213432344,1121342134223434,1213421342134234,1123213421342344,1231124213423434,1211232134234344
1257	1112321342344234	16	1112321342344234,1123213423441234,1231124234312344,1211232343123444,1112323421234434,1123234112344234,1231241123432344,1212311234323444,1123112342234434,1231123421344234,1211234213432344,1112342134223434,1123421342134234,1234112321342344,1231123213423444,1211232134234434
1258	1112321342423344	16	1112321342423344,1123213424132434,1231124231324344,1211232313243444,1112323122434434,1123231214344234,1231212143432344,1212121334323444,1121213342234434,1212133421344234,1121324213432344,1213241134223434,1122311342234344,1213112422343434,1121123223434344,1211232134342434
1259	1112321342423434	16	1112321342423434,1123213424134234,1231124231342344,1211232313423444,1112323124234434,1123231241344234,1231212413432344,1212123134323444,1121231342234434,1212313421344234,1123124213432344,1231241134223434,1212311342234344,1123112422343434,1231124213434234,1211232134342344
1260	1112321342432344	16	1112321342432344,1123213424312434,1231124233124344,1211232331243444,1112323212434434,1123231124344234,1231211243432344,1212112334323444,1121123342234434,1211233421344234,1112324213432344,1123241134223434,1231411232234344,1213112322343444,1121123223434434,1211232134344234
1261	1112321342434234	16	1112321342434234,1123213424341234,1231124233412344,1211232334123444,1112323241234434,1123231412344234,1231214123432344,1212131234323444,1121312342234434,1213123421344234,1121234213432344,1212341134223434,1123411232234344,1234112321342434,1231123213424344,1211232134243434
1262	1112322343412344	16	1112322343412344,1123213424123434,1231124231234344,1211232312343444,1112323123424434,1123231234144234,1231212341432344,1212123413323444,1121234132234434,1212341321344234,1123412213432344,1234121134223434,1231211342234344,1212113422343434,1121134223434234,1211342234341234
1263	1112323122434344	16	1112323122434344,1123231214342434,1231212143423344,1212121334233444,1121213342324434,1212133423144234,1121324231432344,1213241314223434,1122313142234344,1213121422343434,1121213223434344,1212132134342434,1121321342423344,1213213424132434,1122134231324344,1211342312243434
1264	1112323123424344	16	1112323123424344,1123231234142434,1231212341423344,1212123413233444,1121234132324434,1212341323144234,1123412231432344,1234121314223434,1231213142234344,1212131422343434,1121314223434234,1213142234341234,1121322343412344,1213213424123434,1122134231234344,1211342312342434
1265	1112323124234344	16	1112323124234344,1123231241342434,1231212413423344,1212123134233444,1121231342324434,1212313423144234,1123124231432344,1231241314223434,1212313142234344,1123121422343434,1231214213434234,1212132134342344,1121321342423434,1213213424134234,1122134231342344,1211342312423434
1266	1112323124243434	16	1112323124243434,1123231241434234,1231212413342344,1212123133423444,1121231324234434,1212313241344234,1123122413432344,1231214134223434,1212131342234344,1121312422343434,1213124213434234,1121232134342344,1212311342423434,1123112423234344,1231124231342434,1211232313424344
1267	1112323124342344	16	1112323124342344,1123231243412434,1231212434123344,1212123341233444,1121233412324434,1212334123144234,1123241231432344,1231412314223434,1213123142234344,1121231422343434,1212314213434234,1123142134232344,1231421342312434,1213213423124344,1122134231243434,1211342312434234
1268	1112323124342434	16	1112323124342434,1123231243414234,1231212434132344,1212123341323444,1121233412234434,1212334121344234,1123241213432344,1231412134223434,1213121342234344,1121213422343434,1212134213434234,1121342134232344,1213421342312434,1123213423124344,1231124231243434,1211232312434344
1269	1112323124344234	16	1112323124344234,1123231243441234,1231212434312344,1212123343123444,1121233421234434,1212334112344234,1123241123432344,1231411234223434,1213112342234344,1121123422343434,1211234213434234,1112342134232344,1123421342312434,1234112323124344,1231123231243444,1211232312434434
1270	1112323142234344	8	1112323142234344,1123231421342434,1231214213423344,1212132134233444,1121321342324434,1213213423144234,1122134231432344,1211342314223434
1271	1112323142324344	16	1112323142324344,1123231423142434,1231214231423344,1212132314233444,1121323142324434,1213231423144234,1122314231432344,1213142314223434,1121323142234344,1213231421342434,1122314213423344,1213142134232434,1121321342324344,1213213423142434,1122134231423344,1211342314232434
1272	1112323142342344	16	1112323142342344,1123231423412434,1231214234123344,1212132341233444,1121323412324434,1213234123144234,1122341231432344,1213412314223434,1123123142234344,1231231421342434,1212314213423344,1123142134232434,1231421342314234,1213213423142344,1122134231423434,1211342314234234
1273	1112323142342434	16	1112323142342434,1123231423414234,1231214234132344,1212132341323444,1121323412234434,1213234121344234,1122341213432344,1213412134223434,1123121342234344,1231213421342434,1212134213423344,1121342134232434,1213421342314234,1123213423142344,1231124231423434,1211232314234344
1274	1112323142344234	16	1112323142344234,1123231423441234,1231214234312344,1212132343123444,1121323421234434,1213234112344234,1122341123432344,1213411234223434,1123112342234344,1231123421342434,1211234213423344,1112342134232434,1123421342314234,1234112323142344,1231123231423444,1211232314234434
1275	1112323142423344	16	1112323142423344,1123231424132434,1231214231324344,1212132313243444,1121323122434434,1213231214344234,1122312143432344,1213121434223434,1121213342234344,1212133421342434,1121324213423344,1213241134232434,1122311342324344,1213112423243434,1121123232434344,1211232314342434
1276	1112323142423434	16	1112323142423434,1123231424134234,1231214231342344,1212132313423444,1121323124234434,1213231241344234,1122312413432344,1213124134223434,1121231342234344,1212313421342434,1123124213423344,1231241134232434,1212311342324344,1123112423243434,1231124231434234,1211232314342344
1277	1112323142432344	16	1112323142432344,1123231424312434,1231214233124344,1212132331243444,1121323212434434,1213231124344234,1122311243432344,1213112434223434,1121123342234344,1211233421342434,1112324213423344,1123241134232434,1231411232324344,1213112323243444,1121123232434434,1211232314344234
1278	1112323142434234	16	1112323142434234,1123231424341234,1231214233412344,1212132334123444,1121323241234434,1213231412344234,1122314123432344,1213141234223434,1121312342234344,1213123421342434,1121234213423344,1212341134232434,1123411232324344,1234112323142434,1231123231424344,1211232314243434
1279	1112323212434344	16	1112323212434344,1123231124342434,1231211243423344,1212112334233444,1121123342324434,1211233423144234,1112324231432344,1123241314223434,1231412132234344,1213121322343444,1121213223434434,1212132134344234,1121321342432344,1213213424312434,1122134233124344,1211342321243434
1280	1112323213424344	16	1112323213424344,1123231124243434,1231211242334344,1212112323343444,1121123233424434,1211232334144234,1112323241432344,1123231414223434,1231214132234344,1212131322343444,1121312223434434,1213122134344234,1121221343432344,1212113434223434,1121134232234344,1211342321342434
1281	1112323231424344	16	1112323231424344,1123231214243434,1231212142334344,1212121323343444,1121213233424434,1212132334144234,1121323241432344,1213231414223434,1122314132234344,1213141222343434,1121312223434344,1213122134342434,1121221343423344,1212113434232434,1121134232324344,1211342323142434
1282	1112323234124344	16	1112323234124344,1123231241243434,1231212412334344,1212123123343444,1121231233424434,1212312334144234,1123123241432344,1231231414223434,1212314132234344,1123141222343434,1231412213434234,1213122134342344,1121221343423434,1212113434234234,1121134232342344,1211342323412434
1283	1112323234142344	16	1112323234142344,1123231241423434,1231212413234344,1212123132343444,1121231323424434,1212313234144234,1123122341432344,1231213414223434,1212134132234344,1121341222343434,1213412213434234,1123122134342344,1231211342423434,1212113423234344,1121134232342434,1211342323414234
1284	1112323234412344	16	1112323234412344,1123231244123434,1231212431234344,1212123312343444,1121233123424434,1212331234144234,1123212341432344,1231123414223434,1211234132234344,1112341222343434,1123412213434234,1234121134232344,1231211342323444,1212113423234434,1121134232344234,1211342323441234
1285	1112323241234344	16	1112323241234344,1123231412342434,1231214123423344,1212131234233444,1121312342324434,1213123423144234,1121234231432344,1212341314223434,1123412132234344,1234121321342434,1231213213424344,1212132134243434,1121321342434234,1213213424341234,1122134233412344,1211342324123434
1286	1112323241243434	16	1112323241243434,1123231412434234,1231214123342344,1212131233423444,1121312324234434,1213123241344234,1121232413432344,1212314134223434,1123141232234344,1231412321342434,1213123213424344,1121232134243434,1212311342434234,1123112423342344,1231124233412434,1211232334124344
1287	1112323241324344	16	1112323241324344,1123231412243434,1231214122334344,1212131223343444,1121312233424434,1213122334144234,1121223341432344,1212133414223434,1121324132234344,1213241321342434,1122313213424344,1213122134243434,1121221342334344,1212113423342434,1121134232423344,1211342324132434
1288	1112323241342344	16	1112323241342344,1123231412423434,1231214123234344,1212131232343444,1121312323424434,1213123234144234,1121232341432344,1212313414223434,1123124132234344,1231241321342434,1212313213424344,1123122134243434,1231211342434234,1212113423342344,1121134232423434,1211342324134234
1289	1112323241423344	16	1112323241423344,1123231414232434,1231214132324344,1212131323243444,1121312232434434,1213122314344234,1121223143432344,1212131434223434,1121314232234344,1213142321342434,1121323213424344,1213231124243434,1122311242334344,1213112423342434,1121123233424344,1211232334142434
1290	1112323241423434	16	1112323241423434,1123231414234234,1231214132342344,1212131323423444,1121312234234434,1213122341344234,1121223413432344,1212134134223434,1121341232234344,1213412321342434,1123123213424344,1231231124243434,1212311242334344,1123112423342434,1231124233414234,1211232334142344
1291	1112323243124344	16	1112323243124344,1123231421243434,1231214212334344,1212132123343444,1121321233424434,1213212334144234,1122123341432344,1211233414223434,1112324132234344,1123241321342434,1231412213423344,1213122134233444,1121221342334434,1212113423344234,1121134232432344,1211342324312434
1292	1112323243412344	16	1112323243412344,1123231424123434,1231214231234344,1212132312343444,1121323123424434,1213231234144234,1122312341432344,1213123414223434,1121234132234344,1212341321342434,1123412213423344,1234121134232434,1231211342324344,1212113423243434,1121134232434234,1211342324341234
1293	1112323244123434	16	1112323244123434,1123231441234234,1231214312342344,1212133123423444,1121321234234434,1213212341344234,1122123413432344,1211234134223434,1112341232234344,1123412321342434,1234123112423344,1231231124233444,1212311242334434,1123112423344234,1231124233441234,1211232334412344
1294	1112323412234344	16	1112323412234344,1123234121342434,1231241213423344,1212312134233444,1123121342324434,1231213423144234,1212134231432344,1121342314223434,1213423142134234,1123231421342344,1231214213423434,1212132134234344,1121321342342434,1213213423414234,1122134234132344,1211342341223434
1295	1112323412243434	16	1112323412243434,1123234121434234,1231241213342344,1212312133423444,1123121324234434,1231213241344234,1212132413432344,1121324134223434,1213241342134234,1122313421342344,1213124213423434,1121232134234344,1212311342342434,1123112423423344,1231124234132434,1211232341324344
1296	1112323412324344	16	1112323412324344,1123234123142434,1231241231423344,1212312314233444,1123123142324434,1231231423144234,1212314231432344,1123142314223434,1231423142134234,1213231421342344,1122314213423434,1213142134234234,1121321342342344,1213213423412434,1122134234123344,1211342341232434
1297	1112323412342344	16	1112323412342344,1123234123412434,1231241234123344,1212312341233444,1123123412324434,1231234123144234,1212341231432344,1123412314223434,1234123142134234,1231231421342344,1212314213423434,1123142134234234,1231421342341234,1213213423412344,1122134234123434,1211342341234234
1298	1112323412342434	16	1112323412342434,1123234123414234,1231241234132344,1212312341323444,1123123412234434,1231234121344234,1212341213432344,1123412134223434,1234121342134234,1231213421342344,1212134213423434,1121342134234234,1213421342341234,1123213423412344,1231124234123434,1211232341234344
1299	1112323412344234	16	1112323412344234,1123234123441234,1231241234312344,1212312343123444,1123123421234434,1231234112344234,1212341123432344,1123411234223434,1234112342134234,1231123421342344,1211234213423434,1112342134234234,1123421342341234,1234112323412344,1231123234123444,1211232341234434
1300	1112323412423344	16	1112323412423344,1123234124132434,1231241231324344,1212312313243444,1123123122434434,1231231214344234,1212312143432344,1123121434223434,1231214342134234,1212133421342344,1121324213423434,1213241134234234,1122311342342344,1213112423423434,1121123234234344,1211232341342434
1301	1112323412423434	16	1112323412423434,1123234124134234,1231241231342344,1212312313423444,1123123124234434,1231231241344234,1212312413432344,1123124134223434,1231241342134234,1212313421342344,1123124213423434,1231241134234234,1212311342342344,1123112423423434,1231124234134234,1211232341342344
1302	1112323412432344	16	1112323412432344,1123234124312434,1231241233124344,1212312331243444,1123123212434434,1231231124344234,1212311243432344,1123112434223434,1231124342134234,1211233421342344,1112324213423434,1123241134234234,1231411232342344,1213112323423444,1121123234234434,1211232341344234
1303	1112323412434234	16	1112323412434234,1123234124341234,1231241233412344,1212312334123444,1123123241234434,1231231412344234,1212314123432344,1123141234223434,1231412342134234,1213123421342344,1121234213423434,1212341134234234,1123411232342344,1234112323412434,1231123234124344,1211232341243434
1304	1112323414223434	16	1112323414223434,1123234142134234,1231241321342344,1212313213423444,1123122134234434,1231211342344234,1212113423432344,1121134234223434,1211342342134234,1112323421342344,1123234112423434,1231241123234344,1212311232343444,1123112323424434,1231123234144234,1211232341432344
1305	1112323414232344	16	1112323414232344,1123234142312434,1231241323124344,1212313231243444,1123122312434434,1231213124344234,1212131243432344,1121312434223434,1213124342134234,1121233421342344,1212334112423434,1123241123234344,1231411232342434,1213112323424344,1121123234243434,1211232341434234
1306	1112323414232434	16	1112323414232434,1123234142314234,1231241323142344,1212313231423444,1123122314234434,1231213142344234,1212131423432344,1121314234223434,1213142342134234,1121323421342344,1213234112423434,1122341123234344,1213411232342434,1123112323424344,1231123234142434,1211232341423344
1307	1112323414234234	16	1112323414234234,1123234142341234,1231241323412344,1212313234123444,1123122341234434,1231213412344234,1212134123432344,1121341234223434,1213412342134234,1123123421342344,1231234112423434,1212341123234344,1123411232342434,1234112323414234,1231123234142344,1211232341423434
1308	1112323421234344	16	1112323421234344,1123234112342434,1231241123423344,1212311234233444,1123112342324434,1231123423144234,1211234231432344,1112342314223434,1123423142134234,1234121321342344,1231213213423444,1212132134234434,1121321342344234,1213213423441234,1122134234312344,1211342342123434
1309	1112323421243434	16	1112323421243434,1123234112434234,1231241123342344,1212311233423444,1123112324234434,1231123241344234,1211232413432344,1112324134223434,1123241342134234,1231412321342344,1213123213423444,1121232134234434,1212311342344234,1123112423432344,1231124234312434,1211232343124344
1310	1112323423124344	16	1112323423124344,1123234121243434,1231241212334344,1212312123343444,1123121233424434,1231212334144234,1212123341432344,1121233414223434,1212334142134234,1123241321342344,1231412213423434,1213122134234344,1121221342343434,1212113423434234,1121134234232344,1211342342312434
1311	1112323423142344	16	1112323423142344,1123234121423434,1231241213234344,1212312132343444,1123121323424434,1231213234144234,1212132341432344,1121323414223434,1213234142134234,1122341321342344,1213412213423434,1123122134234344,1231211342342434,1212113423423344,1121134234232434,1211342342314234
1312	1112323423412344	16	1112323423412344,1123234124123434,1231241231234344,1212312312343444,1123123123424434,1231231234144234,1212312341432344,1123123414223434,1231234142134234,1212341321342344,1123412213423434,1234121134234234,1231211342342344,1212113423423434,1121134234234234,1211342342341234
1313	1112323424123344	16	1112323424123344,1123234141232434,1231241312324344,1212313123243444,1123121232434434,1231212314344234,1212123143432344,1121231434223434,1212314342134234,1123142321342344,1231423112423434,1213231124234344,1122311242343434,1213112423434234,1121123234342344,1211232343412434
1314	1112323424123434	16	1112323424123434,1123234141234234,1231241312342344,1212313123423444,1123121234234434,1231212341344234,1212123413432344,1121234134223434,1212341342134234,1123412321342344,1234123112423434,1231231124234344,1212311242343434,1123112423434234,1231124234341234,1211232343412344
1315	1112323424132344	16	1112323424132344,1123234141223434,1231241312234344,1212313122343444,1123121223434434,1231212134344234,1212121343432344,1121213434223434,1212134342134234,1121342321342344,1213423112423434,1123231124234344,1231211242343434,1212112323434344,1121123234342434,1211232343414234
1316	1112323424312344	16	1112323424312344,1123234142123434,1231241321234344,1212313212343444,1123122123434434,1231211234344234,1212112343432344,1121123434223434,1211234342134234,1112342321342344,1123423112423434,1234121123234344,1231211232343444,1212112323434434,1121123234344234,1211232343441234
1317	1112323441234234	16	1112323441234234,1123234412341234,1231243123412344,1212331234123444,1123212341234434,1231123412344234,1211234123432344,1112341234223434,1123412342134234,1234123411232344,1231234112323444,1212341123234434,1123411232344234,1234112323441234,1231123234412344,1211232344123434
1318	1112324122334344	16	1112324122334344,1123241213342434,1231412132423344,1213121324233444,1121213242334434,1212132413344234,1121324132432344,1213241324312434,1122313243124344,1213122431243434,1121223312434344,1212133124342434,1121321243423344,1213212434132434,1122123341324344,1211233412243434
1319	1112324122343434	16	1112324122343434,1123241213434234,1231412134232344,1213121342323444,1121213423234434,1212134231344234,1121342312432344,1213423124312434,1123231243124344,1231212431243434,1212123312434344,1121233124342434,1212331243414234,1123212434132344,1231124341223434,1211233412234344
1320	1112324123234344	16	1112324123234344,1123241231342434,1231412312423344,1213123124233444,1121231242334434,1212312413344234,1123124132432344,1231241324312434,1212313243124344,1123122431243434,1231214312434234,1212133124342344,1121321243423434,1213212434134234,1122123341342344,1211233412423434
1321	1112324123243434	16	1112324123243434,1123241231434234,1231412314232344,1213123142323444,1121231423234434,1212314231344234,1123142312432344,1231423124312434,1213231243124344,1122312431243434,1213124312434234,1121233124342344,1212331243412434,1123212434123344,1231124341232434,1211233412324344
1322	1112324123342344	16	1112324123342344,1123241233412434,1231412324123344,1213123241233444,1121232412334434,1212314123344234,1123141232432344,1231412324312434,1213123243124344,1121232431243434,1212314312434234,1123142123342344,1231421233412434,1213212334124344,1122123341243434,1211233412434234
1323	1112324123342434	16	1112324123342434,1123241233414234,1231412324132344,1213123241323444,1121232413234434,1212314132344234,1123141223432344,1231412234312434,1213122343124344,1121223431243434,1212134312434234,1121342123342344,1213421233412434,1123212334124344,1231123241243434,1211232412334344
1324	1112324123344234	16	1112324123344234,1123241233441234,1231412324312344,1213123243123444,1121232431234434,1212314312344234,1123142123432344,1231421234312434,1213212343124344,1122123431243434,1211234312434234,1112342123342344,1123421233412434,1234112324123344,1231123241233444,1211232412334434
1325	1112324123423344	16	1112324123423344,1123241234132434,1231412341223344,1213123412233444,1121234122334434,1212341213344234,1123412132432344,1234121324312434,1231213243124344,1212132431243434,1121324312434234,1213243124341234,1122331243412344,1213212434123434,1122123341234344,1211233412342434
1326	1112324123423434	16	1112324123423434,1123241234134234,1231412341232344,1213123412323444,1121234123234434,1212341231344234,1123412312432344,1234123124312434,1231231243124344,1212312431243434,1123124312434234,1231243124341234,1212331243412344,1123212434123434,1231124341234234,1211233412342344
1327	1112324123432344	16	1112324123432344,1123241234312434,1231412342123344,1213123421233444,1121234212334434,1212341123344234,1123411232432344,1234112324312434,1231123243124344,1211232431243434,1112324312434234,1123243124341234,1231421233412344,1213212334123444,1122123341234434,1211233412344234
1328	1112324123434234	16	1112324123434234,1123241234341234,1231412342312344,1213123423123444,1121234231234434,1212341312344234,1123412123432344,1234121234312434,1231212343124344,1212123431243434,1121234312434234,1212343124341234,1123421233412344,1234112324123434,1231123241234344,1211232412343434
1329	1112324132324344	16	1112324132324344,1123241323142434,1231412231423344,1213122314233444,1121223142334434,1212131423344234,1121314232432344,1213142324312434,1121323243124344,1213231421243434,1122314212334344,1213142123342434,1121321233424344,1213212334142434,1122123341423344,1211233414232434
1330	1112324132342344	16	1112324132342344,1123241323412434,1231412234123344,1213122341233444,1121223412334434,1212134123344234,1121341232432344,1213412324312434,1123123243124344,1231231421243434,1212314212334344,1123142123342434,1231421233414234,1213212334142344,1122123341423434,1211233414234234
1331	1112324132342434	16	1112324132342434,1123241323414234,1231412234132344,1213122341323444,1121223413234434,1212134132344234,1121341223432344,1213412234312434,1123122343124344,1231213421243434,1212134212334344,1121342123342434,1213421233414234,1123212334142344,1231123241423434,1211232413234344
1332	1112324132344234	16	1112324132344234,1123241323441234,1231412234312344,1213122343123444,1121223431234434,1212134312344234,1121342123432344,1213421234312434,1123212343124344,1231123421243434,1211234212334344,1112342123342434,1123421233414234,1234112324132344,1231123241323444,1211232413234434
1333	1112324132423344	16	1112324132423344,1123241324132434,1231412231324344,1213122313243444,1121223132434434,1212131324344234,1121312243432344,1213122434312434,1121223343124344,1212133421243434,1121324212334344,1213241123342434,1122311233424344,1213112324243434,1121123242334344,1211232413342434
1334	1112324132423434	16	1112324132423434,1123241324134234,1231412231342344,1213122313423444,1121223134234434,1212131342344234,1121312423432344,1213124234312434,1121232343124344,1212313421243434,1123124212334344,1231241123342434,1212311233424344,1123112324243434,1231123241434234,1211232413342344
1335	1112324132432344	16	1112324132432344,1123241324312434,1231412233124344,1213122331243444,1121223312434434,1212133124344234,1121321243432344,1213212434312434,1122123343124344,1211233421243434,1112324212334344,1123241123342434,1231411232423344,1213112324233444,1121123242334434,1211232413344234
1336	1112324132434234	16	1112324132434234,1123241324341234,1231412233412344,1213122334123444,1121223341234434,1212133412344234,1121324123432344,1213241234312434,1122312343124344,1213123421243434,1121234212334344,1212341123342434,1123411232423344,1234112324132434,1231123241324344,1211232413243434
1337	1112324134232344	16	1112324134232344,1123241342312434,1231412323124344,1213123231243444,1121232312434434,1212313124344234,1123121243432344,1231212434312434,1212123343124344,1121233421243434,1212334112434234,1123241123342344,1231411232423434,1213112324234344,1121123242343434,1211232413434234
1338	1112324134232434	16	1112324134232434,1123241342314234,1231412323142344,1213123231423444,1121232314234434,1212313142344234,1123121423432344,1231214234312434,1212132343124344,1121323421243434,1213234112434234,1122341123342344,1213411232423434,1123112324234344,1231123241342434,1211232413423344
1339	1112324134234234	16	1112324134234234,1123241342341234,1231412323412344,1213123234123444,1121232341234434,1212313412344234,1123124123432344,1231241234312434,1212312343124344,1123123421243434,1231234112434234,1212341123342344,1123411232423434,1234112324134234,1231123241342344,1211232413423434
1340	1112324212343434	16	1112324212343434,1123241123434234,1231411234232344,1213112342323444,1121123423234434,1211234231344234,1112342312432344,1123423124312434,1234121233124344,1231212331243444,1212123312434434,1121233124344234,1212331243441234,1123212434312344,1231124342123434,1211233421234344
1341	1112324231234344	16	1112324231234344,1123241312342434,1231412123423344,1213121234233444,1121212342334434,1212123413344234,1121234132432344,1212341324312434,1123412233124344,1234121321243434,1231213212434344,1212132124343434,1121321243434234,1213212434341234,1122123343412344,1211233424123434
1342	1112324231243434	16	1112324231243434,1123241312434234,1231412123342344,1213121233423444,1121212334234434,1212123341344234,1121233412432344,1212334124312434,1123241233124344,1231412321243434,1213123212434344,1121232124343434,1212311243434234,1123112434232344,1231124342312434,1211233423124344
1343	1112324231324344	16	1112324231324344,1123241312243434,1231412122334344,1213121223343444,1121212233434434,1212121334344234,1121213342432344,1212133424312434,1121324233124344,1213241321243434,1122313212434344,1213122124343434,1121221233434344,1212112334342434,1121123342423344,1211233424132434
1344	1112324231342344	16	1112324231342344,1123241312423434,1231412123234344,1213121232343444,1121212323434434,1212123134344234,1121231342432344,1212313424312434,1123124233124344,1231241321243434,1212313212434344,1123122124343434,1231211243434234,1212112334342344,1121123342423434,1211233424134234
1345	1112324231423344	16	1112324231423344,1123241314232434,1231412132324344,1213121323243444,1121213232434434,1212132314344234,1121323142432344,1213231424312434,1122314233124344,1213142321243434,1121323212434344,1213231124342434,1122311243423344,1213112434232434,1121123342324344,1211233423142434
1346	1112324231423434	16	1112324231423434,1123241314234234,1231412132342344,1213121323423444,1121213234234434,1212132341344234,1121323412432344,1213234124312434,1122341233124344,1213412321243434,1123123212434344,1231231124342434,1212311243423344,1123112434232434,1231124342314234,1211233423142344
1347	1112324233124344	8	1112324233124344,1123241321243434,1231412212334344,1213122123343444,1121221233434434,1212112334344234,1121123342432344,1211233424312434
1348	1112324233412344	16	1112324233412344,1123241324123434,1231412231234344,1213122312343444,1121223123434434,1212131234344234,1121312342432344,1213123424312434,1121234233124344,1212341321243434,1123412212334344,1234121123342434,1231211233424344,1212112334243434,1121123342434234,1211233424341234
1349	1112324234123344	16	1112324234123344,1123241341232434,1231412312324344,1213123123243444,1121231232434434,1212312314344234,1123123142432344,1231231424312434,1212314233124344,1123142321243434,1231423112434234,1213231124342344,1122311243423434,1213112434234234,1121123342342344,1211233423412434
1350	1112324234123434	16	1112324234123434,1123241341234234,1231412312342344,1213123123423444,1121231234234434,1212312341344234,1123123412432344,1231234124312434,1212341233124344,1123412321243434,1234123112434234,1231231124342344,1212311243423434,1123112434234234,1231124342341234,1211233423412344
1351	1112324234132344	16	1112324234132344,1123241341223434,1231412312234344,1213123122343444,1121231223434434,1212312134344234,1123121342432344,1231213424312434,1212134233124344,1121342321243434,1213423112434234,1123231124342344,1231211243423434,1212112334234344,1121123342342434,1211233423414234
1352	1112324234312344	16	1112324234312344,1123241342123434,1231412321234344,1213123212343444,1121232123434434,1212311234344234,1123112342432344,1231123424312434,1211234233124344,1112342321243434,1123423112434234,1234121123342344,1231211233423444,1212112334234434,1121123342344234,1211233423441234
1353	1112324312342344	16	1112324312342344,1123243123412434,1231421234123344,1213212341233444,1122123412334434,1211234123344234,1112341232432344,1123412324312434,1234123142123344,1231231421233444,1212314212334434,1123142123344234,1231421233441234,1213212334412344,1122123344123434,1211233441234234
1354	1112324312342434	16	1112324312342434,1123243123414234,1231421234132344,1213212341323444,1122123413234434,1211234132344234,1112341223432344,1123412234312434,1234121342123344,1231213421233444,1212134212334434,1121342123344234,1213421233441234,1123212334412344,1231123244123434,1211232431234344
1355	1112324312344234	16	1112324312344234,1123243123441234,1231421234312344,1213212343123444,1122123431234434,1211234312344234,1112342123432344,1123421234312434,1234112342123344,1231123421233444,1211234212334434,1112342123344234,1123421233441234,1234112324312344,1231123243123444,1211232431234434
1356	1112324341223344	16	1112324341223344,1123243412132434,1231423121324344,1213231213243444,1122312132434434,1213121324344234,1121213243432344,1212132434312434,1121324342123344,1213243411232434,1122334112324344,1213241123243434,1122311232434344,1213112324342434,1121123243423344,1211232434132434
1357	1112324341223434	16	1112324341223434,1123243412134234,1231423121342344,1213231213423444,1122312134234434,1213121342344234,1121213423432344,1212134234312434,1121342342123344,1213423411232434,1123234112324344,1231241123243434,1212311232434344,1123112324342434,1231123243414234,1211232434132344
1358	1112324341232344	16	1112324341232344,1123243412312434,1231423123124344,1213231231243444,1122312312434434,1213123124344234,1121231243432344,1212312434312434,1123124342123344,1231243411232434,1212334112324344,1123241123243434,1231411232434234,1213112324342344,1121123243423434,1211232434134234
1359	1112324341232434	16	1112324341232434,1123243412314234,1231423123142344,1213231231423444,1122312314234434,1213123142344234,1121231423432344,1212314234312434,1123142342123344,1231423411232434,1213234112324344,1122341123243434,1213411232434234,1123112324342344,1231123243412434,1211232434123344
1360	1112324341234234	16	1112324341234234,1123243412341234,1231423123412344,1213231234123444,1122312341234434,1213123412344234,1121234123432344,1212341234312434,1123412342123344,1234123411232434,1231234112324344,1212341123243434,1123411232434234,1234112324341234,1231123243412344,1211232434123434
1361	1112324342123344	8	1112324342123344,1123243411232434,1231423112324344,1213231123243444,1122311232434434,1213112324344234,1121123243432344,1211232434312434
1362	1112324342123434	16	1112324342123434,1123243411234234,1231423112342344,1213231123423444,1122311234234434,1213112342344234,1121123423432344,1211234234312434,1112342342123344,1123423411232434,1234123112324344,1231231123243444,1212311232434434,1123112324344234,1231123243441234,1211232434312344
1363	1112324342312344	16	1112324342312344,1123243412123434,1231423121234344,1213231212343444,1122312123434434,1213121234344234,1121212343432344,1212123434312434,1121234342123344,1212343411232434,1123423112324344,1234121123243434,1231211232434344,1212112324343434,1121123243434234,1211232434341234
1364	1112341223234344	16	1112341223234344,1123412231342434,1234121312423344,1231213124233444,1212131242334434,1121312423344234,1213124233441234,1121232334412344,1212313244123434,1123122431234344,1231214312342434,1212133123424344,1121321234243434,1213212341434234,1122123413342344,1211234132423434
1365	1112341223243434	16	1112341223243434,1123412231434234,1234121314232344,1231213142323444,1212131423234434,1121314232344234,1213142323441234,1121323234412344,1213231244123434,1122312431234344,1213124312342434,1121233123424344,1212331234142434,1123212341423344,1231123414232434,1211234132324344
1366	1112341223342344	16	1112341223342344,1123412233412434,1234121324123344,1231213241233444,1212132412334434,1121324123344234,1213241233441234,1122312334412344,1213123244123434,1121232431234344,1212314312342434,1123142123423344,1231421234132434,1213212341324344,1122123413243434,1211234132434234
1367	1112341223342434	16	1112341223342434,1123412233414234,1234121324132344,1231213241323444,1212132413234434,1121324132344234,1213241323441234,1122313234412344,1213122344123434,1121223431234344,1212134312342434,1121342123423344,1213421234132434,1123212341324344,1231123412243434,1211234122334344
1368	1112341223344234	16	1112341223344234,1123412233441234,1234121324312344,1231213243123444,1212132431234434,1121324312344234,1213243123441234,1122331234412344,1213212344123434,1122123431234344,1211234312342434,1112342123423344,1123421234132434,1234112341223344,1231123412233444,1211234122334434
1369	1112341223423344	16	1112341223423344,1123412234132434,1234121341223344,1231213412233444,1212134122334434,1121341223344234,1213412233441234,1123122334412344,1231213244123434,1212132431234344,1121324312342434,1213243123414234,1122331234142344,1213212341423434,1122123413234344,1211234132342434
1370	1112341223423434	16	1112341223423434,1123412234134234,1234121341232344,1231213412323444,1212134123234434,1121341232344234,1213412323441234,1123123234412344,1231231244123434,1212312431234344,1123124312342434,1231243123414234,1212331234142344,1123212341423434,1231123414234234,1211234132342344
1371	1112341223434234	16	1112341223434234,1123412234341234,1234121342312344,1231213423123444,1212134231234434,1121342312344234,1213423123441234,1123231234412344,1231212344123434,1212123431234344,1121234312342434,1212343123414234,1123421234132344,1234112341223434,1231123412234344,1211234122343434
1372	1112341232324344	16	1112341232324344,1123412323142434,1234123121423344,1231231214233444,1212312142334434,1123121423344234,1231214233441234,1212132334412344,1121323244123434,1213231441234234,1122314312342344,1213142123423434,1121321234234344,1213212341342434,1122123413423344,1211234134232434
1373	1112341232342344	16	1112341232342344,1123412323412434,1234123124123344,1231231241233444,1212312412334434,1123124123344234,1231241233441234,1212312334412344,1123123244123434,1231231441234234,1212314312342344,1123142123423434,1231421234134234,1213212341342344,1122123413423434,1211234134234234
1374	1112341232342434	16	1112341232342434,1123412323414234,1234123124132344,1231231241323444,1212312413234434,1123124132344234,1231241323441234,1212313234412344,1123122344123434,1231213441234234,1212134312342344,1121342123423434,1213421234134234,1123212341342344,1231123412423434,1211234123234344
1375	1112341232344234	16	1112341232344234,1123412323441234,1234123124312344,1231231243123444,1212312431234434,1123124312344234,1231243123441234,1212331234412344,1123212344123434,1231123441234234,1211234312342344,1112342123423434,1123421234134234,1234112341232344,1231123412323444,1211234123234434
1376	1112341232423344	16	1112341232423344,1123412324132434,1234123141223344,1231231412233444,1212314122334434,1123141223344234,1231412233441234,1213122334412344,1121223344123434,1212133441234234,1121324312342344,1213243123412434,1122331234124344,1213212341243434,1122123412334344,1211234123342434
1377	1112341232423434	16	1112341232423434,1123412324134234,1234123141232344,1231231412323444,1212314123234434,1123141232344234,1231412323441234,1213123234412344,1121232344123434,1212313441234234,1123124312342344,1231243123412434,1212331234124344,1123212341243434,1231123412434234,1211234123342344
1378	1112341232434234	16	1112341232434234,1123412324341234,1234123142312344,1231231423123444,1212314231234434,1123142312344234,1231423123441234,1213231234412344,1122312344123434,1213123441234234,1121234312342344,1212343123412434,1123421234123344,1234112341232434,1231123412324344,1211234123243434
1379	1112341234232344	16	1112341234232344,1123412342312434,1234123412123344,1231234121233444,1212341212334434,1123412123344234,1234121233441234,1231212334412344,1212123344123434,1121233441234234,1212334412341234,1123243123412344,1231421234123434,1213212341234344,1122123412343434,1211234123434234
1380	1112341234232434	16	1112341234232434,1123412342314234,1234123412132344,1231234121323444,1212341213234434,1123412132344234,1234121323441234,1231213234412344,1212132344123434,1121323441234234,1213234412341234,1122343123412344,1213421234123434,1123212341234344,1231123412342434,1211234123423344
1381	1112341234234234	16	1112341234234234,1123412342341234,1234123412312344,1231234123123444,1212341231234434,1123412312344234,1234123123441234,1231231234412344,1212312344123434,1123123441234234,1231234412341234,1212343123412344,1123421234123434,1234112341234234,1231123412342344,1211234123423434
1382	1112342123434234	16	1112342123434234,1123421234341234,1234112342312344,1231123423123444,1211234231234434,1112342312344234,1123423123441234,1234121234312344,1231212343123444,1212123431234434,1121234312344234,1212343123441234,1123421234312344,1234112342123434,1231123421234344,1211234212343434
1383	1112342312234344	16	1112342312234344,1123423121342434,1234121213423344,1231212134233444,1212121342334434,1121213423344234,1212134233441234,1121342324312344,1213423142123434,1123231421234344,1231214212343434,1212132123434344,1121321234342434,1213212343414234,1122123434132344,1211234341223434
1384	1112342312243434	16	1112342312243434,1123423121434234,1234121213342344,1231212133423444,1212121334234434,1121213342344234,1212133423441234,1121324234312344,1213241342123434,1122313421234344,1213124212343434,1121232123434344,1212311234342434,1123112342423344,1231123424132434,1211234231324344
1385	1112342312324344	16	1112342312324344,1123423123142434,1234121231423344,1231212314233444,1212123142334434,1121231423344234,1212314233441234,1123142324312344,1231423142123434,1213231421234344,1122314212343434,1213142123434234,1121321234342344,1213212343412434,1122123434123344,1211234341232434
1386	1112342312342344	16	1112342312342344,1123423123412434,1234121234123344,1231212341233444,1212123412334434,1121234123344234,1212341233441234,1123412324312344,1234123142123434,1231231421234344,1212314212343434,1123142123434234,1231421234341234,1213212343412344,1122123434123434,1211234341234234
1387	1112342312342434	16	1112342312342434,1123423123414234,1234121234132344,1231212341323444,1212123413234434,1121234132344234,1212341323441234,1123412234312344,1234121342123434,1231213421234344,1212134212343434,1121342123434234,1213421234341234,1123212343412344,1231123424123434,1211234231234344
1388	1112342312423344	16	1112342312423344,1123423124132434,1234121231324344,1231212313243444,1212123132434434,1121231324344234,1212313243441234,1123122434312344,1231214342123434,1212133421234344,1121324212343434,1213241123434234,1122311234342344,1213112342423434,1121123423234344,1211234231342434
1389	1112342312423434	16	1112342312423434,1123423124134234,1234121231342344,1231212313423444,1212123134234434,1121231342344234,1212313423441234,1123124234312344,1231241342123434,1212313421234344,1123124212343434,1231241123434234,1212311234342344,1123112342423434,1231123424134234,1211234231342344
1390	1112342312434234	16	1112342312434234,1123423124341234,1234121233412344,1231212334123444,1212123341234434,1121233412344234,1212334123441234,1123241234312344,1231412342123434,1213123421234344,1121234212343434,1212341123434234,1123411234232344,1234112342312434,1231123423124344,1211234231243434
1391	1112342314232344	16	1112342314232344,1123423142312434,1234121323124344,1231213231243444,1212132312434434,1121323124344234,1213231243441234,1122312434312344,1213124342123434,1121233421234344,1212334112342434,1123241123423344,1231411234232434,1213112342324344,1121123423243434,1211234231434234
1392	1112342314232434	16	1112342314232434,1123423142314234,1234121323142344,1231213231423444,1212132314234434,1121323142344234,1213231423441234,1122314234312344,1213142342123434,1121323421234344,1213234112342434,1122341123423344,1213411234232434,1123112342324344,1231123423142434,1211234231423344
1393	1112342314234234	16	1112342314234234,1123423142341234,1234121323412344,1231213234123444,1212132341234434,1121323412344234,1213234123441234,1122341234312344,1213412342123434,1123123421234344,1231234112342434,1212341123423344,1123411234232434,1234112342314234,1231123423142344,1211234231423434
1394	1112342321234344	16	1112342321234344,1123423112342434,1234121123423344,1231211234233444,1212112342334434,1121123423344234,1211234233441234,1112342324312344,1123423142123434,1234121321234344,1231213212343444,1212132123434434,1121321234344234,1213212343441234,1122123434312344,1211234342123434
1395	1112342323124344	16	1112342323124344,1123423121243434,1234121212334344,1231212123343444,1212121233434434,1121212334344234,1212123343441234,1121233424312344,1212334142123434,1123241321234344,1231412212343434,1213122123434344,1121221234343434,1212112343434234,1121123434232344,1211234342312434
1396	1112342323142344	16	1112342323142344,1123423121423434,1234121213234344,1231212132343444,1212121323434434,1121213234344234,1212132343441234,1121323424312344,1213234142123434,1122341321234344,1213412212343434,1123122123434344,1231211234342434,1212112343423344,1121123434232434,1211234342314234
1397	1112342323412344	16	1112342323412344,1123423124123434,1234121231234344,1231212312343444,1212123123434434,1121231234344234,1212312343441234,1123123424312344,1231234142123434,1212341321234344,1123412212343434,1234121123434234,1231211234342344,1212112343423434,1121123434234234,1211234342341234
1398	1112342324123344	16	1112342324123344,1123423141232434,1234121312324344,1231213123243444,1212131232434434,1121312324344234,1213123243441234,1121232434312344,1212314342123434,1123142321234344,1231423112342434,1213231123424344,1122311234243434,1213112342434234,1121123423342344,1211234233412434
1399	1112342324123434	16	1112342324123434,1123423141234234,1234121312342344,1231213123423444,1212131234234434,1121312342344234,1213123423441234,1121234234312344,1212341342123434,1123412321234344,1234123112342434,1231231123424344,1212311234243434,1123112342434234,1231123424341234,1211234233412344
1400	1112342324132344	16	1112342324132344,1123423141223434,1234121312234344,1231213122343444,1212131223434434,1121312234344234,1213122343441234,1121223434312344,1212134342123434,1121342321234344,1213423112342434,1123231123424344,1231211234243434,1212112342334344,1121123423342434,1211234233414234
1401	1112342341223344	16	1112342341223344,1123423412132434,1234123121324344,1231231213243444,1212312132434434,1123121324344234,1231213243441234,1212132434312344,1121324342123434,1213243411234234,1122334112342344,1213241123423434,1122311234234344,1213112342342434,1121123423423344,1211234234132434
1402	1112342341223434	16	1112342341223434,1123423412134234,1234123121342344,1231231213423444,1212312134234434,1123121342344234,1231213423441234,1212134234312344,1121342342123434,1213423411234234,1123234112342344,1231241123423434,1212311234234344,1123112342342434,1231123423414234,1211234234132344
1403	1112342341232344	16	1112342341232344,1123423412312434,1234123123124344,1231231231243444,1212312312434434,1123123124344234,1231231243441234,1212312434312344,1123124342123434,1231243411234234,1212334112342344,1123241123423434,1231411234234234,1213112342342344,1121123423423434,1211234234134234
1404	1112342341232434	16	1112342341232434,1123423412314234,1234123123142344,1231231231423444,1212312314234434,1123123142344234,1231231423441234,1212314234312344,1123142342123434,1231423411234234,1213234112342344,1122341123423434,1213411234234234,1123112342342344,1231123423412434,1211234234123344
1405	1112342341234234	16	1112342341234234,1123423412341234,1234123123412344,1231231234123444,1212312341234434,1123123412344234,1231234123441234,1212341234312344,1123412342123434,1234123411234234,1231234112342344,1212341123423434,1123411234234234,1234112342341234,1231123423412344,1211234234123434
1406	1112342342123434	8	1112342342123434,1123423411234234,1234123112342344,1231231123423444,1212311234234434,1123112342344234,1231123423441234,1211234234312344
1407	1112342342312344	16	1112342342312344,1123423412123434,1234123121234344,1231231212343444,1212312123434434,1123121234344234,1231212343441234,1212123434312344,1121234342123434,1212343411234234,1123423112342344,1234121123423434,1231211234234344,1212112342343434,1121123423434234,1211234234341234
1408	1121212233434344	8	1121212233434344,1212121334342434,1121213342423344,1212133424132434,1121324231324344,1213241312243434,1122313122434344,1213121224343434
1409	1121212234343434	16	1121212234343434,1212121343434234,1121213434232344,1212134342312434,1121342323124344,1213423121243434,1123231212434344,1231212124343434,1212121233434344,1121212334342434,1212123343414234,1121233424132344,1212334141223434,1123241312234344,1231412122343434,1213121223434344
1410	1121212323434344	16	1121212323434344,1212123134342434,1121231342423344,1212313424132434,1123124231324344,1231241312243434,1212313122434344,1123121224343434,1231212143434234,1212121334342344,1121213342423434,1212133424134234,1121324231342344,1213241312423434,1122313124234344,1213121242343434
1411	1121212324343434	16	1121212324343434,1212123143434234,1121231434232344,1212314342312434,1123142323124344,1231423121243434,1213231212434344,1122312124343434,1213121243434234,1121212334342344,1212123343412434,1121233424123344,1212334141232434,1123241312324344,1231412123243434,1213121232434344
1412	1121212334234344	16	1121212334234344,1212123341342434,1121233412423344,1212334124132434,1123241231324344,1231412312243434,1213123122434344,1121231224343434,1212312143434234,1123121434232344,1231214342312434,1212133423124344,1121324231243434,1213241312434234,1122313124342344,1213121243423434
1413	1121212334243434	16	1121212334243434,1212123341434234,1121233414232344,1212334142312434,1123241323124344,1231412231243434,1213122312434344,1121223124343434,1212131243434234,1121312434232344,1213124342312434,1121233423124344,1212334121243434,1123241212334344,1231412123342434,1213121233424344
1414	1121212342334344	16	1121212342334344,1212123413342434,1121234132423344,1212341324132434,1123412231324344,1234121312243434,1231213122434344,1212131224343434,1121312243434234,1213122434341234,1121223343412344,1212133424123434,1121324231234344,1213241312342434,1122313123424344,1213121234243434
1415	1121212342343434	16	1121212342343434,1212123413434234,1121234134232344,1212341342312434,1123412323124344,1234123121243434,1231231212434344,1212312124343434,1123121243434234,1231212434341234,1212123343412344,1121233424123434,1212334141234234,1123241312342344,1231412123423434,1213121234234344
1416	1121212343423344	16	1121212343423344,1212123434132434,1121234341223344,1212343412132434,1123423121324344,1234121213243434,1231212132434344,1212121324343434,1121213243434234,1212132434341234,1121324342312344,1213243412123434,1122334121234344,1213241212343434,1122312123434344,1213121234342434
1417	1121212343423434	16	1121212343423434,1212123434134234,1121234341232344,1212343412312434,1123423123124344,1234121231243434,1231212312434344,1212123124343434,1121231243434234,1212312434341234,1123124342312344,1231243412123434,1212334121234344,1123241212343434,1231412123434234,1213121234342344
1418	1121212343434234	8	1121212343434234,1212123434341234,1121234342312344,1212343412123434,1123423121234344,1234121212343434,1231212123434344,1212121234343434
1419	1121213232434344	16	1121213232434344,1212132314342434,1121323142423344,1213231424132434,1122314231324344,1213142312243434,1121323122434344,1213231214342434,1122312143423344,1213121434232434,1121213342324344,1212133423142434,1121324231423344,1213241314232434,1122313142324344,1213121423243434
1420	1121213233424344	16	1121213233424344,1212132334142434,1121323241423344,1213231414232434,1122314132324344,1213141223243434,1121312232434344,1213122314342434,1121223143423344,1212131434232434,1121314232324344,1213142323142434,1121323231424344,1213231214243434,1122312142334344,1213121423342434
1421	1121213234234344	16	1121213234234344,1212132341342434,1121323412423344,1213234124132434,1122341231324344,1213412312243434,1123123122434344,1231231214342434,1212312143423344,1123121434232434,1231214342314234,1212133423142344,1121324231423434,1213241314234234,1122313142342344,1213121423423434
1422	1121213234243434	16	1121213234243434,1212132341434234,1121323414232344,1213234142312434,1122341323124344,1213412231243434,1123122312434344,1231213124342434,1212131243423344,1121312434232434,1213124342314234,1121233423142344,1212334121423434,1123241213234344,1231412132342434,1213121323424344
1423	1121213234342344	16	1121213234342344,1212132343412434,1121323424123344,1213234141232434,1122341312324344,1213412123243434,1123121232434344,1231212314342434,1212123143423344,1121231434232434,1212314342314234,1123142323142344,1231423121423434,1213231214234344,1122312142343434,1213121423434234
1424	1121213234342434	16	1121213234342434,1212132343414234,1121323424132344,1213234141223434,1122341312234344,1213412122343434,1123121223434344,1231212134342434,1212121343423344,1121213434232434,1212134342314234,1121342323142344,1213423121423434,1123231214234344,1231212142343434,1212121323434344
1425	1121213242334344	16	1121213242334344,1212132413342434,1121324132423344,1213241324132434,1122313241324344,1213122413243434,1121223132434344,1212131324342434,1121312243423344,1213122434132434,1121223341324344,1212133412243434,1121324122334344,1213241213342434,1122312133424344,1213121324243434
1426	1121213242343434	16	1121213242343434,1212132413434234,1121324134232344,1213241342312434,1122313423124344,1213124231243434,1121232312434344,1212313124342434,1123121243423344,1231212434132434,1212123341324344,1121233412243434,1212334121434234,1123241213342344,1231412132423434,1213121324234344
1427	1121213243423344	8	1121213243423344,1212132434132434,1121324341223344,1213243412132434,1122334121324344,1213241213243434,1122312132434344,1213121324342434
1428	1121213243423434	16	1121213243423434,1212132434134234,1121324341232344,1213243412312434,1122334123124344,1213241231243434,1122312312434344,1213123124342434,1121231243423344,1212312434132434,1123124341223344,1231243412132434,1212334121324344,1123241213243434,1231412132434234,1213121324342344
1429	1121213342342344	16	1121213342342344,1212133423412434,1121324234123344,1213241341232434,1122313412324344,1213124123243434,1121231232434344,1212312314342434,1123123142423344,1231231424132434,1212314231324344,1123142312243434,1231423121434234,1213231214342344,1122312143423434,1213121434234234
1430	1121213342342434	16	1121213342342434,1212133423414234,1121324234132344,1213241341223434,1122313412234344,1213124122343434,1121231223434344,1212312134342434,1123121342423344,1231213424132434,1212134231324344,1121342312243434,1213423121434234,1123231214342344,1231212143423434,1212121334234344
1431	1121213342434234	16	1121213342434234,1212133424341234,1121324233412344,1213241324123434,1122313241234344,1213122412343434,1121223123434344,1212131234342434,1121312342423344,1213123424132434,1121234231324344,1212341312243434,1123412122334344,1234121213342434,1231212133424344,1212121334243434
1432	1121213423234344	16	1121213423234344,1212134231342434,1121342312423344,1213423124132434,1123231241324344,1231212413243434,1212123132434344,1121231324342434,1212313243414234,1123122434132344,1231214341223434,1212133412234344,1121324122343434,1213241213434234,1122312134342344,1213121342423434
1433	1121213423243434	16	1121213423243434,1212134231434234,1121342314232344,1213423142312434,1123231423124344,1231214231243434,1212132312434344,1121323124342434,1213231243414234,1122312434132344,1213124341223434,1121233412234344,1212334121342434,1123241213423344,1231412134232434,1213121342324344
1434	1121213423342344	16	1121213423342344,1212134233412434,1121342324123344,1213423141232434,1123231412324344,1231214123243434,1212131232434344,1121312324342434,1213123243414234,1121232434132344,1212314341223434,1123142312234344,1231423121342434,1213231213424344,1122312134243434,1213121342434234
1435	1121213423342434	16	1121213423342434,1212134233414234,1121342324132344,1213423141223434,1123231412234344,1231214122343434,1212131223434344,1121312234342434,1213122343414234,1121223434132344,1212134341223434,1121342312234344,1213423121342434,1123231213424344,1231212134243434,1212121342334344
1436	1121213423423344	16	1121213423423344,1212134234132434,1121342341223344,1213423412132434,1123234121324344,1231241213243434,1212312132434344,1123121324342434,1231213243414234,1212132434132344,1121324341223434,1213243412134234,1122334121342344,1213241213423434,1122312134234344,1213121342342434
1437	1121213423423434	16	1121213423423434,1212134234134234,1121342341232344,1213423412312434,1123234123124344,1231241231243434,1212312312434344,1123123124342434,1231231243414234,1212312434132344,1123124341223434,1231243412134234,1212334121342344,1123241213423434,1231412134234234,1213121342342344
1438	1121213423434234	16	1121213423434234,1212134234341234,1121342342312344,1213423412123434,1123234121234344,1231241212343434,1212312123434344,1123121234342434,1231212343414234,1212123434132344,1121234341223434,1212343412134234,1123423121342344,1234121213423434,1231212134234344,1212121342343434
1439	1121213434234234	16	1121213434234234,1212134342341234,1121342323412344,1213423124123434,1123231241234344,1231212412343434,1212123123434344,1121231234342434,1212312343414234,1123123424132344,1231234141223434,1212341312234344,1123412122343434,1234121213434234,1231212134342344,1212121343423434
1440	1121223133424344	4	1121223133424344,1212131324243434,1121312242334344,1213122413342434
1441	1121223134234344	16	1121223134234344,1212131342342434,1121312423423344,1213124234132434,1121232341324344,1212313412243434,1123124122334344,1231241213342434,1212312133424344,1123121324243434,1231213241434234,1212132413342344,1121324132423434,1213241324134234,1122313241342344,1213122413423434
1442	1121223134243434	16	1121223134243434,1212131342434234,1121312423342344,1213124233412434,1121232334124344,1212313241243434,1123122412334344,1231214123342434,1212131233424344,1121312324243434,1213123241434234,1121232413342344,1212314132423434,1123141223234344,1231412231342434,1213122313424344
1443	1121223134342344	16	1121223134342344,1212131342423434,1121312423234344,1213124231342434,1121232313424344,1212313124243434,1123121242334344,1231212413342434,1212123133424344,1121231324243434,1212313241434234,1123122413342344,1231214132423434,1212131324234344,1121312242343434,1213122413434234
1444	1121223142334344	16	1121223142334344,1212131423342434,1121314232423344,1213142324132434,1121323241324344,1213231412243434,1122314122334344,1213141223342434,1121312233424344,1213122334142434,1121223341423344,1212133414232434,1121324132324344,1213241323142434,1122313231424344,1213122314243434
1445	1121223142343434	16	1121223142343434,1212131423434234,1121314234232344,1213142342312434,1121323423124344,1213234121243434,1122341212334344,1213412123342434,1123121233424344,1231212334142434,1212123341423344,1121233414232434,1212334142314234,1123241323142344,1231412231423434,1213122314234344
1446	1121223143423434	16	1121223143423434,1212131434234234,1121314232342344,1213142323412434,1121323234124344,1213231241243434,1122312412334344,1213124123342434,1121231233424344,1212312334142434,1123123241423344,1231231414232434,1212314132324344,1123141223243434,1231412231434234,1213122314342344
1447	1121223341234344	16	1121223341234344,1212133412342434,1121324123423344,1213241234132434,1122312341324344,1213123412243434,1121234122334344,1212341213342434,1123412132423344,1234121324132434,1231213241324344,1212132413243434,1121324132434234,1213241324341234,1122313243412344,1213122434123434
1448	1121223341243434	16	1121223341243434,1212133412434234,1121324123342344,1213241233412434,1122312334124344,1213123241243434,1121232412334344,1212314123342434,1123141232423344,1231412324132434,1213123241324344,1121232413243434,1212314132434234,1123141223342344,1231412233412434,1213122334124344
1449	1121223341342344	16	1121223341342344,1212133412423434,1121324123234344,1213241231342434,1122312313424344,1213123124243434,1121231242334344,1212312413342434,1123124132423344,1231241324132434,1212313241324344,1123122413243434,1231214132434234,1212131324342344,1121312243423434,1213122434134234
1450	1121223341423434	16	1121223341423434,1212133414234234,1121324132342344,1213241323412434,1122313234124344,1213122341243434,1121223412334344,1212134123342434,1121341232423344,1213412324132434,1123123241324344,1231231412243434,1212314122334344,1123141223342434,1231412233414234,1213122334142344
1451	1121223412343434	16	1121223412343434,1212134123434234,1121341234232344,1213412342312434,1123123423124344,1231234121243434,1212341212334344,1123412123342434,1234121233414234,1231212334142344,1212123341423434,1121233414234234,1212334142341234,1123241323412344,1231412234123434,1213122341234344
1452	1121223413234344	16	1121223413234344,1212134132342434,1121341223423344,1213412234132434,1123122341324344,1231213412243434,1212134122334344,1121341223342434,1213412233414234,1123122334142344,1231213241423434,1212132413234344,1121324132342434,1213241323414234,1122313234142344,1213122341423434
1453	1121223413243434	16	1121223413243434,1212134132434234,1121341223342344,1213412233412434,1123122334124344,1231213241243434,1212132412334344,1121324123342434,1213241233414234,1122312334142344,1213123241423434,1121232413234344,1212314132342434,1123141223423344,1231412234132434,1213122341324344
1454	1121223413342344	16	1121223413342344,1212134132423434,1121341223234344,1213412231342434,1123122313424344,1231213124243434,1212131242334344,1121312423342434,1213124233414234,1121232334142344,1212313241423434,1123122413234344,1231214132342434,1212131323424344,1121312234243434,1213122341434234
1455	1121223413423344	16	1121223413423344,1212134134232434,1121341232324344,1213412323142434,1123123231424344,1231231214243434,1212312142334344,1123121423342434,1231214233414234,1212132334142344,1121323241423434,1213231414234234,1122314132342344,1213141223423434,1121312234234344,1213122341342434
1456	1121223413423434	16	1121223413423434,1212134134234234,1121341232342344,1213412323412434,1123123234124344,1231231241243434,1212312412334344,1123124123342434,1231241233414234,1212312334142344,1123123241423434,1231231414234234,1212314132342344,1123141223423434,1231412234134234,1213122341342344
1457	1121223434123344	16	1121223434123344,1212134341232434,1121342312324344,1213423123142434,1123231231424344,1231212314243434,1212123142334344,1121231423342434,1212314233414234,1123142324132344,1231423141223434,1213231412234344,1122314122343434,1213141223434234,1121312234342344,1213122343412434
1458	1121223434123434	16	1121223434123434,1212134341234234,1121342312342344,1213423123412434,1123231234124344,1231212341243434,1212123412334344,1121234123342434,1212341233414234,1123412324132344,1234123141223434,1231231412234344,1212314122343434,1123141223434234,1231412234341234,1213122343412344
1459	1121231234234344	16	1121231234234344,1212312341342434,1123123412423344,1231234124132434,1212341231324344,1123412312243434,1234123121434234,1231231214342344,1212312143423434,1123121434234234,1231214342341234,1212133423412344,1121324234123434,1213241341234234,1122313412342344,1213124123423434
1460	1121231234243434	16	1121231234243434,1212312341434234,1123123414232344,1231234142312434,1212341323124344,1123412231243434,1234121312434234,1231213124342344,1212131243423434,1121312434234234,1213124342341234,1121233423412344,1212334124123434,1123241231234344,1231412312342434,1213123123424344
1461	1121231234342344	16	1121231234342344,1212312343412434,1123123424123344,1231234141232434,1212341312324344,1123412123243434,1234121231434234,1231212314342344,1212123143423434,1121231434234234,1212314342341234,1123142323412344,1231423124123434,1213231241234344,1122312412343434,1213124123434234
1462	1121231242343434	16	1121231242343434,1212312413434234,1123124134232344,1231241342312434,1212313423124344,1123124231243434,1231241312434234,1212313124342344,1123121243423434,1231212434134234,1212123341342344,1121233412423434,1212334124134234,1123241231342344,1231412312423434,1213123124234344
1463	1121231243423434	8	1121231243423434,1212312434134234,1123124341232344,1231243412312434,1212334123124344,1123241231243434,1231412312434234,1213123124342344
1464	1121231323424344	16	1121231323424344,1212313234142434,1123122341423344,1231213414232434,1212134132324344,1121341223243434,1213412231434234,1123122314342344,1231213142423434,1212131423234344,1121314232342434,1213142323414234,1121323234142344,1213231241423434,1122312413234344,1213124132342434
1465	1121231324234344	16	1121231324234344,1212313241342434,1123122413423344,1231214134232434,1212131342324344,1121312423243434,1213124231434234,1121232314342344,1212313142423434,1123121423234344,1231214231342434,1212132313424344,1121323124243434,1213231241434234,1122312413342344,1213124132423434
1466	1121231324342344	16	1121231324342344,1212313243412434,1123122434123344,1231214341232434,1212133412324344,1121324123243434,1213241231434234,1122312314342344,1213123142423434,1121231423234344,1212314231342434,1123142312423344,1231423124132434,1213231241324344,1122312413243434,1213124132434234
1467	1121231342324344	16	1121231342324344,1212313423142434,1123124231423344,1231241314232434,1212313142324344,1123121423243434,1231214231434234,1212132314342344,1121323142423434,1213231424134234,1122314231342344,1213142312423434,1121323124234344,1213231241342434,1122312413423344,1213124134232434
1468	1121231342342344	16	1121231342342344,1212313423412434,1123124234123344,1231241341232434,1212313412324344,1123124123243434,1231241231434234,1212312314342344,1123123142423434,1231231424134234,1212314231342344,1123142312423434,1231423124134234,1213231241342344,1122312413423434,1213124134234234
1469	1121231342342434	16	1121231342342434,1212313423414234,1123124234132344,1231241341223434,1212313412234344,1123124122343434,1231241213434234,1212312134342344,1123121342423434,1231213424134234,1212134231342344,1121342312423434,1213423124134234,1123231241342344,1231212413423434,1212123134234344
1470	1121231342423434	8	1121231342423434,1212313424134234,1123124231342344,1231241312423434,1212313124234344,1123121242343434,1231212413434234,1212123134342344
1471	1121231342434234	16	1121231342434234,1212313424341234,1123124233412344,1231241324123434,1212313241234344,1123122412343434,1231214123434234,1212131234342344,1121312342423434,1213123424134234,1121234231342344,1212341312423434,1123412123234344,1234121231342434,1231212313424344,1212123134243434
1472	1121231423243434	16	1121231423243434,1212314231434234,1123142314232344,1231423142312434,1213231423124344,1122314231243434,1213142312434234,1121323124342344,1213231243412434,1122312434123344,1213124341232434,1121233412324344,1212334123142434,1123241231423344,1231412314232434,1213123142324344
1473	1121231423342344	16	1121231423342344,1212314233412434,1123142324123344,1231423141232434,1213231412324344,1122314123243434,1213141232434234,1121312324342344,1213123243412434,1121232434123344,1212314341232434,1123142312324344,1231423123142434,1213231231424344,1122312314243434,1213123142434234
1474	1121231423423344	16	1121231423423344,1212314234132434,1123142341223344,1231423412132434,1213234121324344,1122341213243434,1213412132434234,1123121324342344,1231213243412434,1212132434123344,1121324341232434,1213243412314234,1122334123142344,1213241231423434,1122312314234344,1213123142342434
1475	1121231423423434	16	1121231423423434,1212314234134234,1123142341232344,1231423412312434,1213234123124344,1122341231243434,1213412312434234,1123123124342344,1231231243412434,1212312434123344,1123124341232434,1231243412314234,1212334123142344,1123241231423434,1231412314234234,1213123142342344
1476	1121231423434234	16	1121231423434234,1212314234341234,1123142342312344,1231423412123434,1213234121234344,1122341212343434,1213412123434234,1123121234342344,1231212343412434,1212123434123344,1121234341232434,1212343412314234,1123423123142344,1234121231423434,1231212314234344,1212123142343434
1477	1121232314234344	16	1121232314234344,1212313142342434,1123121423423344,1231214234132434,1212132341324344,1121323412243434,1213234121434234,1122341213342344,1213412132423434,1123121324234344,1231213241342434,1212132413423344,1121324134232434,1213241342314234,1122313423142344,1213124231423434
1478	1121232314243434	16	1121232314243434,1212313142434234,1123121423342344,1231214233412434,1212132334124344,1121323241243434,1213231412434234,1122314123342344,1213141232423434,1121312324234344,1213123241342434,1121232413423344,1212314134232434,1123141232324344,1231412323142434,1213123231424344
1479	1121232341234344	16	1121232341234344,1212313412342434,1123124123423344,1231241234132434,1212312341324344,1123123412243434,1231234121434234,1212341213342344,1123412132423434,1234121324134234,1231213241342344,1212132413423434,1121324134234234,1213241342341234,1122313423412344,1213124234123434
1480	1121232341243434	16	1121232341243434,1212313412434234,1123124123342344,1231241233412434,1212312334124344,1123123241243434,1231231412434234,1212314123342344,1123141232423434,1231412324134234,1213123241342344,1121232413423434,1212314134234234,1123141232342344,1231412323412434,1213123234124344
1481	1121232341342344	16	1121232341342344,1212313412423434,1123124123234344,1231241231342434,1212312313424344,1123123124243434,1231231241434234,1212312413342344,1123124132423434,1231241324134234,1212313241342344,1123122413423434,1231214134234234,1212131342342344,1121312423423434,1213124234134234
1482	1121232341423344	16	1121232341423344,1212313414232434,1123124132324344,1231241323142434,1212313231424344,1123122314243434,1231213142434234,1212131423342344,1121314232423434,1213142324134234,1121323241342344,1213231412423434,1122314123234344,1213141232342434,1121312323424344,1213123234142434
1483	1121232341423434	16	1121232341423434,1212313414234234,1123124132342344,1231241323412434,1212313234124344,1123122341243434,1231213412434234,1212134123342344,1121341232423434,1213412324134234,1123123241342344,1231231412423434,1212314123234344,1123141232342434,1231412323414234,1213123234142344
1484	1121232343412344	16	1121232343412344,1212313424123434,1123124231234344,1231241312342434,1212313123424344,1123121234243434,1231212341434234,1212123413342344,1121234132423434,1212341324134234,1123412231342344,1234121312423434,1231213124234344,1212131242343434,1121312423434234,1213124234341234
1485	1121232412343434	16	1121232412343434,1212314123434234,1123141234232344,1231412342312434,1213123423124344,1121234231243434,1212341312434234,1123412123342344,1234121233412434,1231212334124344,1212123341243434,1121233412434234,1212334124341234,1123241233412344,1231412324123434,1213123241234344
1486	1121232434123434	16	1121232434123434,1212314341234234,1123142312342344,1231423123412434,1213231234124344,1122312341243434,1213123412434234,1121234123342344,1212341233412434,1123412324123344,1234123141232434,1231231412324344,1212314123243434,1123141232434234,1231412324341234,1213123243412344
1487	1121233412342344	16	1121233412342344,1212334123412434,1123241234123344,1231412341232434,1213123412324344,1121234123243434,1212341231434234,1123412314232344,1234123142312434,1231231423124344,1212314231243434,1123142312434234,1231423124341234,1213231243412344,1122312434123434,1213124341234234
1488	1121233412342434	16	1121233412342434,1212334123414234,1123241234132344,1231412341223434,1213123412234344,1121234122343434,1212341213434234,1123412134232344,1234121342312434,1231213423124344,1212134231243434,1121342312434234,1213423124341234,1123231243412344,1231212434123434,1212123341234344
1489	1121234123234344	16	1121234123234344,1212341231342434,1123412312423344,1234123124132434,1231231241324344,1212312413243434,1123124132434234,1231241324341234,1212313243412344,1123122434123434,1231214341234234,1212133412342344,1121324123423434,1213241234134234,1122312341342344,1213123412423434
1490	1121234123423344	16	1121234123423344,1212341234132434,1123412341223344,1234123412132434,1231234121324344,1212341213243434,1123412132434234,1234121324341234,1231213243412344,1212132434123434,1121324341234234,1213243412341234,1122334123412344,1213241234123434,1122312341234344,1213123412342434
1491	1121234123423434	16	1121234123423434,1212341234134234,1123412341232344,1234123412312434,1231234123124344,1212341231243434,1123412312434234,1234123124341234,1231231243412344,1212312434123434,1123124341234234,1231243412341234,1212334123412344,1123241234123434,1231412341234234,1213123412342344
1492	1121234123434234	16	1121234123434234,1212341234341234,1123412342312344,1234123412123434,1231234121234344,1212341212343434,1123412123434234,1234121234341234,1231212343412344,1212123434123434,1121234341234234,1212343412341234,1123423123412344,1234121234123434,1231212341234344,1212123412343434
1493	1121234132324344	16	1121234132324344,1212341323142434,1123412231423344,1234121314232434,1231213142324344,1212131423243434,1121314232434234,1213142324341234,1121323243412344,1213231424123434,1122314231234344,1213142312342434,1121323123424344,1213231234142434,1122312341423344,1213123414232434
1494	1121234132342344	16	1121234132342344,1212341323412434,1123412234123344,1234121341232434,1231213412324344,1212134123243434,1121341232434234,1213412324341234,1123123243412344,1231231424123434,1212314231234344,1123142312342434,1231423123414234,1213231234142344,1122312341423434,1213123414234234
1495	1121234132342434	16	1121234132342434,1212341323414234,1123412234132344,1234121341223434,1231213412234344,1212134122343434,1121341223434234,1213412234341234,1123122343412344,1231213424123434,1212134231234344,1121342312342434,1213423123414234,1123231234142344,1231212341423434,1212123413234344
1496	1121234132434234	16	1121234132434234,1212341324341234,1123412233412344,1234121324123434,1231213241234344,1212132412343434,1121324123434234,1213241234341234,1122312343412344,1213123424123434,1121234231234344,1212341312342434,1123412123423344,1234121234132434,1231212341324344,1212123413243434
1497	1121234134232434	16	1121234134232434,1212341342314234,1123412323142344,1234123121423434,1231231214234344,1212312142343434,1123121423434234,1231214234341234,1212132343412344,1121323424123434,1213234141234234,1122341312342344,1213412123423434,1123121234234344,1231212341342434,1212123413423344
1498	1121234134234234	16	1121234134234234,1212341342341234,1123412323412344,1234123124123434,1231231241234344,1212312412343434,1123124123434234,1231241234341234,1212312343412344,1123123424123434,1231234141234234,1212341312342344,1123412123423434,1234121234134234,1231212341342344,1212123413423434
1499	1121234231423344	16	1121234231423344,1212341314232434,1123412132324344,1234121323142434,1231213231424344,1212132314243434,1121323142434234,1213231424341234,1122314233412344,1213142324123434,1121323241234344,1213231412342434,1122314123423344,1213141234232434,1121312342324344,1213123423142434
1500	1121234231423434	16	1121234231423434,1212341314234234,1123412132342344,1234121323412434,1231213234124344,1212132341243434,1121323412434234,1213234124341234,1122341233412344,1213412324123434,1123123241234344,1231231412342434,1212314123423344,1123141234232434,1231412342314234,1213123423142344
1501	1121234233412344	8	1121234233412344,1212341324123434,1123412231234344,1234121312342434,1231213123424344,1212131234243434,1121312342434234,1213123424341234
1502	1121234234123344	16	1121234234123344,1212341341232434,1123412312324344,1234123123142434,1231231231424344,1212312314243434,1123123142434234,1231231424341234,1212314233412344,1123142324123434,1231423141234234,1213231412342344,1122314123423434,1213141234234234,1121312342342344,1213123423412434
1503	1121234234123434	16	1121234234123434,1212341341234234,1123412312342344,1234123123412434,1231231234124344,1212312341243434,1123123412434234,1231234124341234,1212341233412344,1123412324123434,1234123141234234,1231231412342344,1212314123423434,1123141234234234,1231412342341234,1213123423412344
1504	1121234234132344	16	1121234234132344,1212341341223434,1123412312234344,1234123121342434,1231231213424344,1212312134243434,1123121342434234,1231213424341234,1212134233412344,1121342324123434,1213423141234234,1123231412342344,1231214123423434,1212131234234344,1121312342342434,1213123423414234
1505	1121314234232434	16	1121314234232434,1213142342314234,1121323423142344,1213234121423434,1122341213234344,1213412132342434,1123121323424344,1231213234142434,1212132341423344,1121323414232434,1213234142314234,1122341323142344,1213412231423434,1123122314234344,1231213142342434,1212131423423344
1506	1121314234234234	16	1121314234234234,1213142342341234,1121323423412344,1213234124123434,1122341231234344,1213412312342434,1123123123424344,1231231234142434,1212312341423344,1123123414232434,1231234142314234,1212341323142344,1123412231423434,1234121314234234,1231213142342344,1212131423423434
1507	1121323142324344	4	1121323142324344,1213231423142434,1122314231423344,1213142314232434
1508	1121323142342344	16	1121323142342344,1213231423412434,1122314234123344,1213142341232434,1121323412324344,1213234123142434,1122341231423344,1213412314232434,1123123142324344,1231231423142434,1212314231423344,1123142314232434,1231423142314234,1213231423142344,1122314231423434,1213142314234234
1509	1121323142342434	16	1121323142342434,1213231423414234,1122314234132344,1213142341223434,1121323412234344,1213234121342434,1122341213423344,1213412134232434,1123121342324344,1231213423142434,1212134231423344,1121342314232434,1213423142314234,1123231423142344,1231214231423434,1212132314234344
1510	1121323412342344	16	1121323412342344,1213234123412434,1122341234123344,1213412341232434,1123123412324344,1231234123142434,1212341231423344,1123412314232434,1234123142314234,1231231423142344,1212314231423434,1123142314234234,1231423142341234,1213231423412344,1122314234123434,1213142341234234
1511	1121323412342434	16	1121323412342434,1213234123414234,1122341234132344,1213412341223434,1123123412234344,1231234121342434,1212341213423344,1123412134232434,1234121342314234,1231213423142344,1212134231423434,1121342314234234,1213423142341234,1123231423412344,1231214234123434,1212132341234344
1512	1121323412423434	16	1121323412423434,1213234124134234,1122341231342344,1213412312423434,1123123124234344,1231231241342434,1212312413423344,1123124134232434,1231241342314234,1212313423142344,1123124231423434,1231241314234234,1212313142342344,1123121423423434,1231214234134234,1212132341342344
1513	1121323414234234	16	1121323414234234,1213234142341234,1122341323412344,1213412234123434,1123122341234344,1231213412342434,1212134123423344,1121341234232434,1213412342314234,1123123423142344,1231234121423434,1212341213234344,1123412132342434,1234121323414234,1231213234142344,1212132341423434
1514	1121341223423434	16	1121341223423434,1213412234134234,1123122341342344,1231213412423434,1212134123234344,1121341232342434,1213412323414234,1123123234142344,1231231241423434,1212312413234344,1123124132342434,1231241323414234,1212313234142344,1123122341423434,1231213414234234,1212134132342344
1515	1121341234234234	16	1121341234234234,1213412342341234,1123123423412344,1231234124123434,1212341231234344,1123412312342434,1234123123414234,1231231234142344,1212312341423434,1123123414234234,1231234142341234,1212341323412344,1123412234123434,1234121341234234,1231213412342344,1212134123423434
1516	1121342341223434	8	1121342341223434,1213423412134234,1123234121342344,1231241213423434,1212312134234344,1123121342342434,1231213423414234,1212134234132344
1517	1121342341232434	16	1121342341232434,1213423412314234,1123234123142344,1231241231423434,1212312314234344,1123123142342434,1231231423414234,1212314234132344,1123142341223434,1231423412134234,1213234121342344,1122341213423434,1213412134234234,1123121342342344,1231213423412434,1212134234123344
1518	1121342341234234	16	1121342341234234,1213423412341234,1123234123412344,1231241234123434,1212312341234344,1123123412342434,1231234123414234,1212341234132344,1123412341223434,1234123412134234,1231234121342344,1212341213423434,1123412134234234,1234121342341234,1231213423412344,1212134234123434
1519	1122341231423434	8	1122341231423434,1213412314234234,1123123142342344,1231231423412434,1212314234123344,1123142341232434,1231423412314234,1213234123142344
1520	1122341234123434	16	1122341234123434,1213412341234234,1123123412342344,1231234123412434,1212341234123344,1123412341232434,1234123412314234,1231234123142344,1212341231423434,1123412314234234,1234123142341234,1231231423412344,1212314234123434,1123142341234234,1231423412341234,1213234123412344
1521	1123123412423434	16	1123123412423434,1231234124134234,1212341231342344,1123412312423434,1234123124134234,1231231241342344,1212312413423434,1123124134234234,1231241342341234,1212313423412344,1123124234123434,1231241341234234,1212313412342344,1123124123423434,1231241234134234,1212312341342344
1522	1123412341234234	4	1123412341234234,1234123412341234,1231234123412344,1212341234123434
